ACCOUNT_ID,CUSTOMER_ID,BALANCE,ACCOUNT_STATUS
ACC00001,C00001,110100000,CLOSED
ACC00002,C00002,391900000,ACTIVE
ACC00003,C00003,221100000,ACTIVE
ACC00004,C00004,128400000,ACTIVE
ACC00005,C00005,395600000,ACTIVE
ACC00006,C00006,478800000,CLOSED
ACC00007,C00007,158100000,ACTIVE
ACC00008,C00008,466500000,ACTIVE
ACC00009,C00009,453900000,ACTIVE
ACC00010,C00010,232000000,BLOCKED
ACC00011,C00011,344200000,ACTIVE
ACC00012,C00012,245300000,ACTIVE
ACC00013,C00013,350000000,CLOSED
ACC00014,C00014,157800000,ACTIVE
ACC00015,C00015,328200000,ACTIVE
ACC00016,C00016,119100000,ACTIVE
ACC00017,C00017,43300000,ACTIVE
ACC00018,C00018,142900000,ACTIVE
ACC00019,C00019,389900000,ACTIVE
ACC00020,C00020,72400000,ACTIVE
ACC00021,C00021,361700000,ACTIVE
ACC00022,C00022,184200000,ACTIVE
ACC00023,C00023,148400000,ACTIVE
ACC00024,C00024,302400000,ACTIVE
ACC00025,C00025,269000000,CLOSED
ACC00026,C00026,5000000,ACTIVE
ACC00027,C00027,52600000,ACTIVE
ACC00028,C00028,416700000,ACTIVE
ACC00029,C00029,412000000,ACTIVE
ACC00030,C00030,467000000,ACTIVE
ACC00031,C00031,101500000,ACTIVE
ACC00032,C00032,464700000,CLOSED
ACC00033,C00033,232400000,ACTIVE
ACC00034,C00034,16200000,ACTIVE
ACC00035,C00035,42000000,ACTIVE
ACC00036,C00036,315000000,ACTIVE
ACC00037,C00037,101000000,ACTIVE
ACC00038,C00038,34300000,ACTIVE
ACC00039,C00039,368900000,ACTIVE
ACC00040,C00040,10600000,ACTIVE
ACC00041,C00041,73500000,ACTIVE
ACC00042,C00042,47000000,ACTIVE
ACC00043,C00043,118800000,ACTIVE
ACC00044,C00044,474600000,ACTIVE
ACC00045,C00045,78300000,ACTIVE
ACC00046,C00046,116400000,ACTIVE
ACC00047,C00047,24300000,ACTIVE
ACC00048,C00048,6600000,ACTIVE
ACC00049,C00049,457500000,ACTIVE
ACC00050,C00050,474300000,ACTIVE
ACC00051,C00051,398400000,ACTIVE
ACC00052,C00052,202200000,ACTIVE
ACC00053,C00053,122500000,ACTIVE
ACC00054,C00054,350900000,ACTIVE
ACC00055,C00055,483300000,ACTIVE
ACC00056,C00056,468000000,ACTIVE
ACC00057,C00057,351800000,ACTIVE
ACC00058,C00058,412000000,ACTIVE
ACC00059,C00059,426800000,ACTIVE
ACC00060,C00060,212000000,ACTIVE
ACC00061,C00061,169400000,ACTIVE
ACC00062,C00062,61300000,ACTIVE
ACC00063,C00063,131200000,ACTIVE
ACC00064,C00064,136200000,ACTIVE
ACC00065,C00065,323100000,ACTIVE
ACC00066,C00066,70200000,ACTIVE
ACC00067,C00067,11800000,ACTIVE
ACC00068,C00068,73000000,ACTIVE
ACC00069,C00069,489100000,ACTIVE
ACC00070,C00070,470900000,ACTIVE
ACC00071,C00071,182500000,ACTIVE
ACC00072,C00072,37400000,ACTIVE
ACC00073,C00073,274500000,ACTIVE
ACC00074,C00074,128100000,ACTIVE
ACC00075,C00075,311000000,ACTIVE
ACC00076,C00076,35500000,ACTIVE
ACC00077,C00077,304300000,CLOSED
ACC00078,C00078,265700000,ACTIVE
ACC00079,C00079,124900000,CLOSED
ACC00080,C00080,459900000,ACTIVE
ACC00081,C00081,22900000,ACTIVE
ACC00082,C00082,430900000,ACTIVE
ACC00083,C00083,487600000,ACTIVE
ACC00084,C00084,307300000,CLOSED
ACC00085,C00085,111500000,ACTIVE
ACC00086,C00086,363100000,ACTIVE
ACC00087,C00087,289300000,ACTIVE
ACC00088,C00088,478400000,ACTIVE
ACC00089,C00089,208300000,ACTIVE
ACC00090,C00090,102000000,CLOSED
ACC00091,C00091,275500000,ACTIVE
ACC00092,C00092,211100000,ACTIVE
ACC00093,C00093,136100000,ACTIVE
ACC00094,C00094,192000000,ACTIVE
ACC00095,C00095,400600000,CLOSED
ACC00096,C00096,346300000,ACTIVE
ACC00097,C00097,255500000,BLOCKED
ACC00098,C00098,427700000,ACTIVE
ACC00099,C00099,246700000,ACTIVE
ACC00100,C00100,312400000,ACTIVE
ACC00101,C00101,42700000,ACTIVE
ACC00102,C00102,433800000,ACTIVE
ACC00103,C00103,325900000,ACTIVE
ACC00104,C00104,374600000,ACTIVE
ACC00105,C00105,178600000,ACTIVE
ACC00106,C00106,431300000,ACTIVE
ACC00107,C00107,137000000,ACTIVE
ACC00108,C00108,402100000,CLOSED
ACC00109,C00109,47700000,ACTIVE
ACC00110,C00110,389500000,ACTIVE
ACC00111,C00111,129200000,ACTIVE
ACC00112,C00112,442200000,ACTIVE
ACC00113,C00113,131300000,ACTIVE
ACC00114,C00114,61100000,ACTIVE
ACC00115,C00115,396500000,CLOSED
ACC00116,C00116,453500000,ACTIVE
ACC00117,C00117,392800000,ACTIVE
ACC00118,C00118,240500000,BLOCKED
ACC00119,C00119,495000000,ACTIVE
ACC00120,C00120,8800000,ACTIVE
ACC00121,C00121,132400000,ACTIVE
ACC00122,C00122,14400000,ACTIVE
ACC00123,C00123,71800000,ACTIVE
ACC00124,C00124,443000000,ACTIVE
ACC00125,C00125,461300000,ACTIVE
ACC00126,C00126,202600000,ACTIVE
ACC00127,C00127,259300000,ACTIVE
ACC00128,C00128,433700000,ACTIVE
ACC00129,C00129,271800000,ACTIVE
ACC00130,C00130,118500000,ACTIVE
ACC00131,C00131,385000000,CLOSED
ACC00132,C00132,300000000,ACTIVE
ACC00133,C00133,230300000,ACTIVE
ACC00134,C00134,268800000,ACTIVE
ACC00135,C00135,481800000,ACTIVE
ACC00136,C00136,333400000,ACTIVE
ACC00137,C00137,81800000,CLOSED
ACC00138,C00138,301100000,ACTIVE
ACC00139,C00139,150500000,ACTIVE
ACC00140,C00140,192900000,ACTIVE
ACC00141,C00141,410800000,ACTIVE
ACC00142,C00142,227000000,ACTIVE
ACC00143,C00143,476600000,ACTIVE
ACC00144,C00144,165100000,ACTIVE
ACC00145,C00145,215400000,CLOSED
ACC00146,C00146,178600000,ACTIVE
ACC00147,C00147,433700000,ACTIVE
ACC00148,C00148,43800000,BLOCKED
ACC00149,C00149,489000000,CLOSED
ACC00150,C00150,488400000,CLOSED
ACC00151,C00151,345300000,CLOSED
ACC00152,C00152,286500000,ACTIVE
ACC00153,C00153,84700000,ACTIVE
ACC00154,C00154,158400000,ACTIVE
ACC00155,C00155,296400000,BLOCKED
ACC00156,C00156,5200000,ACTIVE
ACC00157,C00157,116400000,ACTIVE
ACC00158,C00158,83900000,ACTIVE
ACC00159,C00159,118100000,ACTIVE
ACC00160,C00160,287500000,ACTIVE
ACC00161,C00161,23900000,ACTIVE
ACC00162,C00162,456800000,ACTIVE
ACC00163,C00163,251300000,BLOCKED
ACC00164,C00164,35100000,ACTIVE
ACC00165,C00165,171700000,ACTIVE
ACC00166,C00166,281000000,ACTIVE
ACC00167,C00167,394200000,ACTIVE
ACC00168,C00168,326300000,ACTIVE
ACC00169,C00169,37800000,ACTIVE
ACC00170,C00170,258100000,ACTIVE
ACC00171,C00171,236700000,ACTIVE
ACC00172,C00172,7100000,ACTIVE
ACC00173,C00173,203600000,BLOCKED
ACC00174,C00174,352400000,ACTIVE
ACC00175,C00175,391800000,ACTIVE
ACC00176,C00176,191700000,ACTIVE
ACC00177,C00177,148900000,BLOCKED
ACC00178,C00178,168200000,ACTIVE
ACC00179,C00179,318400000,ACTIVE
ACC00180,C00180,183100000,ACTIVE
ACC00181,C00181,68000000,ACTIVE
ACC00182,C00182,407400000,ACTIVE
ACC00183,C00183,486100000,ACTIVE
ACC00184,C00184,189700000,ACTIVE
ACC00185,C00185,429600000,ACTIVE
ACC00186,C00186,261500000,ACTIVE
ACC00187,C00187,211500000,ACTIVE
ACC00188,C00188,301500000,ACTIVE
ACC00189,C00189,204800000,ACTIVE
ACC00190,C00190,163700000,ACTIVE
ACC00191,C00191,473700000,ACTIVE
ACC00192,C00192,356200000,ACTIVE
ACC00193,C00193,331500000,ACTIVE
ACC00194,C00194,180200000,ACTIVE
ACC00195,C00195,276900000,CLOSED
ACC00196,C00196,43100000,ACTIVE
ACC00197,C00197,342000000,ACTIVE
ACC00198,C00198,66000000,ACTIVE
ACC00199,C00199,24900000,ACTIVE
ACC00200,C00200,288200000,ACTIVE
ACC00201,C00201,461500000,ACTIVE
ACC00202,C00202,432500000,ACTIVE
ACC00203,C00203,114800000,ACTIVE
ACC00204,C00204,280500000,ACTIVE
ACC00205,C00205,257000000,BLOCKED
ACC00206,C00206,82300000,ACTIVE
ACC00207,C00207,279800000,ACTIVE
ACC00208,C00208,450700000,ACTIVE
ACC00209,C00209,155300000,ACTIVE
ACC00210,C00210,170400000,ACTIVE
ACC00211,C00211,270100000,ACTIVE
ACC00212,C00212,259100000,ACTIVE
ACC00213,C00213,108800000,ACTIVE
ACC00214,C00214,308200000,CLOSED
ACC00215,C00215,262300000,BLOCKED
ACC00216,C00216,275700000,ACTIVE
ACC00217,C00217,203900000,ACTIVE
ACC00218,C00218,404800000,ACTIVE
ACC00219,C00219,310800000,ACTIVE
ACC00220,C00220,475300000,ACTIVE
ACC00221,C00221,270800000,ACTIVE
ACC00222,C00222,420100000,ACTIVE
ACC00223,C00223,453500000,ACTIVE
ACC00224,C00224,287600000,ACTIVE
ACC00225,C00225,222400000,ACTIVE
ACC00226,C00226,215500000,CLOSED
ACC00227,C00227,426500000,ACTIVE
ACC00228,C00228,390800000,ACTIVE
ACC00229,C00229,2500000,ACTIVE
ACC00230,C00230,479000000,ACTIVE
ACC00231,C00231,232000000,ACTIVE
ACC00232,C00232,181800000,ACTIVE
ACC00233,C00233,92100000,BLOCKED
ACC00234,C00234,495300000,ACTIVE
ACC00235,C00235,300400000,ACTIVE
ACC00236,C00236,171300000,ACTIVE
ACC00237,C00237,497500000,ACTIVE
ACC00238,C00238,472900000,ACTIVE
ACC00239,C00239,445900000,ACTIVE
ACC00240,C00240,273800000,ACTIVE
ACC00241,C00241,406700000,ACTIVE
ACC00242,C00242,222300000,ACTIVE
ACC00243,C00243,123900000,ACTIVE
ACC00244,C00244,251500000,ACTIVE
ACC00245,C00245,164900000,ACTIVE
ACC00246,C00246,157400000,ACTIVE
ACC00247,C00247,122600000,ACTIVE
ACC00248,C00248,392300000,ACTIVE
ACC00249,C00249,426000000,ACTIVE
ACC00250,C00250,386200000,ACTIVE
ACC00251,C00251,216400000,ACTIVE
ACC00252,C00252,253200000,ACTIVE
ACC00253,C00253,262600000,ACTIVE
ACC00254,C00254,28600000,ACTIVE
ACC00255,C00255,315200000,ACTIVE
ACC00256,C00256,273900000,ACTIVE
ACC00257,C00257,231800000,ACTIVE
ACC00258,C00258,139200000,CLOSED
ACC00259,C00259,285800000,ACTIVE
ACC00260,C00260,5900000,ACTIVE
ACC00261,C00261,244000000,ACTIVE
ACC00262,C00262,403800000,BLOCKED
ACC00263,C00263,67400000,ACTIVE
ACC00264,C00264,446900000,ACTIVE
ACC00265,C00265,381900000,BLOCKED
ACC00266,C00266,170600000,ACTIVE
ACC00267,C00267,108400000,ACTIVE
ACC00268,C00268,434300000,ACTIVE
ACC00269,C00269,30800000,BLOCKED
ACC00270,C00270,269200000,ACTIVE
ACC00271,C00271,322200000,ACTIVE
ACC00272,C00272,148400000,ACTIVE
ACC00273,C00273,142800000,ACTIVE
ACC00274,C00274,193000000,ACTIVE
ACC00275,C00275,235300000,BLOCKED
ACC00276,C00276,234700000,ACTIVE
ACC00277,C00277,219100000,ACTIVE
ACC00278,C00278,147900000,ACTIVE
ACC00279,C00279,100100000,ACTIVE
ACC00280,C00280,41100000,ACTIVE
ACC00281,C00281,128500000,ACTIVE
ACC00282,C00282,425800000,ACTIVE
ACC00283,C00283,405100000,ACTIVE
ACC00284,C00284,222700000,ACTIVE
ACC00285,C00285,65800000,ACTIVE
ACC00286,C00286,116700000,ACTIVE
ACC00287,C00287,63700000,BLOCKED
ACC00288,C00288,459200000,ACTIVE
ACC00289,C00289,484600000,ACTIVE
ACC00290,C00290,153000000,ACTIVE
ACC00291,C00291,395700000,ACTIVE
ACC00292,C00292,440600000,ACTIVE
ACC00293,C00293,373700000,ACTIVE
ACC00294,C00294,47000000,BLOCKED
ACC00295,C00295,119100000,ACTIVE
ACC00296,C00296,358100000,ACTIVE
ACC00297,C00297,55100000,ACTIVE
ACC00298,C00298,112900000,ACTIVE
ACC00299,C00299,290900000,ACTIVE
ACC00300,C00300,72100000,ACTIVE
ACC00301,C00301,48400000,ACTIVE
ACC00302,C00302,180400000,ACTIVE
ACC00303,C00303,269100000,ACTIVE
ACC00304,C00304,444500000,ACTIVE
ACC00305,C00305,20200000,ACTIVE
ACC00306,C00306,325700000,ACTIVE
ACC00307,C00307,347500000,ACTIVE
ACC00308,C00308,198400000,ACTIVE
ACC00309,C00309,419400000,ACTIVE
ACC00310,C00310,106500000,ACTIVE
ACC00311,C00311,54700000,ACTIVE
ACC00312,C00312,253900000,ACTIVE
ACC00313,C00313,52400000,ACTIVE
ACC00314,C00314,384400000,ACTIVE
ACC00315,C00315,153200000,ACTIVE
ACC00316,C00316,16700000,ACTIVE
ACC00317,C00317,169200000,ACTIVE
ACC00318,C00318,299600000,ACTIVE
ACC00319,C00319,90700000,ACTIVE
ACC00320,C00320,25900000,ACTIVE
ACC00321,C00321,51800000,ACTIVE
ACC00322,C00322,259500000,ACTIVE
ACC00323,C00323,150500000,BLOCKED
ACC00324,C00324,414100000,ACTIVE
ACC00325,C00325,228700000,ACTIVE
ACC00326,C00326,205900000,ACTIVE
ACC00327,C00327,355200000,ACTIVE
ACC00328,C00328,194300000,ACTIVE
ACC00329,C00329,170400000,ACTIVE
ACC00330,C00330,333000000,ACTIVE
ACC00331,C00331,286500000,ACTIVE
ACC00332,C00332,242500000,BLOCKED
ACC00333,C00333,265400000,ACTIVE
ACC00334,C00334,483300000,ACTIVE
ACC00335,C00335,306500000,ACTIVE
ACC00336,C00336,61500000,ACTIVE
ACC00337,C00337,256500000,ACTIVE
ACC00338,C00338,340300000,ACTIVE
ACC00339,C00339,419800000,ACTIVE
ACC00340,C00340,4200000,ACTIVE
ACC00341,C00341,483100000,ACTIVE
ACC00342,C00342,55100000,CLOSED
ACC00343,C00343,274500000,ACTIVE
ACC00344,C00344,83400000,CLOSED
ACC00345,C00345,354300000,ACTIVE
ACC00346,C00346,297200000,ACTIVE
ACC00347,C00347,190300000,ACTIVE
ACC00348,C00348,272300000,BLOCKED
ACC00349,C00349,440800000,ACTIVE
ACC00350,C00350,212400000,ACTIVE
ACC00351,C00351,278400000,ACTIVE
ACC00352,C00352,482500000,ACTIVE
ACC00353,C00353,259700000,ACTIVE
ACC00354,C00354,325200000,ACTIVE
ACC00355,C00355,97400000,ACTIVE
ACC00356,C00356,232900000,ACTIVE
ACC00357,C00357,294200000,ACTIVE
ACC00358,C00358,499900000,ACTIVE
ACC00359,C00359,481200000,ACTIVE
ACC00360,C00360,11800000,ACTIVE
ACC00361,C00361,192800000,ACTIVE
ACC00362,C00362,100100000,ACTIVE
ACC00363,C00363,94700000,ACTIVE
ACC00364,C00364,343300000,CLOSED
ACC00365,C00365,455500000,ACTIVE
ACC00366,C00366,60400000,ACTIVE
ACC00367,C00367,73200000,ACTIVE
ACC00368,C00368,393100000,ACTIVE
ACC00369,C00369,4300000,CLOSED
ACC00370,C00370,311600000,ACTIVE
ACC00371,C00371,254600000,CLOSED
ACC00372,C00372,206200000,BLOCKED
ACC00373,C00373,224800000,ACTIVE
ACC00374,C00374,134900000,ACTIVE
ACC00375,C00375,291800000,ACTIVE
ACC00376,C00376,251900000,ACTIVE
ACC00377,C00377,470600000,ACTIVE
ACC00378,C00378,406700000,ACTIVE
ACC00379,C00379,439800000,ACTIVE
ACC00380,C00380,108200000,BLOCKED
ACC00381,C00381,193300000,ACTIVE
ACC00382,C00382,251600000,ACTIVE
ACC00383,C00383,190200000,ACTIVE
ACC00384,C00384,305300000,ACTIVE
ACC00385,C00385,384600000,ACTIVE
ACC00386,C00386,186900000,ACTIVE
ACC00387,C00387,171100000,ACTIVE
ACC00388,C00388,120800000,ACTIVE
ACC00389,C00389,49100000,ACTIVE
ACC00390,C00390,327000000,ACTIVE
ACC00391,C00391,411400000,ACTIVE
ACC00392,C00392,417700000,ACTIVE
ACC00393,C00393,205200000,ACTIVE
ACC00394,C00394,390900000,ACTIVE
ACC00395,C00395,30800000,ACTIVE
ACC00396,C00396,485400000,ACTIVE
ACC00397,C00397,147000000,ACTIVE
ACC00398,C00398,419200000,ACTIVE
ACC00399,C00399,381100000,ACTIVE
ACC00400,C00400,144000000,ACTIVE
ACC00401,C00401,41200000,ACTIVE
ACC00402,C00402,94400000,ACTIVE
ACC00403,C00403,9900000,CLOSED
ACC00404,C00404,15500000,ACTIVE
ACC00405,C00405,154900000,ACTIVE
ACC00406,C00406,281700000,ACTIVE
ACC00407,C00407,112500000,ACTIVE
ACC00408,C00408,156300000,ACTIVE
ACC00409,C00409,137800000,ACTIVE
ACC00410,C00410,360700000,ACTIVE
ACC00411,C00411,373100000,ACTIVE
ACC00412,C00412,208600000,ACTIVE
ACC00413,C00413,177000000,ACTIVE
ACC00414,C00414,499000000,ACTIVE
ACC00415,C00415,206900000,BLOCKED
ACC00416,C00416,231600000,ACTIVE
ACC00417,C00417,318200000,ACTIVE
ACC00418,C00418,151400000,CLOSED
ACC00419,C00419,15700000,CLOSED
ACC00420,C00420,231200000,ACTIVE
ACC00421,C00421,396200000,CLOSED
ACC00422,C00422,37500000,ACTIVE
ACC00423,C00423,262900000,ACTIVE
ACC00424,C00424,319000000,ACTIVE
ACC00425,C00425,9900000,ACTIVE
ACC00426,C00426,491100000,ACTIVE
ACC00427,C00427,209000000,ACTIVE
ACC00428,C00428,337600000,ACTIVE
ACC00429,C00429,184100000,ACTIVE
ACC00430,C00430,292400000,ACTIVE
ACC00431,C00431,396800000,ACTIVE
ACC00432,C00432,211400000,ACTIVE
ACC00433,C00433,464400000,ACTIVE
ACC00434,C00434,89100000,ACTIVE
ACC00435,C00435,287900000,ACTIVE
ACC00436,C00436,301500000,ACTIVE
ACC00437,C00437,89400000,ACTIVE
ACC00438,C00438,47300000,ACTIVE
ACC00439,C00439,310400000,ACTIVE
ACC00440,C00440,207800000,ACTIVE
ACC00441,C00441,55900000,ACTIVE
ACC00442,C00442,406300000,ACTIVE
ACC00443,C00443,441100000,ACTIVE
ACC00444,C00444,76900000,ACTIVE
ACC00445,C00445,194500000,BLOCKED
ACC00446,C00446,192400000,ACTIVE
ACC00447,C00447,244600000,ACTIVE
ACC00448,C00448,10000000,ACTIVE
ACC00449,C00449,488900000,ACTIVE
ACC00450,C00450,354700000,ACTIVE
ACC00451,C00451,338900000,ACTIVE
ACC00452,C00452,70400000,ACTIVE
ACC00453,C00453,79400000,ACTIVE
ACC00454,C00454,18600000,ACTIVE
ACC00455,C00455,312800000,CLOSED
ACC00456,C00456,116900000,ACTIVE
ACC00457,C00457,383400000,ACTIVE
ACC00458,C00458,234200000,ACTIVE
ACC00459,C00459,452500000,ACTIVE
ACC00460,C00460,424000000,ACTIVE
ACC00461,C00461,234900000,ACTIVE
ACC00462,C00462,8300000,ACTIVE
ACC00463,C00463,177200000,ACTIVE
ACC00464,C00464,203400000,ACTIVE
ACC00465,C00465,146500000,ACTIVE
ACC00466,C00466,267800000,ACTIVE
ACC00467,C00467,321800000,ACTIVE
ACC00468,C00468,43200000,ACTIVE
ACC00469,C00469,133800000,ACTIVE
ACC00470,C00470,292200000,ACTIVE
ACC00471,C00471,455800000,ACTIVE
ACC00472,C00472,456700000,ACTIVE
ACC00473,C00473,476700000,ACTIVE
ACC00474,C00474,261600000,ACTIVE
ACC00475,C00475,35500000,ACTIVE
ACC00476,C00476,39000000,ACTIVE
ACC00477,C00477,25400000,ACTIVE
ACC00478,C00478,41400000,ACTIVE
ACC00479,C00479,290900000,ACTIVE
ACC00480,C00480,119500000,ACTIVE
ACC00481,C00481,441600000,ACTIVE
ACC00482,C00482,261800000,ACTIVE
ACC00483,C00483,203700000,ACTIVE
ACC00484,C00484,145300000,ACTIVE
ACC00485,C00485,181500000,ACTIVE
ACC00486,C00486,166700000,ACTIVE
ACC00487,C00487,163200000,ACTIVE
ACC00488,C00488,153100000,ACTIVE
ACC00489,C00489,418800000,ACTIVE
ACC00490,C00490,59100000,CLOSED
ACC00491,C00491,222400000,ACTIVE
ACC00492,C00492,17300000,ACTIVE
ACC00493,C00493,175200000,ACTIVE
ACC00494,C00494,352400000,BLOCKED
ACC00495,C00495,481900000,ACTIVE
ACC00496,C00496,222100000,ACTIVE
ACC00497,C00497,148400000,ACTIVE
ACC00498,C00498,302400000,ACTIVE
ACC00499,C00499,271900000,ACTIVE
ACC00500,C00500,459500000,CLOSED
ACC00501,C00501,95400000,ACTIVE
ACC00502,C00502,111100000,ACTIVE
ACC00503,C00503,148800000,ACTIVE
ACC00504,C00504,95800000,ACTIVE
ACC00505,C00505,491000000,ACTIVE
ACC00506,C00506,93700000,ACTIVE
ACC00507,C00507,404900000,ACTIVE
ACC00508,C00508,466800000,ACTIVE
ACC00509,C00509,294800000,ACTIVE
ACC00510,C00510,194200000,ACTIVE
ACC00511,C00511,51500000,ACTIVE
ACC00512,C00512,54100000,CLOSED
ACC00513,C00513,202900000,BLOCKED
ACC00514,C00514,25400000,ACTIVE
ACC00515,C00515,345300000,ACTIVE
ACC00516,C00516,131100000,ACTIVE
ACC00517,C00517,157000000,ACTIVE
ACC00518,C00518,491600000,ACTIVE
ACC00519,C00519,238100000,ACTIVE
ACC00520,C00520,211200000,ACTIVE
ACC00521,C00521,328200000,ACTIVE
ACC00522,C00522,171200000,ACTIVE
ACC00523,C00523,154700000,ACTIVE
ACC00524,C00524,8600000,BLOCKED
ACC00525,C00525,79800000,ACTIVE
ACC00526,C00526,309200000,ACTIVE
ACC00527,C00527,234400000,ACTIVE
ACC00528,C00528,458400000,ACTIVE
ACC00529,C00529,491400000,BLOCKED
ACC00530,C00530,363400000,ACTIVE
ACC00531,C00531,89800000,ACTIVE
ACC00532,C00532,85100000,ACTIVE
ACC00533,C00533,296000000,ACTIVE
ACC00534,C00534,486800000,CLOSED
ACC00535,C00535,161400000,ACTIVE
ACC00536,C00536,375200000,ACTIVE
ACC00537,C00537,330400000,ACTIVE
ACC00538,C00538,456400000,ACTIVE
ACC00539,C00539,87200000,ACTIVE
ACC00540,C00540,80300000,ACTIVE
ACC00541,C00541,445000000,ACTIVE
ACC00542,C00542,407700000,ACTIVE
ACC00543,C00543,334400000,ACTIVE
ACC00544,C00544,168000000,ACTIVE
ACC00545,C00545,455300000,ACTIVE
ACC00546,C00546,188800000,ACTIVE
ACC00547,C00547,320700000,ACTIVE
ACC00548,C00548,89100000,ACTIVE
ACC00549,C00549,329500000,ACTIVE
ACC00550,C00550,335300000,ACTIVE
ACC00551,C00551,142200000,ACTIVE
ACC00552,C00552,75100000,ACTIVE
ACC00553,C00553,402600000,ACTIVE
ACC00554,C00554,250700000,BLOCKED
ACC00555,C00555,283000000,ACTIVE
ACC00556,C00556,469100000,ACTIVE
ACC00557,C00557,21600000,ACTIVE
ACC00558,C00558,438500000,CLOSED
ACC00559,C00559,205000000,ACTIVE
ACC00560,C00560,492000000,ACTIVE
ACC00561,C00561,385800000,ACTIVE
ACC00562,C00562,150800000,ACTIVE
ACC00563,C00563,373500000,ACTIVE
ACC00564,C00564,475000000,ACTIVE
ACC00565,C00565,23400000,ACTIVE
ACC00566,C00566,22600000,ACTIVE
ACC00567,C00567,92000000,ACTIVE
ACC00568,C00568,413600000,ACTIVE
ACC00569,C00569,58300000,ACTIVE
ACC00570,C00570,168700000,ACTIVE
ACC00571,C00571,490300000,BLOCKED
ACC00572,C00572,138100000,ACTIVE
ACC00573,C00573,7400000,ACTIVE
ACC00574,C00574,153400000,ACTIVE
ACC00575,C00575,64900000,ACTIVE
ACC00576,C00576,273100000,ACTIVE
ACC00577,C00577,14200000,ACTIVE
ACC00578,C00578,98500000,ACTIVE
ACC00579,C00579,7500000,ACTIVE
ACC00580,C00580,77900000,ACTIVE
ACC00581,C00581,45000000,ACTIVE
ACC00582,C00582,160500000,ACTIVE
ACC00583,C00583,202700000,ACTIVE
ACC00584,C00584,254500000,ACTIVE
ACC00585,C00585,88000000,ACTIVE
ACC00586,C00586,59800000,ACTIVE
ACC00587,C00587,296100000,ACTIVE
ACC00588,C00588,111300000,ACTIVE
ACC00589,C00589,68600000,CLOSED
ACC00590,C00590,321800000,ACTIVE
ACC00591,C00591,323900000,ACTIVE
ACC00592,C00592,148700000,BLOCKED
ACC00593,C00593,203500000,ACTIVE
ACC00594,C00594,363700000,ACTIVE
ACC00595,C00595,306900000,ACTIVE
ACC00596,C00596,30200000,ACTIVE
ACC00597,C00597,402500000,ACTIVE
ACC00598,C00598,186500000,ACTIVE
ACC00599,C00599,357400000,ACTIVE
ACC00600,C00600,347200000,ACTIVE
ACC00601,C00601,154700000,ACTIVE
ACC00602,C00602,264600000,ACTIVE
ACC00603,C00603,316100000,ACTIVE
ACC00604,C00604,402800000,ACTIVE
ACC00605,C00605,206200000,ACTIVE
ACC00606,C00606,232900000,ACTIVE
ACC00607,C00607,289300000,ACTIVE
ACC00608,C00608,167300000,ACTIVE
ACC00609,C00609,322100000,ACTIVE
ACC00610,C00610,485800000,ACTIVE
ACC00611,C00611,445200000,ACTIVE
ACC00612,C00612,11200000,ACTIVE
ACC00613,C00613,290400000,BLOCKED
ACC00614,C00614,242000000,ACTIVE
ACC00615,C00615,113200000,ACTIVE
ACC00616,C00616,463900000,ACTIVE
ACC00617,C00617,440200000,ACTIVE
ACC00618,C00618,13200000,ACTIVE
ACC00619,C00619,403700000,ACTIVE
ACC00620,C00620,424200000,ACTIVE
ACC00621,C00621,12100000,ACTIVE
ACC00622,C00622,162500000,ACTIVE
ACC00623,C00623,350500000,ACTIVE
ACC00624,C00624,284100000,ACTIVE
ACC00625,C00625,351100000,ACTIVE
ACC00626,C00626,91400000,ACTIVE
ACC00627,C00627,84800000,ACTIVE
ACC00628,C00628,178400000,ACTIVE
ACC00629,C00629,15000000,ACTIVE
ACC00630,C00630,10000000,CLOSED
ACC00631,C00631,412700000,ACTIVE
ACC00632,C00632,264400000,ACTIVE
ACC00633,C00633,406000000,ACTIVE
ACC00634,C00634,475000000,ACTIVE
ACC00635,C00635,233900000,ACTIVE
ACC00636,C00636,13100000,ACTIVE
ACC00637,C00637,486000000,ACTIVE
ACC00638,C00638,147800000,ACTIVE
ACC00639,C00639,399100000,ACTIVE
ACC00640,C00640,86600000,ACTIVE
ACC00641,C00641,459700000,ACTIVE
ACC00642,C00642,249400000,ACTIVE
ACC00643,C00643,124500000,ACTIVE
ACC00644,C00644,248100000,ACTIVE
ACC00645,C00645,48000000,ACTIVE
ACC00646,C00646,6600000,ACTIVE
ACC00647,C00647,491700000,CLOSED
ACC00648,C00648,298000000,ACTIVE
ACC00649,C00649,173800000,ACTIVE
ACC00650,C00650,321100000,ACTIVE
ACC00651,C00651,79200000,ACTIVE
ACC00652,C00652,88200000,ACTIVE
ACC00653,C00653,146700000,ACTIVE
ACC00654,C00654,179800000,ACTIVE
ACC00655,C00655,323000000,ACTIVE
ACC00656,C00656,431200000,ACTIVE
ACC00657,C00657,116200000,ACTIVE
ACC00658,C00658,309800000,ACTIVE
ACC00659,C00659,186700000,ACTIVE
ACC00660,C00660,344800000,ACTIVE
ACC00661,C00661,440600000,ACTIVE
ACC00662,C00662,343100000,ACTIVE
ACC00663,C00663,222500000,ACTIVE
ACC00664,C00664,450100000,ACTIVE
ACC00665,C00665,11400000,ACTIVE
ACC00666,C00666,184400000,ACTIVE
ACC00667,C00667,316600000,ACTIVE
ACC00668,C00668,370500000,ACTIVE
ACC00669,C00669,147100000,ACTIVE
ACC00670,C00670,424100000,BLOCKED
ACC00671,C00671,109200000,ACTIVE
ACC00672,C00672,169900000,ACTIVE
ACC00673,C00673,462200000,ACTIVE
ACC00674,C00674,485500000,ACTIVE
ACC00675,C00675,343000000,ACTIVE
ACC00676,C00676,257700000,CLOSED
ACC00677,C00677,77800000,ACTIVE
ACC00678,C00678,295700000,ACTIVE
ACC00679,C00679,29400000,ACTIVE
ACC00680,C00680,179300000,ACTIVE
ACC00681,C00681,212000000,ACTIVE
ACC00682,C00682,279900000,ACTIVE
ACC00683,C00683,257500000,ACTIVE
ACC00684,C00684,443900000,ACTIVE
ACC00685,C00685,306200000,ACTIVE
ACC00686,C00686,414800000,ACTIVE
ACC00687,C00687,133400000,CLOSED
ACC00688,C00688,165500000,ACTIVE
ACC00689,C00689,6400000,ACTIVE
ACC00690,C00690,348900000,ACTIVE
ACC00691,C00691,43500000,ACTIVE
ACC00692,C00692,214500000,ACTIVE
ACC00693,C00693,38600000,ACTIVE
ACC00694,C00694,25300000,ACTIVE
ACC00695,C00695,110700000,ACTIVE
ACC00696,C00696,281800000,ACTIVE
ACC00697,C00697,366900000,ACTIVE
ACC00698,C00698,495500000,ACTIVE
ACC00699,C00699,129600000,ACTIVE
ACC00700,C00700,91500000,ACTIVE
ACC00701,C00701,379800000,ACTIVE
ACC00702,C00702,24000000,ACTIVE
ACC00703,C00703,173200000,ACTIVE
ACC00704,C00704,258000000,ACTIVE
ACC00705,C00705,168000000,ACTIVE
ACC00706,C00706,447900000,ACTIVE
ACC00707,C00707,319000000,ACTIVE
ACC00708,C00708,100700000,ACTIVE
ACC00709,C00709,441100000,ACTIVE
ACC00710,C00710,480800000,ACTIVE
ACC00711,C00711,264700000,ACTIVE
ACC00712,C00712,176200000,ACTIVE
ACC00713,C00713,334300000,BLOCKED
ACC00714,C00714,39500000,ACTIVE
ACC00715,C00715,267400000,ACTIVE
ACC00716,C00716,470900000,ACTIVE
ACC00717,C00717,57600000,CLOSED
ACC00718,C00718,49700000,ACTIVE
ACC00719,C00719,398100000,ACTIVE
ACC00720,C00720,399500000,ACTIVE
ACC00721,C00721,458100000,ACTIVE
ACC00722,C00722,108600000,CLOSED
ACC00723,C00723,220500000,ACTIVE
ACC00724,C00724,343400000,ACTIVE
ACC00725,C00725,166500000,CLOSED
ACC00726,C00726,50800000,ACTIVE
ACC00727,C00727,489000000,ACTIVE
ACC00728,C00728,371700000,CLOSED
ACC00729,C00729,398000000,CLOSED
ACC00730,C00730,258700000,BLOCKED
ACC00731,C00731,486400000,ACTIVE
ACC00732,C00732,39200000,ACTIVE
ACC00733,C00733,416300000,ACTIVE
ACC00734,C00734,280800000,ACTIVE
ACC00735,C00735,324000000,ACTIVE
ACC00736,C00736,8700000,ACTIVE
ACC00737,C00737,60100000,ACTIVE
ACC00738,C00738,430300000,ACTIVE
ACC00739,C00739,491400000,ACTIVE
ACC00740,C00740,450800000,ACTIVE
ACC00741,C00741,333900000,ACTIVE
ACC00742,C00742,207300000,ACTIVE
ACC00743,C00743,22400000,ACTIVE
ACC00744,C00744,41800000,ACTIVE
ACC00745,C00745,216200000,ACTIVE
ACC00746,C00746,369400000,ACTIVE
ACC00747,C00747,28500000,BLOCKED
ACC00748,C00748,484100000,ACTIVE
ACC00749,C00749,110400000,ACTIVE
ACC00750,C00750,442800000,ACTIVE
ACC00751,C00751,425500000,ACTIVE
ACC00752,C00752,313700000,ACTIVE
ACC00753,C00753,392800000,ACTIVE
ACC00754,C00754,139200000,ACTIVE
ACC00755,C00755,69900000,ACTIVE
ACC00756,C00756,123400000,ACTIVE
ACC00757,C00757,334800000,BLOCKED
ACC00758,C00758,97700000,ACTIVE
ACC00759,C00759,411800000,ACTIVE
ACC00760,C00760,351000000,ACTIVE
ACC00761,C00761,10400000,ACTIVE
ACC00762,C00762,16700000,ACTIVE
ACC00763,C00763,172200000,ACTIVE
ACC00764,C00764,261800000,ACTIVE
ACC00765,C00765,257300000,ACTIVE
ACC00766,C00766,413700000,ACTIVE
ACC00767,C00767,394900000,CLOSED
ACC00768,C00768,240500000,ACTIVE
ACC00769,C00769,8000000,ACTIVE
ACC00770,C00770,172000000,ACTIVE
ACC00771,C00771,13800000,ACTIVE
ACC00772,C00772,122500000,CLOSED
ACC00773,C00773,453400000,CLOSED
ACC00774,C00774,209900000,ACTIVE
ACC00775,C00775,264600000,ACTIVE
ACC00776,C00776,148000000,ACTIVE
ACC00777,C00777,15000000,CLOSED
ACC00778,C00778,116000000,ACTIVE
ACC00779,C00779,320400000,ACTIVE
ACC00780,C00780,269400000,ACTIVE
ACC00781,C00781,236100000,ACTIVE
ACC00782,C00782,144800000,CLOSED
ACC00783,C00783,400100000,ACTIVE
ACC00784,C00784,363900000,ACTIVE
ACC00785,C00785,12700000,CLOSED
ACC00786,C00786,192000000,ACTIVE
ACC00787,C00787,106400000,ACTIVE
ACC00788,C00788,494700000,ACTIVE
ACC00789,C00789,435600000,ACTIVE
ACC00790,C00790,379600000,ACTIVE
ACC00791,C00791,224500000,ACTIVE
ACC00792,C00792,30000000,ACTIVE
ACC00793,C00793,397300000,ACTIVE
ACC00794,C00794,302700000,ACTIVE
ACC00795,C00795,26300000,ACTIVE
ACC00796,C00796,295100000,ACTIVE
ACC00797,C00797,339800000,ACTIVE
ACC00798,C00798,222100000,ACTIVE
ACC00799,C00799,69700000,ACTIVE
ACC00800,C00800,269700000,ACTIVE
ACC00801,C00801,467000000,ACTIVE
ACC00802,C00802,440900000,ACTIVE
ACC00803,C00803,179800000,ACTIVE
ACC00804,C00804,297500000,ACTIVE
ACC00805,C00805,102100000,ACTIVE
ACC00806,C00806,422600000,ACTIVE
ACC00807,C00807,187000000,ACTIVE
ACC00808,C00808,441400000,ACTIVE
ACC00809,C00809,239500000,ACTIVE
ACC00810,C00810,239000000,ACTIVE
ACC00811,C00811,283100000,ACTIVE
ACC00812,C00812,173500000,ACTIVE
ACC00813,C00813,484100000,ACTIVE
ACC00814,C00814,178400000,ACTIVE
ACC00815,C00815,369200000,ACTIVE
ACC00816,C00816,10800000,ACTIVE
ACC00817,C00817,62200000,ACTIVE
ACC00818,C00818,299700000,ACTIVE
ACC00819,C00819,399700000,ACTIVE
ACC00820,C00820,66400000,ACTIVE
ACC00821,C00821,201500000,ACTIVE
ACC00822,C00822,361700000,BLOCKED
ACC00823,C00823,323500000,ACTIVE
ACC00824,C00824,9000000,ACTIVE
ACC00825,C00825,9300000,ACTIVE
ACC00826,C00826,299600000,ACTIVE
ACC00827,C00827,425200000,CLOSED
ACC00828,C00828,143100000,ACTIVE
ACC00829,C00829,450400000,ACTIVE
ACC00830,C00830,78000000,ACTIVE
ACC00831,C00831,285800000,ACTIVE
ACC00832,C00832,294600000,ACTIVE
ACC00833,C00833,416100000,CLOSED
ACC00834,C00834,306600000,ACTIVE
ACC00835,C00835,235600000,ACTIVE
ACC00836,C00836,203400000,ACTIVE
ACC00837,C00837,102600000,ACTIVE
ACC00838,C00838,298600000,ACTIVE
ACC00839,C00839,101900000,ACTIVE
ACC00840,C00840,352700000,ACTIVE
ACC00841,C00841,423900000,ACTIVE
ACC00842,C00842,475000000,ACTIVE
ACC00843,C00843,362500000,ACTIVE
ACC00844,C00844,33200000,ACTIVE
ACC00845,C00845,104700000,ACTIVE
ACC00846,C00846,347100000,ACTIVE
ACC00847,C00847,394500000,ACTIVE
ACC00848,C00848,341900000,ACTIVE
ACC00849,C00849,69500000,ACTIVE
ACC00850,C00850,39200000,BLOCKED
ACC00851,C00851,163900000,ACTIVE
ACC00852,C00852,441400000,ACTIVE
ACC00853,C00853,110900000,ACTIVE
ACC00854,C00854,280800000,ACTIVE
ACC00855,C00855,293600000,ACTIVE
ACC00856,C00856,430200000,ACTIVE
ACC00857,C00857,128900000,ACTIVE
ACC00858,C00858,168600000,ACTIVE
ACC00859,C00859,274700000,CLOSED
ACC00860,C00860,228500000,ACTIVE
ACC00861,C00861,205100000,ACTIVE
ACC00862,C00862,213200000,ACTIVE
ACC00863,C00863,486400000,CLOSED
ACC00864,C00864,152500000,ACTIVE
ACC00865,C00865,147100000,ACTIVE
ACC00866,C00866,185800000,ACTIVE
ACC00867,C00867,8400000,ACTIVE
ACC00868,C00868,360900000,ACTIVE
ACC00869,C00869,253800000,ACTIVE
ACC00870,C00870,232200000,ACTIVE
ACC00871,C00871,261100000,ACTIVE
ACC00872,C00872,68600000,ACTIVE
ACC00873,C00873,123100000,ACTIVE
ACC00874,C00874,73800000,ACTIVE
ACC00875,C00875,29400000,ACTIVE
ACC00876,C00876,272500000,ACTIVE
ACC00877,C00877,50900000,ACTIVE
ACC00878,C00878,80000000,ACTIVE
ACC00879,C00879,301800000,ACTIVE
ACC00880,C00880,90300000,ACTIVE
ACC00881,C00881,75400000,ACTIVE
ACC00882,C00882,500000000,ACTIVE
ACC00883,C00883,378300000,ACTIVE
ACC00884,C00884,356500000,ACTIVE
ACC00885,C00885,78900000,ACTIVE
ACC00886,C00886,36400000,BLOCKED
ACC00887,C00887,346200000,ACTIVE
ACC00888,C00888,31300000,ACTIVE
ACC00889,C00889,362800000,ACTIVE
ACC00890,C00890,401500000,ACTIVE
ACC00891,C00891,71800000,ACTIVE
ACC00892,C00892,198200000,ACTIVE
ACC00893,C00893,321400000,ACTIVE
ACC00894,C00894,335200000,ACTIVE
ACC00895,C00895,33200000,ACTIVE
ACC00896,C00896,39000000,ACTIVE
ACC00897,C00897,242200000,BLOCKED
ACC00898,C00898,199100000,ACTIVE
ACC00899,C00899,461000000,ACTIVE
ACC00900,C00900,55300000,ACTIVE
ACC00901,C00901,158500000,ACTIVE
ACC00902,C00902,254800000,ACTIVE
ACC00903,C00903,441000000,ACTIVE
ACC00904,C00904,396400000,ACTIVE
ACC00905,C00905,410200000,ACTIVE
ACC00906,C00906,343300000,ACTIVE
ACC00907,C00907,332700000,ACTIVE
ACC00908,C00908,259200000,ACTIVE
ACC00909,C00909,219400000,ACTIVE
ACC00910,C00910,378300000,ACTIVE
ACC00911,C00911,215500000,ACTIVE
ACC00912,C00912,344900000,ACTIVE
ACC00913,C00913,430100000,CLOSED
ACC00914,C00914,132100000,ACTIVE
ACC00915,C00915,244100000,ACTIVE
ACC00916,C00916,432800000,ACTIVE
ACC00917,C00917,224100000,ACTIVE
ACC00918,C00918,123800000,ACTIVE
ACC00919,C00919,457900000,ACTIVE
ACC00920,C00920,185200000,ACTIVE
ACC00921,C00921,435200000,ACTIVE
ACC00922,C00922,8400000,ACTIVE
ACC00923,C00923,248900000,ACTIVE
ACC00924,C00924,45700000,ACTIVE
ACC00925,C00925,432100000,ACTIVE
ACC00926,C00926,190700000,ACTIVE
ACC00927,C00927,207400000,ACTIVE
ACC00928,C00928,163300000,ACTIVE
ACC00929,C00929,252100000,ACTIVE
ACC00930,C00930,494100000,ACTIVE
ACC00931,C00931,147800000,ACTIVE
ACC00932,C00932,241900000,ACTIVE
ACC00933,C00933,258000000,ACTIVE
ACC00934,C00934,349300000,ACTIVE
ACC00935,C00935,255300000,ACTIVE
ACC00936,C00936,326600000,ACTIVE
ACC00937,C00937,294800000,ACTIVE
ACC00938,C00938,231800000,ACTIVE
ACC00939,C00939,201900000,ACTIVE
ACC00940,C00940,60200000,ACTIVE
ACC00941,C00941,110900000,ACTIVE
ACC00942,C00942,77800000,ACTIVE
ACC00943,C00943,343000000,ACTIVE
ACC00944,C00944,414200000,ACTIVE
ACC00945,C00945,419600000,ACTIVE
ACC00946,C00946,346800000,ACTIVE
ACC00947,C00947,22300000,ACTIVE
ACC00948,C00948,332600000,ACTIVE
ACC00949,C00949,484600000,ACTIVE
ACC00950,C00950,426800000,ACTIVE
ACC00951,C00951,7800000,ACTIVE
ACC00952,C00952,49700000,ACTIVE
ACC00953,C00953,457900000,ACTIVE
ACC00954,C00954,177600000,ACTIVE
ACC00955,C00955,369000000,ACTIVE
ACC00956,C00956,198200000,ACTIVE
ACC00957,C00957,150800000,CLOSED
ACC00958,C00958,330900000,ACTIVE
ACC00959,C00959,281400000,ACTIVE
ACC00960,C00960,108600000,ACTIVE
ACC00961,C00961,6900000,ACTIVE
ACC00962,C00962,402900000,ACTIVE
ACC00963,C00963,77100000,ACTIVE
ACC00964,C00964,175400000,ACTIVE
ACC00965,C00965,311300000,ACTIVE
ACC00966,C00966,392300000,ACTIVE
ACC00967,C00967,223100000,ACTIVE
ACC00968,C00968,488300000,ACTIVE
ACC00969,C00969,7200000,ACTIVE
ACC00970,C00970,185400000,ACTIVE
ACC00971,C00971,400000000,ACTIVE
ACC00972,C00972,152600000,BLOCKED
ACC00973,C00973,12800000,ACTIVE
ACC00974,C00974,161000000,ACTIVE
ACC00975,C00975,76400000,ACTIVE
ACC00976,C00976,477800000,ACTIVE
ACC00977,C00977,266400000,ACTIVE
ACC00978,C00978,194500000,ACTIVE
ACC00979,C00979,39200000,ACTIVE
ACC00980,C00980,238700000,ACTIVE
ACC00981,C00981,446300000,ACTIVE
ACC00982,C00982,128400000,CLOSED
ACC00983,C00983,146100000,BLOCKED
ACC00984,C00984,202000000,ACTIVE
ACC00985,C00985,158600000,ACTIVE
ACC00986,C00986,196700000,ACTIVE
ACC00987,C00987,421600000,ACTIVE
ACC00988,C00988,230200000,ACTIVE
ACC00989,C00989,51900000,ACTIVE
ACC00990,C00990,321400000,ACTIVE
ACC00991,C00991,37400000,ACTIVE
ACC00992,C00992,306500000,ACTIVE
ACC00993,C00993,30000000,ACTIVE
ACC00994,C00994,15800000,ACTIVE
ACC00995,C00995,152000000,ACTIVE
ACC00996,C00996,348400000,ACTIVE
ACC00997,C00997,7600000,CLOSED
ACC00998,C00998,40100000,ACTIVE
ACC00999,C00999,106300000,ACTIVE
ACC01000,C01000,227500000,CLOSED
ACC01001,C01001,20100000,ACTIVE
ACC01002,C01002,332200000,ACTIVE
ACC01003,C01003,166400000,ACTIVE
ACC01004,C01004,27000000,ACTIVE
ACC01005,C01005,5100000,ACTIVE
ACC01006,C01006,381800000,ACTIVE
ACC01007,C01007,344600000,ACTIVE
ACC01008,C01008,499400000,ACTIVE
ACC01009,C01009,144200000,ACTIVE
ACC01010,C01010,100300000,ACTIVE
ACC01011,C01011,355900000,ACTIVE
ACC01012,C01012,122900000,ACTIVE
ACC01013,C01013,66400000,ACTIVE
ACC01014,C01014,486000000,ACTIVE
ACC01015,C01015,333900000,ACTIVE
ACC01016,C01016,67700000,ACTIVE
ACC01017,C01017,388600000,ACTIVE
ACC01018,C01018,75700000,ACTIVE
ACC01019,C01019,243500000,ACTIVE
ACC01020,C01020,315000000,ACTIVE
ACC01021,C01021,29100000,ACTIVE
ACC01022,C01022,277300000,ACTIVE
ACC01023,C01023,210800000,ACTIVE
ACC01024,C01024,246800000,ACTIVE
ACC01025,C01025,77600000,ACTIVE
ACC01026,C01026,227600000,ACTIVE
ACC01027,C01027,113200000,ACTIVE
ACC01028,C01028,115000000,ACTIVE
ACC01029,C01029,388100000,ACTIVE
ACC01030,C01030,273900000,CLOSED
ACC01031,C01031,214900000,BLOCKED
ACC01032,C01032,499200000,CLOSED
ACC01033,C01033,136600000,BLOCKED
ACC01034,C01034,374600000,ACTIVE
ACC01035,C01035,429900000,ACTIVE
ACC01036,C01036,232700000,ACTIVE
ACC01037,C01037,408300000,ACTIVE
ACC01038,C01038,236100000,BLOCKED
ACC01039,C01039,422200000,ACTIVE
ACC01040,C01040,475200000,ACTIVE
ACC01041,C01041,299100000,ACTIVE
ACC01042,C01042,396400000,ACTIVE
ACC01043,C01043,345800000,ACTIVE
ACC01044,C01044,260500000,ACTIVE
ACC01045,C01045,18200000,ACTIVE
ACC01046,C01046,84900000,ACTIVE
ACC01047,C01047,449400000,ACTIVE
ACC01048,C01048,358200000,ACTIVE
ACC01049,C01049,447600000,ACTIVE
ACC01050,C01050,400900000,ACTIVE
ACC01051,C01051,117000000,ACTIVE
ACC01052,C01052,245100000,ACTIVE
ACC01053,C01053,338600000,ACTIVE
ACC01054,C01054,116400000,ACTIVE
ACC01055,C01055,139800000,CLOSED
ACC01056,C01056,105900000,CLOSED
ACC01057,C01057,417500000,ACTIVE
ACC01058,C01058,236700000,ACTIVE
ACC01059,C01059,188700000,ACTIVE
ACC01060,C01060,454300000,CLOSED
ACC01061,C01061,301700000,ACTIVE
ACC01062,C01062,73500000,ACTIVE
ACC01063,C01063,25300000,ACTIVE
ACC01064,C01064,399100000,ACTIVE
ACC01065,C01065,459900000,ACTIVE
ACC01066,C01066,388900000,ACTIVE
ACC01067,C01067,290100000,ACTIVE
ACC01068,C01068,255300000,ACTIVE
ACC01069,C01069,170100000,ACTIVE
ACC01070,C01070,363800000,ACTIVE
ACC01071,C01071,19000000,ACTIVE
ACC01072,C01072,452400000,BLOCKED
ACC01073,C01073,143100000,ACTIVE
ACC01074,C01074,244800000,ACTIVE
ACC01075,C01075,92600000,ACTIVE
ACC01076,C01076,63200000,ACTIVE
ACC01077,C01077,481200000,ACTIVE
ACC01078,C01078,10300000,ACTIVE
ACC01079,C01079,412000000,ACTIVE
ACC01080,C01080,311100000,ACTIVE
ACC01081,C01081,203300000,ACTIVE
ACC01082,C01082,304000000,ACTIVE
ACC01083,C01083,154600000,ACTIVE
ACC01084,C01084,237800000,BLOCKED
ACC01085,C01085,442100000,ACTIVE
ACC01086,C01086,449100000,ACTIVE
ACC01087,C01087,315000000,ACTIVE
ACC01088,C01088,387400000,ACTIVE
ACC01089,C01089,145700000,ACTIVE
ACC01090,C01090,380300000,ACTIVE
ACC01091,C01091,403100000,ACTIVE
ACC01092,C01092,230700000,ACTIVE
ACC01093,C01093,192300000,ACTIVE
ACC01094,C01094,342300000,ACTIVE
ACC01095,C01095,144100000,ACTIVE
ACC01096,C01096,128000000,CLOSED
ACC01097,C01097,129000000,ACTIVE
ACC01098,C01098,37600000,ACTIVE
ACC01099,C01099,465200000,ACTIVE
ACC01100,C01100,116900000,ACTIVE
ACC01101,C01101,363600000,ACTIVE
ACC01102,C01102,183500000,ACTIVE
ACC01103,C01103,308300000,ACTIVE
ACC01104,C01104,245600000,ACTIVE
ACC01105,C01105,242500000,ACTIVE
ACC01106,C01106,463700000,ACTIVE
ACC01107,C01107,65400000,ACTIVE
ACC01108,C01108,352000000,BLOCKED
ACC01109,C01109,390400000,ACTIVE
ACC01110,C01110,35500000,ACTIVE
ACC01111,C01111,393500000,ACTIVE
ACC01112,C01112,388500000,ACTIVE
ACC01113,C01113,458200000,ACTIVE
ACC01114,C01114,464600000,ACTIVE
ACC01115,C01115,295200000,ACTIVE
ACC01116,C01116,75100000,ACTIVE
ACC01117,C01117,312300000,ACTIVE
ACC01118,C01118,94900000,ACTIVE
ACC01119,C01119,36100000,ACTIVE
ACC01120,C01120,13800000,ACTIVE
ACC01121,C01121,112800000,CLOSED
ACC01122,C01122,55200000,ACTIVE
ACC01123,C01123,149500000,ACTIVE
ACC01124,C01124,205000000,ACTIVE
ACC01125,C01125,401800000,ACTIVE
ACC01126,C01126,391200000,ACTIVE
ACC01127,C01127,7400000,ACTIVE
ACC01128,C01128,364800000,ACTIVE
ACC01129,C01129,435300000,ACTIVE
ACC01130,C01130,456400000,ACTIVE
ACC01131,C01131,449000000,ACTIVE
ACC01132,C01132,465700000,ACTIVE
ACC01133,C01133,430800000,ACTIVE
ACC01134,C01134,421800000,ACTIVE
ACC01135,C01135,427700000,ACTIVE
ACC01136,C01136,477900000,ACTIVE
ACC01137,C01137,103600000,ACTIVE
ACC01138,C01138,339700000,ACTIVE
ACC01139,C01139,217600000,ACTIVE
ACC01140,C01140,194300000,ACTIVE
ACC01141,C01141,33100000,ACTIVE
ACC01142,C01142,357500000,ACTIVE
ACC01143,C01143,424500000,ACTIVE
ACC01144,C01144,142400000,ACTIVE
ACC01145,C01145,273500000,ACTIVE
ACC01146,C01146,400800000,ACTIVE
ACC01147,C01147,38700000,BLOCKED
ACC01148,C01148,489400000,ACTIVE
ACC01149,C01149,68000000,ACTIVE
ACC01150,C01150,126700000,ACTIVE
ACC01151,C01151,258900000,ACTIVE
ACC01152,C01152,118700000,ACTIVE
ACC01153,C01153,459400000,ACTIVE
ACC01154,C01154,199200000,ACTIVE
ACC01155,C01155,347100000,ACTIVE
ACC01156,C01156,105400000,ACTIVE
ACC01157,C01157,15000000,ACTIVE
ACC01158,C01158,126700000,ACTIVE
ACC01159,C01159,242200000,ACTIVE
ACC01160,C01160,418500000,ACTIVE
ACC01161,C01161,385000000,ACTIVE
ACC01162,C01162,99500000,ACTIVE
ACC01163,C01163,208100000,ACTIVE
ACC01164,C01164,141700000,CLOSED
ACC01165,C01165,95400000,ACTIVE
ACC01166,C01166,175900000,ACTIVE
ACC01167,C01167,467400000,BLOCKED
ACC01168,C01168,365400000,ACTIVE
ACC01169,C01169,265400000,ACTIVE
ACC01170,C01170,151300000,ACTIVE
ACC01171,C01171,35400000,ACTIVE
ACC01172,C01172,340800000,ACTIVE
ACC01173,C01173,463900000,ACTIVE
ACC01174,C01174,48300000,ACTIVE
ACC01175,C01175,80300000,ACTIVE
ACC01176,C01176,315500000,ACTIVE
ACC01177,C01177,272300000,ACTIVE
ACC01178,C01178,127200000,ACTIVE
ACC01179,C01179,87800000,ACTIVE
ACC01180,C01180,251900000,ACTIVE
ACC01181,C01181,194100000,ACTIVE
ACC01182,C01182,487900000,ACTIVE
ACC01183,C01183,430300000,ACTIVE
ACC01184,C01184,456100000,ACTIVE
ACC01185,C01185,331100000,ACTIVE
ACC01186,C01186,476500000,ACTIVE
ACC01187,C01187,221800000,ACTIVE
ACC01188,C01188,251600000,ACTIVE
ACC01189,C01189,415300000,ACTIVE
ACC01190,C01190,168900000,ACTIVE
ACC01191,C01191,355500000,ACTIVE
ACC01192,C01192,39600000,ACTIVE
ACC01193,C01193,418700000,ACTIVE
ACC01194,C01194,410200000,ACTIVE
ACC01195,C01195,380900000,ACTIVE
ACC01196,C01196,359200000,ACTIVE
ACC01197,C01197,439900000,ACTIVE
ACC01198,C01198,90900000,ACTIVE
ACC01199,C01199,375100000,CLOSED
ACC01200,C01200,213600000,ACTIVE
ACC01201,C01201,466100000,ACTIVE
ACC01202,C01202,367100000,ACTIVE
ACC01203,C01203,173100000,ACTIVE
ACC01204,C01204,119700000,BLOCKED
ACC01205,C01205,491000000,ACTIVE
ACC01206,C01206,278800000,ACTIVE
ACC01207,C01207,32900000,ACTIVE
ACC01208,C01208,379300000,ACTIVE
ACC01209,C01209,155000000,ACTIVE
ACC01210,C01210,47300000,ACTIVE
ACC01211,C01211,214700000,BLOCKED
ACC01212,C01212,283000000,ACTIVE
ACC01213,C01213,470300000,ACTIVE
ACC01214,C01214,30600000,ACTIVE
ACC01215,C01215,171500000,ACTIVE
ACC01216,C01216,470600000,ACTIVE
ACC01217,C01217,39300000,ACTIVE
ACC01218,C01218,241800000,CLOSED
ACC01219,C01219,173100000,ACTIVE
ACC01220,C01220,203100000,CLOSED
ACC01221,C01221,367300000,ACTIVE
ACC01222,C01222,436200000,ACTIVE
ACC01223,C01223,292100000,ACTIVE
ACC01224,C01224,190900000,ACTIVE
ACC01225,C01225,361500000,ACTIVE
ACC01226,C01226,176400000,ACTIVE
ACC01227,C01227,450900000,ACTIVE
ACC01228,C01228,171900000,ACTIVE
ACC01229,C01229,151300000,ACTIVE
ACC01230,C01230,410300000,ACTIVE
ACC01231,C01231,86700000,ACTIVE
ACC01232,C01232,373400000,ACTIVE
ACC01233,C01233,318100000,ACTIVE
ACC01234,C01234,456600000,ACTIVE
ACC01235,C01235,400300000,ACTIVE
ACC01236,C01236,280900000,ACTIVE
ACC01237,C01237,356500000,BLOCKED
ACC01238,C01238,95500000,ACTIVE
ACC01239,C01239,77800000,ACTIVE
ACC01240,C01240,174600000,ACTIVE
ACC01241,C01241,181000000,ACTIVE
ACC01242,C01242,478500000,ACTIVE
ACC01243,C01243,171600000,ACTIVE
ACC01244,C01244,456900000,ACTIVE
ACC01245,C01245,164400000,ACTIVE
ACC01246,C01246,78700000,ACTIVE
ACC01247,C01247,287100000,ACTIVE
ACC01248,C01248,207800000,ACTIVE
ACC01249,C01249,290500000,ACTIVE
ACC01250,C01250,25200000,BLOCKED
ACC01251,C01251,253700000,ACTIVE
ACC01252,C01252,386200000,ACTIVE
ACC01253,C01253,88400000,ACTIVE
ACC01254,C01254,415900000,ACTIVE
ACC01255,C01255,355900000,ACTIVE
ACC01256,C01256,268100000,ACTIVE
ACC01257,C01257,442700000,ACTIVE
ACC01258,C01258,285000000,ACTIVE
ACC01259,C01259,490700000,ACTIVE
ACC01260,C01260,439000000,ACTIVE
ACC01261,C01261,200300000,ACTIVE
ACC01262,C01262,178000000,ACTIVE
ACC01263,C01263,448300000,ACTIVE
ACC01264,C01264,187400000,ACTIVE
ACC01265,C01265,92400000,ACTIVE
ACC01266,C01266,350400000,ACTIVE
ACC01267,C01267,86600000,ACTIVE
ACC01268,C01268,51300000,ACTIVE
ACC01269,C01269,288700000,ACTIVE
ACC01270,C01270,312000000,ACTIVE
ACC01271,C01271,221500000,ACTIVE
ACC01272,C01272,442800000,ACTIVE
ACC01273,C01273,369100000,ACTIVE
ACC01274,C01274,86100000,ACTIVE
ACC01275,C01275,367900000,ACTIVE
ACC01276,C01276,127900000,ACTIVE
ACC01277,C01277,302500000,ACTIVE
ACC01278,C01278,384900000,ACTIVE
ACC01279,C01279,357700000,ACTIVE
ACC01280,C01280,13200000,ACTIVE
ACC01281,C01281,76800000,ACTIVE
ACC01282,C01282,344100000,ACTIVE
ACC01283,C01283,384000000,ACTIVE
ACC01284,C01284,217200000,CLOSED
ACC01285,C01285,28200000,ACTIVE
ACC01286,C01286,171900000,ACTIVE
ACC01287,C01287,101300000,ACTIVE
ACC01288,C01288,291300000,ACTIVE
ACC01289,C01289,108300000,ACTIVE
ACC01290,C01290,218500000,ACTIVE
ACC01291,C01291,158100000,ACTIVE
ACC01292,C01292,440400000,ACTIVE
ACC01293,C01293,480200000,BLOCKED
ACC01294,C01294,422400000,ACTIVE
ACC01295,C01295,394200000,ACTIVE
ACC01296,C01296,346000000,ACTIVE
ACC01297,C01297,168100000,ACTIVE
ACC01298,C01298,115000000,ACTIVE
ACC01299,C01299,275200000,ACTIVE
ACC01300,C01300,115100000,ACTIVE
ACC01301,C01301,232900000,ACTIVE
ACC01302,C01302,252000000,ACTIVE
ACC01303,C01303,232600000,ACTIVE
ACC01304,C01304,418800000,ACTIVE
ACC01305,C01305,36000000,ACTIVE
ACC01306,C01306,481300000,ACTIVE
ACC01307,C01307,300100000,ACTIVE
ACC01308,C01308,253300000,BLOCKED
ACC01309,C01309,80700000,ACTIVE
ACC01310,C01310,108500000,ACTIVE
ACC01311,C01311,120900000,ACTIVE
ACC01312,C01312,484500000,ACTIVE
ACC01313,C01313,292600000,ACTIVE
ACC01314,C01314,238900000,ACTIVE
ACC01315,C01315,413000000,CLOSED
ACC01316,C01316,480700000,ACTIVE
ACC01317,C01317,298000000,ACTIVE
ACC01318,C01318,307300000,ACTIVE
ACC01319,C01319,154000000,ACTIVE
ACC01320,C01320,396200000,ACTIVE
ACC01321,C01321,471800000,ACTIVE
ACC01322,C01322,96800000,ACTIVE
ACC01323,C01323,363200000,ACTIVE
ACC01324,C01324,224800000,CLOSED
ACC01325,C01325,82200000,ACTIVE
ACC01326,C01326,113000000,ACTIVE
ACC01327,C01327,251200000,ACTIVE
ACC01328,C01328,168400000,ACTIVE
ACC01329,C01329,179200000,ACTIVE
ACC01330,C01330,343900000,ACTIVE
ACC01331,C01331,185400000,ACTIVE
ACC01332,C01332,366400000,ACTIVE
ACC01333,C01333,415000000,ACTIVE
ACC01334,C01334,112900000,ACTIVE
ACC01335,C01335,453200000,ACTIVE
ACC01336,C01336,351000000,ACTIVE
ACC01337,C01337,53900000,ACTIVE
ACC01338,C01338,425700000,ACTIVE
ACC01339,C01339,178800000,ACTIVE
ACC01340,C01340,83500000,ACTIVE
ACC01341,C01341,460800000,ACTIVE
ACC01342,C01342,272700000,ACTIVE
ACC01343,C01343,422000000,ACTIVE
ACC01344,C01344,110700000,ACTIVE
ACC01345,C01345,175000000,ACTIVE
ACC01346,C01346,152700000,ACTIVE
ACC01347,C01347,409500000,ACTIVE
ACC01348,C01348,455400000,ACTIVE
ACC01349,C01349,342100000,ACTIVE
ACC01350,C01350,193500000,ACTIVE
ACC01351,C01351,175600000,ACTIVE
ACC01352,C01352,463300000,ACTIVE
ACC01353,C01353,179800000,BLOCKED
ACC01354,C01354,306600000,ACTIVE
ACC01355,C01355,369100000,ACTIVE
ACC01356,C01356,132900000,ACTIVE
ACC01357,C01357,492700000,ACTIVE
ACC01358,C01358,54400000,ACTIVE
ACC01359,C01359,260900000,ACTIVE
ACC01360,C01360,248600000,ACTIVE
ACC01361,C01361,351900000,ACTIVE
ACC01362,C01362,25000000,ACTIVE
ACC01363,C01363,291700000,ACTIVE
ACC01364,C01364,396100000,ACTIVE
ACC01365,C01365,251900000,ACTIVE
ACC01366,C01366,150800000,CLOSED
ACC01367,C01367,12800000,ACTIVE
ACC01368,C01368,189400000,ACTIVE
ACC01369,C01369,485600000,ACTIVE
ACC01370,C01370,499300000,ACTIVE
ACC01371,C01371,425300000,ACTIVE
ACC01372,C01372,201700000,ACTIVE
ACC01373,C01373,8800000,ACTIVE
ACC01374,C01374,289600000,ACTIVE
ACC01375,C01375,109600000,ACTIVE
ACC01376,C01376,200300000,ACTIVE
ACC01377,C01377,408700000,ACTIVE
ACC01378,C01378,121800000,BLOCKED
ACC01379,C01379,176900000,ACTIVE
ACC01380,C01380,195300000,BLOCKED
ACC01381,C01381,395500000,ACTIVE
ACC01382,C01382,427900000,ACTIVE
ACC01383,C01383,491800000,ACTIVE
ACC01384,C01384,467300000,ACTIVE
ACC01385,C01385,91600000,ACTIVE
ACC01386,C01386,253900000,ACTIVE
ACC01387,C01387,219300000,ACTIVE
ACC01388,C01388,326400000,ACTIVE
ACC01389,C01389,487800000,ACTIVE
ACC01390,C01390,63400000,ACTIVE
ACC01391,C01391,426400000,BLOCKED
ACC01392,C01392,436000000,ACTIVE
ACC01393,C01393,183200000,CLOSED
ACC01394,C01394,207500000,ACTIVE
ACC01395,C01395,359600000,ACTIVE
ACC01396,C01396,181500000,BLOCKED
ACC01397,C01397,272200000,ACTIVE
ACC01398,C01398,278900000,ACTIVE
ACC01399,C01399,239400000,CLOSED
ACC01400,C01400,42000000,ACTIVE
ACC01401,C01401,342600000,ACTIVE
ACC01402,C01402,88100000,ACTIVE
ACC01403,C01403,76000000,ACTIVE
ACC01404,C01404,119300000,ACTIVE
ACC01405,C01405,499500000,ACTIVE
ACC01406,C01406,275700000,CLOSED
ACC01407,C01407,153900000,ACTIVE
ACC01408,C01408,344700000,ACTIVE
ACC01409,C01409,193100000,BLOCKED
ACC01410,C01410,386200000,ACTIVE
ACC01411,C01411,44300000,ACTIVE
ACC01412,C01412,408100000,ACTIVE
ACC01413,C01413,34200000,ACTIVE
ACC01414,C01414,476300000,BLOCKED
ACC01415,C01415,284500000,ACTIVE
ACC01416,C01416,56500000,ACTIVE
ACC01417,C01417,153300000,ACTIVE
ACC01418,C01418,474600000,ACTIVE
ACC01419,C01419,407400000,ACTIVE
ACC01420,C01420,187800000,BLOCKED
ACC01421,C01421,325900000,ACTIVE
ACC01422,C01422,283800000,ACTIVE
ACC01423,C01423,469100000,CLOSED
ACC01424,C01424,381400000,ACTIVE
ACC01425,C01425,19300000,ACTIVE
ACC01426,C01426,125300000,ACTIVE
ACC01427,C01427,118400000,ACTIVE
ACC01428,C01428,158800000,ACTIVE
ACC01429,C01429,128600000,CLOSED
ACC01430,C01430,151300000,ACTIVE
ACC01431,C01431,97900000,ACTIVE
ACC01432,C01432,67900000,ACTIVE
ACC01433,C01433,327700000,ACTIVE
ACC01434,C01434,271200000,ACTIVE
ACC01435,C01435,170700000,ACTIVE
ACC01436,C01436,126300000,ACTIVE
ACC01437,C01437,456400000,ACTIVE
ACC01438,C01438,273900000,ACTIVE
ACC01439,C01439,117900000,ACTIVE
ACC01440,C01440,123100000,ACTIVE
ACC01441,C01441,105000000,ACTIVE
ACC01442,C01442,194500000,ACTIVE
ACC01443,C01443,119200000,ACTIVE
ACC01444,C01444,112400000,BLOCKED
ACC01445,C01445,494200000,ACTIVE
ACC01446,C01446,393500000,ACTIVE
ACC01447,C01447,90900000,ACTIVE
ACC01448,C01448,83300000,ACTIVE
ACC01449,C01449,421100000,ACTIVE
ACC01450,C01450,204600000,ACTIVE
ACC01451,C01451,305700000,ACTIVE
ACC01452,C01452,157900000,ACTIVE
ACC01453,C01453,444600000,ACTIVE
ACC01454,C01454,246200000,ACTIVE
ACC01455,C01455,462200000,ACTIVE
ACC01456,C01456,201700000,ACTIVE
ACC01457,C01457,466500000,BLOCKED
ACC01458,C01458,17700000,ACTIVE
ACC01459,C01459,388700000,ACTIVE
ACC01460,C01460,383200000,ACTIVE
ACC01461,C01461,143300000,ACTIVE
ACC01462,C01462,315600000,ACTIVE
ACC01463,C01463,235400000,ACTIVE
ACC01464,C01464,212400000,ACTIVE
ACC01465,C01465,228900000,ACTIVE
ACC01466,C01466,29900000,ACTIVE
ACC01467,C01467,353900000,ACTIVE
ACC01468,C01468,79800000,ACTIVE
ACC01469,C01469,83200000,ACTIVE
ACC01470,C01470,392500000,ACTIVE
ACC01471,C01471,12000000,ACTIVE
ACC01472,C01472,321600000,ACTIVE
ACC01473,C01473,342700000,ACTIVE
ACC01474,C01474,177100000,ACTIVE
ACC01475,C01475,261100000,ACTIVE
ACC01476,C01476,212100000,ACTIVE
ACC01477,C01477,441300000,ACTIVE
ACC01478,C01478,10300000,ACTIVE
ACC01479,C01479,215500000,ACTIVE
ACC01480,C01480,153200000,ACTIVE
ACC01481,C01481,396800000,ACTIVE
ACC01482,C01482,269200000,ACTIVE
ACC01483,C01483,119400000,ACTIVE
ACC01484,C01484,345700000,ACTIVE
ACC01485,C01485,210000000,ACTIVE
ACC01486,C01486,35600000,ACTIVE
ACC01487,C01487,116000000,ACTIVE
ACC01488,C01488,449300000,ACTIVE
ACC01489,C01489,179600000,ACTIVE
ACC01490,C01490,118800000,ACTIVE
ACC01491,C01491,230300000,ACTIVE
ACC01492,C01492,33000000,ACTIVE
ACC01493,C01493,66300000,ACTIVE
ACC01494,C01494,485100000,ACTIVE
ACC01495,C01495,238200000,ACTIVE
ACC01496,C01496,203100000,ACTIVE
ACC01497,C01497,40200000,ACTIVE
ACC01498,C01498,44900000,BLOCKED
ACC01499,C01499,301800000,ACTIVE
ACC01500,C01500,109400000,ACTIVE
ACC01501,C01501,150100000,ACTIVE
ACC01502,C01502,447900000,ACTIVE
ACC01503,C01503,462200000,ACTIVE
ACC01504,C01504,92100000,ACTIVE
ACC01505,C01505,451200000,ACTIVE
ACC01506,C01506,96500000,ACTIVE
ACC01507,C01507,140700000,ACTIVE
ACC01508,C01508,37900000,ACTIVE
ACC01509,C01509,405500000,ACTIVE
ACC01510,C01510,101200000,ACTIVE
ACC01511,C01511,484400000,CLOSED
ACC01512,C01512,308200000,ACTIVE
ACC01513,C01513,108700000,ACTIVE
ACC01514,C01514,228600000,BLOCKED
ACC01515,C01515,417200000,ACTIVE
ACC01516,C01516,183800000,ACTIVE
ACC01517,C01517,295000000,ACTIVE
ACC01518,C01518,32200000,ACTIVE
ACC01519,C01519,344800000,ACTIVE
ACC01520,C01520,436000000,ACTIVE
ACC01521,C01521,439700000,ACTIVE
ACC01522,C01522,49700000,ACTIVE
ACC01523,C01523,427400000,ACTIVE
ACC01524,C01524,320500000,ACTIVE
ACC01525,C01525,464100000,ACTIVE
ACC01526,C01526,79100000,ACTIVE
ACC01527,C01527,52200000,ACTIVE
ACC01528,C01528,120800000,ACTIVE
ACC01529,C01529,314400000,ACTIVE
ACC01530,C01530,58800000,ACTIVE
ACC01531,C01531,395600000,ACTIVE
ACC01532,C01532,479600000,ACTIVE
ACC01533,C01533,174700000,ACTIVE
ACC01534,C01534,340500000,ACTIVE
ACC01535,C01535,132400000,ACTIVE
ACC01536,C01536,34600000,ACTIVE
ACC01537,C01537,365900000,ACTIVE
ACC01538,C01538,8000000,ACTIVE
ACC01539,C01539,391000000,ACTIVE
ACC01540,C01540,265300000,ACTIVE
ACC01541,C01541,276400000,ACTIVE
ACC01542,C01542,77500000,ACTIVE
ACC01543,C01543,13800000,ACTIVE
ACC01544,C01544,170800000,ACTIVE
ACC01545,C01545,422800000,ACTIVE
ACC01546,C01546,211300000,BLOCKED
ACC01547,C01547,249000000,ACTIVE
ACC01548,C01548,46000000,ACTIVE
ACC01549,C01549,245300000,ACTIVE
ACC01550,C01550,308600000,ACTIVE
ACC01551,C01551,55800000,ACTIVE
ACC01552,C01552,383000000,ACTIVE
ACC01553,C01553,290400000,ACTIVE
ACC01554,C01554,177400000,ACTIVE
ACC01555,C01555,238600000,ACTIVE
ACC01556,C01556,303200000,ACTIVE
ACC01557,C01557,6000000,ACTIVE
ACC01558,C01558,218800000,ACTIVE
ACC01559,C01559,282200000,ACTIVE
ACC01560,C01560,43000000,ACTIVE
ACC01561,C01561,47800000,ACTIVE
ACC01562,C01562,255700000,ACTIVE
ACC01563,C01563,465700000,ACTIVE
ACC01564,C01564,407800000,ACTIVE
ACC01565,C01565,360400000,ACTIVE
ACC01566,C01566,454400000,ACTIVE
ACC01567,C01567,204400000,ACTIVE
ACC01568,C01568,95500000,ACTIVE
ACC01569,C01569,371800000,ACTIVE
ACC01570,C01570,296600000,ACTIVE
ACC01571,C01571,452900000,ACTIVE
ACC01572,C01572,227700000,ACTIVE
ACC01573,C01573,256500000,ACTIVE
ACC01574,C01574,125900000,ACTIVE
ACC01575,C01575,469800000,ACTIVE
ACC01576,C01576,52000000,ACTIVE
ACC01577,C01577,4300000,ACTIVE
ACC01578,C01578,193600000,ACTIVE
ACC01579,C01579,168400000,ACTIVE
ACC01580,C01580,124400000,ACTIVE
ACC01581,C01581,170300000,ACTIVE
ACC01582,C01582,103600000,ACTIVE
ACC01583,C01583,27700000,ACTIVE
ACC01584,C01584,424800000,ACTIVE
ACC01585,C01585,481100000,ACTIVE
ACC01586,C01586,310300000,ACTIVE
ACC01587,C01587,108700000,ACTIVE
ACC01588,C01588,307200000,ACTIVE
ACC01589,C01589,196600000,ACTIVE
ACC01590,C01590,47500000,ACTIVE
ACC01591,C01591,403900000,ACTIVE
ACC01592,C01592,248800000,ACTIVE
ACC01593,C01593,410300000,ACTIVE
ACC01594,C01594,385900000,ACTIVE
ACC01595,C01595,126200000,BLOCKED
ACC01596,C01596,55500000,ACTIVE
ACC01597,C01597,443500000,ACTIVE
ACC01598,C01598,273300000,ACTIVE
ACC01599,C01599,345600000,ACTIVE
ACC01600,C01600,44800000,ACTIVE
ACC01601,C01601,196200000,ACTIVE
ACC01602,C01602,94600000,ACTIVE
ACC01603,C01603,48600000,ACTIVE
ACC01604,C01604,219500000,ACTIVE
ACC01605,C01605,109500000,ACTIVE
ACC01606,C01606,343000000,ACTIVE
ACC01607,C01607,365500000,ACTIVE
ACC01608,C01608,247700000,ACTIVE
ACC01609,C01609,266000000,ACTIVE
ACC01610,C01610,453000000,ACTIVE
ACC01611,C01611,300600000,ACTIVE
ACC01612,C01612,372100000,CLOSED
ACC01613,C01613,37700000,BLOCKED
ACC01614,C01614,343600000,ACTIVE
ACC01615,C01615,67100000,ACTIVE
ACC01616,C01616,55600000,ACTIVE
ACC01617,C01617,371000000,ACTIVE
ACC01618,C01618,91800000,ACTIVE
ACC01619,C01619,198400000,ACTIVE
ACC01620,C01620,478400000,ACTIVE
ACC01621,C01621,118500000,ACTIVE
ACC01622,C01622,309800000,ACTIVE
ACC01623,C01623,415100000,ACTIVE
ACC01624,C01624,476900000,ACTIVE
ACC01625,C01625,154200000,ACTIVE
ACC01626,C01626,434900000,ACTIVE
ACC01627,C01627,318600000,ACTIVE
ACC01628,C01628,405600000,ACTIVE
ACC01629,C01629,430000000,ACTIVE
ACC01630,C01630,318700000,ACTIVE
ACC01631,C01631,77200000,ACTIVE
ACC01632,C01632,64400000,CLOSED
ACC01633,C01633,312700000,ACTIVE
ACC01634,C01634,27900000,ACTIVE
ACC01635,C01635,103600000,ACTIVE
ACC01636,C01636,348200000,ACTIVE
ACC01637,C01637,86000000,ACTIVE
ACC01638,C01638,49500000,ACTIVE
ACC01639,C01639,438800000,ACTIVE
ACC01640,C01640,307100000,ACTIVE
ACC01641,C01641,351500000,ACTIVE
ACC01642,C01642,57800000,ACTIVE
ACC01643,C01643,166800000,ACTIVE
ACC01644,C01644,482900000,ACTIVE
ACC01645,C01645,386100000,ACTIVE
ACC01646,C01646,40000000,ACTIVE
ACC01647,C01647,442000000,ACTIVE
ACC01648,C01648,251600000,ACTIVE
ACC01649,C01649,255700000,ACTIVE
ACC01650,C01650,18000000,ACTIVE
ACC01651,C01651,483500000,ACTIVE
ACC01652,C01652,375000000,ACTIVE
ACC01653,C01653,268500000,ACTIVE
ACC01654,C01654,103800000,ACTIVE
ACC01655,C01655,227600000,ACTIVE
ACC01656,C01656,178800000,ACTIVE
ACC01657,C01657,420200000,ACTIVE
ACC01658,C01658,12700000,ACTIVE
ACC01659,C01659,481700000,ACTIVE
ACC01660,C01660,262200000,ACTIVE
ACC01661,C01661,465800000,ACTIVE
ACC01662,C01662,95600000,CLOSED
ACC01663,C01663,253000000,BLOCKED
ACC01664,C01664,398500000,ACTIVE
ACC01665,C01665,454500000,ACTIVE
ACC01666,C01666,310500000,ACTIVE
ACC01667,C01667,379900000,ACTIVE
ACC01668,C01668,77700000,ACTIVE
ACC01669,C01669,371400000,ACTIVE
ACC01670,C01670,96300000,ACTIVE
ACC01671,C01671,62700000,ACTIVE
ACC01672,C01672,474800000,ACTIVE
ACC01673,C01673,338600000,BLOCKED
ACC01674,C01674,450200000,ACTIVE
ACC01675,C01675,332500000,ACTIVE
ACC01676,C01676,124500000,ACTIVE
ACC01677,C01677,254900000,ACTIVE
ACC01678,C01678,461200000,ACTIVE
ACC01679,C01679,493700000,ACTIVE
ACC01680,C01680,234400000,ACTIVE
ACC01681,C01681,105700000,CLOSED
ACC01682,C01682,415200000,BLOCKED
ACC01683,C01683,434700000,ACTIVE
ACC01684,C01684,223400000,ACTIVE
ACC01685,C01685,327700000,ACTIVE
ACC01686,C01686,273600000,ACTIVE
ACC01687,C01687,486400000,ACTIVE
ACC01688,C01688,346900000,ACTIVE
ACC01689,C01689,345600000,ACTIVE
ACC01690,C01690,122400000,ACTIVE
ACC01691,C01691,77800000,ACTIVE
ACC01692,C01692,396000000,ACTIVE
ACC01693,C01693,139800000,ACTIVE
ACC01694,C01694,168800000,ACTIVE
ACC01695,C01695,289100000,ACTIVE
ACC01696,C01696,289500000,ACTIVE
ACC01697,C01697,259200000,ACTIVE
ACC01698,C01698,295500000,ACTIVE
ACC01699,C01699,89400000,ACTIVE
ACC01700,C01700,495100000,ACTIVE
ACC01701,C01701,233500000,ACTIVE
ACC01702,C01702,498300000,ACTIVE
ACC01703,C01703,285600000,CLOSED
ACC01704,C01704,466600000,ACTIVE
ACC01705,C01705,81200000,ACTIVE
ACC01706,C01706,323400000,ACTIVE
ACC01707,C01707,265800000,ACTIVE
ACC01708,C01708,183600000,ACTIVE
ACC01709,C01709,495100000,ACTIVE
ACC01710,C01710,227000000,ACTIVE
ACC01711,C01711,297900000,ACTIVE
ACC01712,C01712,415800000,ACTIVE
ACC01713,C01713,301500000,ACTIVE
ACC01714,C01714,407700000,ACTIVE
ACC01715,C01715,11500000,ACTIVE
ACC01716,C01716,306900000,ACTIVE
ACC01717,C01717,24100000,ACTIVE
ACC01718,C01718,443700000,ACTIVE
ACC01719,C01719,42200000,ACTIVE
ACC01720,C01720,2600000,ACTIVE
ACC01721,C01721,109600000,ACTIVE
ACC01722,C01722,292400000,ACTIVE
ACC01723,C01723,437700000,ACTIVE
ACC01724,C01724,150400000,ACTIVE
ACC01725,C01725,331600000,ACTIVE
ACC01726,C01726,431000000,ACTIVE
ACC01727,C01727,452700000,ACTIVE
ACC01728,C01728,133200000,ACTIVE
ACC01729,C01729,444500000,ACTIVE
ACC01730,C01730,180500000,ACTIVE
ACC01731,C01731,369800000,ACTIVE
ACC01732,C01732,407900000,ACTIVE
ACC01733,C01733,458900000,CLOSED
ACC01734,C01734,104100000,ACTIVE
ACC01735,C01735,355600000,ACTIVE
ACC01736,C01736,118800000,BLOCKED
ACC01737,C01737,205400000,ACTIVE
ACC01738,C01738,444800000,ACTIVE
ACC01739,C01739,202200000,ACTIVE
ACC01740,C01740,155800000,ACTIVE
ACC01741,C01741,70700000,ACTIVE
ACC01742,C01742,211800000,BLOCKED
ACC01743,C01743,480800000,ACTIVE
ACC01744,C01744,399000000,ACTIVE
ACC01745,C01745,65400000,ACTIVE
ACC01746,C01746,472900000,ACTIVE
ACC01747,C01747,247900000,ACTIVE
ACC01748,C01748,307900000,ACTIVE
ACC01749,C01749,400000000,ACTIVE
ACC01750,C01750,434200000,ACTIVE
ACC01751,C01751,349800000,CLOSED
ACC01752,C01752,274900000,ACTIVE
ACC01753,C01753,328300000,ACTIVE
ACC01754,C01754,452200000,ACTIVE
ACC01755,C01755,55300000,ACTIVE
ACC01756,C01756,397600000,ACTIVE
ACC01757,C01757,10500000,ACTIVE
ACC01758,C01758,231800000,ACTIVE
ACC01759,C01759,404000000,ACTIVE
ACC01760,C01760,294000000,ACTIVE
ACC01761,C01761,262300000,ACTIVE
ACC01762,C01762,339600000,ACTIVE
ACC01763,C01763,47000000,ACTIVE
ACC01764,C01764,259800000,ACTIVE
ACC01765,C01765,196000000,ACTIVE
ACC01766,C01766,384100000,ACTIVE
ACC01767,C01767,439600000,ACTIVE
ACC01768,C01768,454300000,BLOCKED
ACC01769,C01769,437900000,ACTIVE
ACC01770,C01770,204200000,BLOCKED
ACC01771,C01771,350100000,ACTIVE
ACC01772,C01772,406600000,CLOSED
ACC01773,C01773,364800000,ACTIVE
ACC01774,C01774,498100000,ACTIVE
ACC01775,C01775,377200000,ACTIVE
ACC01776,C01776,210600000,ACTIVE
ACC01777,C01777,207000000,ACTIVE
ACC01778,C01778,308900000,ACTIVE
ACC01779,C01779,95400000,ACTIVE
ACC01780,C01780,391900000,ACTIVE
ACC01781,C01781,313700000,ACTIVE
ACC01782,C01782,126500000,ACTIVE
ACC01783,C01783,17200000,ACTIVE
ACC01784,C01784,100800000,BLOCKED
ACC01785,C01785,167700000,ACTIVE
ACC01786,C01786,342700000,ACTIVE
ACC01787,C01787,448300000,ACTIVE
ACC01788,C01788,464000000,ACTIVE
ACC01789,C01789,150100000,ACTIVE
ACC01790,C01790,35100000,ACTIVE
ACC01791,C01791,381600000,ACTIVE
ACC01792,C01792,444500000,CLOSED
ACC01793,C01793,479600000,ACTIVE
ACC01794,C01794,222700000,ACTIVE
ACC01795,C01795,387700000,ACTIVE
ACC01796,C01796,180600000,ACTIVE
ACC01797,C01797,124600000,ACTIVE
ACC01798,C01798,16900000,ACTIVE
ACC01799,C01799,282100000,ACTIVE
ACC01800,C01800,117300000,ACTIVE
ACC01801,C01801,177400000,ACTIVE
ACC01802,C01802,47100000,ACTIVE
ACC01803,C01803,217100000,ACTIVE
ACC01804,C01804,422500000,BLOCKED
ACC01805,C01805,79900000,ACTIVE
ACC01806,C01806,199500000,ACTIVE
ACC01807,C01807,270100000,ACTIVE
ACC01808,C01808,34100000,ACTIVE
ACC01809,C01809,103200000,ACTIVE
ACC01810,C01810,4200000,ACTIVE
ACC01811,C01811,123400000,ACTIVE
ACC01812,C01812,181300000,ACTIVE
ACC01813,C01813,329800000,ACTIVE
ACC01814,C01814,117600000,ACTIVE
ACC01815,C01815,34500000,ACTIVE
ACC01816,C01816,494100000,ACTIVE
ACC01817,C01817,399800000,ACTIVE
ACC01818,C01818,222900000,ACTIVE
ACC01819,C01819,381300000,CLOSED
ACC01820,C01820,86300000,ACTIVE
ACC01821,C01821,283100000,ACTIVE
ACC01822,C01822,402100000,ACTIVE
ACC01823,C01823,325600000,ACTIVE
ACC01824,C01824,48400000,ACTIVE
ACC01825,C01825,316500000,ACTIVE
ACC01826,C01826,140900000,ACTIVE
ACC01827,C01827,439100000,ACTIVE
ACC01828,C01828,111600000,ACTIVE
ACC01829,C01829,25600000,CLOSED
ACC01830,C01830,113400000,ACTIVE
ACC01831,C01831,451200000,ACTIVE
ACC01832,C01832,117300000,ACTIVE
ACC01833,C01833,377200000,ACTIVE
ACC01834,C01834,358800000,ACTIVE
ACC01835,C01835,193200000,BLOCKED
ACC01836,C01836,68500000,ACTIVE
ACC01837,C01837,80500000,ACTIVE
ACC01838,C01838,91900000,ACTIVE
ACC01839,C01839,97900000,ACTIVE
ACC01840,C01840,485700000,ACTIVE
ACC01841,C01841,449900000,ACTIVE
ACC01842,C01842,133800000,ACTIVE
ACC01843,C01843,208700000,ACTIVE
ACC01844,C01844,112000000,BLOCKED
ACC01845,C01845,163700000,ACTIVE
ACC01846,C01846,168300000,ACTIVE
ACC01847,C01847,496100000,ACTIVE
ACC01848,C01848,410400000,ACTIVE
ACC01849,C01849,309400000,ACTIVE
ACC01850,C01850,323800000,ACTIVE
ACC01851,C01851,155800000,ACTIVE
ACC01852,C01852,101300000,ACTIVE
ACC01853,C01853,440400000,BLOCKED
ACC01854,C01854,11500000,ACTIVE
ACC01855,C01855,497500000,ACTIVE
ACC01856,C01856,317700000,ACTIVE
ACC01857,C01857,428000000,ACTIVE
ACC01858,C01858,221100000,ACTIVE
ACC01859,C01859,489000000,ACTIVE
ACC01860,C01860,141200000,ACTIVE
ACC01861,C01861,341000000,ACTIVE
ACC01862,C01862,135900000,ACTIVE
ACC01863,C01863,39700000,ACTIVE
ACC01864,C01864,348100000,ACTIVE
ACC01865,C01865,471900000,ACTIVE
ACC01866,C01866,276000000,ACTIVE
ACC01867,C01867,395200000,ACTIVE
ACC01868,C01868,481600000,ACTIVE
ACC01869,C01869,402800000,ACTIVE
ACC01870,C01870,127000000,ACTIVE
ACC01871,C01871,89900000,BLOCKED
ACC01872,C01872,102600000,ACTIVE
ACC01873,C01873,58700000,ACTIVE
ACC01874,C01874,361900000,ACTIVE
ACC01875,C01875,373100000,ACTIVE
ACC01876,C01876,375000000,ACTIVE
ACC01877,C01877,3000000,ACTIVE
ACC01878,C01878,428100000,ACTIVE
ACC01879,C01879,54200000,ACTIVE
ACC01880,C01880,7900000,ACTIVE
ACC01881,C01881,130800000,ACTIVE
ACC01882,C01882,468200000,ACTIVE
ACC01883,C01883,426800000,CLOSED
ACC01884,C01884,484600000,ACTIVE
ACC01885,C01885,10400000,BLOCKED
ACC01886,C01886,320900000,ACTIVE
ACC01887,C01887,212600000,ACTIVE
ACC01888,C01888,193300000,ACTIVE
ACC01889,C01889,251700000,ACTIVE
ACC01890,C01890,234200000,ACTIVE
ACC01891,C01891,498600000,ACTIVE
ACC01892,C01892,132700000,ACTIVE
ACC01893,C01893,315900000,ACTIVE
ACC01894,C01894,447200000,ACTIVE
ACC01895,C01895,245300000,ACTIVE
ACC01896,C01896,50600000,ACTIVE
ACC01897,C01897,317800000,ACTIVE
ACC01898,C01898,63500000,ACTIVE
ACC01899,C01899,249600000,ACTIVE
ACC01900,C01900,350700000,ACTIVE
ACC01901,C01901,399900000,ACTIVE
ACC01902,C01902,444500000,ACTIVE
ACC01903,C01903,130900000,ACTIVE
ACC01904,C01904,275900000,ACTIVE
ACC01905,C01905,314300000,ACTIVE
ACC01906,C01906,270500000,ACTIVE
ACC01907,C01907,308600000,ACTIVE
ACC01908,C01908,481900000,ACTIVE
ACC01909,C01909,293100000,ACTIVE
ACC01910,C01910,37200000,ACTIVE
ACC01911,C01911,143100000,ACTIVE
ACC01912,C01912,267300000,ACTIVE
ACC01913,C01913,237500000,ACTIVE
ACC01914,C01914,121600000,ACTIVE
ACC01915,C01915,497800000,ACTIVE
ACC01916,C01916,108000000,ACTIVE
ACC01917,C01917,279500000,ACTIVE
ACC01918,C01918,60200000,ACTIVE
ACC01919,C01919,367100000,ACTIVE
ACC01920,C01920,404400000,ACTIVE
ACC01921,C01921,493800000,ACTIVE
ACC01922,C01922,471800000,ACTIVE
ACC01923,C01923,73800000,ACTIVE
ACC01924,C01924,222400000,ACTIVE
ACC01925,C01925,266300000,ACTIVE
ACC01926,C01926,293300000,CLOSED
ACC01927,C01927,248500000,ACTIVE
ACC01928,C01928,255900000,ACTIVE
ACC01929,C01929,344000000,ACTIVE
ACC01930,C01930,339800000,ACTIVE
ACC01931,C01931,344200000,ACTIVE
ACC01932,C01932,237300000,BLOCKED
ACC01933,C01933,142200000,ACTIVE
ACC01934,C01934,157600000,ACTIVE
ACC01935,C01935,109900000,ACTIVE
ACC01936,C01936,20800000,ACTIVE
ACC01937,C01937,414500000,ACTIVE
ACC01938,C01938,16300000,ACTIVE
ACC01939,C01939,128000000,ACTIVE
ACC01940,C01940,3700000,ACTIVE
ACC01941,C01941,379100000,ACTIVE
ACC01942,C01942,143900000,ACTIVE
ACC01943,C01943,295800000,ACTIVE
ACC01944,C01944,482600000,ACTIVE
ACC01945,C01945,295300000,ACTIVE
ACC01946,C01946,265800000,ACTIVE
ACC01947,C01947,80400000,ACTIVE
ACC01948,C01948,198400000,ACTIVE
ACC01949,C01949,101400000,ACTIVE
ACC01950,C01950,374600000,ACTIVE
ACC01951,C01951,358300000,ACTIVE
ACC01952,C01952,183000000,ACTIVE
ACC01953,C01953,348000000,ACTIVE
ACC01954,C01954,486800000,ACTIVE
ACC01955,C01955,456900000,CLOSED
ACC01956,C01956,377400000,ACTIVE
ACC01957,C01957,16400000,ACTIVE
ACC01958,C01958,173000000,ACTIVE
ACC01959,C01959,24700000,ACTIVE
ACC01960,C01960,441600000,ACTIVE
ACC01961,C01961,90400000,ACTIVE
ACC01962,C01962,475400000,ACTIVE
ACC01963,C01963,372700000,ACTIVE
ACC01964,C01964,100500000,ACTIVE
ACC01965,C01965,457500000,ACTIVE
ACC01966,C01966,186800000,ACTIVE
ACC01967,C01967,335700000,ACTIVE
ACC01968,C01968,19600000,ACTIVE
ACC01969,C01969,73700000,ACTIVE
ACC01970,C01970,66500000,ACTIVE
ACC01971,C01971,85200000,ACTIVE
ACC01972,C01972,137300000,ACTIVE
ACC01973,C01973,105100000,ACTIVE
ACC01974,C01974,248500000,BLOCKED
ACC01975,C01975,125900000,ACTIVE
ACC01976,C01976,450700000,ACTIVE
ACC01977,C01977,387000000,ACTIVE
ACC01978,C01978,226100000,ACTIVE
ACC01979,C01979,284500000,ACTIVE
ACC01980,C01980,40000000,ACTIVE
ACC01981,C01981,425800000,ACTIVE
ACC01982,C01982,314500000,ACTIVE
ACC01983,C01983,95100000,ACTIVE
ACC01984,C01984,99500000,ACTIVE
ACC01985,C01985,233200000,ACTIVE
ACC01986,C01986,48500000,ACTIVE
ACC01987,C01987,433100000,CLOSED
ACC01988,C01988,132400000,ACTIVE
ACC01989,C01989,282500000,ACTIVE
ACC01990,C01990,40500000,ACTIVE
ACC01991,C01991,497700000,ACTIVE
ACC01992,C01992,367100000,ACTIVE
ACC01993,C01993,166000000,ACTIVE
ACC01994,C01994,358300000,ACTIVE
ACC01995,C01995,159500000,ACTIVE
ACC01996,C01996,275100000,ACTIVE
ACC01997,C01997,201100000,ACTIVE
ACC01998,C01998,29200000,ACTIVE
ACC01999,C01999,349100000,ACTIVE
ACC02000,C02000,306100000,ACTIVE
ACC02001,C02001,470500000,ACTIVE
ACC02002,C02002,96700000,ACTIVE
ACC02003,C02003,256300000,ACTIVE
ACC02004,C02004,248600000,ACTIVE
ACC02005,C02005,411100000,BLOCKED
ACC02006,C02006,478400000,ACTIVE
ACC02007,C02007,377200000,BLOCKED
ACC02008,C02008,149700000,ACTIVE
ACC02009,C02009,263400000,ACTIVE
ACC02010,C02010,441400000,ACTIVE
ACC02011,C02011,5700000,ACTIVE
ACC02012,C02012,156300000,ACTIVE
ACC02013,C02013,186000000,ACTIVE
ACC02014,C02014,244400000,ACTIVE
ACC02015,C02015,236200000,ACTIVE
ACC02016,C02016,427100000,ACTIVE
ACC02017,C02017,37100000,ACTIVE
ACC02018,C02018,112000000,ACTIVE
ACC02019,C02019,358800000,ACTIVE
ACC02020,C02020,179300000,ACTIVE
ACC02021,C02021,89300000,ACTIVE
ACC02022,C02022,91100000,ACTIVE
ACC02023,C02023,249100000,ACTIVE
ACC02024,C02024,455200000,ACTIVE
ACC02025,C02025,129600000,ACTIVE
ACC02026,C02026,95600000,ACTIVE
ACC02027,C02027,38300000,BLOCKED
ACC02028,C02028,125500000,CLOSED
ACC02029,C02029,47400000,ACTIVE
ACC02030,C02030,499900000,ACTIVE
ACC02031,C02031,350000000,ACTIVE
ACC02032,C02032,263000000,ACTIVE
ACC02033,C02033,453600000,ACTIVE
ACC02034,C02034,129700000,ACTIVE
ACC02035,C02035,486000000,ACTIVE
ACC02036,C02036,308600000,ACTIVE
ACC02037,C02037,389000000,ACTIVE
ACC02038,C02038,109600000,ACTIVE
ACC02039,C02039,417600000,ACTIVE
ACC02040,C02040,166500000,ACTIVE
ACC02041,C02041,281700000,ACTIVE
ACC02042,C02042,64200000,ACTIVE
ACC02043,C02043,309500000,ACTIVE
ACC02044,C02044,357500000,BLOCKED
ACC02045,C02045,132600000,ACTIVE
ACC02046,C02046,106500000,ACTIVE
ACC02047,C02047,232100000,ACTIVE
ACC02048,C02048,161000000,ACTIVE
ACC02049,C02049,244800000,ACTIVE
ACC02050,C02050,342600000,ACTIVE
ACC02051,C02051,172200000,ACTIVE
ACC02052,C02052,435000000,BLOCKED
ACC02053,C02053,12800000,ACTIVE
ACC02054,C02054,379800000,ACTIVE
ACC02055,C02055,401400000,ACTIVE
ACC02056,C02056,364400000,ACTIVE
ACC02057,C02057,245200000,ACTIVE
ACC02058,C02058,401100000,CLOSED
ACC02059,C02059,178600000,ACTIVE
ACC02060,C02060,324900000,ACTIVE
ACC02061,C02061,132700000,ACTIVE
ACC02062,C02062,469400000,CLOSED
ACC02063,C02063,349500000,CLOSED
ACC02064,C02064,170400000,ACTIVE
ACC02065,C02065,471800000,ACTIVE
ACC02066,C02066,163000000,ACTIVE
ACC02067,C02067,62800000,ACTIVE
ACC02068,C02068,116700000,ACTIVE
ACC02069,C02069,348900000,ACTIVE
ACC02070,C02070,83900000,ACTIVE
ACC02071,C02071,136900000,CLOSED
ACC02072,C02072,305600000,ACTIVE
ACC02073,C02073,488300000,CLOSED
ACC02074,C02074,255300000,ACTIVE
ACC02075,C02075,11800000,ACTIVE
ACC02076,C02076,424200000,ACTIVE
ACC02077,C02077,456000000,ACTIVE
ACC02078,C02078,52400000,ACTIVE
ACC02079,C02079,146400000,ACTIVE
ACC02080,C02080,49800000,ACTIVE
ACC02081,C02081,92500000,ACTIVE
ACC02082,C02082,357500000,ACTIVE
ACC02083,C02083,459300000,BLOCKED
ACC02084,C02084,68400000,ACTIVE
ACC02085,C02085,125800000,ACTIVE
ACC02086,C02086,205200000,ACTIVE
ACC02087,C02087,157800000,ACTIVE
ACC02088,C02088,297100000,ACTIVE
ACC02089,C02089,147500000,ACTIVE
ACC02090,C02090,33400000,ACTIVE
ACC02091,C02091,361800000,ACTIVE
ACC02092,C02092,217200000,ACTIVE
ACC02093,C02093,130200000,ACTIVE
ACC02094,C02094,231600000,ACTIVE
ACC02095,C02095,186400000,ACTIVE
ACC02096,C02096,421200000,BLOCKED
ACC02097,C02097,108300000,ACTIVE
ACC02098,C02098,411500000,ACTIVE
ACC02099,C02099,491200000,ACTIVE
ACC02100,C02100,216400000,ACTIVE
ACC02101,C02101,437200000,ACTIVE
ACC02102,C02102,231400000,ACTIVE
ACC02103,C02103,258200000,ACTIVE
ACC02104,C02104,164400000,ACTIVE
ACC02105,C02105,411600000,ACTIVE
ACC02106,C02106,88100000,ACTIVE
ACC02107,C02107,74500000,ACTIVE
ACC02108,C02108,187600000,ACTIVE
ACC02109,C02109,71300000,ACTIVE
ACC02110,C02110,493300000,ACTIVE
ACC02111,C02111,277200000,ACTIVE
ACC02112,C02112,154200000,ACTIVE
ACC02113,C02113,151500000,ACTIVE
ACC02114,C02114,223100000,CLOSED
ACC02115,C02115,58300000,ACTIVE
ACC02116,C02116,244700000,ACTIVE
ACC02117,C02117,402000000,ACTIVE
ACC02118,C02118,259900000,ACTIVE
ACC02119,C02119,412700000,ACTIVE
ACC02120,C02120,128600000,ACTIVE
ACC02121,C02121,94100000,ACTIVE
ACC02122,C02122,427900000,ACTIVE
ACC02123,C02123,380200000,ACTIVE
ACC02124,C02124,73800000,ACTIVE
ACC02125,C02125,292000000,ACTIVE
ACC02126,C02126,253800000,ACTIVE
ACC02127,C02127,54900000,BLOCKED
ACC02128,C02128,359900000,ACTIVE
ACC02129,C02129,108700000,ACTIVE
ACC02130,C02130,28900000,BLOCKED
ACC02131,C02131,402900000,ACTIVE
ACC02132,C02132,252300000,ACTIVE
ACC02133,C02133,333100000,ACTIVE
ACC02134,C02134,409300000,ACTIVE
ACC02135,C02135,15900000,ACTIVE
ACC02136,C02136,332400000,ACTIVE
ACC02137,C02137,186600000,ACTIVE
ACC02138,C02138,441400000,ACTIVE
ACC02139,C02139,273100000,ACTIVE
ACC02140,C02140,412200000,ACTIVE
ACC02141,C02141,298700000,ACTIVE
ACC02142,C02142,88200000,ACTIVE
ACC02143,C02143,148300000,ACTIVE
ACC02144,C02144,393800000,ACTIVE
ACC02145,C02145,218800000,BLOCKED
ACC02146,C02146,208700000,ACTIVE
ACC02147,C02147,471500000,ACTIVE
ACC02148,C02148,175700000,ACTIVE
ACC02149,C02149,198400000,ACTIVE
ACC02150,C02150,160200000,ACTIVE
ACC02151,C02151,106800000,BLOCKED
ACC02152,C02152,133000000,ACTIVE
ACC02153,C02153,380200000,ACTIVE
ACC02154,C02154,30900000,ACTIVE
ACC02155,C02155,475900000,ACTIVE
ACC02156,C02156,394000000,ACTIVE
ACC02157,C02157,495300000,ACTIVE
ACC02158,C02158,310400000,ACTIVE
ACC02159,C02159,277800000,ACTIVE
ACC02160,C02160,351500000,ACTIVE
ACC02161,C02161,281000000,ACTIVE
ACC02162,C02162,60700000,ACTIVE
ACC02163,C02163,14900000,ACTIVE
ACC02164,C02164,497500000,ACTIVE
ACC02165,C02165,334600000,ACTIVE
ACC02166,C02166,168100000,BLOCKED
ACC02167,C02167,113300000,ACTIVE
ACC02168,C02168,68200000,ACTIVE
ACC02169,C02169,405700000,CLOSED
ACC02170,C02170,31900000,ACTIVE
ACC02171,C02171,333900000,ACTIVE
ACC02172,C02172,190800000,ACTIVE
ACC02173,C02173,3600000,CLOSED
ACC02174,C02174,229400000,ACTIVE
ACC02175,C02175,367300000,ACTIVE
ACC02176,C02176,190400000,ACTIVE
ACC02177,C02177,442700000,ACTIVE
ACC02178,C02178,324700000,BLOCKED
ACC02179,C02179,377800000,ACTIVE
ACC02180,C02180,439500000,ACTIVE
ACC02181,C02181,104200000,ACTIVE
ACC02182,C02182,123400000,ACTIVE
ACC02183,C02183,284800000,ACTIVE
ACC02184,C02184,169300000,ACTIVE
ACC02185,C02185,439400000,ACTIVE
ACC02186,C02186,10700000,ACTIVE
ACC02187,C02187,332800000,BLOCKED
ACC02188,C02188,46400000,ACTIVE
ACC02189,C02189,393100000,CLOSED
ACC02190,C02190,458800000,ACTIVE
ACC02191,C02191,222700000,ACTIVE
ACC02192,C02192,221100000,ACTIVE
ACC02193,C02193,11500000,ACTIVE
ACC02194,C02194,108800000,ACTIVE
ACC02195,C02195,196400000,ACTIVE
ACC02196,C02196,366000000,ACTIVE
ACC02197,C02197,168300000,ACTIVE
ACC02198,C02198,343300000,ACTIVE
ACC02199,C02199,336200000,ACTIVE
ACC02200,C02200,316200000,ACTIVE
ACC02201,C02201,34600000,ACTIVE
ACC02202,C02202,71500000,ACTIVE
ACC02203,C02203,454300000,ACTIVE
ACC02204,C02204,5600000,ACTIVE
ACC02205,C02205,231800000,ACTIVE
ACC02206,C02206,97500000,ACTIVE
ACC02207,C02207,364500000,ACTIVE
ACC02208,C02208,51200000,ACTIVE
ACC02209,C02209,34900000,ACTIVE
ACC02210,C02210,311900000,CLOSED
ACC02211,C02211,355500000,ACTIVE
ACC02212,C02212,138500000,ACTIVE
ACC02213,C02213,119300000,ACTIVE
ACC02214,C02214,378500000,ACTIVE
ACC02215,C02215,38700000,ACTIVE
ACC02216,C02216,30700000,ACTIVE
ACC02217,C02217,432300000,ACTIVE
ACC02218,C02218,482700000,ACTIVE
ACC02219,C02219,336200000,ACTIVE
ACC02220,C02220,155000000,ACTIVE
ACC02221,C02221,316000000,ACTIVE
ACC02222,C02222,346900000,ACTIVE
ACC02223,C02223,359600000,ACTIVE
ACC02224,C02224,384100000,ACTIVE
ACC02225,C02225,487000000,ACTIVE
ACC02226,C02226,182800000,ACTIVE
ACC02227,C02227,116200000,ACTIVE
ACC02228,C02228,427000000,ACTIVE
ACC02229,C02229,441400000,ACTIVE
ACC02230,C02230,403900000,BLOCKED
ACC02231,C02231,459300000,ACTIVE
ACC02232,C02232,216400000,ACTIVE
ACC02233,C02233,486400000,BLOCKED
ACC02234,C02234,247100000,ACTIVE
ACC02235,C02235,361100000,ACTIVE
ACC02236,C02236,311300000,ACTIVE
ACC02237,C02237,227800000,ACTIVE
ACC02238,C02238,3400000,ACTIVE
ACC02239,C02239,141500000,CLOSED
ACC02240,C02240,400200000,ACTIVE
ACC02241,C02241,255500000,ACTIVE
ACC02242,C02242,64500000,ACTIVE
ACC02243,C02243,113600000,ACTIVE
ACC02244,C02244,232300000,ACTIVE
ACC02245,C02245,290700000,ACTIVE
ACC02246,C02246,313300000,ACTIVE
ACC02247,C02247,282600000,CLOSED
ACC02248,C02248,38000000,BLOCKED
ACC02249,C02249,168100000,ACTIVE
ACC02250,C02250,321400000,ACTIVE
ACC02251,C02251,197600000,ACTIVE
ACC02252,C02252,147900000,ACTIVE
ACC02253,C02253,456800000,ACTIVE
ACC02254,C02254,412200000,ACTIVE
ACC02255,C02255,211800000,ACTIVE
ACC02256,C02256,467100000,ACTIVE
ACC02257,C02257,400800000,ACTIVE
ACC02258,C02258,339100000,ACTIVE
ACC02259,C02259,428900000,ACTIVE
ACC02260,C02260,185200000,CLOSED
ACC02261,C02261,277400000,ACTIVE
ACC02262,C02262,376900000,ACTIVE
ACC02263,C02263,422000000,ACTIVE
ACC02264,C02264,106100000,ACTIVE
ACC02265,C02265,38400000,ACTIVE
ACC02266,C02266,67200000,ACTIVE
ACC02267,C02267,345800000,ACTIVE
ACC02268,C02268,248400000,ACTIVE
ACC02269,C02269,15300000,ACTIVE
ACC02270,C02270,145500000,ACTIVE
ACC02271,C02271,497000000,ACTIVE
ACC02272,C02272,199500000,ACTIVE
ACC02273,C02273,453700000,ACTIVE
ACC02274,C02274,281600000,ACTIVE
ACC02275,C02275,406800000,ACTIVE
ACC02276,C02276,444600000,ACTIVE
ACC02277,C02277,228700000,ACTIVE
ACC02278,C02278,196400000,ACTIVE
ACC02279,C02279,220000000,ACTIVE
ACC02280,C02280,144600000,ACTIVE
ACC02281,C02281,179700000,ACTIVE
ACC02282,C02282,239600000,ACTIVE
ACC02283,C02283,401500000,ACTIVE
ACC02284,C02284,293700000,ACTIVE
ACC02285,C02285,390400000,ACTIVE
ACC02286,C02286,39900000,ACTIVE
ACC02287,C02287,218700000,BLOCKED
ACC02288,C02288,75200000,ACTIVE
ACC02289,C02289,273800000,ACTIVE
ACC02290,C02290,494200000,BLOCKED
ACC02291,C02291,422000000,ACTIVE
ACC02292,C02292,110500000,ACTIVE
ACC02293,C02293,206700000,ACTIVE
ACC02294,C02294,93200000,ACTIVE
ACC02295,C02295,415300000,ACTIVE
ACC02296,C02296,153300000,ACTIVE
ACC02297,C02297,312600000,CLOSED
ACC02298,C02298,68600000,ACTIVE
ACC02299,C02299,438800000,CLOSED
ACC02300,C02300,415900000,ACTIVE
ACC02301,C02301,280800000,ACTIVE
ACC02302,C02302,478700000,ACTIVE
ACC02303,C02303,271100000,ACTIVE
ACC02304,C02304,139000000,ACTIVE
ACC02305,C02305,25800000,CLOSED
ACC02306,C02306,445500000,ACTIVE
ACC02307,C02307,452600000,ACTIVE
ACC02308,C02308,481600000,ACTIVE
ACC02309,C02309,338400000,ACTIVE
ACC02310,C02310,123200000,ACTIVE
ACC02311,C02311,308700000,ACTIVE
ACC02312,C02312,323300000,CLOSED
ACC02313,C02313,316600000,ACTIVE
ACC02314,C02314,477600000,ACTIVE
ACC02315,C02315,365700000,ACTIVE
ACC02316,C02316,273200000,ACTIVE
ACC02317,C02317,169100000,ACTIVE
ACC02318,C02318,18200000,ACTIVE
ACC02319,C02319,132900000,ACTIVE
ACC02320,C02320,210700000,BLOCKED
ACC02321,C02321,453700000,ACTIVE
ACC02322,C02322,389900000,BLOCKED
ACC02323,C02323,128700000,ACTIVE
ACC02324,C02324,179300000,ACTIVE
ACC02325,C02325,446400000,ACTIVE
ACC02326,C02326,352300000,ACTIVE
ACC02327,C02327,246000000,ACTIVE
ACC02328,C02328,98000000,ACTIVE
ACC02329,C02329,13700000,ACTIVE
ACC02330,C02330,457400000,ACTIVE
ACC02331,C02331,478800000,ACTIVE
ACC02332,C02332,364700000,BLOCKED
ACC02333,C02333,254700000,ACTIVE
ACC02334,C02334,287900000,ACTIVE
ACC02335,C02335,41900000,ACTIVE
ACC02336,C02336,48800000,ACTIVE
ACC02337,C02337,69200000,ACTIVE
ACC02338,C02338,38100000,CLOSED
ACC02339,C02339,61400000,ACTIVE
ACC02340,C02340,354900000,ACTIVE
ACC02341,C02341,323600000,ACTIVE
ACC02342,C02342,29600000,ACTIVE
ACC02343,C02343,385900000,BLOCKED
ACC02344,C02344,201400000,ACTIVE
ACC02345,C02345,389900000,ACTIVE
ACC02346,C02346,77300000,ACTIVE
ACC02347,C02347,218600000,ACTIVE
ACC02348,C02348,308900000,ACTIVE
ACC02349,C02349,219500000,ACTIVE
ACC02350,C02350,247700000,ACTIVE
ACC02351,C02351,219000000,BLOCKED
ACC02352,C02352,310900000,ACTIVE
ACC02353,C02353,63700000,ACTIVE
ACC02354,C02354,392800000,ACTIVE
ACC02355,C02355,127400000,ACTIVE
ACC02356,C02356,206200000,ACTIVE
ACC02357,C02357,457700000,ACTIVE
ACC02358,C02358,7700000,BLOCKED
ACC02359,C02359,368300000,ACTIVE
ACC02360,C02360,351200000,ACTIVE
ACC02361,C02361,63200000,ACTIVE
ACC02362,C02362,103500000,ACTIVE
ACC02363,C02363,163800000,ACTIVE
ACC02364,C02364,68100000,ACTIVE
ACC02365,C02365,435200000,ACTIVE
ACC02366,C02366,256800000,ACTIVE
ACC02367,C02367,350800000,ACTIVE
ACC02368,C02368,346900000,ACTIVE
ACC02369,C02369,99800000,ACTIVE
ACC02370,C02370,421400000,ACTIVE
ACC02371,C02371,441600000,ACTIVE
ACC02372,C02372,382200000,ACTIVE
ACC02373,C02373,381400000,ACTIVE
ACC02374,C02374,135400000,ACTIVE
ACC02375,C02375,387400000,ACTIVE
ACC02376,C02376,100300000,ACTIVE
ACC02377,C02377,235700000,ACTIVE
ACC02378,C02378,173900000,ACTIVE
ACC02379,C02379,29200000,ACTIVE
ACC02380,C02380,410400000,ACTIVE
ACC02381,C02381,178400000,ACTIVE
ACC02382,C02382,208600000,ACTIVE
ACC02383,C02383,428500000,ACTIVE
ACC02384,C02384,298900000,ACTIVE
ACC02385,C02385,11100000,ACTIVE
ACC02386,C02386,13000000,ACTIVE
ACC02387,C02387,352000000,ACTIVE
ACC02388,C02388,202500000,ACTIVE
ACC02389,C02389,151300000,ACTIVE
ACC02390,C02390,479700000,ACTIVE
ACC02391,C02391,28800000,ACTIVE
ACC02392,C02392,144700000,ACTIVE
ACC02393,C02393,335500000,ACTIVE
ACC02394,C02394,19500000,CLOSED
ACC02395,C02395,217400000,ACTIVE
ACC02396,C02396,486900000,ACTIVE
ACC02397,C02397,229600000,BLOCKED
ACC02398,C02398,324800000,ACTIVE
ACC02399,C02399,149900000,ACTIVE
ACC02400,C02400,188400000,ACTIVE
ACC02401,C02401,160600000,ACTIVE
ACC02402,C02402,98200000,CLOSED
ACC02403,C02403,343300000,ACTIVE
ACC02404,C02404,346900000,ACTIVE
ACC02405,C02405,249100000,ACTIVE
ACC02406,C02406,393200000,ACTIVE
ACC02407,C02407,148600000,ACTIVE
ACC02408,C02408,38800000,ACTIVE
ACC02409,C02409,238200000,ACTIVE
ACC02410,C02410,122000000,ACTIVE
ACC02411,C02411,333500000,ACTIVE
ACC02412,C02412,268000000,ACTIVE
ACC02413,C02413,192400000,ACTIVE
ACC02414,C02414,338400000,ACTIVE
ACC02415,C02415,385400000,ACTIVE
ACC02416,C02416,3800000,ACTIVE
ACC02417,C02417,48000000,ACTIVE
ACC02418,C02418,219000000,ACTIVE
ACC02419,C02419,364600000,ACTIVE
ACC02420,C02420,73300000,ACTIVE
ACC02421,C02421,421500000,ACTIVE
ACC02422,C02422,8300000,ACTIVE
ACC02423,C02423,365900000,ACTIVE
ACC02424,C02424,162900000,ACTIVE
ACC02425,C02425,309500000,ACTIVE
ACC02426,C02426,412000000,ACTIVE
ACC02427,C02427,475300000,ACTIVE
ACC02428,C02428,8600000,ACTIVE
ACC02429,C02429,41500000,ACTIVE
ACC02430,C02430,216400000,ACTIVE
ACC02431,C02431,121000000,ACTIVE
ACC02432,C02432,177800000,ACTIVE
ACC02433,C02433,305100000,ACTIVE
ACC02434,C02434,483700000,ACTIVE
ACC02435,C02435,254900000,ACTIVE
ACC02436,C02436,156500000,CLOSED
ACC02437,C02437,242700000,ACTIVE
ACC02438,C02438,106800000,ACTIVE
ACC02439,C02439,265600000,BLOCKED
ACC02440,C02440,248600000,ACTIVE
ACC02441,C02441,232300000,ACTIVE
ACC02442,C02442,377600000,ACTIVE
ACC02443,C02443,392000000,ACTIVE
ACC02444,C02444,93900000,ACTIVE
ACC02445,C02445,185300000,ACTIVE
ACC02446,C02446,418200000,ACTIVE
ACC02447,C02447,415500000,ACTIVE
ACC02448,C02448,226200000,ACTIVE
ACC02449,C02449,343900000,ACTIVE
ACC02450,C02450,106400000,ACTIVE
ACC02451,C02451,41600000,ACTIVE
ACC02452,C02452,478800000,BLOCKED
ACC02453,C02453,496000000,ACTIVE
ACC02454,C02454,475800000,ACTIVE
ACC02455,C02455,372100000,ACTIVE
ACC02456,C02456,383700000,ACTIVE
ACC02457,C02457,255500000,ACTIVE
ACC02458,C02458,331300000,ACTIVE
ACC02459,C02459,342400000,ACTIVE
ACC02460,C02460,278900000,ACTIVE
ACC02461,C02461,129800000,ACTIVE
ACC02462,C02462,368000000,ACTIVE
ACC02463,C02463,82000000,ACTIVE
ACC02464,C02464,216600000,ACTIVE
ACC02465,C02465,453600000,ACTIVE
ACC02466,C02466,170300000,ACTIVE
ACC02467,C02467,177600000,ACTIVE
ACC02468,C02468,269500000,CLOSED
ACC02469,C02469,481300000,ACTIVE
ACC02470,C02470,327300000,ACTIVE
ACC02471,C02471,120300000,CLOSED
ACC02472,C02472,222400000,ACTIVE
ACC02473,C02473,25800000,ACTIVE
ACC02474,C02474,206200000,ACTIVE
ACC02475,C02475,23000000,ACTIVE
ACC02476,C02476,344400000,ACTIVE
ACC02477,C02477,158900000,ACTIVE
ACC02478,C02478,65900000,ACTIVE
ACC02479,C02479,82200000,ACTIVE
ACC02480,C02480,361200000,BLOCKED
ACC02481,C02481,279500000,ACTIVE
ACC02482,C02482,37500000,ACTIVE
ACC02483,C02483,303000000,ACTIVE
ACC02484,C02484,463700000,ACTIVE
ACC02485,C02485,52100000,ACTIVE
ACC02486,C02486,291200000,ACTIVE
ACC02487,C02487,39100000,ACTIVE
ACC02488,C02488,172700000,ACTIVE
ACC02489,C02489,343700000,ACTIVE
ACC02490,C02490,363700000,ACTIVE
ACC02491,C02491,65200000,ACTIVE
ACC02492,C02492,352100000,ACTIVE
ACC02493,C02493,267500000,ACTIVE
ACC02494,C02494,176000000,ACTIVE
ACC02495,C02495,435400000,ACTIVE
ACC02496,C02496,450300000,ACTIVE
ACC02497,C02497,44800000,ACTIVE
ACC02498,C02498,237900000,ACTIVE
ACC02499,C02499,200900000,ACTIVE
ACC02500,C02500,168300000,ACTIVE
ACC02501,C02501,192100000,ACTIVE
ACC02502,C02502,129900000,ACTIVE
ACC02503,C02503,435600000,ACTIVE
ACC02504,C02504,52800000,ACTIVE
ACC02505,C02505,325900000,ACTIVE
ACC02506,C02506,125100000,CLOSED
ACC02507,C02507,453200000,CLOSED
ACC02508,C02508,86800000,ACTIVE
ACC02509,C02509,245500000,ACTIVE
ACC02510,C02510,496600000,ACTIVE
ACC02511,C02511,246900000,ACTIVE
ACC02512,C02512,444400000,ACTIVE
ACC02513,C02513,444600000,ACTIVE
ACC02514,C02514,381000000,ACTIVE
ACC02515,C02515,359800000,ACTIVE
ACC02516,C02516,116900000,ACTIVE
ACC02517,C02517,247800000,BLOCKED
ACC02518,C02518,174900000,ACTIVE
ACC02519,C02519,258200000,ACTIVE
ACC02520,C02520,369300000,ACTIVE
ACC02521,C02521,287200000,BLOCKED
ACC02522,C02522,81000000,ACTIVE
ACC02523,C02523,120300000,ACTIVE
ACC02524,C02524,307600000,ACTIVE
ACC02525,C02525,236800000,ACTIVE
ACC02526,C02526,93900000,ACTIVE
ACC02527,C02527,302900000,ACTIVE
ACC02528,C02528,369000000,ACTIVE
ACC02529,C02529,478700000,ACTIVE
ACC02530,C02530,360200000,ACTIVE
ACC02531,C02531,35200000,ACTIVE
ACC02532,C02532,490900000,ACTIVE
ACC02533,C02533,273900000,ACTIVE
ACC02534,C02534,451600000,ACTIVE
ACC02535,C02535,309000000,ACTIVE
ACC02536,C02536,92300000,ACTIVE
ACC02537,C02537,210400000,ACTIVE
ACC02538,C02538,9600000,ACTIVE
ACC02539,C02539,263300000,ACTIVE
ACC02540,C02540,209900000,ACTIVE
ACC02541,C02541,296600000,ACTIVE
ACC02542,C02542,234100000,ACTIVE
ACC02543,C02543,165100000,ACTIVE
ACC02544,C02544,240500000,ACTIVE
ACC02545,C02545,364200000,ACTIVE
ACC02546,C02546,136900000,ACTIVE
ACC02547,C02547,453200000,ACTIVE
ACC02548,C02548,265100000,ACTIVE
ACC02549,C02549,69300000,ACTIVE
ACC02550,C02550,257200000,ACTIVE
ACC02551,C02551,374100000,ACTIVE
ACC02552,C02552,283400000,ACTIVE
ACC02553,C02553,222500000,ACTIVE
ACC02554,C02554,57800000,ACTIVE
ACC02555,C02555,31800000,ACTIVE
ACC02556,C02556,163700000,ACTIVE
ACC02557,C02557,54900000,ACTIVE
ACC02558,C02558,231400000,ACTIVE
ACC02559,C02559,123200000,ACTIVE
ACC02560,C02560,490600000,CLOSED
ACC02561,C02561,212500000,ACTIVE
ACC02562,C02562,110600000,ACTIVE
ACC02563,C02563,495800000,ACTIVE
ACC02564,C02564,50200000,CLOSED
ACC02565,C02565,207900000,ACTIVE
ACC02566,C02566,3800000,BLOCKED
ACC02567,C02567,466100000,ACTIVE
ACC02568,C02568,48100000,ACTIVE
ACC02569,C02569,279800000,ACTIVE
ACC02570,C02570,157300000,ACTIVE
ACC02571,C02571,14500000,ACTIVE
ACC02572,C02572,74200000,ACTIVE
ACC02573,C02573,412500000,CLOSED
ACC02574,C02574,158800000,ACTIVE
ACC02575,C02575,431200000,ACTIVE
ACC02576,C02576,336800000,ACTIVE
ACC02577,C02577,491000000,ACTIVE
ACC02578,C02578,285500000,ACTIVE
ACC02579,C02579,76900000,ACTIVE
ACC02580,C02580,134900000,BLOCKED
ACC02581,C02581,170700000,ACTIVE
ACC02582,C02582,67800000,ACTIVE
ACC02583,C02583,444000000,ACTIVE
ACC02584,C02584,125200000,ACTIVE
ACC02585,C02585,304400000,ACTIVE
ACC02586,C02586,284000000,ACTIVE
ACC02587,C02587,127400000,ACTIVE
ACC02588,C02588,491600000,ACTIVE
ACC02589,C02589,163400000,ACTIVE
ACC02590,C02590,248800000,ACTIVE
ACC02591,C02591,82600000,ACTIVE
ACC02592,C02592,192300000,BLOCKED
ACC02593,C02593,253400000,ACTIVE
ACC02594,C02594,379900000,ACTIVE
ACC02595,C02595,102300000,ACTIVE
ACC02596,C02596,379900000,ACTIVE
ACC02597,C02597,199100000,BLOCKED
ACC02598,C02598,475500000,ACTIVE
ACC02599,C02599,236200000,ACTIVE
ACC02600,C02600,164000000,ACTIVE
ACC02601,C02601,115300000,ACTIVE
ACC02602,C02602,498700000,ACTIVE
ACC02603,C02603,93900000,ACTIVE
ACC02604,C02604,54500000,CLOSED
ACC02605,C02605,449800000,ACTIVE
ACC02606,C02606,37500000,ACTIVE
ACC02607,C02607,240200000,ACTIVE
ACC02608,C02608,111700000,ACTIVE
ACC02609,C02609,48100000,ACTIVE
ACC02610,C02610,336700000,ACTIVE
ACC02611,C02611,365200000,ACTIVE
ACC02612,C02612,61500000,ACTIVE
ACC02613,C02613,175200000,ACTIVE
ACC02614,C02614,269400000,ACTIVE
ACC02615,C02615,140600000,ACTIVE
ACC02616,C02616,50400000,ACTIVE
ACC02617,C02617,485600000,BLOCKED
ACC02618,C02618,268400000,ACTIVE
ACC02619,C02619,192800000,ACTIVE
ACC02620,C02620,356600000,ACTIVE
ACC02621,C02621,131100000,ACTIVE
ACC02622,C02622,220200000,ACTIVE
ACC02623,C02623,185400000,ACTIVE
ACC02624,C02624,495600000,ACTIVE
ACC02625,C02625,279900000,ACTIVE
ACC02626,C02626,155400000,ACTIVE
ACC02627,C02627,178300000,ACTIVE
ACC02628,C02628,259100000,ACTIVE
ACC02629,C02629,260000000,ACTIVE
ACC02630,C02630,353300000,ACTIVE
ACC02631,C02631,82500000,ACTIVE
ACC02632,C02632,183900000,ACTIVE
ACC02633,C02633,135100000,BLOCKED
ACC02634,C02634,159400000,ACTIVE
ACC02635,C02635,149400000,ACTIVE
ACC02636,C02636,90500000,BLOCKED
ACC02637,C02637,103100000,ACTIVE
ACC02638,C02638,498200000,CLOSED
ACC02639,C02639,278500000,ACTIVE
ACC02640,C02640,282400000,ACTIVE
ACC02641,C02641,242100000,ACTIVE
ACC02642,C02642,135000000,CLOSED
ACC02643,C02643,292400000,ACTIVE
ACC02644,C02644,24900000,ACTIVE
ACC02645,C02645,393500000,ACTIVE
ACC02646,C02646,412200000,ACTIVE
ACC02647,C02647,190400000,ACTIVE
ACC02648,C02648,386500000,ACTIVE
ACC02649,C02649,29000000,ACTIVE
ACC02650,C02650,325600000,ACTIVE
ACC02651,C02651,443500000,ACTIVE
ACC02652,C02652,236000000,ACTIVE
ACC02653,C02653,76000000,ACTIVE
ACC02654,C02654,433300000,ACTIVE
ACC02655,C02655,354000000,ACTIVE
ACC02656,C02656,186100000,ACTIVE
ACC02657,C02657,107700000,ACTIVE
ACC02658,C02658,451500000,ACTIVE
ACC02659,C02659,140300000,ACTIVE
ACC02660,C02660,153200000,ACTIVE
ACC02661,C02661,104800000,BLOCKED
ACC02662,C02662,435200000,ACTIVE
ACC02663,C02663,198900000,ACTIVE
ACC02664,C02664,271100000,ACTIVE
ACC02665,C02665,106700000,ACTIVE
ACC02666,C02666,325700000,ACTIVE
ACC02667,C02667,223300000,ACTIVE
ACC02668,C02668,48700000,ACTIVE
ACC02669,C02669,141300000,ACTIVE
ACC02670,C02670,166300000,ACTIVE
ACC02671,C02671,421000000,ACTIVE
ACC02672,C02672,94400000,BLOCKED
ACC02673,C02673,19400000,ACTIVE
ACC02674,C02674,246000000,ACTIVE
ACC02675,C02675,302800000,ACTIVE
ACC02676,C02676,387700000,ACTIVE
ACC02677,C02677,311400000,ACTIVE
ACC02678,C02678,109900000,BLOCKED
ACC02679,C02679,44500000,ACTIVE
ACC02680,C02680,76400000,ACTIVE
ACC02681,C02681,45100000,ACTIVE
ACC02682,C02682,87400000,CLOSED
ACC02683,C02683,477400000,ACTIVE
ACC02684,C02684,51100000,ACTIVE
ACC02685,C02685,305900000,ACTIVE
ACC02686,C02686,488200000,ACTIVE
ACC02687,C02687,347400000,ACTIVE
ACC02688,C02688,479400000,ACTIVE
ACC02689,C02689,225000000,BLOCKED
ACC02690,C02690,290800000,ACTIVE
ACC02691,C02691,274800000,ACTIVE
ACC02692,C02692,492200000,ACTIVE
ACC02693,C02693,443800000,ACTIVE
ACC02694,C02694,418400000,ACTIVE
ACC02695,C02695,80900000,ACTIVE
ACC02696,C02696,362400000,ACTIVE
ACC02697,C02697,20100000,ACTIVE
ACC02698,C02698,419100000,ACTIVE
ACC02699,C02699,483000000,ACTIVE
ACC02700,C02700,247600000,ACTIVE
ACC02701,C02701,37200000,ACTIVE
ACC02702,C02702,115500000,ACTIVE
ACC02703,C02703,258500000,ACTIVE
ACC02704,C02704,354700000,ACTIVE
ACC02705,C02705,130900000,ACTIVE
ACC02706,C02706,290800000,ACTIVE
ACC02707,C02707,56700000,ACTIVE
ACC02708,C02708,68300000,ACTIVE
ACC02709,C02709,392800000,ACTIVE
ACC02710,C02710,73700000,ACTIVE
ACC02711,C02711,326300000,ACTIVE
ACC02712,C02712,489900000,ACTIVE
ACC02713,C02713,308700000,ACTIVE
ACC02714,C02714,64200000,ACTIVE
ACC02715,C02715,326400000,ACTIVE
ACC02716,C02716,442200000,ACTIVE
ACC02717,C02717,406000000,CLOSED
ACC02718,C02718,386600000,ACTIVE
ACC02719,C02719,489900000,BLOCKED
ACC02720,C02720,43800000,ACTIVE
ACC02721,C02721,366800000,ACTIVE
ACC02722,C02722,354600000,ACTIVE
ACC02723,C02723,155600000,ACTIVE
ACC02724,C02724,273600000,ACTIVE
ACC02725,C02725,90600000,ACTIVE
ACC02726,C02726,93600000,BLOCKED
ACC02727,C02727,148600000,CLOSED
ACC02728,C02728,13400000,CLOSED
ACC02729,C02729,370100000,ACTIVE
ACC02730,C02730,244400000,ACTIVE
ACC02731,C02731,127200000,ACTIVE
ACC02732,C02732,303000000,ACTIVE
ACC02733,C02733,294800000,ACTIVE
ACC02734,C02734,148300000,ACTIVE
ACC02735,C02735,354200000,ACTIVE
ACC02736,C02736,91600000,ACTIVE
ACC02737,C02737,428200000,ACTIVE
ACC02738,C02738,492400000,ACTIVE
ACC02739,C02739,353900000,ACTIVE
ACC02740,C02740,47900000,ACTIVE
ACC02741,C02741,461000000,ACTIVE
ACC02742,C02742,307200000,BLOCKED
ACC02743,C02743,498300000,ACTIVE
ACC02744,C02744,380100000,ACTIVE
ACC02745,C02745,36100000,ACTIVE
ACC02746,C02746,28600000,ACTIVE
ACC02747,C02747,407000000,CLOSED
ACC02748,C02748,385500000,ACTIVE
ACC02749,C02749,177600000,BLOCKED
ACC02750,C02750,408600000,ACTIVE
ACC02751,C02751,348900000,ACTIVE
ACC02752,C02752,307400000,CLOSED
ACC02753,C02753,189800000,ACTIVE
ACC02754,C02754,214500000,BLOCKED
ACC02755,C02755,216700000,ACTIVE
ACC02756,C02756,146900000,ACTIVE
ACC02757,C02757,395600000,ACTIVE
ACC02758,C02758,462900000,ACTIVE
ACC02759,C02759,436300000,ACTIVE
ACC02760,C02760,10900000,ACTIVE
ACC02761,C02761,33800000,ACTIVE
ACC02762,C02762,402400000,ACTIVE
ACC02763,C02763,218900000,ACTIVE
ACC02764,C02764,478400000,ACTIVE
ACC02765,C02765,184700000,CLOSED
ACC02766,C02766,470400000,ACTIVE
ACC02767,C02767,298700000,ACTIVE
ACC02768,C02768,367400000,ACTIVE
ACC02769,C02769,318700000,ACTIVE
ACC02770,C02770,52000000,ACTIVE
ACC02771,C02771,333600000,ACTIVE
ACC02772,C02772,21700000,ACTIVE
ACC02773,C02773,29100000,ACTIVE
ACC02774,C02774,275500000,ACTIVE
ACC02775,C02775,135700000,ACTIVE
ACC02776,C02776,308700000,ACTIVE
ACC02777,C02777,423000000,ACTIVE
ACC02778,C02778,66300000,ACTIVE
ACC02779,C02779,416600000,ACTIVE
ACC02780,C02780,239000000,ACTIVE
ACC02781,C02781,178900000,ACTIVE
ACC02782,C02782,277600000,ACTIVE
ACC02783,C02783,278300000,ACTIVE
ACC02784,C02784,241700000,ACTIVE
ACC02785,C02785,437600000,ACTIVE
ACC02786,C02786,444700000,ACTIVE
ACC02787,C02787,62100000,ACTIVE
ACC02788,C02788,327600000,CLOSED
ACC02789,C02789,210200000,CLOSED
ACC02790,C02790,259300000,ACTIVE
ACC02791,C02791,29500000,ACTIVE
ACC02792,C02792,87700000,ACTIVE
ACC02793,C02793,163800000,ACTIVE
ACC02794,C02794,167000000,ACTIVE
ACC02795,C02795,85200000,ACTIVE
ACC02796,C02796,305600000,ACTIVE
ACC02797,C02797,152500000,CLOSED
ACC02798,C02798,139100000,ACTIVE
ACC02799,C02799,115400000,ACTIVE
ACC02800,C02800,13600000,ACTIVE
ACC02801,C02801,207200000,CLOSED
ACC02802,C02802,305300000,ACTIVE
ACC02803,C02803,409700000,ACTIVE
ACC02804,C02804,212300000,ACTIVE
ACC02805,C02805,133400000,BLOCKED
ACC02806,C02806,102800000,ACTIVE
ACC02807,C02807,428100000,ACTIVE
ACC02808,C02808,490000000,ACTIVE
ACC02809,C02809,257300000,ACTIVE
ACC02810,C02810,351600000,BLOCKED
ACC02811,C02811,311300000,ACTIVE
ACC02812,C02812,202300000,ACTIVE
ACC02813,C02813,9900000,ACTIVE
ACC02814,C02814,30400000,ACTIVE
ACC02815,C02815,165800000,ACTIVE
ACC02816,C02816,432500000,ACTIVE
ACC02817,C02817,83000000,ACTIVE
ACC02818,C02818,255000000,ACTIVE
ACC02819,C02819,97200000,BLOCKED
ACC02820,C02820,109900000,ACTIVE
ACC02821,C02821,250500000,ACTIVE
ACC02822,C02822,137500000,ACTIVE
ACC02823,C02823,238000000,ACTIVE
ACC02824,C02824,280000000,ACTIVE
ACC02825,C02825,454700000,ACTIVE
ACC02826,C02826,396700000,ACTIVE
ACC02827,C02827,416800000,ACTIVE
ACC02828,C02828,110000000,ACTIVE
ACC02829,C02829,409500000,ACTIVE
ACC02830,C02830,98700000,ACTIVE
ACC02831,C02831,209800000,CLOSED
ACC02832,C02832,36700000,ACTIVE
ACC02833,C02833,54900000,ACTIVE
ACC02834,C02834,13700000,ACTIVE
ACC02835,C02835,369400000,ACTIVE
ACC02836,C02836,329100000,ACTIVE
ACC02837,C02837,254000000,ACTIVE
ACC02838,C02838,322900000,ACTIVE
ACC02839,C02839,129100000,ACTIVE
ACC02840,C02840,292300000,ACTIVE
ACC02841,C02841,125300000,ACTIVE
ACC02842,C02842,176800000,BLOCKED
ACC02843,C02843,340200000,ACTIVE
ACC02844,C02844,487900000,ACTIVE
ACC02845,C02845,125000000,ACTIVE
ACC02846,C02846,331900000,ACTIVE
ACC02847,C02847,428400000,ACTIVE
ACC02848,C02848,310400000,CLOSED
ACC02849,C02849,32600000,ACTIVE
ACC02850,C02850,22800000,ACTIVE
ACC02851,C02851,167400000,ACTIVE
ACC02852,C02852,278300000,ACTIVE
ACC02853,C02853,272100000,ACTIVE
ACC02854,C02854,29700000,BLOCKED
ACC02855,C02855,421500000,ACTIVE
ACC02856,C02856,334400000,ACTIVE
ACC02857,C02857,131500000,ACTIVE
ACC02858,C02858,248000000,ACTIVE
ACC02859,C02859,330600000,ACTIVE
ACC02860,C02860,439900000,CLOSED
ACC02861,C02861,426400000,ACTIVE
ACC02862,C02862,339000000,ACTIVE
ACC02863,C02863,408000000,ACTIVE
ACC02864,C02864,223400000,ACTIVE
ACC02865,C02865,192100000,BLOCKED
ACC02866,C02866,82200000,ACTIVE
ACC02867,C02867,59500000,ACTIVE
ACC02868,C02868,153300000,ACTIVE
ACC02869,C02869,232100000,ACTIVE
ACC02870,C02870,166000000,ACTIVE
ACC02871,C02871,232900000,ACTIVE
ACC02872,C02872,84700000,ACTIVE
ACC02873,C02873,397500000,ACTIVE
ACC02874,C02874,280900000,ACTIVE
ACC02875,C02875,141400000,ACTIVE
ACC02876,C02876,239300000,ACTIVE
ACC02877,C02877,27200000,ACTIVE
ACC02878,C02878,126000000,ACTIVE
ACC02879,C02879,95000000,ACTIVE
ACC02880,C02880,381000000,BLOCKED
ACC02881,C02881,170700000,ACTIVE
ACC02882,C02882,388600000,ACTIVE
ACC02883,C02883,59300000,ACTIVE
ACC02884,C02884,301000000,ACTIVE
ACC02885,C02885,431000000,ACTIVE
ACC02886,C02886,60900000,ACTIVE
ACC02887,C02887,412000000,ACTIVE
ACC02888,C02888,319200000,ACTIVE
ACC02889,C02889,123700000,CLOSED
ACC02890,C02890,71200000,ACTIVE
ACC02891,C02891,305900000,ACTIVE
ACC02892,C02892,222000000,ACTIVE
ACC02893,C02893,171300000,ACTIVE
ACC02894,C02894,322200000,ACTIVE
ACC02895,C02895,216200000,ACTIVE
ACC02896,C02896,120500000,ACTIVE
ACC02897,C02897,160800000,ACTIVE
ACC02898,C02898,2200000,ACTIVE
ACC02899,C02899,236500000,ACTIVE
ACC02900,C02900,136600000,ACTIVE
ACC02901,C02901,126300000,ACTIVE
ACC02902,C02902,227200000,ACTIVE
ACC02903,C02903,440400000,ACTIVE
ACC02904,C02904,389000000,ACTIVE
ACC02905,C02905,106300000,ACTIVE
ACC02906,C02906,221900000,ACTIVE
ACC02907,C02907,233000000,ACTIVE
ACC02908,C02908,344300000,ACTIVE
ACC02909,C02909,480500000,ACTIVE
ACC02910,C02910,92200000,BLOCKED
ACC02911,C02911,268100000,ACTIVE
ACC02912,C02912,484200000,ACTIVE
ACC02913,C02913,475100000,ACTIVE
ACC02914,C02914,44600000,ACTIVE
ACC02915,C02915,259500000,ACTIVE
ACC02916,C02916,235500000,ACTIVE
ACC02917,C02917,461000000,CLOSED
ACC02918,C02918,42300000,ACTIVE
ACC02919,C02919,378100000,ACTIVE
ACC02920,C02920,132200000,ACTIVE
ACC02921,C02921,354400000,ACTIVE
ACC02922,C02922,136500000,ACTIVE
ACC02923,C02923,228700000,ACTIVE
ACC02924,C02924,29500000,BLOCKED
ACC02925,C02925,42600000,ACTIVE
ACC02926,C02926,103900000,ACTIVE
ACC02927,C02927,248300000,ACTIVE
ACC02928,C02928,214400000,ACTIVE
ACC02929,C02929,350100000,ACTIVE
ACC02930,C02930,258100000,ACTIVE
ACC02931,C02931,79600000,ACTIVE
ACC02932,C02932,490200000,ACTIVE
ACC02933,C02933,306000000,ACTIVE
ACC02934,C02934,448200000,ACTIVE
ACC02935,C02935,406100000,ACTIVE
ACC02936,C02936,25800000,ACTIVE
ACC02937,C02937,264700000,ACTIVE
ACC02938,C02938,352600000,ACTIVE
ACC02939,C02939,296700000,ACTIVE
ACC02940,C02940,428300000,ACTIVE
ACC02941,C02941,284800000,ACTIVE
ACC02942,C02942,34200000,ACTIVE
ACC02943,C02943,266100000,ACTIVE
ACC02944,C02944,43100000,ACTIVE
ACC02945,C02945,396000000,ACTIVE
ACC02946,C02946,272800000,ACTIVE
ACC02947,C02947,164200000,ACTIVE
ACC02948,C02948,166800000,ACTIVE
ACC02949,C02949,205300000,ACTIVE
ACC02950,C02950,482800000,ACTIVE
ACC02951,C02951,144500000,ACTIVE
ACC02952,C02952,285700000,ACTIVE
ACC02953,C02953,205200000,ACTIVE
ACC02954,C02954,80500000,ACTIVE
ACC02955,C02955,195600000,ACTIVE
ACC02956,C02956,259100000,ACTIVE
ACC02957,C02957,36800000,ACTIVE
ACC02958,C02958,312500000,ACTIVE
ACC02959,C02959,371400000,ACTIVE
ACC02960,C02960,389500000,ACTIVE
ACC02961,C02961,324000000,ACTIVE
ACC02962,C02962,297000000,ACTIVE
ACC02963,C02963,300200000,ACTIVE
ACC02964,C02964,149800000,ACTIVE
ACC02965,C02965,257700000,ACTIVE
ACC02966,C02966,112000000,ACTIVE
ACC02967,C02967,43700000,ACTIVE
ACC02968,C02968,399200000,ACTIVE
ACC02969,C02969,454300000,ACTIVE
ACC02970,C02970,444700000,ACTIVE
ACC02971,C02971,244900000,ACTIVE
ACC02972,C02972,445000000,ACTIVE
ACC02973,C02973,421500000,ACTIVE
ACC02974,C02974,112400000,ACTIVE
ACC02975,C02975,264300000,ACTIVE
ACC02976,C02976,180700000,ACTIVE
ACC02977,C02977,209100000,BLOCKED
ACC02978,C02978,247100000,ACTIVE
ACC02979,C02979,461600000,ACTIVE
ACC02980,C02980,115000000,ACTIVE
ACC02981,C02981,318300000,ACTIVE
ACC02982,C02982,36100000,ACTIVE
ACC02983,C02983,244600000,ACTIVE
ACC02984,C02984,467700000,ACTIVE
ACC02985,C02985,54200000,ACTIVE
ACC02986,C02986,330100000,ACTIVE
ACC02987,C02987,377600000,ACTIVE
ACC02988,C02988,21800000,ACTIVE
ACC02989,C02989,63700000,ACTIVE
ACC02990,C02990,407600000,ACTIVE
ACC02991,C02991,19900000,CLOSED
ACC02992,C02992,465300000,ACTIVE
ACC02993,C02993,434400000,ACTIVE
ACC02994,C02994,286300000,ACTIVE
ACC02995,C02995,359100000,ACTIVE
ACC02996,C02996,382900000,ACTIVE
ACC02997,C02997,408200000,ACTIVE
ACC02998,C02998,27200000,BLOCKED
ACC02999,C02999,300500000,CLOSED
ACC03000,C03000,479700000,ACTIVE
ACC03001,C03001,227900000,ACTIVE
ACC03002,C03002,294400000,ACTIVE
ACC03003,C03003,110600000,ACTIVE
ACC03004,C03004,57700000,ACTIVE
ACC03005,C03005,436200000,CLOSED
ACC03006,C03006,346900000,ACTIVE
ACC03007,C03007,347000000,ACTIVE
ACC03008,C03008,366200000,ACTIVE
ACC03009,C03009,105900000,ACTIVE
ACC03010,C03010,400700000,ACTIVE
ACC03011,C03011,332700000,ACTIVE
ACC03012,C03012,226400000,ACTIVE
ACC03013,C03013,301000000,ACTIVE
ACC03014,C03014,31400000,ACTIVE
ACC03015,C03015,432800000,ACTIVE
ACC03016,C03016,263700000,ACTIVE
ACC03017,C03017,215600000,ACTIVE
ACC03018,C03018,9300000,ACTIVE
ACC03019,C03019,335800000,ACTIVE
ACC03020,C03020,100500000,ACTIVE
ACC03021,C03021,440100000,ACTIVE
ACC03022,C03022,335700000,ACTIVE
ACC03023,C03023,222900000,ACTIVE
ACC03024,C03024,258900000,ACTIVE
ACC03025,C03025,200100000,ACTIVE
ACC03026,C03026,410100000,ACTIVE
ACC03027,C03027,53000000,CLOSED
ACC03028,C03028,126300000,ACTIVE
ACC03029,C03029,287900000,ACTIVE
ACC03030,C03030,25400000,ACTIVE
ACC03031,C03031,341700000,ACTIVE
ACC03032,C03032,415500000,ACTIVE
ACC03033,C03033,54800000,ACTIVE
ACC03034,C03034,188400000,BLOCKED
ACC03035,C03035,226100000,ACTIVE
ACC03036,C03036,436300000,ACTIVE
ACC03037,C03037,434100000,ACTIVE
ACC03038,C03038,127700000,ACTIVE
ACC03039,C03039,486000000,ACTIVE
ACC03040,C03040,144300000,ACTIVE
ACC03041,C03041,329000000,ACTIVE
ACC03042,C03042,38300000,ACTIVE
ACC03043,C03043,74800000,ACTIVE
ACC03044,C03044,54100000,CLOSED
ACC03045,C03045,216800000,ACTIVE
ACC03046,C03046,255800000,ACTIVE
ACC03047,C03047,135300000,ACTIVE
ACC03048,C03048,60400000,ACTIVE
ACC03049,C03049,375800000,ACTIVE
ACC03050,C03050,163200000,ACTIVE
ACC03051,C03051,223700000,ACTIVE
ACC03052,C03052,300600000,ACTIVE
ACC03053,C03053,420800000,ACTIVE
ACC03054,C03054,216700000,ACTIVE
ACC03055,C03055,13000000,CLOSED
ACC03056,C03056,383200000,ACTIVE
ACC03057,C03057,232500000,ACTIVE
ACC03058,C03058,48800000,ACTIVE
ACC03059,C03059,40000000,ACTIVE
ACC03060,C03060,3100000,ACTIVE
ACC03061,C03061,50000000,ACTIVE
ACC03062,C03062,441500000,ACTIVE
ACC03063,C03063,206000000,ACTIVE
ACC03064,C03064,425800000,ACTIVE
ACC03065,C03065,149600000,ACTIVE
ACC03066,C03066,191100000,ACTIVE
ACC03067,C03067,126000000,ACTIVE
ACC03068,C03068,243900000,ACTIVE
ACC03069,C03069,188400000,ACTIVE
ACC03070,C03070,385800000,ACTIVE
ACC03071,C03071,21400000,ACTIVE
ACC03072,C03072,466200000,ACTIVE
ACC03073,C03073,483300000,ACTIVE
ACC03074,C03074,424200000,BLOCKED
ACC03075,C03075,453500000,CLOSED
ACC03076,C03076,151400000,CLOSED
ACC03077,C03077,231000000,ACTIVE
ACC03078,C03078,412300000,ACTIVE
ACC03079,C03079,463500000,ACTIVE
ACC03080,C03080,17600000,ACTIVE
ACC03081,C03081,315000000,CLOSED
ACC03082,C03082,313500000,ACTIVE
ACC03083,C03083,454100000,ACTIVE
ACC03084,C03084,44600000,ACTIVE
ACC03085,C03085,195000000,ACTIVE
ACC03086,C03086,69100000,ACTIVE
ACC03087,C03087,84900000,ACTIVE
ACC03088,C03088,35200000,ACTIVE
ACC03089,C03089,259000000,ACTIVE
ACC03090,C03090,92100000,ACTIVE
ACC03091,C03091,35000000,BLOCKED
ACC03092,C03092,241800000,CLOSED
ACC03093,C03093,213400000,ACTIVE
ACC03094,C03094,488500000,BLOCKED
ACC03095,C03095,348700000,ACTIVE
ACC03096,C03096,17700000,ACTIVE
ACC03097,C03097,40100000,ACTIVE
ACC03098,C03098,115900000,BLOCKED
ACC03099,C03099,348000000,ACTIVE
ACC03100,C03100,482100000,ACTIVE
ACC03101,C03101,258500000,ACTIVE
ACC03102,C03102,140900000,ACTIVE
ACC03103,C03103,469700000,ACTIVE
ACC03104,C03104,459600000,ACTIVE
ACC03105,C03105,238900000,ACTIVE
ACC03106,C03106,66900000,ACTIVE
ACC03107,C03107,394300000,ACTIVE
ACC03108,C03108,410600000,ACTIVE
ACC03109,C03109,437800000,ACTIVE
ACC03110,C03110,483400000,ACTIVE
ACC03111,C03111,290600000,ACTIVE
ACC03112,C03112,89000000,ACTIVE
ACC03113,C03113,95500000,ACTIVE
ACC03114,C03114,366900000,ACTIVE
ACC03115,C03115,421100000,ACTIVE
ACC03116,C03116,55100000,ACTIVE
ACC03117,C03117,152800000,ACTIVE
ACC03118,C03118,322900000,ACTIVE
ACC03119,C03119,374000000,ACTIVE
ACC03120,C03120,289500000,ACTIVE
ACC03121,C03121,209500000,BLOCKED
ACC03122,C03122,353100000,CLOSED
ACC03123,C03123,368100000,ACTIVE
ACC03124,C03124,306600000,ACTIVE
ACC03125,C03125,326700000,ACTIVE
ACC03126,C03126,151600000,ACTIVE
ACC03127,C03127,323700000,ACTIVE
ACC03128,C03128,82500000,ACTIVE
ACC03129,C03129,175700000,ACTIVE
ACC03130,C03130,338300000,ACTIVE
ACC03131,C03131,107100000,ACTIVE
ACC03132,C03132,444200000,BLOCKED
ACC03133,C03133,338600000,ACTIVE
ACC03134,C03134,422300000,ACTIVE
ACC03135,C03135,371200000,ACTIVE
ACC03136,C03136,452100000,ACTIVE
ACC03137,C03137,451900000,ACTIVE
ACC03138,C03138,11100000,ACTIVE
ACC03139,C03139,157400000,ACTIVE
ACC03140,C03140,292200000,ACTIVE
ACC03141,C03141,166700000,ACTIVE
ACC03142,C03142,84300000,BLOCKED
ACC03143,C03143,102000000,BLOCKED
ACC03144,C03144,309500000,ACTIVE
ACC03145,C03145,362200000,ACTIVE
ACC03146,C03146,28500000,ACTIVE
ACC03147,C03147,198100000,ACTIVE
ACC03148,C03148,418600000,ACTIVE
ACC03149,C03149,54800000,ACTIVE
ACC03150,C03150,56300000,ACTIVE
ACC03151,C03151,480000000,ACTIVE
ACC03152,C03152,395700000,ACTIVE
ACC03153,C03153,377300000,CLOSED
ACC03154,C03154,411600000,ACTIVE
ACC03155,C03155,303800000,ACTIVE
ACC03156,C03156,119100000,BLOCKED
ACC03157,C03157,380300000,ACTIVE
ACC03158,C03158,356100000,ACTIVE
ACC03159,C03159,142200000,ACTIVE
ACC03160,C03160,203800000,ACTIVE
ACC03161,C03161,200600000,ACTIVE
ACC03162,C03162,347800000,ACTIVE
ACC03163,C03163,76200000,ACTIVE
ACC03164,C03164,326500000,ACTIVE
ACC03165,C03165,144600000,ACTIVE
ACC03166,C03166,434200000,ACTIVE
ACC03167,C03167,173100000,ACTIVE
ACC03168,C03168,268100000,ACTIVE
ACC03169,C03169,248700000,ACTIVE
ACC03170,C03170,307300000,ACTIVE
ACC03171,C03171,266900000,ACTIVE
ACC03172,C03172,268200000,ACTIVE
ACC03173,C03173,445100000,ACTIVE
ACC03174,C03174,396900000,ACTIVE
ACC03175,C03175,80100000,ACTIVE
ACC03176,C03176,144600000,ACTIVE
ACC03177,C03177,492300000,ACTIVE
ACC03178,C03178,268300000,ACTIVE
ACC03179,C03179,373000000,ACTIVE
ACC03180,C03180,279400000,ACTIVE
ACC03181,C03181,18900000,ACTIVE
ACC03182,C03182,275600000,ACTIVE
ACC03183,C03183,429300000,ACTIVE
ACC03184,C03184,408300000,ACTIVE
ACC03185,C03185,196300000,ACTIVE
ACC03186,C03186,356700000,ACTIVE
ACC03187,C03187,316700000,CLOSED
ACC03188,C03188,17200000,ACTIVE
ACC03189,C03189,284100000,BLOCKED
ACC03190,C03190,394400000,ACTIVE
ACC03191,C03191,367000000,ACTIVE
ACC03192,C03192,173100000,ACTIVE
ACC03193,C03193,381800000,ACTIVE
ACC03194,C03194,413800000,ACTIVE
ACC03195,C03195,486100000,ACTIVE
ACC03196,C03196,162200000,ACTIVE
ACC03197,C03197,306100000,ACTIVE
ACC03198,C03198,267100000,ACTIVE
ACC03199,C03199,307800000,ACTIVE
ACC03200,C03200,201300000,CLOSED
ACC03201,C03201,80400000,ACTIVE
ACC03202,C03202,39000000,ACTIVE
ACC03203,C03203,160700000,ACTIVE
ACC03204,C03204,93700000,ACTIVE
ACC03205,C03205,354800000,ACTIVE
ACC03206,C03206,339500000,ACTIVE
ACC03207,C03207,355900000,ACTIVE
ACC03208,C03208,486600000,ACTIVE
ACC03209,C03209,346900000,CLOSED
ACC03210,C03210,430200000,BLOCKED
ACC03211,C03211,388400000,ACTIVE
ACC03212,C03212,316100000,ACTIVE
ACC03213,C03213,15700000,CLOSED
ACC03214,C03214,11900000,ACTIVE
ACC03215,C03215,321000000,ACTIVE
ACC03216,C03216,95000000,ACTIVE
ACC03217,C03217,116100000,ACTIVE
ACC03218,C03218,198000000,ACTIVE
ACC03219,C03219,116200000,ACTIVE
ACC03220,C03220,214800000,ACTIVE
ACC03221,C03221,30500000,ACTIVE
ACC03222,C03222,405800000,ACTIVE
ACC03223,C03223,269400000,ACTIVE
ACC03224,C03224,427500000,ACTIVE
ACC03225,C03225,66300000,BLOCKED
ACC03226,C03226,156700000,ACTIVE
ACC03227,C03227,478700000,ACTIVE
ACC03228,C03228,145300000,ACTIVE
ACC03229,C03229,478400000,ACTIVE
ACC03230,C03230,383900000,ACTIVE
ACC03231,C03231,207900000,ACTIVE
ACC03232,C03232,99100000,ACTIVE
ACC03233,C03233,287400000,ACTIVE
ACC03234,C03234,68100000,ACTIVE
ACC03235,C03235,239300000,ACTIVE
ACC03236,C03236,342100000,CLOSED
ACC03237,C03237,125100000,ACTIVE
ACC03238,C03238,195000000,ACTIVE
ACC03239,C03239,384000000,BLOCKED
ACC03240,C03240,420800000,ACTIVE
ACC03241,C03241,311000000,ACTIVE
ACC03242,C03242,368700000,CLOSED
ACC03243,C03243,48900000,ACTIVE
ACC03244,C03244,192800000,ACTIVE
ACC03245,C03245,6800000,ACTIVE
ACC03246,C03246,17600000,ACTIVE
ACC03247,C03247,144000000,ACTIVE
ACC03248,C03248,68600000,ACTIVE
ACC03249,C03249,289500000,ACTIVE
ACC03250,C03250,350600000,ACTIVE
ACC03251,C03251,306200000,ACTIVE
ACC03252,C03252,192500000,ACTIVE
ACC03253,C03253,279100000,ACTIVE
ACC03254,C03254,112200000,ACTIVE
ACC03255,C03255,197600000,BLOCKED
ACC03256,C03256,171000000,ACTIVE
ACC03257,C03257,61300000,ACTIVE
ACC03258,C03258,418700000,ACTIVE
ACC03259,C03259,439900000,ACTIVE
ACC03260,C03260,211100000,ACTIVE
ACC03261,C03261,286400000,ACTIVE
ACC03262,C03262,306600000,ACTIVE
ACC03263,C03263,329500000,ACTIVE
ACC03264,C03264,185700000,CLOSED
ACC03265,C03265,374200000,ACTIVE
ACC03266,C03266,34900000,ACTIVE
ACC03267,C03267,363200000,ACTIVE
ACC03268,C03268,433200000,ACTIVE
ACC03269,C03269,488000000,ACTIVE
ACC03270,C03270,127400000,ACTIVE
ACC03271,C03271,463200000,CLOSED
ACC03272,C03272,55000000,BLOCKED
ACC03273,C03273,78900000,ACTIVE
ACC03274,C03274,11300000,ACTIVE
ACC03275,C03275,387200000,ACTIVE
ACC03276,C03276,216000000,CLOSED
ACC03277,C03277,334900000,ACTIVE
ACC03278,C03278,343700000,ACTIVE
ACC03279,C03279,255200000,ACTIVE
ACC03280,C03280,207900000,ACTIVE
ACC03281,C03281,371600000,ACTIVE
ACC03282,C03282,121200000,ACTIVE
ACC03283,C03283,292500000,ACTIVE
ACC03284,C03284,79900000,ACTIVE
ACC03285,C03285,141200000,ACTIVE
ACC03286,C03286,167500000,ACTIVE
ACC03287,C03287,357700000,ACTIVE
ACC03288,C03288,196100000,ACTIVE
ACC03289,C03289,170300000,CLOSED
ACC03290,C03290,354000000,ACTIVE
ACC03291,C03291,206400000,ACTIVE
ACC03292,C03292,385900000,ACTIVE
ACC03293,C03293,242700000,ACTIVE
ACC03294,C03294,166800000,ACTIVE
ACC03295,C03295,450100000,ACTIVE
ACC03296,C03296,495100000,ACTIVE
ACC03297,C03297,133000000,ACTIVE
ACC03298,C03298,488100000,ACTIVE
ACC03299,C03299,452400000,ACTIVE
ACC03300,C03300,343200000,CLOSED
ACC03301,C03301,52600000,BLOCKED
ACC03302,C03302,471300000,ACTIVE
ACC03303,C03303,131100000,ACTIVE
ACC03304,C03304,210900000,ACTIVE
ACC03305,C03305,465300000,ACTIVE
ACC03306,C03306,386300000,CLOSED
ACC03307,C03307,317200000,ACTIVE
ACC03308,C03308,189800000,ACTIVE
ACC03309,C03309,131400000,ACTIVE
ACC03310,C03310,139200000,ACTIVE
ACC03311,C03311,374200000,ACTIVE
ACC03312,C03312,249800000,ACTIVE
ACC03313,C03313,149400000,ACTIVE
ACC03314,C03314,64100000,ACTIVE
ACC03315,C03315,4600000,ACTIVE
ACC03316,C03316,245100000,ACTIVE
ACC03317,C03317,293600000,ACTIVE
ACC03318,C03318,35400000,ACTIVE
ACC03319,C03319,418400000,ACTIVE
ACC03320,C03320,113500000,ACTIVE
ACC03321,C03321,465300000,ACTIVE
ACC03322,C03322,114800000,ACTIVE
ACC03323,C03323,340400000,CLOSED
ACC03324,C03324,153900000,ACTIVE
ACC03325,C03325,81400000,ACTIVE
ACC03326,C03326,346600000,ACTIVE
ACC03327,C03327,411000000,BLOCKED
ACC03328,C03328,401900000,ACTIVE
ACC03329,C03329,400500000,ACTIVE
ACC03330,C03330,438400000,ACTIVE
ACC03331,C03331,339600000,ACTIVE
ACC03332,C03332,118300000,ACTIVE
ACC03333,C03333,408200000,ACTIVE
ACC03334,C03334,159900000,ACTIVE
ACC03335,C03335,462900000,ACTIVE
ACC03336,C03336,47500000,ACTIVE
ACC03337,C03337,289500000,ACTIVE
ACC03338,C03338,307500000,ACTIVE
ACC03339,C03339,299100000,ACTIVE
ACC03340,C03340,435400000,ACTIVE
ACC03341,C03341,96400000,ACTIVE
ACC03342,C03342,245700000,ACTIVE
ACC03343,C03343,432800000,ACTIVE
ACC03344,C03344,272500000,ACTIVE
ACC03345,C03345,169100000,CLOSED
ACC03346,C03346,379800000,ACTIVE
ACC03347,C03347,445900000,ACTIVE
ACC03348,C03348,222800000,ACTIVE
ACC03349,C03349,121800000,ACTIVE
ACC03350,C03350,163700000,ACTIVE
ACC03351,C03351,124300000,ACTIVE
ACC03352,C03352,27600000,ACTIVE
ACC03353,C03353,246200000,ACTIVE
ACC03354,C03354,19600000,ACTIVE
ACC03355,C03355,491600000,CLOSED
ACC03356,C03356,260100000,ACTIVE
ACC03357,C03357,220300000,ACTIVE
ACC03358,C03358,106100000,ACTIVE
ACC03359,C03359,265300000,ACTIVE
ACC03360,C03360,449500000,ACTIVE
ACC03361,C03361,161800000,ACTIVE
ACC03362,C03362,301600000,CLOSED
ACC03363,C03363,98100000,BLOCKED
ACC03364,C03364,226800000,ACTIVE
ACC03365,C03365,448900000,ACTIVE
ACC03366,C03366,267400000,CLOSED
ACC03367,C03367,263600000,CLOSED
ACC03368,C03368,211100000,ACTIVE
ACC03369,C03369,57300000,ACTIVE
ACC03370,C03370,287200000,ACTIVE
ACC03371,C03371,333700000,ACTIVE
ACC03372,C03372,393300000,ACTIVE
ACC03373,C03373,472300000,CLOSED
ACC03374,C03374,81500000,ACTIVE
ACC03375,C03375,208800000,ACTIVE
ACC03376,C03376,410700000,ACTIVE
ACC03377,C03377,320200000,ACTIVE
ACC03378,C03378,178300000,ACTIVE
ACC03379,C03379,337400000,ACTIVE
ACC03380,C03380,38500000,ACTIVE
ACC03381,C03381,247900000,ACTIVE
ACC03382,C03382,49800000,CLOSED
ACC03383,C03383,75100000,ACTIVE
ACC03384,C03384,276500000,ACTIVE
ACC03385,C03385,286300000,ACTIVE
ACC03386,C03386,215200000,ACTIVE
ACC03387,C03387,443700000,ACTIVE
ACC03388,C03388,485000000,ACTIVE
ACC03389,C03389,454800000,ACTIVE
ACC03390,C03390,247400000,CLOSED
ACC03391,C03391,196300000,ACTIVE
ACC03392,C03392,89700000,ACTIVE
ACC03393,C03393,29700000,ACTIVE
ACC03394,C03394,9300000,ACTIVE
ACC03395,C03395,297300000,ACTIVE
ACC03396,C03396,41600000,ACTIVE
ACC03397,C03397,276900000,ACTIVE
ACC03398,C03398,6800000,ACTIVE
ACC03399,C03399,436300000,ACTIVE
ACC03400,C03400,320900000,BLOCKED
ACC03401,C03401,145200000,ACTIVE
ACC03402,C03402,447400000,ACTIVE
ACC03403,C03403,457300000,ACTIVE
ACC03404,C03404,199400000,ACTIVE
ACC03405,C03405,449300000,ACTIVE
ACC03406,C03406,144400000,ACTIVE
ACC03407,C03407,124200000,ACTIVE
ACC03408,C03408,43300000,ACTIVE
ACC03409,C03409,362400000,ACTIVE
ACC03410,C03410,336800000,ACTIVE
ACC03411,C03411,170000000,ACTIVE
ACC03412,C03412,471300000,ACTIVE
ACC03413,C03413,430800000,ACTIVE
ACC03414,C03414,151700000,BLOCKED
ACC03415,C03415,178100000,ACTIVE
ACC03416,C03416,39000000,ACTIVE
ACC03417,C03417,453700000,ACTIVE
ACC03418,C03418,326000000,ACTIVE
ACC03419,C03419,392000000,ACTIVE
ACC03420,C03420,401800000,ACTIVE
ACC03421,C03421,474700000,ACTIVE
ACC03422,C03422,236200000,ACTIVE
ACC03423,C03423,399200000,ACTIVE
ACC03424,C03424,423700000,ACTIVE
ACC03425,C03425,185800000,ACTIVE
ACC03426,C03426,184900000,ACTIVE
ACC03427,C03427,229900000,ACTIVE
ACC03428,C03428,71700000,ACTIVE
ACC03429,C03429,182900000,BLOCKED
ACC03430,C03430,358800000,ACTIVE
ACC03431,C03431,146200000,CLOSED
ACC03432,C03432,187400000,ACTIVE
ACC03433,C03433,107800000,BLOCKED
ACC03434,C03434,140900000,ACTIVE
ACC03435,C03435,390300000,ACTIVE
ACC03436,C03436,222500000,ACTIVE
ACC03437,C03437,21400000,ACTIVE
ACC03438,C03438,287300000,BLOCKED
ACC03439,C03439,48900000,ACTIVE
ACC03440,C03440,51800000,ACTIVE
ACC03441,C03441,440400000,ACTIVE
ACC03442,C03442,265100000,ACTIVE
ACC03443,C03443,172000000,ACTIVE
ACC03444,C03444,190300000,ACTIVE
ACC03445,C03445,496900000,ACTIVE
ACC03446,C03446,207800000,ACTIVE
ACC03447,C03447,284000000,ACTIVE
ACC03448,C03448,87700000,ACTIVE
ACC03449,C03449,220400000,CLOSED
ACC03450,C03450,159900000,CLOSED
ACC03451,C03451,112200000,ACTIVE
ACC03452,C03452,295700000,ACTIVE
ACC03453,C03453,29500000,ACTIVE
ACC03454,C03454,33600000,ACTIVE
ACC03455,C03455,360000000,ACTIVE
ACC03456,C03456,366400000,BLOCKED
ACC03457,C03457,159000000,ACTIVE
ACC03458,C03458,478400000,ACTIVE
ACC03459,C03459,255600000,ACTIVE
ACC03460,C03460,128400000,ACTIVE
ACC03461,C03461,17900000,ACTIVE
ACC03462,C03462,371800000,ACTIVE
ACC03463,C03463,160900000,ACTIVE
ACC03464,C03464,128900000,ACTIVE
ACC03465,C03465,108300000,ACTIVE
ACC03466,C03466,111200000,ACTIVE
ACC03467,C03467,406200000,ACTIVE
ACC03468,C03468,1800000,ACTIVE
ACC03469,C03469,86100000,ACTIVE
ACC03470,C03470,20200000,CLOSED
ACC03471,C03471,275100000,ACTIVE
ACC03472,C03472,381100000,CLOSED
ACC03473,C03473,307100000,ACTIVE
ACC03474,C03474,134300000,ACTIVE
ACC03475,C03475,414200000,ACTIVE
ACC03476,C03476,159700000,ACTIVE
ACC03477,C03477,256000000,ACTIVE
ACC03478,C03478,8900000,ACTIVE
ACC03479,C03479,379600000,ACTIVE
ACC03480,C03480,116100000,ACTIVE
ACC03481,C03481,157000000,ACTIVE
ACC03482,C03482,77500000,ACTIVE
ACC03483,C03483,424200000,ACTIVE
ACC03484,C03484,435000000,ACTIVE
ACC03485,C03485,320700000,ACTIVE
ACC03486,C03486,444000000,CLOSED
ACC03487,C03487,97100000,CLOSED
ACC03488,C03488,408600000,ACTIVE
ACC03489,C03489,459600000,ACTIVE
ACC03490,C03490,44400000,ACTIVE
ACC03491,C03491,130600000,ACTIVE
ACC03492,C03492,44200000,CLOSED
ACC03493,C03493,174700000,ACTIVE
ACC03494,C03494,33700000,ACTIVE
ACC03495,C03495,65700000,CLOSED
ACC03496,C03496,52700000,ACTIVE
ACC03497,C03497,260300000,ACTIVE
ACC03498,C03498,387100000,ACTIVE
ACC03499,C03499,455300000,ACTIVE
ACC03500,C03500,357800000,ACTIVE
ACC03501,C03501,193800000,ACTIVE
ACC03502,C03502,250100000,ACTIVE
ACC03503,C03503,266200000,ACTIVE
ACC03504,C03504,251100000,ACTIVE
ACC03505,C03505,181300000,ACTIVE
ACC03506,C03506,45400000,ACTIVE
ACC03507,C03507,164000000,ACTIVE
ACC03508,C03508,59500000,ACTIVE
ACC03509,C03509,496300000,ACTIVE
ACC03510,C03510,159500000,ACTIVE
ACC03511,C03511,337500000,ACTIVE
ACC03512,C03512,35600000,ACTIVE
ACC03513,C03513,403000000,ACTIVE
ACC03514,C03514,52500000,ACTIVE
ACC03515,C03515,88900000,ACTIVE
ACC03516,C03516,1700000,ACTIVE
ACC03517,C03517,40300000,ACTIVE
ACC03518,C03518,290800000,ACTIVE
ACC03519,C03519,77500000,ACTIVE
ACC03520,C03520,166200000,ACTIVE
ACC03521,C03521,217400000,ACTIVE
ACC03522,C03522,353700000,ACTIVE
ACC03523,C03523,288700000,ACTIVE
ACC03524,C03524,343700000,ACTIVE
ACC03525,C03525,364700000,ACTIVE
ACC03526,C03526,196400000,ACTIVE
ACC03527,C03527,171800000,ACTIVE
ACC03528,C03528,494400000,ACTIVE
ACC03529,C03529,63800000,BLOCKED
ACC03530,C03530,132200000,ACTIVE
ACC03531,C03531,486000000,ACTIVE
ACC03532,C03532,463600000,ACTIVE
ACC03533,C03533,140500000,ACTIVE
ACC03534,C03534,54200000,CLOSED
ACC03535,C03535,304200000,ACTIVE
ACC03536,C03536,477500000,ACTIVE
ACC03537,C03537,209900000,ACTIVE
ACC03538,C03538,402600000,ACTIVE
ACC03539,C03539,340200000,ACTIVE
ACC03540,C03540,193100000,BLOCKED
ACC03541,C03541,248600000,ACTIVE
ACC03542,C03542,317700000,ACTIVE
ACC03543,C03543,303100000,ACTIVE
ACC03544,C03544,487100000,ACTIVE
ACC03545,C03545,118200000,ACTIVE
ACC03546,C03546,222900000,BLOCKED
ACC03547,C03547,218200000,ACTIVE
ACC03548,C03548,316600000,ACTIVE
ACC03549,C03549,393900000,ACTIVE
ACC03550,C03550,461200000,ACTIVE
ACC03551,C03551,74700000,ACTIVE
ACC03552,C03552,38900000,ACTIVE
ACC03553,C03553,468400000,ACTIVE
ACC03554,C03554,117700000,ACTIVE
ACC03555,C03555,306900000,ACTIVE
ACC03556,C03556,481600000,ACTIVE
ACC03557,C03557,333400000,BLOCKED
ACC03558,C03558,39400000,ACTIVE
ACC03559,C03559,352000000,ACTIVE
ACC03560,C03560,59100000,ACTIVE
ACC03561,C03561,401300000,ACTIVE
ACC03562,C03562,241400000,ACTIVE
ACC03563,C03563,428700000,ACTIVE
ACC03564,C03564,455700000,ACTIVE
ACC03565,C03565,188000000,ACTIVE
ACC03566,C03566,129600000,ACTIVE
ACC03567,C03567,15500000,ACTIVE
ACC03568,C03568,489600000,ACTIVE
ACC03569,C03569,446500000,ACTIVE
ACC03570,C03570,7800000,ACTIVE
ACC03571,C03571,402700000,ACTIVE
ACC03572,C03572,300700000,ACTIVE
ACC03573,C03573,458100000,ACTIVE
ACC03574,C03574,223400000,ACTIVE
ACC03575,C03575,350500000,ACTIVE
ACC03576,C03576,367800000,ACTIVE
ACC03577,C03577,222500000,CLOSED
ACC03578,C03578,495100000,ACTIVE
ACC03579,C03579,75200000,CLOSED
ACC03580,C03580,26400000,ACTIVE
ACC03581,C03581,376200000,ACTIVE
ACC03582,C03582,12400000,CLOSED
ACC03583,C03583,410900000,CLOSED
ACC03584,C03584,336000000,ACTIVE
ACC03585,C03585,274800000,ACTIVE
ACC03586,C03586,313100000,ACTIVE
ACC03587,C03587,184200000,ACTIVE
ACC03588,C03588,203700000,ACTIVE
ACC03589,C03589,480100000,ACTIVE
ACC03590,C03590,242000000,ACTIVE
ACC03591,C03591,14500000,CLOSED
ACC03592,C03592,86700000,ACTIVE
ACC03593,C03593,185400000,ACTIVE
ACC03594,C03594,376800000,BLOCKED
ACC03595,C03595,313500000,ACTIVE
ACC03596,C03596,378700000,CLOSED
ACC03597,C03597,145600000,ACTIVE
ACC03598,C03598,424800000,ACTIVE
ACC03599,C03599,427700000,ACTIVE
ACC03600,C03600,408800000,ACTIVE
ACC03601,C03601,381500000,ACTIVE
ACC03602,C03602,195200000,ACTIVE
ACC03603,C03603,113600000,ACTIVE
ACC03604,C03604,455500000,ACTIVE
ACC03605,C03605,117700000,ACTIVE
ACC03606,C03606,435100000,ACTIVE
ACC03607,C03607,332300000,BLOCKED
ACC03608,C03608,413400000,ACTIVE
ACC03609,C03609,303500000,ACTIVE
ACC03610,C03610,1600000,BLOCKED
ACC03611,C03611,313800000,ACTIVE
ACC03612,C03612,5500000,ACTIVE
ACC03613,C03613,406500000,ACTIVE
ACC03614,C03614,86300000,ACTIVE
ACC03615,C03615,376100000,ACTIVE
ACC03616,C03616,135300000,ACTIVE
ACC03617,C03617,114400000,ACTIVE
ACC03618,C03618,83700000,ACTIVE
ACC03619,C03619,129700000,BLOCKED
ACC03620,C03620,83900000,ACTIVE
ACC03621,C03621,447700000,ACTIVE
ACC03622,C03622,50800000,ACTIVE
ACC03623,C03623,195800000,ACTIVE
ACC03624,C03624,5100000,ACTIVE
ACC03625,C03625,104300000,ACTIVE
ACC03626,C03626,101200000,ACTIVE
ACC03627,C03627,307500000,ACTIVE
ACC03628,C03628,458800000,ACTIVE
ACC03629,C03629,182600000,ACTIVE
ACC03630,C03630,39800000,ACTIVE
ACC03631,C03631,289700000,ACTIVE
ACC03632,C03632,2300000,ACTIVE
ACC03633,C03633,201000000,ACTIVE
ACC03634,C03634,486900000,ACTIVE
ACC03635,C03635,167400000,ACTIVE
ACC03636,C03636,171700000,ACTIVE
ACC03637,C03637,105900000,ACTIVE
ACC03638,C03638,253500000,ACTIVE
ACC03639,C03639,156000000,ACTIVE
ACC03640,C03640,443200000,ACTIVE
ACC03641,C03641,154200000,ACTIVE
ACC03642,C03642,227800000,CLOSED
ACC03643,C03643,10400000,ACTIVE
ACC03644,C03644,24000000,ACTIVE
ACC03645,C03645,469900000,ACTIVE
ACC03646,C03646,261400000,ACTIVE
ACC03647,C03647,399500000,ACTIVE
ACC03648,C03648,374200000,ACTIVE
ACC03649,C03649,267500000,ACTIVE
ACC03650,C03650,80900000,ACTIVE
ACC03651,C03651,44900000,ACTIVE
ACC03652,C03652,250700000,BLOCKED
ACC03653,C03653,407600000,ACTIVE
ACC03654,C03654,17800000,ACTIVE
ACC03655,C03655,490600000,ACTIVE
ACC03656,C03656,42200000,BLOCKED
ACC03657,C03657,477300000,ACTIVE
ACC03658,C03658,179900000,ACTIVE
ACC03659,C03659,345600000,CLOSED
ACC03660,C03660,353300000,CLOSED
ACC03661,C03661,93400000,CLOSED
ACC03662,C03662,117500000,ACTIVE
ACC03663,C03663,64900000,ACTIVE
ACC03664,C03664,298900000,CLOSED
ACC03665,C03665,365700000,ACTIVE
ACC03666,C03666,97900000,ACTIVE
ACC03667,C03667,59600000,ACTIVE
ACC03668,C03668,190100000,CLOSED
ACC03669,C03669,455300000,ACTIVE
ACC03670,C03670,291700000,ACTIVE
ACC03671,C03671,264600000,ACTIVE
ACC03672,C03672,138100000,ACTIVE
ACC03673,C03673,128000000,ACTIVE
ACC03674,C03674,489200000,ACTIVE
ACC03675,C03675,49800000,ACTIVE
ACC03676,C03676,212900000,ACTIVE
ACC03677,C03677,120800000,ACTIVE
ACC03678,C03678,289900000,ACTIVE
ACC03679,C03679,7200000,ACTIVE
ACC03680,C03680,161000000,ACTIVE
ACC03681,C03681,52800000,ACTIVE
ACC03682,C03682,95400000,ACTIVE
ACC03683,C03683,405100000,ACTIVE
ACC03684,C03684,268800000,ACTIVE
ACC03685,C03685,350200000,ACTIVE
ACC03686,C03686,87900000,ACTIVE
ACC03687,C03687,89600000,CLOSED
ACC03688,C03688,51700000,CLOSED
ACC03689,C03689,346500000,ACTIVE
ACC03690,C03690,122300000,ACTIVE
ACC03691,C03691,402100000,ACTIVE
ACC03692,C03692,371700000,ACTIVE
ACC03693,C03693,339400000,ACTIVE
ACC03694,C03694,11200000,ACTIVE
ACC03695,C03695,309900000,CLOSED
ACC03696,C03696,338100000,ACTIVE
ACC03697,C03697,91900000,ACTIVE
ACC03698,C03698,341700000,ACTIVE
ACC03699,C03699,225600000,ACTIVE
ACC03700,C03700,43200000,CLOSED
ACC03701,C03701,146800000,ACTIVE
ACC03702,C03702,41200000,ACTIVE
ACC03703,C03703,77400000,ACTIVE
ACC03704,C03704,370800000,ACTIVE
ACC03705,C03705,420100000,ACTIVE
ACC03706,C03706,189400000,ACTIVE
ACC03707,C03707,402000000,ACTIVE
ACC03708,C03708,179000000,ACTIVE
ACC03709,C03709,37200000,ACTIVE
ACC03710,C03710,138100000,ACTIVE
ACC03711,C03711,389900000,ACTIVE
ACC03712,C03712,492100000,BLOCKED
ACC03713,C03713,440600000,ACTIVE
ACC03714,C03714,402300000,ACTIVE
ACC03715,C03715,108400000,ACTIVE
ACC03716,C03716,429200000,ACTIVE
ACC03717,C03717,368100000,ACTIVE
ACC03718,C03718,418300000,ACTIVE
ACC03719,C03719,222800000,ACTIVE
ACC03720,C03720,256500000,BLOCKED
ACC03721,C03721,333300000,ACTIVE
ACC03722,C03722,171700000,ACTIVE
ACC03723,C03723,56900000,ACTIVE
ACC03724,C03724,79500000,ACTIVE
ACC03725,C03725,389500000,ACTIVE
ACC03726,C03726,244100000,ACTIVE
ACC03727,C03727,36400000,ACTIVE
ACC03728,C03728,136400000,ACTIVE
ACC03729,C03729,35000000,ACTIVE
ACC03730,C03730,306400000,ACTIVE
ACC03731,C03731,415900000,ACTIVE
ACC03732,C03732,31000000,ACTIVE
ACC03733,C03733,217200000,ACTIVE
ACC03734,C03734,20300000,ACTIVE
ACC03735,C03735,183500000,ACTIVE
ACC03736,C03736,12600000,ACTIVE
ACC03737,C03737,363500000,ACTIVE
ACC03738,C03738,311800000,ACTIVE
ACC03739,C03739,227800000,ACTIVE
ACC03740,C03740,174600000,ACTIVE
ACC03741,C03741,285300000,ACTIVE
ACC03742,C03742,173800000,ACTIVE
ACC03743,C03743,352700000,ACTIVE
ACC03744,C03744,213300000,ACTIVE
ACC03745,C03745,372400000,BLOCKED
ACC03746,C03746,482200000,ACTIVE
ACC03747,C03747,121400000,ACTIVE
ACC03748,C03748,370000000,ACTIVE
ACC03749,C03749,346700000,ACTIVE
ACC03750,C03750,187600000,ACTIVE
ACC03751,C03751,358500000,ACTIVE
ACC03752,C03752,36200000,ACTIVE
ACC03753,C03753,427900000,ACTIVE
ACC03754,C03754,272700000,ACTIVE
ACC03755,C03755,201800000,ACTIVE
ACC03756,C03756,328800000,ACTIVE
ACC03757,C03757,2700000,ACTIVE
ACC03758,C03758,494400000,ACTIVE
ACC03759,C03759,407600000,ACTIVE
ACC03760,C03760,212400000,ACTIVE
ACC03761,C03761,459500000,ACTIVE
ACC03762,C03762,285900000,ACTIVE
ACC03763,C03763,62500000,ACTIVE
ACC03764,C03764,11800000,ACTIVE
ACC03765,C03765,429000000,ACTIVE
ACC03766,C03766,68200000,CLOSED
ACC03767,C03767,125000000,CLOSED
ACC03768,C03768,102700000,ACTIVE
ACC03769,C03769,360300000,ACTIVE
ACC03770,C03770,470600000,ACTIVE
ACC03771,C03771,19600000,ACTIVE
ACC03772,C03772,79700000,ACTIVE
ACC03773,C03773,23100000,ACTIVE
ACC03774,C03774,42500000,ACTIVE
ACC03775,C03775,303600000,ACTIVE
ACC03776,C03776,105100000,ACTIVE
ACC03777,C03777,496300000,ACTIVE
ACC03778,C03778,322600000,ACTIVE
ACC03779,C03779,11700000,ACTIVE
ACC03780,C03780,371500000,ACTIVE
ACC03781,C03781,170100000,ACTIVE
ACC03782,C03782,64200000,ACTIVE
ACC03783,C03783,249400000,ACTIVE
ACC03784,C03784,131300000,ACTIVE
ACC03785,C03785,310900000,ACTIVE
ACC03786,C03786,336300000,ACTIVE
ACC03787,C03787,470200000,ACTIVE
ACC03788,C03788,182100000,ACTIVE
ACC03789,C03789,122800000,ACTIVE
ACC03790,C03790,459200000,ACTIVE
ACC03791,C03791,82100000,ACTIVE
ACC03792,C03792,317200000,ACTIVE
ACC03793,C03793,192900000,ACTIVE
ACC03794,C03794,153900000,ACTIVE
ACC03795,C03795,22900000,BLOCKED
ACC03796,C03796,288300000,ACTIVE
ACC03797,C03797,128400000,ACTIVE
ACC03798,C03798,285300000,ACTIVE
ACC03799,C03799,116500000,ACTIVE
ACC03800,C03800,44100000,ACTIVE
ACC03801,C03801,282400000,ACTIVE
ACC03802,C03802,425600000,BLOCKED
ACC03803,C03803,84400000,ACTIVE
ACC03804,C03804,449500000,ACTIVE
ACC03805,C03805,125600000,ACTIVE
ACC03806,C03806,282400000,ACTIVE
ACC03807,C03807,296100000,ACTIVE
ACC03808,C03808,461600000,ACTIVE
ACC03809,C03809,90600000,ACTIVE
ACC03810,C03810,412400000,ACTIVE
ACC03811,C03811,12000000,ACTIVE
ACC03812,C03812,75700000,ACTIVE
ACC03813,C03813,237500000,ACTIVE
ACC03814,C03814,450200000,ACTIVE
ACC03815,C03815,323800000,ACTIVE
ACC03816,C03816,359300000,ACTIVE
ACC03817,C03817,235300000,ACTIVE
ACC03818,C03818,174200000,ACTIVE
ACC03819,C03819,241900000,ACTIVE
ACC03820,C03820,496700000,ACTIVE
ACC03821,C03821,190600000,ACTIVE
ACC03822,C03822,445900000,ACTIVE
ACC03823,C03823,479200000,ACTIVE
ACC03824,C03824,376600000,ACTIVE
ACC03825,C03825,138200000,ACTIVE
ACC03826,C03826,173600000,ACTIVE
ACC03827,C03827,211000000,ACTIVE
ACC03828,C03828,378700000,ACTIVE
ACC03829,C03829,478900000,ACTIVE
ACC03830,C03830,131600000,ACTIVE
ACC03831,C03831,52900000,ACTIVE
ACC03832,C03832,306500000,ACTIVE
ACC03833,C03833,464600000,ACTIVE
ACC03834,C03834,165300000,ACTIVE
ACC03835,C03835,224100000,ACTIVE
ACC03836,C03836,87500000,CLOSED
ACC03837,C03837,238700000,ACTIVE
ACC03838,C03838,405100000,CLOSED
ACC03839,C03839,478100000,ACTIVE
ACC03840,C03840,251400000,ACTIVE
ACC03841,C03841,83600000,ACTIVE
ACC03842,C03842,169900000,ACTIVE
ACC03843,C03843,451700000,ACTIVE
ACC03844,C03844,383300000,ACTIVE
ACC03845,C03845,138600000,ACTIVE
ACC03846,C03846,187400000,BLOCKED
ACC03847,C03847,236700000,CLOSED
ACC03848,C03848,168300000,CLOSED
ACC03849,C03849,448400000,ACTIVE
ACC03850,C03850,157000000,ACTIVE
ACC03851,C03851,463600000,ACTIVE
ACC03852,C03852,86000000,ACTIVE
ACC03853,C03853,111400000,BLOCKED
ACC03854,C03854,106500000,CLOSED
ACC03855,C03855,230400000,ACTIVE
ACC03856,C03856,281600000,ACTIVE
ACC03857,C03857,346300000,ACTIVE
ACC03858,C03858,22700000,ACTIVE
ACC03859,C03859,438000000,ACTIVE
ACC03860,C03860,394900000,ACTIVE
ACC03861,C03861,486100000,ACTIVE
ACC03862,C03862,469000000,ACTIVE
ACC03863,C03863,423400000,ACTIVE
ACC03864,C03864,20300000,ACTIVE
ACC03865,C03865,497200000,ACTIVE
ACC03866,C03866,88000000,ACTIVE
ACC03867,C03867,66600000,ACTIVE
ACC03868,C03868,315800000,ACTIVE
ACC03869,C03869,313500000,CLOSED
ACC03870,C03870,279000000,ACTIVE
ACC03871,C03871,307400000,ACTIVE
ACC03872,C03872,259400000,ACTIVE
ACC03873,C03873,369600000,ACTIVE
ACC03874,C03874,249900000,ACTIVE
ACC03875,C03875,113700000,ACTIVE
ACC03876,C03876,273600000,ACTIVE
ACC03877,C03877,272200000,ACTIVE
ACC03878,C03878,284500000,ACTIVE
ACC03879,C03879,490100000,ACTIVE
ACC03880,C03880,151700000,ACTIVE
ACC03881,C03881,85200000,ACTIVE
ACC03882,C03882,124000000,ACTIVE
ACC03883,C03883,209400000,ACTIVE
ACC03884,C03884,252300000,CLOSED
ACC03885,C03885,386700000,ACTIVE
ACC03886,C03886,45200000,ACTIVE
ACC03887,C03887,305800000,ACTIVE
ACC03888,C03888,137100000,ACTIVE
ACC03889,C03889,464300000,ACTIVE
ACC03890,C03890,158200000,ACTIVE
ACC03891,C03891,452900000,ACTIVE
ACC03892,C03892,151100000,ACTIVE
ACC03893,C03893,311600000,ACTIVE
ACC03894,C03894,164100000,CLOSED
ACC03895,C03895,155000000,ACTIVE
ACC03896,C03896,71700000,BLOCKED
ACC03897,C03897,107800000,ACTIVE
ACC03898,C03898,193300000,ACTIVE
ACC03899,C03899,60600000,BLOCKED
ACC03900,C03900,205600000,ACTIVE
ACC03901,C03901,100900000,ACTIVE
ACC03902,C03902,493800000,ACTIVE
ACC03903,C03903,30100000,ACTIVE
ACC03904,C03904,341000000,CLOSED
ACC03905,C03905,255800000,ACTIVE
ACC03906,C03906,280200000,ACTIVE
ACC03907,C03907,324600000,ACTIVE
ACC03908,C03908,421900000,ACTIVE
ACC03909,C03909,264300000,ACTIVE
ACC03910,C03910,51200000,ACTIVE
ACC03911,C03911,129500000,ACTIVE
ACC03912,C03912,32400000,ACTIVE
ACC03913,C03913,251100000,ACTIVE
ACC03914,C03914,331700000,ACTIVE
ACC03915,C03915,289700000,ACTIVE
ACC03916,C03916,449900000,ACTIVE
ACC03917,C03917,456100000,ACTIVE
ACC03918,C03918,424900000,ACTIVE
ACC03919,C03919,112800000,ACTIVE
ACC03920,C03920,296200000,ACTIVE
ACC03921,C03921,53100000,ACTIVE
ACC03922,C03922,216300000,ACTIVE
ACC03923,C03923,201100000,CLOSED
ACC03924,C03924,122200000,ACTIVE
ACC03925,C03925,455200000,CLOSED
ACC03926,C03926,163000000,ACTIVE
ACC03927,C03927,46000000,ACTIVE
ACC03928,C03928,423800000,ACTIVE
ACC03929,C03929,78700000,ACTIVE
ACC03930,C03930,350100000,ACTIVE
ACC03931,C03931,221900000,CLOSED
ACC03932,C03932,202500000,ACTIVE
ACC03933,C03933,109100000,ACTIVE
ACC03934,C03934,344900000,ACTIVE
ACC03935,C03935,103100000,BLOCKED
ACC03936,C03936,198300000,ACTIVE
ACC03937,C03937,359500000,ACTIVE
ACC03938,C03938,446800000,BLOCKED
ACC03939,C03939,291100000,ACTIVE
ACC03940,C03940,397300000,ACTIVE
ACC03941,C03941,50500000,ACTIVE
ACC03942,C03942,386100000,ACTIVE
ACC03943,C03943,7800000,ACTIVE
ACC03944,C03944,46200000,ACTIVE
ACC03945,C03945,262400000,ACTIVE
ACC03946,C03946,365700000,CLOSED
ACC03947,C03947,58600000,ACTIVE
ACC03948,C03948,365000000,ACTIVE
ACC03949,C03949,80300000,ACTIVE
ACC03950,C03950,146700000,ACTIVE
ACC03951,C03951,470200000,ACTIVE
ACC03952,C03952,119100000,ACTIVE
ACC03953,C03953,147300000,ACTIVE
ACC03954,C03954,15600000,ACTIVE
ACC03955,C03955,389500000,ACTIVE
ACC03956,C03956,165100000,ACTIVE
ACC03957,C03957,182900000,ACTIVE
ACC03958,C03958,418100000,ACTIVE
ACC03959,C03959,426600000,ACTIVE
ACC03960,C03960,422700000,ACTIVE
ACC03961,C03961,36000000,ACTIVE
ACC03962,C03962,403200000,ACTIVE
ACC03963,C03963,359400000,ACTIVE
ACC03964,C03964,195800000,ACTIVE
ACC03965,C03965,400800000,ACTIVE
ACC03966,C03966,17400000,ACTIVE
ACC03967,C03967,138400000,ACTIVE
ACC03968,C03968,285700000,ACTIVE
ACC03969,C03969,108500000,ACTIVE
ACC03970,C03970,476300000,ACTIVE
ACC03971,C03971,273900000,ACTIVE
ACC03972,C03972,108900000,ACTIVE
ACC03973,C03973,271800000,ACTIVE
ACC03974,C03974,212100000,CLOSED
ACC03975,C03975,424600000,ACTIVE
ACC03976,C03976,119900000,ACTIVE
ACC03977,C03977,371200000,ACTIVE
ACC03978,C03978,173600000,ACTIVE
ACC03979,C03979,339900000,ACTIVE
ACC03980,C03980,7200000,ACTIVE
ACC03981,C03981,408100000,ACTIVE
ACC03982,C03982,342200000,ACTIVE
ACC03983,C03983,303000000,ACTIVE
ACC03984,C03984,5900000,ACTIVE
ACC03985,C03985,405000000,ACTIVE
ACC03986,C03986,264200000,ACTIVE
ACC03987,C03987,281200000,ACTIVE
ACC03988,C03988,216500000,ACTIVE
ACC03989,C03989,153600000,ACTIVE
ACC03990,C03990,358400000,ACTIVE
ACC03991,C03991,378900000,ACTIVE
ACC03992,C03992,138200000,CLOSED
ACC03993,C03993,54200000,ACTIVE
ACC03994,C03994,253400000,ACTIVE
ACC03995,C03995,234900000,ACTIVE
ACC03996,C03996,31600000,ACTIVE
ACC03997,C03997,114600000,ACTIVE
ACC03998,C03998,267300000,ACTIVE
ACC03999,C03999,386900000,ACTIVE
ACC04000,C04000,466700000,ACTIVE
ACC04001,C04001,269400000,ACTIVE
ACC04002,C04002,371100000,ACTIVE
ACC04003,C04003,49900000,ACTIVE
ACC04004,C04004,375700000,ACTIVE
ACC04005,C04005,243700000,ACTIVE
ACC04006,C04006,310500000,ACTIVE
ACC04007,C04007,402000000,ACTIVE
ACC04008,C04008,158500000,ACTIVE
ACC04009,C04009,2800000,ACTIVE
ACC04010,C04010,57300000,ACTIVE
ACC04011,C04011,113900000,ACTIVE
ACC04012,C04012,200900000,ACTIVE
ACC04013,C04013,376000000,ACTIVE
ACC04014,C04014,28900000,ACTIVE
ACC04015,C04015,246200000,CLOSED
ACC04016,C04016,50300000,ACTIVE
ACC04017,C04017,210100000,ACTIVE
ACC04018,C04018,132700000,ACTIVE
ACC04019,C04019,255900000,ACTIVE
ACC04020,C04020,110900000,ACTIVE
ACC04021,C04021,179100000,ACTIVE
ACC04022,C04022,154700000,ACTIVE
ACC04023,C04023,326600000,ACTIVE
ACC04024,C04024,399700000,ACTIVE
ACC04025,C04025,40600000,ACTIVE
ACC04026,C04026,432600000,ACTIVE
ACC04027,C04027,287400000,ACTIVE
ACC04028,C04028,11700000,ACTIVE
ACC04029,C04029,314600000,ACTIVE
ACC04030,C04030,426000000,ACTIVE
ACC04031,C04031,402800000,ACTIVE
ACC04032,C04032,464700000,ACTIVE
ACC04033,C04033,231800000,ACTIVE
ACC04034,C04034,99100000,ACTIVE
ACC04035,C04035,412400000,ACTIVE
ACC04036,C04036,136200000,ACTIVE
ACC04037,C04037,325700000,ACTIVE
ACC04038,C04038,468100000,ACTIVE
ACC04039,C04039,180800000,ACTIVE
ACC04040,C04040,30700000,CLOSED
ACC04041,C04041,123600000,ACTIVE
ACC04042,C04042,200400000,ACTIVE
ACC04043,C04043,350100000,ACTIVE
ACC04044,C04044,264000000,BLOCKED
ACC04045,C04045,412500000,ACTIVE
ACC04046,C04046,319500000,ACTIVE
ACC04047,C04047,325700000,ACTIVE
ACC04048,C04048,439500000,ACTIVE
ACC04049,C04049,297300000,ACTIVE
ACC04050,C04050,301700000,ACTIVE
ACC04051,C04051,323800000,ACTIVE
ACC04052,C04052,431600000,ACTIVE
ACC04053,C04053,128300000,ACTIVE
ACC04054,C04054,40600000,ACTIVE
ACC04055,C04055,131100000,ACTIVE
ACC04056,C04056,118200000,ACTIVE
ACC04057,C04057,227500000,ACTIVE
ACC04058,C04058,297200000,ACTIVE
ACC04059,C04059,226900000,ACTIVE
ACC04060,C04060,364600000,ACTIVE
ACC04061,C04061,176400000,BLOCKED
ACC04062,C04062,164100000,ACTIVE
ACC04063,C04063,440900000,ACTIVE
ACC04064,C04064,288100000,ACTIVE
ACC04065,C04065,464400000,ACTIVE
ACC04066,C04066,211600000,ACTIVE
ACC04067,C04067,148400000,ACTIVE
ACC04068,C04068,417200000,ACTIVE
ACC04069,C04069,490300000,ACTIVE
ACC04070,C04070,42100000,ACTIVE
ACC04071,C04071,132300000,ACTIVE
ACC04072,C04072,16500000,ACTIVE
ACC04073,C04073,416000000,ACTIVE
ACC04074,C04074,90000000,ACTIVE
ACC04075,C04075,177400000,ACTIVE
ACC04076,C04076,316500000,ACTIVE
ACC04077,C04077,348800000,CLOSED
ACC04078,C04078,454600000,ACTIVE
ACC04079,C04079,385200000,ACTIVE
ACC04080,C04080,291700000,CLOSED
ACC04081,C04081,20500000,ACTIVE
ACC04082,C04082,206200000,ACTIVE
ACC04083,C04083,86200000,ACTIVE
ACC04084,C04084,230300000,BLOCKED
ACC04085,C04085,324200000,ACTIVE
ACC04086,C04086,212500000,ACTIVE
ACC04087,C04087,342500000,BLOCKED
ACC04088,C04088,472200000,BLOCKED
ACC04089,C04089,374300000,ACTIVE
ACC04090,C04090,266100000,ACTIVE
ACC04091,C04091,20800000,ACTIVE
ACC04092,C04092,30300000,ACTIVE
ACC04093,C04093,37800000,ACTIVE
ACC04094,C04094,467200000,ACTIVE
ACC04095,C04095,328100000,ACTIVE
ACC04096,C04096,341200000,ACTIVE
ACC04097,C04097,126200000,ACTIVE
ACC04098,C04098,411500000,ACTIVE
ACC04099,C04099,288600000,ACTIVE
ACC04100,C04100,82800000,ACTIVE
ACC04101,C04101,56800000,ACTIVE
ACC04102,C04102,162000000,ACTIVE
ACC04103,C04103,386900000,ACTIVE
ACC04104,C04104,202400000,ACTIVE
ACC04105,C04105,153900000,ACTIVE
ACC04106,C04106,97200000,ACTIVE
ACC04107,C04107,46600000,ACTIVE
ACC04108,C04108,264500000,BLOCKED
ACC04109,C04109,489300000,BLOCKED
ACC04110,C04110,100900000,CLOSED
ACC04111,C04111,236400000,ACTIVE
ACC04112,C04112,206700000,ACTIVE
ACC04113,C04113,243700000,ACTIVE
ACC04114,C04114,109100000,ACTIVE
ACC04115,C04115,71500000,ACTIVE
ACC04116,C04116,200200000,ACTIVE
ACC04117,C04117,339800000,ACTIVE
ACC04118,C04118,263100000,ACTIVE
ACC04119,C04119,436000000,ACTIVE
ACC04120,C04120,232500000,ACTIVE
ACC04121,C04121,50400000,ACTIVE
ACC04122,C04122,293600000,ACTIVE
ACC04123,C04123,452800000,ACTIVE
ACC04124,C04124,279200000,ACTIVE
ACC04125,C04125,311900000,ACTIVE
ACC04126,C04126,309100000,ACTIVE
ACC04127,C04127,97100000,ACTIVE
ACC04128,C04128,9600000,ACTIVE
ACC04129,C04129,327500000,ACTIVE
ACC04130,C04130,434300000,ACTIVE
ACC04131,C04131,63900000,ACTIVE
ACC04132,C04132,432600000,ACTIVE
ACC04133,C04133,234100000,CLOSED
ACC04134,C04134,311100000,ACTIVE
ACC04135,C04135,418700000,ACTIVE
ACC04136,C04136,392900000,ACTIVE
ACC04137,C04137,186200000,ACTIVE
ACC04138,C04138,302100000,ACTIVE
ACC04139,C04139,121500000,ACTIVE
ACC04140,C04140,26200000,ACTIVE
ACC04141,C04141,262500000,ACTIVE
ACC04142,C04142,280200000,ACTIVE
ACC04143,C04143,129700000,ACTIVE
ACC04144,C04144,397100000,CLOSED
ACC04145,C04145,42500000,ACTIVE
ACC04146,C04146,370800000,ACTIVE
ACC04147,C04147,400700000,ACTIVE
ACC04148,C04148,244400000,ACTIVE
ACC04149,C04149,327400000,ACTIVE
ACC04150,C04150,440600000,ACTIVE
ACC04151,C04151,54400000,ACTIVE
ACC04152,C04152,430400000,ACTIVE
ACC04153,C04153,131800000,ACTIVE
ACC04154,C04154,457000000,ACTIVE
ACC04155,C04155,417200000,ACTIVE
ACC04156,C04156,41700000,BLOCKED
ACC04157,C04157,152600000,ACTIVE
ACC04158,C04158,343500000,ACTIVE
ACC04159,C04159,114600000,ACTIVE
ACC04160,C04160,459900000,BLOCKED
ACC04161,C04161,293900000,ACTIVE
ACC04162,C04162,306300000,ACTIVE
ACC04163,C04163,476200000,ACTIVE
ACC04164,C04164,349100000,ACTIVE
ACC04165,C04165,209700000,CLOSED
ACC04166,C04166,213000000,ACTIVE
ACC04167,C04167,297000000,BLOCKED
ACC04168,C04168,13200000,ACTIVE
ACC04169,C04169,357500000,BLOCKED
ACC04170,C04170,477700000,ACTIVE
ACC04171,C04171,8500000,BLOCKED
ACC04172,C04172,66700000,ACTIVE
ACC04173,C04173,129100000,ACTIVE
ACC04174,C04174,33400000,ACTIVE
ACC04175,C04175,232200000,ACTIVE
ACC04176,C04176,355600000,ACTIVE
ACC04177,C04177,157500000,ACTIVE
ACC04178,C04178,400800000,ACTIVE
ACC04179,C04179,421100000,ACTIVE
ACC04180,C04180,242600000,ACTIVE
ACC04181,C04181,204300000,ACTIVE
ACC04182,C04182,6900000,ACTIVE
ACC04183,C04183,403700000,ACTIVE
ACC04184,C04184,76500000,ACTIVE
ACC04185,C04185,269600000,CLOSED
ACC04186,C04186,112000000,BLOCKED
ACC04187,C04187,348600000,ACTIVE
ACC04188,C04188,451100000,ACTIVE
ACC04189,C04189,11300000,ACTIVE
ACC04190,C04190,258600000,ACTIVE
ACC04191,C04191,483600000,CLOSED
ACC04192,C04192,389200000,ACTIVE
ACC04193,C04193,133000000,ACTIVE
ACC04194,C04194,475300000,ACTIVE
ACC04195,C04195,451700000,ACTIVE
ACC04196,C04196,360700000,ACTIVE
ACC04197,C04197,51300000,ACTIVE
ACC04198,C04198,45100000,ACTIVE
ACC04199,C04199,126300000,ACTIVE
ACC04200,C04200,250900000,CLOSED
ACC04201,C04201,413400000,CLOSED
ACC04202,C04202,279600000,ACTIVE
ACC04203,C04203,485200000,ACTIVE
ACC04204,C04204,210100000,ACTIVE
ACC04205,C04205,354200000,CLOSED
ACC04206,C04206,413000000,ACTIVE
ACC04207,C04207,364900000,ACTIVE
ACC04208,C04208,62100000,ACTIVE
ACC04209,C04209,60500000,ACTIVE
ACC04210,C04210,481900000,CLOSED
ACC04211,C04211,297100000,ACTIVE
ACC04212,C04212,137200000,ACTIVE
ACC04213,C04213,189300000,ACTIVE
ACC04214,C04214,11600000,ACTIVE
ACC04215,C04215,141800000,ACTIVE
ACC04216,C04216,208000000,ACTIVE
ACC04217,C04217,200600000,ACTIVE
ACC04218,C04218,326900000,ACTIVE
ACC04219,C04219,101300000,ACTIVE
ACC04220,C04220,494300000,ACTIVE
ACC04221,C04221,491700000,CLOSED
ACC04222,C04222,326500000,ACTIVE
ACC04223,C04223,335500000,ACTIVE
ACC04224,C04224,467500000,ACTIVE
ACC04225,C04225,336000000,BLOCKED
ACC04226,C04226,467300000,CLOSED
ACC04227,C04227,489900000,ACTIVE
ACC04228,C04228,92500000,ACTIVE
ACC04229,C04229,278300000,ACTIVE
ACC04230,C04230,315500000,ACTIVE
ACC04231,C04231,55900000,ACTIVE
ACC04232,C04232,203000000,ACTIVE
ACC04233,C04233,90500000,ACTIVE
ACC04234,C04234,28200000,ACTIVE
ACC04235,C04235,394600000,ACTIVE
ACC04236,C04236,40500000,ACTIVE
ACC04237,C04237,435400000,ACTIVE
ACC04238,C04238,350800000,ACTIVE
ACC04239,C04239,135600000,ACTIVE
ACC04240,C04240,407300000,ACTIVE
ACC04241,C04241,484600000,ACTIVE
ACC04242,C04242,240200000,ACTIVE
ACC04243,C04243,460600000,ACTIVE
ACC04244,C04244,398200000,ACTIVE
ACC04245,C04245,342600000,ACTIVE
ACC04246,C04246,420100000,ACTIVE
ACC04247,C04247,471700000,ACTIVE
ACC04248,C04248,393000000,ACTIVE
ACC04249,C04249,203800000,CLOSED
ACC04250,C04250,221500000,ACTIVE
ACC04251,C04251,117100000,CLOSED
ACC04252,C04252,206600000,ACTIVE
ACC04253,C04253,16800000,ACTIVE
ACC04254,C04254,21700000,ACTIVE
ACC04255,C04255,336300000,BLOCKED
ACC04256,C04256,337400000,ACTIVE
ACC04257,C04257,273900000,ACTIVE
ACC04258,C04258,31400000,ACTIVE
ACC04259,C04259,460800000,ACTIVE
ACC04260,C04260,58800000,ACTIVE
ACC04261,C04261,353900000,ACTIVE
ACC04262,C04262,488000000,ACTIVE
ACC04263,C04263,98700000,ACTIVE
ACC04264,C04264,101300000,ACTIVE
ACC04265,C04265,302500000,ACTIVE
ACC04266,C04266,160300000,ACTIVE
ACC04267,C04267,38700000,ACTIVE
ACC04268,C04268,24900000,ACTIVE
ACC04269,C04269,132900000,ACTIVE
ACC04270,C04270,127000000,ACTIVE
ACC04271,C04271,455100000,ACTIVE
ACC04272,C04272,1400000,ACTIVE
ACC04273,C04273,312800000,ACTIVE
ACC04274,C04274,216000000,ACTIVE
ACC04275,C04275,237100000,ACTIVE
ACC04276,C04276,458500000,ACTIVE
ACC04277,C04277,261800000,ACTIVE
ACC04278,C04278,176200000,CLOSED
ACC04279,C04279,96900000,ACTIVE
ACC04280,C04280,453000000,BLOCKED
ACC04281,C04281,31600000,ACTIVE
ACC04282,C04282,230700000,CLOSED
ACC04283,C04283,169900000,ACTIVE
ACC04284,C04284,419000000,ACTIVE
ACC04285,C04285,94800000,ACTIVE
ACC04286,C04286,356600000,BLOCKED
ACC04287,C04287,81400000,ACTIVE
ACC04288,C04288,226600000,ACTIVE
ACC04289,C04289,197500000,ACTIVE
ACC04290,C04290,439000000,ACTIVE
ACC04291,C04291,342200000,ACTIVE
ACC04292,C04292,143600000,ACTIVE
ACC04293,C04293,474200000,ACTIVE
ACC04294,C04294,425100000,ACTIVE
ACC04295,C04295,202900000,ACTIVE
ACC04296,C04296,480600000,ACTIVE
ACC04297,C04297,266500000,ACTIVE
ACC04298,C04298,405600000,ACTIVE
ACC04299,C04299,287100000,BLOCKED
ACC04300,C04300,289200000,ACTIVE
ACC04301,C04301,436300000,ACTIVE
ACC04302,C04302,141900000,ACTIVE
ACC04303,C04303,436900000,ACTIVE
ACC04304,C04304,15800000,ACTIVE
ACC04305,C04305,190200000,ACTIVE
ACC04306,C04306,201000000,CLOSED
ACC04307,C04307,452100000,ACTIVE
ACC04308,C04308,41100000,ACTIVE
ACC04309,C04309,395300000,ACTIVE
ACC04310,C04310,397700000,ACTIVE
ACC04311,C04311,162000000,ACTIVE
ACC04312,C04312,403800000,ACTIVE
ACC04313,C04313,117600000,ACTIVE
ACC04314,C04314,444600000,ACTIVE
ACC04315,C04315,395900000,CLOSED
ACC04316,C04316,366200000,ACTIVE
ACC04317,C04317,381000000,ACTIVE
ACC04318,C04318,45800000,ACTIVE
ACC04319,C04319,292700000,ACTIVE
ACC04320,C04320,36200000,ACTIVE
ACC04321,C04321,50200000,ACTIVE
ACC04322,C04322,215800000,ACTIVE
ACC04323,C04323,318800000,ACTIVE
ACC04324,C04324,14300000,ACTIVE
ACC04325,C04325,79900000,ACTIVE
ACC04326,C04326,321600000,ACTIVE
ACC04327,C04327,366700000,ACTIVE
ACC04328,C04328,3700000,ACTIVE
ACC04329,C04329,299300000,ACTIVE
ACC04330,C04330,324100000,ACTIVE
ACC04331,C04331,76900000,BLOCKED
ACC04332,C04332,127200000,ACTIVE
ACC04333,C04333,51300000,ACTIVE
ACC04334,C04334,68700000,ACTIVE
ACC04335,C04335,436700000,CLOSED
ACC04336,C04336,333600000,BLOCKED
ACC04337,C04337,306400000,ACTIVE
ACC04338,C04338,179500000,ACTIVE
ACC04339,C04339,458500000,ACTIVE
ACC04340,C04340,374600000,ACTIVE
ACC04341,C04341,145900000,ACTIVE
ACC04342,C04342,270000000,ACTIVE
ACC04343,C04343,488900000,ACTIVE
ACC04344,C04344,420400000,ACTIVE
ACC04345,C04345,297100000,ACTIVE
ACC04346,C04346,190500000,ACTIVE
ACC04347,C04347,72600000,ACTIVE
ACC04348,C04348,325100000,ACTIVE
ACC04349,C04349,313600000,ACTIVE
ACC04350,C04350,262500000,ACTIVE
ACC04351,C04351,160200000,ACTIVE
ACC04352,C04352,88700000,ACTIVE
ACC04353,C04353,189500000,CLOSED
ACC04354,C04354,329200000,ACTIVE
ACC04355,C04355,187000000,ACTIVE
ACC04356,C04356,368700000,ACTIVE
ACC04357,C04357,338000000,ACTIVE
ACC04358,C04358,283000000,ACTIVE
ACC04359,C04359,493000000,ACTIVE
ACC04360,C04360,353900000,ACTIVE
ACC04361,C04361,419500000,ACTIVE
ACC04362,C04362,430900000,ACTIVE
ACC04363,C04363,33700000,ACTIVE
ACC04364,C04364,193800000,ACTIVE
ACC04365,C04365,84600000,ACTIVE
ACC04366,C04366,49300000,ACTIVE
ACC04367,C04367,45400000,ACTIVE
ACC04368,C04368,489100000,ACTIVE
ACC04369,C04369,82100000,ACTIVE
ACC04370,C04370,197400000,ACTIVE
ACC04371,C04371,130600000,ACTIVE
ACC04372,C04372,106100000,ACTIVE
ACC04373,C04373,74500000,ACTIVE
ACC04374,C04374,71200000,ACTIVE
ACC04375,C04375,424400000,ACTIVE
ACC04376,C04376,29800000,ACTIVE
ACC04377,C04377,140800000,ACTIVE
ACC04378,C04378,292800000,ACTIVE
ACC04379,C04379,233500000,ACTIVE
ACC04380,C04380,382200000,ACTIVE
ACC04381,C04381,149600000,ACTIVE
ACC04382,C04382,155000000,ACTIVE
ACC04383,C04383,249300000,ACTIVE
ACC04384,C04384,146400000,CLOSED
ACC04385,C04385,234700000,ACTIVE
ACC04386,C04386,147100000,ACTIVE
ACC04387,C04387,84900000,ACTIVE
ACC04388,C04388,196500000,ACTIVE
ACC04389,C04389,357700000,ACTIVE
ACC04390,C04390,384100000,ACTIVE
ACC04391,C04391,268700000,ACTIVE
ACC04392,C04392,60000000,ACTIVE
ACC04393,C04393,90600000,ACTIVE
ACC04394,C04394,4800000,BLOCKED
ACC04395,C04395,35300000,ACTIVE
ACC04396,C04396,329100000,ACTIVE
ACC04397,C04397,447800000,ACTIVE
ACC04398,C04398,436100000,ACTIVE
ACC04399,C04399,181200000,BLOCKED
ACC04400,C04400,11000000,ACTIVE
ACC04401,C04401,235300000,ACTIVE
ACC04402,C04402,414600000,ACTIVE
ACC04403,C04403,202700000,ACTIVE
ACC04404,C04404,299700000,ACTIVE
ACC04405,C04405,418500000,ACTIVE
ACC04406,C04406,402900000,ACTIVE
ACC04407,C04407,147400000,ACTIVE
ACC04408,C04408,451700000,ACTIVE
ACC04409,C04409,59800000,ACTIVE
ACC04410,C04410,279400000,ACTIVE
ACC04411,C04411,55000000,ACTIVE
ACC04412,C04412,287300000,ACTIVE
ACC04413,C04413,414000000,ACTIVE
ACC04414,C04414,235400000,ACTIVE
ACC04415,C04415,90200000,ACTIVE
ACC04416,C04416,430600000,ACTIVE
ACC04417,C04417,101600000,CLOSED
ACC04418,C04418,118600000,ACTIVE
ACC04419,C04419,23800000,ACTIVE
ACC04420,C04420,171900000,BLOCKED
ACC04421,C04421,496200000,CLOSED
ACC04422,C04422,108900000,ACTIVE
ACC04423,C04423,170200000,ACTIVE
ACC04424,C04424,307900000,ACTIVE
ACC04425,C04425,252500000,ACTIVE
ACC04426,C04426,378800000,ACTIVE
ACC04427,C04427,270900000,ACTIVE
ACC04428,C04428,194600000,ACTIVE
ACC04429,C04429,175400000,ACTIVE
ACC04430,C04430,410000000,ACTIVE
ACC04431,C04431,127200000,ACTIVE
ACC04432,C04432,238600000,ACTIVE
ACC04433,C04433,219300000,ACTIVE
ACC04434,C04434,271100000,ACTIVE
ACC04435,C04435,48300000,CLOSED
ACC04436,C04436,492700000,ACTIVE
ACC04437,C04437,353700000,ACTIVE
ACC04438,C04438,133900000,ACTIVE
ACC04439,C04439,467100000,ACTIVE
ACC04440,C04440,49000000,ACTIVE
ACC04441,C04441,307900000,ACTIVE
ACC04442,C04442,66200000,ACTIVE
ACC04443,C04443,418700000,ACTIVE
ACC04444,C04444,486600000,BLOCKED
ACC04445,C04445,44800000,ACTIVE
ACC04446,C04446,248800000,ACTIVE
ACC04447,C04447,412800000,ACTIVE
ACC04448,C04448,42200000,ACTIVE
ACC04449,C04449,353600000,ACTIVE
ACC04450,C04450,280400000,ACTIVE
ACC04451,C04451,170700000,ACTIVE
ACC04452,C04452,317300000,ACTIVE
ACC04453,C04453,234500000,ACTIVE
ACC04454,C04454,290400000,ACTIVE
ACC04455,C04455,393800000,ACTIVE
ACC04456,C04456,491300000,ACTIVE
ACC04457,C04457,107500000,ACTIVE
ACC04458,C04458,174400000,ACTIVE
ACC04459,C04459,462600000,ACTIVE
ACC04460,C04460,127300000,ACTIVE
ACC04461,C04461,172300000,BLOCKED
ACC04462,C04462,218300000,ACTIVE
ACC04463,C04463,211400000,ACTIVE
ACC04464,C04464,382300000,ACTIVE
ACC04465,C04465,254400000,ACTIVE
ACC04466,C04466,18200000,ACTIVE
ACC04467,C04467,325000000,ACTIVE
ACC04468,C04468,170200000,ACTIVE
ACC04469,C04469,108400000,ACTIVE
ACC04470,C04470,368300000,ACTIVE
ACC04471,C04471,223900000,ACTIVE
ACC04472,C04472,280600000,ACTIVE
ACC04473,C04473,367800000,ACTIVE
ACC04474,C04474,180000000,ACTIVE
ACC04475,C04475,35900000,ACTIVE
ACC04476,C04476,243400000,ACTIVE
ACC04477,C04477,275800000,ACTIVE
ACC04478,C04478,80500000,ACTIVE
ACC04479,C04479,371900000,ACTIVE
ACC04480,C04480,257900000,ACTIVE
ACC04481,C04481,88000000,ACTIVE
ACC04482,C04482,305100000,ACTIVE
ACC04483,C04483,214400000,ACTIVE
ACC04484,C04484,422600000,ACTIVE
ACC04485,C04485,99300000,ACTIVE
ACC04486,C04486,161200000,ACTIVE
ACC04487,C04487,61900000,ACTIVE
ACC04488,C04488,415000000,ACTIVE
ACC04489,C04489,490500000,CLOSED
ACC04490,C04490,427400000,ACTIVE
ACC04491,C04491,463800000,ACTIVE
ACC04492,C04492,370500000,ACTIVE
ACC04493,C04493,164400000,ACTIVE
ACC04494,C04494,480000000,CLOSED
ACC04495,C04495,374300000,ACTIVE
ACC04496,C04496,15000000,ACTIVE
ACC04497,C04497,497800000,ACTIVE
ACC04498,C04498,27000000,ACTIVE
ACC04499,C04499,198200000,ACTIVE
ACC04500,C04500,187700000,BLOCKED
ACC04501,C04501,437900000,ACTIVE
ACC04502,C04502,199500000,ACTIVE
ACC04503,C04503,136600000,ACTIVE
ACC04504,C04504,4900000,ACTIVE
ACC04505,C04505,260300000,ACTIVE
ACC04506,C04506,482600000,ACTIVE
ACC04507,C04507,111800000,ACTIVE
ACC04508,C04508,146300000,ACTIVE
ACC04509,C04509,146000000,ACTIVE
ACC04510,C04510,265700000,ACTIVE
ACC04511,C04511,55800000,ACTIVE
ACC04512,C04512,378500000,ACTIVE
ACC04513,C04513,124200000,ACTIVE
ACC04514,C04514,179300000,ACTIVE
ACC04515,C04515,338800000,ACTIVE
ACC04516,C04516,371600000,ACTIVE
ACC04517,C04517,221000000,ACTIVE
ACC04518,C04518,281900000,ACTIVE
ACC04519,C04519,445500000,ACTIVE
ACC04520,C04520,54200000,ACTIVE
ACC04521,C04521,104200000,ACTIVE
ACC04522,C04522,362100000,ACTIVE
ACC04523,C04523,26600000,CLOSED
ACC04524,C04524,321200000,ACTIVE
ACC04525,C04525,94300000,BLOCKED
ACC04526,C04526,109800000,ACTIVE
ACC04527,C04527,310700000,ACTIVE
ACC04528,C04528,72000000,ACTIVE
ACC04529,C04529,80600000,ACTIVE
ACC04530,C04530,271600000,ACTIVE
ACC04531,C04531,64900000,ACTIVE
ACC04532,C04532,358100000,CLOSED
ACC04533,C04533,301200000,ACTIVE
ACC04534,C04534,87600000,ACTIVE
ACC04535,C04535,321800000,ACTIVE
ACC04536,C04536,157800000,ACTIVE
ACC04537,C04537,46900000,ACTIVE
ACC04538,C04538,357700000,ACTIVE
ACC04539,C04539,205600000,CLOSED
ACC04540,C04540,498400000,ACTIVE
ACC04541,C04541,218500000,ACTIVE
ACC04542,C04542,465000000,ACTIVE
ACC04543,C04543,198800000,ACTIVE
ACC04544,C04544,295700000,ACTIVE
ACC04545,C04545,367100000,ACTIVE
ACC04546,C04546,15500000,BLOCKED
ACC04547,C04547,218400000,ACTIVE
ACC04548,C04548,442100000,ACTIVE
ACC04549,C04549,192100000,ACTIVE
ACC04550,C04550,194700000,BLOCKED
ACC04551,C04551,55800000,ACTIVE
ACC04552,C04552,90600000,ACTIVE
ACC04553,C04553,152900000,ACTIVE
ACC04554,C04554,146600000,ACTIVE
ACC04555,C04555,418500000,ACTIVE
ACC04556,C04556,472900000,ACTIVE
ACC04557,C04557,440600000,CLOSED
ACC04558,C04558,204000000,ACTIVE
ACC04559,C04559,200700000,ACTIVE
ACC04560,C04560,238300000,ACTIVE
ACC04561,C04561,367100000,ACTIVE
ACC04562,C04562,63200000,ACTIVE
ACC04563,C04563,3400000,ACTIVE
ACC04564,C04564,398500000,ACTIVE
ACC04565,C04565,117200000,ACTIVE
ACC04566,C04566,187000000,ACTIVE
ACC04567,C04567,138200000,ACTIVE
ACC04568,C04568,230500000,ACTIVE
ACC04569,C04569,17200000,ACTIVE
ACC04570,C04570,233700000,ACTIVE
ACC04571,C04571,335400000,ACTIVE
ACC04572,C04572,220900000,ACTIVE
ACC04573,C04573,135200000,ACTIVE
ACC04574,C04574,227100000,ACTIVE
ACC04575,C04575,200500000,ACTIVE
ACC04576,C04576,302700000,ACTIVE
ACC04577,C04577,305600000,ACTIVE
ACC04578,C04578,71500000,ACTIVE
ACC04579,C04579,9100000,ACTIVE
ACC04580,C04580,125200000,ACTIVE
ACC04581,C04581,311700000,ACTIVE
ACC04582,C04582,114100000,ACTIVE
ACC04583,C04583,296200000,ACTIVE
ACC04584,C04584,305700000,ACTIVE
ACC04585,C04585,355400000,ACTIVE
ACC04586,C04586,131900000,CLOSED
ACC04587,C04587,272000000,ACTIVE
ACC04588,C04588,117400000,ACTIVE
ACC04589,C04589,189400000,ACTIVE
ACC04590,C04590,260700000,ACTIVE
ACC04591,C04591,271500000,ACTIVE
ACC04592,C04592,461400000,ACTIVE
ACC04593,C04593,469900000,ACTIVE
ACC04594,C04594,152000000,ACTIVE
ACC04595,C04595,407000000,ACTIVE
ACC04596,C04596,423300000,ACTIVE
ACC04597,C04597,65800000,ACTIVE
ACC04598,C04598,150800000,ACTIVE
ACC04599,C04599,12000000,ACTIVE
ACC04600,C04600,326600000,ACTIVE
ACC04601,C04601,299300000,ACTIVE
ACC04602,C04602,194900000,ACTIVE
ACC04603,C04603,183100000,ACTIVE
ACC04604,C04604,347800000,ACTIVE
ACC04605,C04605,305800000,ACTIVE
ACC04606,C04606,379600000,ACTIVE
ACC04607,C04607,475300000,ACTIVE
ACC04608,C04608,167500000,ACTIVE
ACC04609,C04609,267300000,ACTIVE
ACC04610,C04610,340000000,ACTIVE
ACC04611,C04611,394700000,ACTIVE
ACC04612,C04612,469100000,ACTIVE
ACC04613,C04613,25600000,CLOSED
ACC04614,C04614,35800000,ACTIVE
ACC04615,C04615,70100000,ACTIVE
ACC04616,C04616,54500000,CLOSED
ACC04617,C04617,185500000,ACTIVE
ACC04618,C04618,81300000,ACTIVE
ACC04619,C04619,151900000,BLOCKED
ACC04620,C04620,451400000,ACTIVE
ACC04621,C04621,401100000,ACTIVE
ACC04622,C04622,8200000,ACTIVE
ACC04623,C04623,81900000,ACTIVE
ACC04624,C04624,292400000,ACTIVE
ACC04625,C04625,284600000,ACTIVE
ACC04626,C04626,149300000,ACTIVE
ACC04627,C04627,216600000,ACTIVE
ACC04628,C04628,345300000,ACTIVE
ACC04629,C04629,442700000,ACTIVE
ACC04630,C04630,190700000,ACTIVE
ACC04631,C04631,250000000,CLOSED
ACC04632,C04632,318300000,ACTIVE
ACC04633,C04633,302900000,ACTIVE
ACC04634,C04634,431900000,ACTIVE
ACC04635,C04635,35400000,ACTIVE
ACC04636,C04636,286200000,ACTIVE
ACC04637,C04637,295400000,ACTIVE
ACC04638,C04638,331900000,ACTIVE
ACC04639,C04639,47100000,ACTIVE
ACC04640,C04640,167700000,ACTIVE
ACC04641,C04641,361100000,ACTIVE
ACC04642,C04642,223800000,ACTIVE
ACC04643,C04643,69200000,ACTIVE
ACC04644,C04644,467700000,ACTIVE
ACC04645,C04645,383000000,ACTIVE
ACC04646,C04646,393200000,ACTIVE
ACC04647,C04647,81000000,ACTIVE
ACC04648,C04648,122600000,ACTIVE
ACC04649,C04649,102600000,ACTIVE
ACC04650,C04650,270700000,ACTIVE
ACC04651,C04651,278400000,ACTIVE
ACC04652,C04652,318400000,ACTIVE
ACC04653,C04653,465800000,ACTIVE
ACC04654,C04654,293000000,ACTIVE
ACC04655,C04655,198600000,ACTIVE
ACC04656,C04656,473600000,ACTIVE
ACC04657,C04657,268300000,ACTIVE
ACC04658,C04658,8700000,ACTIVE
ACC04659,C04659,320000000,ACTIVE
ACC04660,C04660,97500000,ACTIVE
ACC04661,C04661,226700000,ACTIVE
ACC04662,C04662,374100000,ACTIVE
ACC04663,C04663,54100000,ACTIVE
ACC04664,C04664,96100000,ACTIVE
ACC04665,C04665,299400000,ACTIVE
ACC04666,C04666,78500000,ACTIVE
ACC04667,C04667,482200000,BLOCKED
ACC04668,C04668,406900000,ACTIVE
ACC04669,C04669,480300000,ACTIVE
ACC04670,C04670,491700000,ACTIVE
ACC04671,C04671,280700000,ACTIVE
ACC04672,C04672,443700000,ACTIVE
ACC04673,C04673,67400000,ACTIVE
ACC04674,C04674,143200000,ACTIVE
ACC04675,C04675,258000000,ACTIVE
ACC04676,C04676,308900000,ACTIVE
ACC04677,C04677,168700000,ACTIVE
ACC04678,C04678,177200000,ACTIVE
ACC04679,C04679,65800000,ACTIVE
ACC04680,C04680,129900000,ACTIVE
ACC04681,C04681,120100000,ACTIVE
ACC04682,C04682,29700000,ACTIVE
ACC04683,C04683,296800000,ACTIVE
ACC04684,C04684,146500000,ACTIVE
ACC04685,C04685,261400000,ACTIVE
ACC04686,C04686,296100000,ACTIVE
ACC04687,C04687,464200000,BLOCKED
ACC04688,C04688,221200000,ACTIVE
ACC04689,C04689,236600000,ACTIVE
ACC04690,C04690,97100000,ACTIVE
ACC04691,C04691,219400000,ACTIVE
ACC04692,C04692,135300000,ACTIVE
ACC04693,C04693,216200000,ACTIVE
ACC04694,C04694,32600000,ACTIVE
ACC04695,C04695,398400000,ACTIVE
ACC04696,C04696,41700000,ACTIVE
ACC04697,C04697,31300000,ACTIVE
ACC04698,C04698,432600000,ACTIVE
ACC04699,C04699,347900000,ACTIVE
ACC04700,C04700,134000000,ACTIVE
ACC04701,C04701,113000000,ACTIVE
ACC04702,C04702,321300000,BLOCKED
ACC04703,C04703,19200000,ACTIVE
ACC04704,C04704,122600000,ACTIVE
ACC04705,C04705,461200000,ACTIVE
ACC04706,C04706,351600000,ACTIVE
ACC04707,C04707,367400000,ACTIVE
ACC04708,C04708,438400000,ACTIVE
ACC04709,C04709,63200000,ACTIVE
ACC04710,C04710,339700000,ACTIVE
ACC04711,C04711,494100000,ACTIVE
ACC04712,C04712,423400000,ACTIVE
ACC04713,C04713,343800000,ACTIVE
ACC04714,C04714,322100000,ACTIVE
ACC04715,C04715,211500000,BLOCKED
ACC04716,C04716,350500000,ACTIVE
ACC04717,C04717,331100000,ACTIVE
ACC04718,C04718,232800000,ACTIVE
ACC04719,C04719,75000000,ACTIVE
ACC04720,C04720,396100000,ACTIVE
ACC04721,C04721,312800000,ACTIVE
ACC04722,C04722,281200000,CLOSED
ACC04723,C04723,47400000,ACTIVE
ACC04724,C04724,142600000,ACTIVE
ACC04725,C04725,500000000,CLOSED
ACC04726,C04726,263600000,ACTIVE
ACC04727,C04727,487900000,CLOSED
ACC04728,C04728,476400000,ACTIVE
ACC04729,C04729,434600000,ACTIVE
ACC04730,C04730,270200000,ACTIVE
ACC04731,C04731,468400000,ACTIVE
ACC04732,C04732,282600000,ACTIVE
ACC04733,C04733,15700000,ACTIVE
ACC04734,C04734,10200000,ACTIVE
ACC04735,C04735,223500000,ACTIVE
ACC04736,C04736,383400000,BLOCKED
ACC04737,C04737,222700000,ACTIVE
ACC04738,C04738,4700000,ACTIVE
ACC04739,C04739,264100000,ACTIVE
ACC04740,C04740,386500000,CLOSED
ACC04741,C04741,472500000,CLOSED
ACC04742,C04742,340400000,ACTIVE
ACC04743,C04743,177400000,ACTIVE
ACC04744,C04744,337700000,ACTIVE
ACC04745,C04745,219200000,ACTIVE
ACC04746,C04746,192400000,ACTIVE
ACC04747,C04747,275900000,ACTIVE
ACC04748,C04748,268200000,ACTIVE
ACC04749,C04749,497500000,ACTIVE
ACC04750,C04750,179700000,ACTIVE
ACC04751,C04751,10200000,ACTIVE
ACC04752,C04752,347300000,BLOCKED
ACC04753,C04753,119200000,ACTIVE
ACC04754,C04754,448000000,ACTIVE
ACC04755,C04755,15300000,ACTIVE
ACC04756,C04756,351300000,ACTIVE
ACC04757,C04757,105500000,ACTIVE
ACC04758,C04758,443400000,ACTIVE
ACC04759,C04759,131300000,ACTIVE
ACC04760,C04760,474400000,BLOCKED
ACC04761,C04761,211300000,ACTIVE
ACC04762,C04762,486300000,ACTIVE
ACC04763,C04763,216700000,ACTIVE
ACC04764,C04764,359500000,ACTIVE
ACC04765,C04765,440900000,ACTIVE
ACC04766,C04766,467700000,ACTIVE
ACC04767,C04767,193200000,BLOCKED
ACC04768,C04768,263200000,ACTIVE
ACC04769,C04769,299100000,ACTIVE
ACC04770,C04770,457300000,ACTIVE
ACC04771,C04771,95100000,ACTIVE
ACC04772,C04772,417100000,ACTIVE
ACC04773,C04773,497300000,ACTIVE
ACC04774,C04774,436700000,ACTIVE
ACC04775,C04775,394400000,ACTIVE
ACC04776,C04776,487600000,BLOCKED
ACC04777,C04777,53100000,ACTIVE
ACC04778,C04778,482600000,ACTIVE
ACC04779,C04779,345700000,ACTIVE
ACC04780,C04780,426600000,ACTIVE
ACC04781,C04781,450400000,ACTIVE
ACC04782,C04782,169900000,ACTIVE
ACC04783,C04783,466400000,ACTIVE
ACC04784,C04784,135000000,ACTIVE
ACC04785,C04785,439500000,ACTIVE
ACC04786,C04786,426500000,CLOSED
ACC04787,C04787,220600000,ACTIVE
ACC04788,C04788,156100000,ACTIVE
ACC04789,C04789,343900000,ACTIVE
ACC04790,C04790,395500000,ACTIVE
ACC04791,C04791,19200000,ACTIVE
ACC04792,C04792,87500000,ACTIVE
ACC04793,C04793,47700000,ACTIVE
ACC04794,C04794,119100000,ACTIVE
ACC04795,C04795,229500000,ACTIVE
ACC04796,C04796,433700000,ACTIVE
ACC04797,C04797,333700000,ACTIVE
ACC04798,C04798,398600000,ACTIVE
ACC04799,C04799,330500000,ACTIVE
ACC04800,C04800,469900000,ACTIVE
ACC04801,C04801,466200000,ACTIVE
ACC04802,C04802,203000000,CLOSED
ACC04803,C04803,22300000,ACTIVE
ACC04804,C04804,170700000,ACTIVE
ACC04805,C04805,422400000,ACTIVE
ACC04806,C04806,44300000,ACTIVE
ACC04807,C04807,129000000,ACTIVE
ACC04808,C04808,384600000,ACTIVE
ACC04809,C04809,411600000,ACTIVE
ACC04810,C04810,289800000,ACTIVE
ACC04811,C04811,393600000,ACTIVE
ACC04812,C04812,445700000,ACTIVE
ACC04813,C04813,25800000,ACTIVE
ACC04814,C04814,442200000,ACTIVE
ACC04815,C04815,478800000,ACTIVE
ACC04816,C04816,485600000,ACTIVE
ACC04817,C04817,436300000,ACTIVE
ACC04818,C04818,92300000,ACTIVE
ACC04819,C04819,338600000,ACTIVE
ACC04820,C04820,351200000,CLOSED
ACC04821,C04821,167000000,ACTIVE
ACC04822,C04822,315800000,ACTIVE
ACC04823,C04823,175600000,ACTIVE
ACC04824,C04824,116800000,ACTIVE
ACC04825,C04825,69800000,ACTIVE
ACC04826,C04826,452800000,ACTIVE
ACC04827,C04827,412700000,BLOCKED
ACC04828,C04828,36400000,ACTIVE
ACC04829,C04829,195100000,ACTIVE
ACC04830,C04830,203800000,ACTIVE
ACC04831,C04831,160200000,ACTIVE
ACC04832,C04832,140900000,ACTIVE
ACC04833,C04833,464200000,ACTIVE
ACC04834,C04834,343100000,ACTIVE
ACC04835,C04835,319100000,ACTIVE
ACC04836,C04836,300500000,ACTIVE
ACC04837,C04837,196600000,ACTIVE
ACC04838,C04838,290500000,ACTIVE
ACC04839,C04839,76500000,ACTIVE
ACC04840,C04840,232000000,ACTIVE
ACC04841,C04841,94200000,ACTIVE
ACC04842,C04842,224200000,ACTIVE
ACC04843,C04843,412700000,ACTIVE
ACC04844,C04844,193900000,ACTIVE
ACC04845,C04845,270700000,ACTIVE
ACC04846,C04846,91400000,ACTIVE
ACC04847,C04847,44600000,CLOSED
ACC04848,C04848,22800000,ACTIVE
ACC04849,C04849,381300000,ACTIVE
ACC04850,C04850,96800000,ACTIVE
ACC04851,C04851,5400000,ACTIVE
ACC04852,C04852,101800000,ACTIVE
ACC04853,C04853,60200000,ACTIVE
ACC04854,C04854,266600000,CLOSED
ACC04855,C04855,358600000,ACTIVE
ACC04856,C04856,452800000,ACTIVE
ACC04857,C04857,214400000,ACTIVE
ACC04858,C04858,239800000,ACTIVE
ACC04859,C04859,429200000,ACTIVE
ACC04860,C04860,205000000,CLOSED
ACC04861,C04861,469800000,ACTIVE
ACC04862,C04862,435500000,ACTIVE
ACC04863,C04863,293100000,ACTIVE
ACC04864,C04864,174900000,ACTIVE
ACC04865,C04865,461100000,ACTIVE
ACC04866,C04866,264300000,ACTIVE
ACC04867,C04867,449100000,ACTIVE
ACC04868,C04868,56900000,ACTIVE
ACC04869,C04869,434400000,ACTIVE
ACC04870,C04870,221100000,ACTIVE
ACC04871,C04871,443800000,ACTIVE
ACC04872,C04872,280000000,ACTIVE
ACC04873,C04873,243000000,ACTIVE
ACC04874,C04874,191000000,ACTIVE
ACC04875,C04875,104800000,ACTIVE
ACC04876,C04876,73300000,ACTIVE
ACC04877,C04877,207400000,ACTIVE
ACC04878,C04878,43400000,ACTIVE
ACC04879,C04879,467200000,CLOSED
ACC04880,C04880,236400000,ACTIVE
ACC04881,C04881,80700000,ACTIVE
ACC04882,C04882,137100000,ACTIVE
ACC04883,C04883,62700000,ACTIVE
ACC04884,C04884,88500000,ACTIVE
ACC04885,C04885,108700000,ACTIVE
ACC04886,C04886,485600000,ACTIVE
ACC04887,C04887,32200000,ACTIVE
ACC04888,C04888,156800000,ACTIVE
ACC04889,C04889,277700000,ACTIVE
ACC04890,C04890,439700000,ACTIVE
ACC04891,C04891,245700000,ACTIVE
ACC04892,C04892,346000000,ACTIVE
ACC04893,C04893,233100000,ACTIVE
ACC04894,C04894,268600000,ACTIVE
ACC04895,C04895,351500000,ACTIVE
ACC04896,C04896,137500000,ACTIVE
ACC04897,C04897,66000000,ACTIVE
ACC04898,C04898,341000000,ACTIVE
ACC04899,C04899,209900000,ACTIVE
ACC04900,C04900,384100000,ACTIVE
ACC04901,C04901,50700000,ACTIVE
ACC04902,C04902,480200000,ACTIVE
ACC04903,C04903,329800000,ACTIVE
ACC04904,C04904,387000000,ACTIVE
ACC04905,C04905,71800000,ACTIVE
ACC04906,C04906,325500000,ACTIVE
ACC04907,C04907,329100000,ACTIVE
ACC04908,C04908,263100000,CLOSED
ACC04909,C04909,485500000,ACTIVE
ACC04910,C04910,442100000,CLOSED
ACC04911,C04911,355500000,ACTIVE
ACC04912,C04912,280600000,ACTIVE
ACC04913,C04913,134600000,ACTIVE
ACC04914,C04914,183400000,ACTIVE
ACC04915,C04915,300100000,ACTIVE
ACC04916,C04916,465800000,ACTIVE
ACC04917,C04917,135700000,ACTIVE
ACC04918,C04918,54500000,ACTIVE
ACC04919,C04919,285100000,ACTIVE
ACC04920,C04920,274400000,ACTIVE
ACC04921,C04921,276800000,ACTIVE
ACC04922,C04922,207600000,ACTIVE
ACC04923,C04923,394300000,BLOCKED
ACC04924,C04924,108100000,ACTIVE
ACC04925,C04925,284500000,ACTIVE
ACC04926,C04926,398800000,ACTIVE
ACC04927,C04927,265900000,ACTIVE
ACC04928,C04928,23100000,ACTIVE
ACC04929,C04929,37900000,BLOCKED
ACC04930,C04930,56700000,ACTIVE
ACC04931,C04931,161800000,ACTIVE
ACC04932,C04932,95800000,ACTIVE
ACC04933,C04933,155200000,ACTIVE
ACC04934,C04934,193400000,ACTIVE
ACC04935,C04935,451200000,ACTIVE
ACC04936,C04936,300400000,ACTIVE
ACC04937,C04937,178800000,ACTIVE
ACC04938,C04938,215000000,BLOCKED
ACC04939,C04939,78500000,ACTIVE
ACC04940,C04940,67200000,ACTIVE
ACC04941,C04941,1600000,ACTIVE
ACC04942,C04942,388700000,ACTIVE
ACC04943,C04943,497100000,ACTIVE
ACC04944,C04944,231700000,ACTIVE
ACC04945,C04945,363400000,BLOCKED
ACC04946,C04946,403600000,ACTIVE
ACC04947,C04947,150300000,ACTIVE
ACC04948,C04948,92500000,ACTIVE
ACC04949,C04949,103700000,BLOCKED
ACC04950,C04950,299700000,ACTIVE
ACC04951,C04951,35600000,ACTIVE
ACC04952,C04952,127900000,ACTIVE
ACC04953,C04953,320000000,ACTIVE
ACC04954,C04954,352400000,ACTIVE
ACC04955,C04955,345300000,ACTIVE
ACC04956,C04956,355700000,ACTIVE
ACC04957,C04957,10700000,ACTIVE
ACC04958,C04958,89200000,ACTIVE
ACC04959,C04959,115400000,ACTIVE
ACC04960,C04960,423200000,ACTIVE
ACC04961,C04961,300300000,ACTIVE
ACC04962,C04962,466200000,ACTIVE
ACC04963,C04963,320700000,ACTIVE
ACC04964,C04964,257200000,ACTIVE
ACC04965,C04965,194600000,ACTIVE
ACC04966,C04966,162200000,ACTIVE
ACC04967,C04967,307300000,ACTIVE
ACC04968,C04968,171400000,ACTIVE
ACC04969,C04969,97700000,ACTIVE
ACC04970,C04970,469300000,ACTIVE
ACC04971,C04971,36400000,ACTIVE
ACC04972,C04972,476400000,ACTIVE
ACC04973,C04973,141800000,ACTIVE
ACC04974,C04974,413600000,ACTIVE
ACC04975,C04975,489800000,ACTIVE
ACC04976,C04976,427000000,CLOSED
ACC04977,C04977,128500000,ACTIVE
ACC04978,C04978,457100000,ACTIVE
ACC04979,C04979,87300000,ACTIVE
ACC04980,C04980,309400000,ACTIVE
ACC04981,C04981,359000000,ACTIVE
ACC04982,C04982,82800000,ACTIVE
ACC04983,C04983,240700000,ACTIVE
ACC04984,C04984,99700000,ACTIVE
ACC04985,C04985,27900000,ACTIVE
ACC04986,C04986,439000000,ACTIVE
ACC04987,C04987,263400000,BLOCKED
ACC04988,C04988,202300000,ACTIVE
ACC04989,C04989,385200000,ACTIVE
ACC04990,C04990,226500000,ACTIVE
ACC04991,C04991,163300000,ACTIVE
ACC04992,C04992,276500000,ACTIVE
ACC04993,C04993,480300000,ACTIVE
ACC04994,C04994,230600000,ACTIVE
ACC04995,C04995,333300000,ACTIVE
ACC04996,C04996,53900000,ACTIVE
ACC04997,C04997,156800000,ACTIVE
ACC04998,C04998,294800000,ACTIVE
ACC04999,C04999,123200000,ACTIVE
ACC05000,C05000,74900000,CLOSED
ACC05001,C05001,66100000,ACTIVE
ACC05002,C05002,389300000,ACTIVE
ACC05003,C05003,489000000,ACTIVE
ACC05004,C05004,287000000,ACTIVE
ACC05005,C05005,143800000,ACTIVE
ACC05006,C05006,376500000,ACTIVE
ACC05007,C05007,422500000,ACTIVE
ACC05008,C05008,394400000,ACTIVE
ACC05009,C05009,394100000,ACTIVE
ACC05010,C05010,129600000,ACTIVE
ACC05011,C05011,312600000,ACTIVE
ACC05012,C05012,243400000,ACTIVE
ACC05013,C05013,15400000,ACTIVE
ACC05014,C05014,489400000,ACTIVE
ACC05015,C05015,495700000,ACTIVE
ACC05016,C05016,475500000,ACTIVE
ACC05017,C05017,376100000,ACTIVE
ACC05018,C05018,155700000,ACTIVE
ACC05019,C05019,72800000,ACTIVE
ACC05020,C05020,298700000,ACTIVE
ACC05021,C05021,328700000,ACTIVE
ACC05022,C05022,364900000,ACTIVE
ACC05023,C05023,486400000,ACTIVE
ACC05024,C05024,108100000,ACTIVE
ACC05025,C05025,384200000,BLOCKED
ACC05026,C05026,174500000,ACTIVE
ACC05027,C05027,191400000,CLOSED
ACC05028,C05028,299500000,CLOSED
ACC05029,C05029,302800000,ACTIVE
ACC05030,C05030,469400000,ACTIVE
ACC05031,C05031,244800000,ACTIVE
ACC05032,C05032,343700000,ACTIVE
ACC05033,C05033,355600000,ACTIVE
ACC05034,C05034,269100000,ACTIVE
ACC05035,C05035,64300000,ACTIVE
ACC05036,C05036,457300000,ACTIVE
ACC05037,C05037,71800000,BLOCKED
ACC05038,C05038,348300000,BLOCKED
ACC05039,C05039,158000000,ACTIVE
ACC05040,C05040,175000000,ACTIVE
ACC05041,C05041,135700000,BLOCKED
ACC05042,C05042,164600000,ACTIVE
ACC05043,C05043,57900000,BLOCKED
ACC05044,C05044,213300000,ACTIVE
ACC05045,C05045,165200000,ACTIVE
ACC05046,C05046,381700000,ACTIVE
ACC05047,C05047,424600000,ACTIVE
ACC05048,C05048,149100000,ACTIVE
ACC05049,C05049,311900000,ACTIVE
ACC05050,C05050,288500000,ACTIVE
ACC05051,C05051,245200000,ACTIVE
ACC05052,C05052,463600000,ACTIVE
ACC05053,C05053,16000000,ACTIVE
ACC05054,C05054,41800000,ACTIVE
ACC05055,C05055,237200000,ACTIVE
ACC05056,C05056,118600000,CLOSED
ACC05057,C05057,220800000,ACTIVE
ACC05058,C05058,155700000,ACTIVE
ACC05059,C05059,259500000,ACTIVE
ACC05060,C05060,123900000,ACTIVE
ACC05061,C05061,420700000,ACTIVE
ACC05062,C05062,46300000,ACTIVE
ACC05063,C05063,309700000,ACTIVE
ACC05064,C05064,387500000,CLOSED
ACC05065,C05065,149400000,ACTIVE
ACC05066,C05066,175300000,ACTIVE
ACC05067,C05067,186000000,ACTIVE
ACC05068,C05068,281800000,BLOCKED
ACC05069,C05069,119500000,ACTIVE
ACC05070,C05070,488600000,ACTIVE
ACC05071,C05071,330000000,ACTIVE
ACC05072,C05072,119100000,ACTIVE
ACC05073,C05073,126300000,ACTIVE
ACC05074,C05074,58300000,BLOCKED
ACC05075,C05075,443300000,ACTIVE
ACC05076,C05076,280800000,ACTIVE
ACC05077,C05077,428200000,BLOCKED
ACC05078,C05078,412300000,CLOSED
ACC05079,C05079,66100000,ACTIVE
ACC05080,C05080,449500000,ACTIVE
ACC05081,C05081,77000000,ACTIVE
ACC05082,C05082,372600000,CLOSED
ACC05083,C05083,337300000,ACTIVE
ACC05084,C05084,227100000,ACTIVE
ACC05085,C05085,153300000,ACTIVE
ACC05086,C05086,64200000,BLOCKED
ACC05087,C05087,40500000,ACTIVE
ACC05088,C05088,178000000,ACTIVE
ACC05089,C05089,245000000,ACTIVE
ACC05090,C05090,77500000,ACTIVE
ACC05091,C05091,498300000,CLOSED
ACC05092,C05092,99200000,ACTIVE
ACC05093,C05093,300300000,ACTIVE
ACC05094,C05094,389800000,ACTIVE
ACC05095,C05095,365700000,ACTIVE
ACC05096,C05096,54100000,ACTIVE
ACC05097,C05097,383800000,ACTIVE
ACC05098,C05098,121100000,ACTIVE
ACC05099,C05099,64900000,ACTIVE
ACC05100,C05100,196300000,ACTIVE
ACC05101,C05101,87200000,CLOSED
ACC05102,C05102,136700000,ACTIVE
ACC05103,C05103,11600000,ACTIVE
ACC05104,C05104,175200000,ACTIVE
ACC05105,C05105,44500000,ACTIVE
ACC05106,C05106,33100000,ACTIVE
ACC05107,C05107,392800000,ACTIVE
ACC05108,C05108,91400000,CLOSED
ACC05109,C05109,369900000,ACTIVE
ACC05110,C05110,362400000,BLOCKED
ACC05111,C05111,100800000,ACTIVE
ACC05112,C05112,221700000,ACTIVE
ACC05113,C05113,83500000,ACTIVE
ACC05114,C05114,363500000,ACTIVE
ACC05115,C05115,235700000,ACTIVE
ACC05116,C05116,136900000,ACTIVE
ACC05117,C05117,112700000,ACTIVE
ACC05118,C05118,288700000,ACTIVE
ACC05119,C05119,85000000,ACTIVE
ACC05120,C05120,394200000,ACTIVE
ACC05121,C05121,383200000,ACTIVE
ACC05122,C05122,209400000,ACTIVE
ACC05123,C05123,373100000,ACTIVE
ACC05124,C05124,194000000,ACTIVE
ACC05125,C05125,415300000,ACTIVE
ACC05126,C05126,344700000,ACTIVE
ACC05127,C05127,360400000,CLOSED
ACC05128,C05128,64900000,ACTIVE
ACC05129,C05129,356600000,ACTIVE
ACC05130,C05130,58900000,ACTIVE
ACC05131,C05131,1400000,ACTIVE
ACC05132,C05132,348300000,ACTIVE
ACC05133,C05133,14200000,ACTIVE
ACC05134,C05134,428600000,ACTIVE
ACC05135,C05135,41500000,ACTIVE
ACC05136,C05136,487300000,ACTIVE
ACC05137,C05137,14200000,ACTIVE
ACC05138,C05138,244400000,ACTIVE
ACC05139,C05139,443700000,ACTIVE
ACC05140,C05140,122800000,ACTIVE
ACC05141,C05141,338100000,CLOSED
ACC05142,C05142,469100000,ACTIVE
ACC05143,C05143,491600000,ACTIVE
ACC05144,C05144,243700000,ACTIVE
ACC05145,C05145,400100000,ACTIVE
ACC05146,C05146,479600000,ACTIVE
ACC05147,C05147,240900000,ACTIVE
ACC05148,C05148,116600000,ACTIVE
ACC05149,C05149,154900000,ACTIVE
ACC05150,C05150,64400000,ACTIVE
ACC05151,C05151,151000000,ACTIVE
ACC05152,C05152,469800000,ACTIVE
ACC05153,C05153,256000000,ACTIVE
ACC05154,C05154,83200000,ACTIVE
ACC05155,C05155,496900000,ACTIVE
ACC05156,C05156,208600000,ACTIVE
ACC05157,C05157,451500000,ACTIVE
ACC05158,C05158,202400000,ACTIVE
ACC05159,C05159,33300000,ACTIVE
ACC05160,C05160,453000000,ACTIVE
ACC05161,C05161,136700000,BLOCKED
ACC05162,C05162,376400000,ACTIVE
ACC05163,C05163,369300000,CLOSED
ACC05164,C05164,466900000,ACTIVE
ACC05165,C05165,73500000,ACTIVE
ACC05166,C05166,496800000,ACTIVE
ACC05167,C05167,407200000,ACTIVE
ACC05168,C05168,151600000,ACTIVE
ACC05169,C05169,237300000,ACTIVE
ACC05170,C05170,19000000,ACTIVE
ACC05171,C05171,315600000,ACTIVE
ACC05172,C05172,205200000,ACTIVE
ACC05173,C05173,2400000,ACTIVE
ACC05174,C05174,389800000,ACTIVE
ACC05175,C05175,118100000,ACTIVE
ACC05176,C05176,477500000,ACTIVE
ACC05177,C05177,82500000,ACTIVE
ACC05178,C05178,100100000,ACTIVE
ACC05179,C05179,444700000,ACTIVE
ACC05180,C05180,250100000,CLOSED
ACC05181,C05181,423300000,ACTIVE
ACC05182,C05182,228500000,ACTIVE
ACC05183,C05183,185900000,ACTIVE
ACC05184,C05184,155300000,ACTIVE
ACC05185,C05185,493100000,ACTIVE
ACC05186,C05186,298600000,ACTIVE
ACC05187,C05187,248000000,ACTIVE
ACC05188,C05188,328100000,ACTIVE
ACC05189,C05189,85200000,ACTIVE
ACC05190,C05190,185800000,ACTIVE
ACC05191,C05191,104500000,BLOCKED
ACC05192,C05192,364300000,ACTIVE
ACC05193,C05193,272300000,ACTIVE
ACC05194,C05194,473900000,ACTIVE
ACC05195,C05195,91700000,ACTIVE
ACC05196,C05196,325800000,ACTIVE
ACC05197,C05197,57700000,ACTIVE
ACC05198,C05198,463100000,ACTIVE
ACC05199,C05199,104300000,ACTIVE
ACC05200,C05200,482700000,ACTIVE
ACC05201,C05201,369800000,ACTIVE
ACC05202,C05202,330000000,ACTIVE
ACC05203,C05203,358700000,ACTIVE
ACC05204,C05204,25600000,ACTIVE
ACC05205,C05205,294000000,ACTIVE
ACC05206,C05206,54300000,CLOSED
ACC05207,C05207,62500000,ACTIVE
ACC05208,C05208,309100000,ACTIVE
ACC05209,C05209,63500000,ACTIVE
ACC05210,C05210,412800000,BLOCKED
ACC05211,C05211,249000000,ACTIVE
ACC05212,C05212,321300000,ACTIVE
ACC05213,C05213,52000000,ACTIVE
ACC05214,C05214,31600000,BLOCKED
ACC05215,C05215,395000000,ACTIVE
ACC05216,C05216,456600000,CLOSED
ACC05217,C05217,288200000,ACTIVE
ACC05218,C05218,187700000,ACTIVE
ACC05219,C05219,377100000,ACTIVE
ACC05220,C05220,51700000,ACTIVE
ACC05221,C05221,338100000,ACTIVE
ACC05222,C05222,307600000,ACTIVE
ACC05223,C05223,117800000,CLOSED
ACC05224,C05224,435500000,BLOCKED
ACC05225,C05225,366100000,ACTIVE
ACC05226,C05226,187700000,ACTIVE
ACC05227,C05227,134400000,ACTIVE
ACC05228,C05228,360600000,ACTIVE
ACC05229,C05229,192700000,ACTIVE
ACC05230,C05230,393500000,ACTIVE
ACC05231,C05231,111500000,ACTIVE
ACC05232,C05232,215800000,ACTIVE
ACC05233,C05233,22800000,ACTIVE
ACC05234,C05234,492400000,BLOCKED
ACC05235,C05235,41700000,ACTIVE
ACC05236,C05236,336300000,ACTIVE
ACC05237,C05237,343500000,ACTIVE
ACC05238,C05238,457300000,ACTIVE
ACC05239,C05239,58400000,ACTIVE
ACC05240,C05240,379300000,ACTIVE
ACC05241,C05241,166200000,ACTIVE
ACC05242,C05242,294200000,ACTIVE
ACC05243,C05243,392400000,ACTIVE
ACC05244,C05244,144800000,ACTIVE
ACC05245,C05245,288500000,ACTIVE
ACC05246,C05246,317000000,ACTIVE
ACC05247,C05247,248900000,ACTIVE
ACC05248,C05248,262900000,ACTIVE
ACC05249,C05249,47800000,ACTIVE
ACC05250,C05250,161500000,ACTIVE
ACC05251,C05251,263400000,ACTIVE
ACC05252,C05252,283400000,ACTIVE
ACC05253,C05253,19400000,ACTIVE
ACC05254,C05254,412200000,ACTIVE
ACC05255,C05255,131900000,ACTIVE
ACC05256,C05256,401500000,ACTIVE
ACC05257,C05257,44000000,ACTIVE
ACC05258,C05258,340500000,ACTIVE
ACC05259,C05259,344700000,ACTIVE
ACC05260,C05260,193500000,ACTIVE
ACC05261,C05261,204600000,ACTIVE
ACC05262,C05262,357100000,ACTIVE
ACC05263,C05263,208900000,ACTIVE
ACC05264,C05264,250500000,ACTIVE
ACC05265,C05265,362500000,ACTIVE
ACC05266,C05266,392600000,ACTIVE
ACC05267,C05267,388200000,ACTIVE
ACC05268,C05268,167900000,ACTIVE
ACC05269,C05269,338800000,ACTIVE
ACC05270,C05270,322300000,ACTIVE
ACC05271,C05271,360900000,ACTIVE
ACC05272,C05272,139500000,ACTIVE
ACC05273,C05273,42800000,ACTIVE
ACC05274,C05274,170500000,ACTIVE
ACC05275,C05275,296900000,ACTIVE
ACC05276,C05276,105200000,ACTIVE
ACC05277,C05277,348500000,ACTIVE
ACC05278,C05278,279400000,ACTIVE
ACC05279,C05279,119900000,ACTIVE
ACC05280,C05280,354800000,ACTIVE
ACC05281,C05281,226400000,ACTIVE
ACC05282,C05282,466300000,BLOCKED
ACC05283,C05283,145700000,ACTIVE
ACC05284,C05284,432000000,ACTIVE
ACC05285,C05285,221600000,ACTIVE
ACC05286,C05286,412500000,ACTIVE
ACC05287,C05287,351800000,ACTIVE
ACC05288,C05288,130200000,CLOSED
ACC05289,C05289,433800000,ACTIVE
ACC05290,C05290,319100000,ACTIVE
ACC05291,C05291,299400000,ACTIVE
ACC05292,C05292,21500000,ACTIVE
ACC05293,C05293,2900000,ACTIVE
ACC05294,C05294,37900000,ACTIVE
ACC05295,C05295,394500000,ACTIVE
ACC05296,C05296,326500000,ACTIVE
ACC05297,C05297,192100000,ACTIVE
ACC05298,C05298,231400000,ACTIVE
ACC05299,C05299,304600000,ACTIVE
ACC05300,C05300,72500000,ACTIVE
ACC05301,C05301,300500000,ACTIVE
ACC05302,C05302,45300000,ACTIVE
ACC05303,C05303,11200000,ACTIVE
ACC05304,C05304,79900000,BLOCKED
ACC05305,C05305,74100000,ACTIVE
ACC05306,C05306,477700000,ACTIVE
ACC05307,C05307,66600000,ACTIVE
ACC05308,C05308,99900000,ACTIVE
ACC05309,C05309,71100000,ACTIVE
ACC05310,C05310,391900000,ACTIVE
ACC05311,C05311,321500000,ACTIVE
ACC05312,C05312,138200000,ACTIVE
ACC05313,C05313,152300000,CLOSED
ACC05314,C05314,169500000,ACTIVE
ACC05315,C05315,205600000,ACTIVE
ACC05316,C05316,299500000,ACTIVE
ACC05317,C05317,227500000,ACTIVE
ACC05318,C05318,477700000,ACTIVE
ACC05319,C05319,69200000,ACTIVE
ACC05320,C05320,228100000,ACTIVE
ACC05321,C05321,121200000,ACTIVE
ACC05322,C05322,48100000,ACTIVE
ACC05323,C05323,387700000,ACTIVE
ACC05324,C05324,490000000,ACTIVE
ACC05325,C05325,176300000,ACTIVE
ACC05326,C05326,322000000,ACTIVE
ACC05327,C05327,159500000,ACTIVE
ACC05328,C05328,269600000,ACTIVE
ACC05329,C05329,87500000,ACTIVE
ACC05330,C05330,173600000,ACTIVE
ACC05331,C05331,291900000,ACTIVE
ACC05332,C05332,181500000,ACTIVE
ACC05333,C05333,154000000,ACTIVE
ACC05334,C05334,132700000,ACTIVE
ACC05335,C05335,258700000,ACTIVE
ACC05336,C05336,50300000,ACTIVE
ACC05337,C05337,457200000,ACTIVE
ACC05338,C05338,303900000,ACTIVE
ACC05339,C05339,386700000,ACTIVE
ACC05340,C05340,65800000,ACTIVE
ACC05341,C05341,115300000,ACTIVE
ACC05342,C05342,15400000,ACTIVE
ACC05343,C05343,165900000,ACTIVE
ACC05344,C05344,99500000,ACTIVE
ACC05345,C05345,44700000,ACTIVE
ACC05346,C05346,287500000,ACTIVE
ACC05347,C05347,187000000,ACTIVE
ACC05348,C05348,468400000,ACTIVE
ACC05349,C05349,358800000,ACTIVE
ACC05350,C05350,288000000,CLOSED
ACC05351,C05351,155000000,BLOCKED
ACC05352,C05352,396400000,ACTIVE
ACC05353,C05353,407700000,ACTIVE
ACC05354,C05354,96000000,ACTIVE
ACC05355,C05355,495600000,ACTIVE
ACC05356,C05356,499600000,ACTIVE
ACC05357,C05357,247600000,ACTIVE
ACC05358,C05358,67900000,ACTIVE
ACC05359,C05359,340700000,ACTIVE
ACC05360,C05360,268400000,CLOSED
ACC05361,C05361,337700000,ACTIVE
ACC05362,C05362,193700000,ACTIVE
ACC05363,C05363,394800000,ACTIVE
ACC05364,C05364,153900000,ACTIVE
ACC05365,C05365,312600000,ACTIVE
ACC05366,C05366,119600000,ACTIVE
ACC05367,C05367,343600000,ACTIVE
ACC05368,C05368,160200000,ACTIVE
ACC05369,C05369,498100000,ACTIVE
ACC05370,C05370,74600000,ACTIVE
ACC05371,C05371,319700000,ACTIVE
ACC05372,C05372,156100000,ACTIVE
ACC05373,C05373,106800000,ACTIVE
ACC05374,C05374,306700000,BLOCKED
ACC05375,C05375,371700000,ACTIVE
ACC05376,C05376,342300000,ACTIVE
ACC05377,C05377,219100000,CLOSED
ACC05378,C05378,57900000,BLOCKED
ACC05379,C05379,406300000,ACTIVE
ACC05380,C05380,429100000,ACTIVE
ACC05381,C05381,448900000,ACTIVE
ACC05382,C05382,254500000,ACTIVE
ACC05383,C05383,367600000,ACTIVE
ACC05384,C05384,476000000,ACTIVE
ACC05385,C05385,50800000,ACTIVE
ACC05386,C05386,392300000,ACTIVE
ACC05387,C05387,454600000,ACTIVE
ACC05388,C05388,130400000,ACTIVE
ACC05389,C05389,246000000,ACTIVE
ACC05390,C05390,430000000,ACTIVE
ACC05391,C05391,399500000,ACTIVE
ACC05392,C05392,60300000,ACTIVE
ACC05393,C05393,229000000,CLOSED
ACC05394,C05394,470100000,BLOCKED
ACC05395,C05395,456300000,ACTIVE
ACC05396,C05396,452100000,ACTIVE
ACC05397,C05397,350400000,ACTIVE
ACC05398,C05398,301600000,BLOCKED
ACC05399,C05399,199900000,ACTIVE
ACC05400,C05400,437300000,ACTIVE
ACC05401,C05401,102000000,ACTIVE
ACC05402,C05402,224600000,ACTIVE
ACC05403,C05403,336300000,ACTIVE
ACC05404,C05404,476900000,ACTIVE
ACC05405,C05405,329400000,BLOCKED
ACC05406,C05406,385000000,ACTIVE
ACC05407,C05407,80700000,ACTIVE
ACC05408,C05408,375600000,ACTIVE
ACC05409,C05409,23600000,ACTIVE
ACC05410,C05410,231500000,CLOSED
ACC05411,C05411,430900000,ACTIVE
ACC05412,C05412,398000000,ACTIVE
ACC05413,C05413,397700000,ACTIVE
ACC05414,C05414,195000000,BLOCKED
ACC05415,C05415,404300000,ACTIVE
ACC05416,C05416,156600000,ACTIVE
ACC05417,C05417,105900000,ACTIVE
ACC05418,C05418,127800000,ACTIVE
ACC05419,C05419,328700000,ACTIVE
ACC05420,C05420,29900000,ACTIVE
ACC05421,C05421,423900000,ACTIVE
ACC05422,C05422,348900000,ACTIVE
ACC05423,C05423,14300000,ACTIVE
ACC05424,C05424,245900000,ACTIVE
ACC05425,C05425,46800000,ACTIVE
ACC05426,C05426,36800000,ACTIVE
ACC05427,C05427,481700000,ACTIVE
ACC05428,C05428,477800000,ACTIVE
ACC05429,C05429,181800000,ACTIVE
ACC05430,C05430,229700000,ACTIVE
ACC05431,C05431,24600000,ACTIVE
ACC05432,C05432,454600000,ACTIVE
ACC05433,C05433,2800000,ACTIVE
ACC05434,C05434,369900000,ACTIVE
ACC05435,C05435,67800000,ACTIVE
ACC05436,C05436,388500000,ACTIVE
ACC05437,C05437,369000000,ACTIVE
ACC05438,C05438,435100000,ACTIVE
ACC05439,C05439,105200000,ACTIVE
ACC05440,C05440,166700000,ACTIVE
ACC05441,C05441,223200000,ACTIVE
ACC05442,C05442,314400000,ACTIVE
ACC05443,C05443,463000000,ACTIVE
ACC05444,C05444,189300000,ACTIVE
ACC05445,C05445,423800000,ACTIVE
ACC05446,C05446,192000000,ACTIVE
ACC05447,C05447,287900000,ACTIVE
ACC05448,C05448,134200000,ACTIVE
ACC05449,C05449,390300000,ACTIVE
ACC05450,C05450,312800000,BLOCKED
ACC05451,C05451,454200000,ACTIVE
ACC05452,C05452,437100000,ACTIVE
ACC05453,C05453,459700000,ACTIVE
ACC05454,C05454,255100000,ACTIVE
ACC05455,C05455,83600000,ACTIVE
ACC05456,C05456,331100000,ACTIVE
ACC05457,C05457,495000000,ACTIVE
ACC05458,C05458,210800000,ACTIVE
ACC05459,C05459,88700000,ACTIVE
ACC05460,C05460,42700000,BLOCKED
ACC05461,C05461,191700000,ACTIVE
ACC05462,C05462,423400000,ACTIVE
ACC05463,C05463,94900000,ACTIVE
ACC05464,C05464,429300000,BLOCKED
ACC05465,C05465,217400000,ACTIVE
ACC05466,C05466,491200000,ACTIVE
ACC05467,C05467,428900000,ACTIVE
ACC05468,C05468,444700000,ACTIVE
ACC05469,C05469,242700000,ACTIVE
ACC05470,C05470,477200000,ACTIVE
ACC05471,C05471,84200000,ACTIVE
ACC05472,C05472,412200000,ACTIVE
ACC05473,C05473,253800000,ACTIVE
ACC05474,C05474,345400000,ACTIVE
ACC05475,C05475,496300000,ACTIVE
ACC05476,C05476,112000000,ACTIVE
ACC05477,C05477,16800000,CLOSED
ACC05478,C05478,446500000,ACTIVE
ACC05479,C05479,171300000,ACTIVE
ACC05480,C05480,80400000,ACTIVE
ACC05481,C05481,449400000,ACTIVE
ACC05482,C05482,156700000,ACTIVE
ACC05483,C05483,228500000,ACTIVE
ACC05484,C05484,103500000,ACTIVE
ACC05485,C05485,222800000,ACTIVE
ACC05486,C05486,499100000,BLOCKED
ACC05487,C05487,204400000,ACTIVE
ACC05488,C05488,74500000,ACTIVE
ACC05489,C05489,183100000,ACTIVE
ACC05490,C05490,380700000,ACTIVE
ACC05491,C05491,254900000,ACTIVE
ACC05492,C05492,193700000,ACTIVE
ACC05493,C05493,113800000,ACTIVE
ACC05494,C05494,80700000,ACTIVE
ACC05495,C05495,349800000,ACTIVE
ACC05496,C05496,375000000,ACTIVE
ACC05497,C05497,148300000,ACTIVE
ACC05498,C05498,187100000,ACTIVE
ACC05499,C05499,403300000,ACTIVE
ACC05500,C05500,122900000,ACTIVE
ACC05501,C05501,118400000,ACTIVE
ACC05502,C05502,214100000,ACTIVE
ACC05503,C05503,476600000,CLOSED
ACC05504,C05504,192000000,ACTIVE
ACC05505,C05505,258000000,ACTIVE
ACC05506,C05506,303700000,ACTIVE
ACC05507,C05507,472500000,ACTIVE
ACC05508,C05508,59800000,ACTIVE
ACC05509,C05509,237000000,ACTIVE
ACC05510,C05510,233500000,ACTIVE
ACC05511,C05511,392400000,ACTIVE
ACC05512,C05512,428300000,ACTIVE
ACC05513,C05513,208600000,ACTIVE
ACC05514,C05514,394500000,ACTIVE
ACC05515,C05515,381000000,BLOCKED
ACC05516,C05516,336400000,ACTIVE
ACC05517,C05517,359400000,ACTIVE
ACC05518,C05518,496900000,CLOSED
ACC05519,C05519,253200000,ACTIVE
ACC05520,C05520,150300000,ACTIVE
ACC05521,C05521,433800000,ACTIVE
ACC05522,C05522,53400000,ACTIVE
ACC05523,C05523,133400000,ACTIVE
ACC05524,C05524,33700000,ACTIVE
ACC05525,C05525,381100000,ACTIVE
ACC05526,C05526,303000000,ACTIVE
ACC05527,C05527,136000000,ACTIVE
ACC05528,C05528,476100000,CLOSED
ACC05529,C05529,383900000,ACTIVE
ACC05530,C05530,118700000,ACTIVE
ACC05531,C05531,327900000,ACTIVE
ACC05532,C05532,346300000,ACTIVE
ACC05533,C05533,88600000,CLOSED
ACC05534,C05534,474600000,ACTIVE
ACC05535,C05535,49600000,ACTIVE
ACC05536,C05536,443300000,ACTIVE
ACC05537,C05537,62900000,ACTIVE
ACC05538,C05538,343100000,ACTIVE
ACC05539,C05539,282700000,ACTIVE
ACC05540,C05540,306400000,ACTIVE
ACC05541,C05541,41000000,ACTIVE
ACC05542,C05542,361800000,ACTIVE
ACC05543,C05543,80900000,ACTIVE
ACC05544,C05544,45700000,ACTIVE
ACC05545,C05545,322200000,ACTIVE
ACC05546,C05546,344300000,CLOSED
ACC05547,C05547,80700000,BLOCKED
ACC05548,C05548,261400000,ACTIVE
ACC05549,C05549,435700000,ACTIVE
ACC05550,C05550,363300000,ACTIVE
ACC05551,C05551,499200000,ACTIVE
ACC05552,C05552,426600000,ACTIVE
ACC05553,C05553,298500000,ACTIVE
ACC05554,C05554,365300000,ACTIVE
ACC05555,C05555,209200000,ACTIVE
ACC05556,C05556,396700000,ACTIVE
ACC05557,C05557,138700000,ACTIVE
ACC05558,C05558,450900000,ACTIVE
ACC05559,C05559,423600000,ACTIVE
ACC05560,C05560,52700000,ACTIVE
ACC05561,C05561,55200000,ACTIVE
ACC05562,C05562,328500000,ACTIVE
ACC05563,C05563,100100000,ACTIVE
ACC05564,C05564,257500000,ACTIVE
ACC05565,C05565,321500000,ACTIVE
ACC05566,C05566,22100000,ACTIVE
ACC05567,C05567,151100000,ACTIVE
ACC05568,C05568,223200000,ACTIVE
ACC05569,C05569,269700000,ACTIVE
ACC05570,C05570,254600000,ACTIVE
ACC05571,C05571,41100000,ACTIVE
ACC05572,C05572,451800000,ACTIVE
ACC05573,C05573,265500000,ACTIVE
ACC05574,C05574,214700000,ACTIVE
ACC05575,C05575,363100000,ACTIVE
ACC05576,C05576,246300000,ACTIVE
ACC05577,C05577,359000000,CLOSED
ACC05578,C05578,176800000,ACTIVE
ACC05579,C05579,18400000,ACTIVE
ACC05580,C05580,42400000,CLOSED
ACC05581,C05581,299500000,ACTIVE
ACC05582,C05582,228000000,ACTIVE
ACC05583,C05583,382100000,ACTIVE
ACC05584,C05584,223200000,ACTIVE
ACC05585,C05585,104000000,ACTIVE
ACC05586,C05586,69700000,ACTIVE
ACC05587,C05587,83500000,BLOCKED
ACC05588,C05588,201300000,ACTIVE
ACC05589,C05589,181800000,BLOCKED
ACC05590,C05590,73000000,ACTIVE
ACC05591,C05591,331800000,ACTIVE
ACC05592,C05592,198100000,ACTIVE
ACC05593,C05593,3400000,ACTIVE
ACC05594,C05594,226800000,ACTIVE
ACC05595,C05595,22400000,ACTIVE
ACC05596,C05596,444000000,ACTIVE
ACC05597,C05597,106500000,ACTIVE
ACC05598,C05598,322100000,ACTIVE
ACC05599,C05599,114200000,BLOCKED
ACC05600,C05600,254000000,CLOSED
ACC05601,C05601,292800000,ACTIVE
ACC05602,C05602,143500000,ACTIVE
ACC05603,C05603,352700000,ACTIVE
ACC05604,C05604,324200000,ACTIVE
ACC05605,C05605,475300000,ACTIVE
ACC05606,C05606,329200000,ACTIVE
ACC05607,C05607,376900000,ACTIVE
ACC05608,C05608,59200000,ACTIVE
ACC05609,C05609,34900000,CLOSED
ACC05610,C05610,297400000,ACTIVE
ACC05611,C05611,254900000,ACTIVE
ACC05612,C05612,424700000,ACTIVE
ACC05613,C05613,165700000,ACTIVE
ACC05614,C05614,416200000,ACTIVE
ACC05615,C05615,86800000,ACTIVE
ACC05616,C05616,235300000,ACTIVE
ACC05617,C05617,120200000,ACTIVE
ACC05618,C05618,361200000,ACTIVE
ACC05619,C05619,435900000,ACTIVE
ACC05620,C05620,1600000,ACTIVE
ACC05621,C05621,24900000,ACTIVE
ACC05622,C05622,85800000,ACTIVE
ACC05623,C05623,56400000,ACTIVE
ACC05624,C05624,247600000,ACTIVE
ACC05625,C05625,70300000,ACTIVE
ACC05626,C05626,181900000,ACTIVE
ACC05627,C05627,171600000,ACTIVE
ACC05628,C05628,8000000,ACTIVE
ACC05629,C05629,38300000,ACTIVE
ACC05630,C05630,60700000,ACTIVE
ACC05631,C05631,208800000,ACTIVE
ACC05632,C05632,430900000,ACTIVE
ACC05633,C05633,147200000,ACTIVE
ACC05634,C05634,315200000,ACTIVE
ACC05635,C05635,277900000,ACTIVE
ACC05636,C05636,84000000,ACTIVE
ACC05637,C05637,329700000,ACTIVE
ACC05638,C05638,193600000,ACTIVE
ACC05639,C05639,184800000,ACTIVE
ACC05640,C05640,205700000,CLOSED
ACC05641,C05641,32800000,BLOCKED
ACC05642,C05642,403700000,ACTIVE
ACC05643,C05643,17600000,ACTIVE
ACC05644,C05644,242400000,ACTIVE
ACC05645,C05645,427100000,ACTIVE
ACC05646,C05646,324900000,ACTIVE
ACC05647,C05647,238800000,ACTIVE
ACC05648,C05648,329500000,ACTIVE
ACC05649,C05649,474100000,ACTIVE
ACC05650,C05650,387000000,ACTIVE
ACC05651,C05651,212400000,ACTIVE
ACC05652,C05652,63600000,ACTIVE
ACC05653,C05653,2800000,ACTIVE
ACC05654,C05654,302800000,BLOCKED
ACC05655,C05655,462500000,ACTIVE
ACC05656,C05656,487400000,ACTIVE
ACC05657,C05657,286200000,ACTIVE
ACC05658,C05658,252000000,ACTIVE
ACC05659,C05659,54300000,ACTIVE
ACC05660,C05660,175700000,ACTIVE
ACC05661,C05661,428800000,ACTIVE
ACC05662,C05662,192900000,ACTIVE
ACC05663,C05663,205900000,ACTIVE
ACC05664,C05664,367100000,ACTIVE
ACC05665,C05665,299700000,ACTIVE
ACC05666,C05666,438000000,ACTIVE
ACC05667,C05667,480200000,ACTIVE
ACC05668,C05668,137000000,ACTIVE
ACC05669,C05669,212400000,ACTIVE
ACC05670,C05670,12700000,ACTIVE
ACC05671,C05671,413700000,CLOSED
ACC05672,C05672,124000000,ACTIVE
ACC05673,C05673,216700000,ACTIVE
ACC05674,C05674,427300000,ACTIVE
ACC05675,C05675,114500000,ACTIVE
ACC05676,C05676,73200000,ACTIVE
ACC05677,C05677,297000000,ACTIVE
ACC05678,C05678,330300000,ACTIVE
ACC05679,C05679,281100000,ACTIVE
ACC05680,C05680,341400000,ACTIVE
ACC05681,C05681,331300000,ACTIVE
ACC05682,C05682,314400000,ACTIVE
ACC05683,C05683,198000000,ACTIVE
ACC05684,C05684,199900000,ACTIVE
ACC05685,C05685,256400000,ACTIVE
ACC05686,C05686,157400000,ACTIVE
ACC05687,C05687,406300000,ACTIVE
ACC05688,C05688,87400000,ACTIVE
ACC05689,C05689,158200000,ACTIVE
ACC05690,C05690,70800000,ACTIVE
ACC05691,C05691,263500000,ACTIVE
ACC05692,C05692,411800000,CLOSED
ACC05693,C05693,442800000,ACTIVE
ACC05694,C05694,28500000,ACTIVE
ACC05695,C05695,478400000,ACTIVE
ACC05696,C05696,5100000,ACTIVE
ACC05697,C05697,30700000,BLOCKED
ACC05698,C05698,40200000,BLOCKED
ACC05699,C05699,492300000,ACTIVE
ACC05700,C05700,417800000,ACTIVE
ACC05701,C05701,226300000,ACTIVE
ACC05702,C05702,4700000,ACTIVE
ACC05703,C05703,75000000,ACTIVE
ACC05704,C05704,274900000,ACTIVE
ACC05705,C05705,339200000,ACTIVE
ACC05706,C05706,247200000,ACTIVE
ACC05707,C05707,89600000,ACTIVE
ACC05708,C05708,179200000,ACTIVE
ACC05709,C05709,100000000,ACTIVE
ACC05710,C05710,251200000,ACTIVE
ACC05711,C05711,478500000,ACTIVE
ACC05712,C05712,63300000,BLOCKED
ACC05713,C05713,253000000,BLOCKED
ACC05714,C05714,403800000,BLOCKED
ACC05715,C05715,99400000,ACTIVE
ACC05716,C05716,86700000,ACTIVE
ACC05717,C05717,441100000,BLOCKED
ACC05718,C05718,30600000,ACTIVE
ACC05719,C05719,174900000,ACTIVE
ACC05720,C05720,463700000,ACTIVE
ACC05721,C05721,445200000,ACTIVE
ACC05722,C05722,330100000,ACTIVE
ACC05723,C05723,482100000,ACTIVE
ACC05724,C05724,100800000,ACTIVE
ACC05725,C05725,353400000,ACTIVE
ACC05726,C05726,352900000,CLOSED
ACC05727,C05727,404100000,ACTIVE
ACC05728,C05728,50500000,ACTIVE
ACC05729,C05729,183300000,ACTIVE
ACC05730,C05730,43300000,ACTIVE
ACC05731,C05731,464800000,ACTIVE
ACC05732,C05732,108300000,ACTIVE
ACC05733,C05733,310100000,ACTIVE
ACC05734,C05734,228000000,ACTIVE
ACC05735,C05735,419000000,ACTIVE
ACC05736,C05736,6900000,BLOCKED
ACC05737,C05737,243700000,ACTIVE
ACC05738,C05738,99800000,ACTIVE
ACC05739,C05739,54600000,CLOSED
ACC05740,C05740,316300000,ACTIVE
ACC05741,C05741,270700000,ACTIVE
ACC05742,C05742,101300000,ACTIVE
ACC05743,C05743,249100000,ACTIVE
ACC05744,C05744,106900000,ACTIVE
ACC05745,C05745,209200000,ACTIVE
ACC05746,C05746,125100000,ACTIVE
ACC05747,C05747,346100000,ACTIVE
ACC05748,C05748,193600000,ACTIVE
ACC05749,C05749,342300000,ACTIVE
ACC05750,C05750,200500000,ACTIVE
ACC05751,C05751,88200000,ACTIVE
ACC05752,C05752,128200000,ACTIVE
ACC05753,C05753,250100000,ACTIVE
ACC05754,C05754,306300000,ACTIVE
ACC05755,C05755,105100000,ACTIVE
ACC05756,C05756,279000000,ACTIVE
ACC05757,C05757,179000000,ACTIVE
ACC05758,C05758,409100000,ACTIVE
ACC05759,C05759,152600000,ACTIVE
ACC05760,C05760,392300000,ACTIVE
ACC05761,C05761,427900000,ACTIVE
ACC05762,C05762,286500000,CLOSED
ACC05763,C05763,77800000,ACTIVE
ACC05764,C05764,419500000,ACTIVE
ACC05765,C05765,312100000,ACTIVE
ACC05766,C05766,267000000,ACTIVE
ACC05767,C05767,195900000,ACTIVE
ACC05768,C05768,175000000,ACTIVE
ACC05769,C05769,128400000,ACTIVE
ACC05770,C05770,224400000,ACTIVE
ACC05771,C05771,361200000,CLOSED
ACC05772,C05772,126600000,CLOSED
ACC05773,C05773,229100000,ACTIVE
ACC05774,C05774,417500000,ACTIVE
ACC05775,C05775,367300000,ACTIVE
ACC05776,C05776,363400000,ACTIVE
ACC05777,C05777,60300000,ACTIVE
ACC05778,C05778,377700000,ACTIVE
ACC05779,C05779,282500000,ACTIVE
ACC05780,C05780,487900000,ACTIVE
ACC05781,C05781,359100000,ACTIVE
ACC05782,C05782,487400000,ACTIVE
ACC05783,C05783,18100000,ACTIVE
ACC05784,C05784,272300000,ACTIVE
ACC05785,C05785,325800000,ACTIVE
ACC05786,C05786,185200000,ACTIVE
ACC05787,C05787,281000000,ACTIVE
ACC05788,C05788,20300000,BLOCKED
ACC05789,C05789,56400000,ACTIVE
ACC05790,C05790,59500000,ACTIVE
ACC05791,C05791,362900000,ACTIVE
ACC05792,C05792,191900000,ACTIVE
ACC05793,C05793,408100000,ACTIVE
ACC05794,C05794,169300000,ACTIVE
ACC05795,C05795,367200000,ACTIVE
ACC05796,C05796,344000000,ACTIVE
ACC05797,C05797,385200000,ACTIVE
ACC05798,C05798,360200000,ACTIVE
ACC05799,C05799,166300000,ACTIVE
ACC05800,C05800,413900000,ACTIVE
ACC05801,C05801,460100000,ACTIVE
ACC05802,C05802,401700000,BLOCKED
ACC05803,C05803,454600000,ACTIVE
ACC05804,C05804,11800000,ACTIVE
ACC05805,C05805,471300000,ACTIVE
ACC05806,C05806,160500000,ACTIVE
ACC05807,C05807,197800000,ACTIVE
ACC05808,C05808,18600000,ACTIVE
ACC05809,C05809,187100000,ACTIVE
ACC05810,C05810,96000000,ACTIVE
ACC05811,C05811,47500000,ACTIVE
ACC05812,C05812,98700000,ACTIVE
ACC05813,C05813,305100000,ACTIVE
ACC05814,C05814,353400000,CLOSED
ACC05815,C05815,201600000,ACTIVE
ACC05816,C05816,247200000,ACTIVE
ACC05817,C05817,122400000,ACTIVE
ACC05818,C05818,405700000,ACTIVE
ACC05819,C05819,292100000,ACTIVE
ACC05820,C05820,492700000,ACTIVE
ACC05821,C05821,56500000,ACTIVE
ACC05822,C05822,305300000,ACTIVE
ACC05823,C05823,398000000,ACTIVE
ACC05824,C05824,39800000,ACTIVE
ACC05825,C05825,98400000,BLOCKED
ACC05826,C05826,292200000,ACTIVE
ACC05827,C05827,325000000,ACTIVE
ACC05828,C05828,409800000,ACTIVE
ACC05829,C05829,82500000,ACTIVE
ACC05830,C05830,259200000,ACTIVE
ACC05831,C05831,184100000,ACTIVE
ACC05832,C05832,268300000,ACTIVE
ACC05833,C05833,45100000,ACTIVE
ACC05834,C05834,467300000,ACTIVE
ACC05835,C05835,6100000,ACTIVE
ACC05836,C05836,245700000,ACTIVE
ACC05837,C05837,493500000,ACTIVE
ACC05838,C05838,316600000,ACTIVE
ACC05839,C05839,291500000,ACTIVE
ACC05840,C05840,53100000,ACTIVE
ACC05841,C05841,346800000,ACTIVE
ACC05842,C05842,268700000,ACTIVE
ACC05843,C05843,390300000,ACTIVE
ACC05844,C05844,122200000,ACTIVE
ACC05845,C05845,483000000,ACTIVE
ACC05846,C05846,161900000,ACTIVE
ACC05847,C05847,91100000,ACTIVE
ACC05848,C05848,459900000,ACTIVE
ACC05849,C05849,273900000,ACTIVE
ACC05850,C05850,479300000,ACTIVE
ACC05851,C05851,295400000,ACTIVE
ACC05852,C05852,109600000,ACTIVE
ACC05853,C05853,479800000,ACTIVE
ACC05854,C05854,138700000,ACTIVE
ACC05855,C05855,433400000,ACTIVE
ACC05856,C05856,274700000,ACTIVE
ACC05857,C05857,168200000,ACTIVE
ACC05858,C05858,103500000,ACTIVE
ACC05859,C05859,271100000,ACTIVE
ACC05860,C05860,365600000,ACTIVE
ACC05861,C05861,379200000,ACTIVE
ACC05862,C05862,322200000,ACTIVE
ACC05863,C05863,305100000,ACTIVE
ACC05864,C05864,20800000,ACTIVE
ACC05865,C05865,480500000,ACTIVE
ACC05866,C05866,331100000,ACTIVE
ACC05867,C05867,133700000,ACTIVE
ACC05868,C05868,228800000,ACTIVE
ACC05869,C05869,355200000,ACTIVE
ACC05870,C05870,201400000,ACTIVE
ACC05871,C05871,360900000,BLOCKED
ACC05872,C05872,117100000,ACTIVE
ACC05873,C05873,483700000,ACTIVE
ACC05874,C05874,74000000,ACTIVE
ACC05875,C05875,436400000,ACTIVE
ACC05876,C05876,383900000,ACTIVE
ACC05877,C05877,456200000,ACTIVE
ACC05878,C05878,294900000,ACTIVE
ACC05879,C05879,71100000,ACTIVE
ACC05880,C05880,386700000,ACTIVE
ACC05881,C05881,145400000,ACTIVE
ACC05882,C05882,268300000,ACTIVE
ACC05883,C05883,369300000,CLOSED
ACC05884,C05884,279800000,ACTIVE
ACC05885,C05885,192000000,ACTIVE
ACC05886,C05886,489100000,ACTIVE
ACC05887,C05887,44300000,ACTIVE
ACC05888,C05888,354400000,ACTIVE
ACC05889,C05889,152200000,ACTIVE
ACC05890,C05890,97200000,ACTIVE
ACC05891,C05891,165600000,ACTIVE
ACC05892,C05892,242000000,ACTIVE
ACC05893,C05893,112400000,ACTIVE
ACC05894,C05894,235800000,ACTIVE
ACC05895,C05895,46500000,ACTIVE
ACC05896,C05896,442000000,ACTIVE
ACC05897,C05897,471300000,ACTIVE
ACC05898,C05898,162900000,ACTIVE
ACC05899,C05899,91200000,ACTIVE
ACC05900,C05900,119100000,ACTIVE
ACC05901,C05901,94500000,ACTIVE
ACC05902,C05902,101400000,ACTIVE
ACC05903,C05903,422900000,ACTIVE
ACC05904,C05904,497100000,ACTIVE
ACC05905,C05905,174200000,ACTIVE
ACC05906,C05906,272900000,ACTIVE
ACC05907,C05907,189000000,ACTIVE
ACC05908,C05908,475000000,ACTIVE
ACC05909,C05909,27100000,CLOSED
ACC05910,C05910,191700000,ACTIVE
ACC05911,C05911,393500000,ACTIVE
ACC05912,C05912,164200000,CLOSED
ACC05913,C05913,407100000,ACTIVE
ACC05914,C05914,16000000,ACTIVE
ACC05915,C05915,277200000,CLOSED
ACC05916,C05916,147800000,ACTIVE
ACC05917,C05917,456500000,ACTIVE
ACC05918,C05918,180800000,ACTIVE
ACC05919,C05919,259500000,ACTIVE
ACC05920,C05920,486000000,ACTIVE
ACC05921,C05921,479700000,ACTIVE
ACC05922,C05922,196000000,ACTIVE
ACC05923,C05923,158400000,ACTIVE
ACC05924,C05924,408200000,ACTIVE
ACC05925,C05925,322900000,ACTIVE
ACC05926,C05926,93700000,BLOCKED
ACC05927,C05927,326000000,ACTIVE
ACC05928,C05928,198900000,ACTIVE
ACC05929,C05929,94200000,ACTIVE
ACC05930,C05930,64300000,ACTIVE
ACC05931,C05931,136200000,ACTIVE
ACC05932,C05932,332200000,ACTIVE
ACC05933,C05933,486600000,ACTIVE
ACC05934,C05934,256300000,ACTIVE
ACC05935,C05935,150600000,ACTIVE
ACC05936,C05936,78500000,ACTIVE
ACC05937,C05937,63200000,ACTIVE
ACC05938,C05938,117100000,ACTIVE
ACC05939,C05939,371400000,ACTIVE
ACC05940,C05940,76100000,ACTIVE
ACC05941,C05941,199900000,ACTIVE
ACC05942,C05942,247500000,ACTIVE
ACC05943,C05943,373600000,ACTIVE
ACC05944,C05944,190300000,ACTIVE
ACC05945,C05945,315400000,ACTIVE
ACC05946,C05946,136000000,ACTIVE
ACC05947,C05947,473000000,ACTIVE
ACC05948,C05948,357000000,ACTIVE
ACC05949,C05949,353200000,ACTIVE
ACC05950,C05950,376500000,ACTIVE
ACC05951,C05951,141400000,ACTIVE
ACC05952,C05952,311800000,ACTIVE
ACC05953,C05953,333400000,ACTIVE
ACC05954,C05954,351900000,ACTIVE
ACC05955,C05955,147800000,ACTIVE
ACC05956,C05956,343700000,ACTIVE
ACC05957,C05957,192000000,ACTIVE
ACC05958,C05958,347800000,ACTIVE
ACC05959,C05959,9000000,ACTIVE
ACC05960,C05960,173200000,ACTIVE
ACC05961,C05961,87800000,ACTIVE
ACC05962,C05962,342400000,ACTIVE
ACC05963,C05963,196000000,ACTIVE
ACC05964,C05964,397300000,ACTIVE
ACC05965,C05965,388600000,ACTIVE
ACC05966,C05966,378200000,ACTIVE
ACC05967,C05967,499100000,ACTIVE
ACC05968,C05968,376000000,ACTIVE
ACC05969,C05969,396300000,ACTIVE
ACC05970,C05970,391400000,ACTIVE
ACC05971,C05971,473300000,ACTIVE
ACC05972,C05972,117500000,ACTIVE
ACC05973,C05973,192500000,ACTIVE
ACC05974,C05974,450900000,ACTIVE
ACC05975,C05975,10100000,BLOCKED
ACC05976,C05976,85500000,ACTIVE
ACC05977,C05977,28900000,ACTIVE
ACC05978,C05978,485000000,ACTIVE
ACC05979,C05979,24200000,ACTIVE
ACC05980,C05980,84200000,ACTIVE
ACC05981,C05981,197300000,ACTIVE
ACC05982,C05982,135100000,ACTIVE
ACC05983,C05983,198700000,ACTIVE
ACC05984,C05984,442200000,ACTIVE
ACC05985,C05985,468100000,ACTIVE
ACC05986,C05986,20800000,ACTIVE
ACC05987,C05987,58500000,ACTIVE
ACC05988,C05988,299900000,ACTIVE
ACC05989,C05989,16300000,ACTIVE
ACC05990,C05990,165100000,ACTIVE
ACC05991,C05991,149900000,ACTIVE
ACC05992,C05992,191900000,ACTIVE
ACC05993,C05993,296900000,ACTIVE
ACC05994,C05994,214800000,ACTIVE
ACC05995,C05995,164500000,BLOCKED
ACC05996,C05996,221900000,ACTIVE
ACC05997,C05997,29400000,ACTIVE
ACC05998,C05998,487200000,ACTIVE
ACC05999,C05999,120200000,CLOSED
ACC06000,C06000,93300000,ACTIVE
ACC06001,C06001,46300000,ACTIVE
ACC06002,C06002,307700000,ACTIVE
ACC06003,C06003,40300000,ACTIVE
ACC06004,C06004,476000000,ACTIVE
ACC06005,C06005,47000000,ACTIVE
ACC06006,C06006,170600000,ACTIVE
ACC06007,C06007,498800000,BLOCKED
ACC06008,C06008,494500000,ACTIVE
ACC06009,C06009,309000000,ACTIVE
ACC06010,C06010,198800000,ACTIVE
ACC06011,C06011,68700000,ACTIVE
ACC06012,C06012,81500000,ACTIVE
ACC06013,C06013,439700000,ACTIVE
ACC06014,C06014,454500000,ACTIVE
ACC06015,C06015,320500000,ACTIVE
ACC06016,C06016,195500000,ACTIVE
ACC06017,C06017,154900000,CLOSED
ACC06018,C06018,423900000,ACTIVE
ACC06019,C06019,267900000,ACTIVE
ACC06020,C06020,61000000,ACTIVE
ACC06021,C06021,291500000,ACTIVE
ACC06022,C06022,70000000,ACTIVE
ACC06023,C06023,8300000,ACTIVE
ACC06024,C06024,450200000,ACTIVE
ACC06025,C06025,434400000,ACTIVE
ACC06026,C06026,405100000,ACTIVE
ACC06027,C06027,251000000,BLOCKED
ACC06028,C06028,184000000,ACTIVE
ACC06029,C06029,176200000,ACTIVE
ACC06030,C06030,103800000,ACTIVE
ACC06031,C06031,342200000,ACTIVE
ACC06032,C06032,496400000,ACTIVE
ACC06033,C06033,388700000,ACTIVE
ACC06034,C06034,275900000,ACTIVE
ACC06035,C06035,391600000,ACTIVE
ACC06036,C06036,291900000,ACTIVE
ACC06037,C06037,86400000,ACTIVE
ACC06038,C06038,136500000,ACTIVE
ACC06039,C06039,413300000,ACTIVE
ACC06040,C06040,364300000,ACTIVE
ACC06041,C06041,394500000,ACTIVE
ACC06042,C06042,418700000,ACTIVE
ACC06043,C06043,80900000,CLOSED
ACC06044,C06044,50600000,ACTIVE
ACC06045,C06045,235300000,ACTIVE
ACC06046,C06046,415600000,ACTIVE
ACC06047,C06047,362700000,ACTIVE
ACC06048,C06048,461700000,ACTIVE
ACC06049,C06049,403000000,ACTIVE
ACC06050,C06050,244900000,ACTIVE
ACC06051,C06051,376900000,ACTIVE
ACC06052,C06052,476900000,ACTIVE
ACC06053,C06053,44400000,ACTIVE
ACC06054,C06054,325400000,ACTIVE
ACC06055,C06055,217300000,ACTIVE
ACC06056,C06056,446900000,BLOCKED
ACC06057,C06057,403200000,ACTIVE
ACC06058,C06058,178400000,BLOCKED
ACC06059,C06059,484000000,ACTIVE
ACC06060,C06060,334800000,ACTIVE
ACC06061,C06061,491800000,BLOCKED
ACC06062,C06062,387100000,ACTIVE
ACC06063,C06063,374200000,ACTIVE
ACC06064,C06064,340800000,ACTIVE
ACC06065,C06065,381000000,ACTIVE
ACC06066,C06066,173700000,CLOSED
ACC06067,C06067,264500000,ACTIVE
ACC06068,C06068,263000000,ACTIVE
ACC06069,C06069,391400000,ACTIVE
ACC06070,C06070,406400000,ACTIVE
ACC06071,C06071,99200000,ACTIVE
ACC06072,C06072,173600000,ACTIVE
ACC06073,C06073,497700000,ACTIVE
ACC06074,C06074,470600000,ACTIVE
ACC06075,C06075,248500000,ACTIVE
ACC06076,C06076,493600000,ACTIVE
ACC06077,C06077,228900000,ACTIVE
ACC06078,C06078,310900000,CLOSED
ACC06079,C06079,159800000,ACTIVE
ACC06080,C06080,198900000,CLOSED
ACC06081,C06081,445600000,ACTIVE
ACC06082,C06082,481200000,ACTIVE
ACC06083,C06083,384400000,ACTIVE
ACC06084,C06084,19500000,ACTIVE
ACC06085,C06085,322500000,ACTIVE
ACC06086,C06086,104900000,ACTIVE
ACC06087,C06087,475300000,CLOSED
ACC06088,C06088,422800000,ACTIVE
ACC06089,C06089,376600000,ACTIVE
ACC06090,C06090,117900000,ACTIVE
ACC06091,C06091,347200000,ACTIVE
ACC06092,C06092,480300000,ACTIVE
ACC06093,C06093,220500000,ACTIVE
ACC06094,C06094,210300000,ACTIVE
ACC06095,C06095,159200000,CLOSED
ACC06096,C06096,73500000,ACTIVE
ACC06097,C06097,235900000,ACTIVE
ACC06098,C06098,69600000,ACTIVE
ACC06099,C06099,64200000,ACTIVE
ACC06100,C06100,141800000,ACTIVE
ACC06101,C06101,353600000,ACTIVE
ACC06102,C06102,17100000,ACTIVE
ACC06103,C06103,430500000,BLOCKED
ACC06104,C06104,148900000,CLOSED
ACC06105,C06105,260200000,ACTIVE
ACC06106,C06106,367800000,ACTIVE
ACC06107,C06107,79600000,ACTIVE
ACC06108,C06108,440900000,ACTIVE
ACC06109,C06109,154600000,ACTIVE
ACC06110,C06110,199200000,ACTIVE
ACC06111,C06111,191000000,ACTIVE
ACC06112,C06112,232400000,ACTIVE
ACC06113,C06113,88300000,CLOSED
ACC06114,C06114,98500000,ACTIVE
ACC06115,C06115,26100000,ACTIVE
ACC06116,C06116,267900000,ACTIVE
ACC06117,C06117,242700000,ACTIVE
ACC06118,C06118,322300000,ACTIVE
ACC06119,C06119,375400000,ACTIVE
ACC06120,C06120,111600000,ACTIVE
ACC06121,C06121,301500000,ACTIVE
ACC06122,C06122,78500000,ACTIVE
ACC06123,C06123,55500000,ACTIVE
ACC06124,C06124,267000000,ACTIVE
ACC06125,C06125,109400000,ACTIVE
ACC06126,C06126,218100000,ACTIVE
ACC06127,C06127,305400000,ACTIVE
ACC06128,C06128,106200000,ACTIVE
ACC06129,C06129,320200000,ACTIVE
ACC06130,C06130,461000000,ACTIVE
ACC06131,C06131,140100000,ACTIVE
ACC06132,C06132,259500000,ACTIVE
ACC06133,C06133,166800000,ACTIVE
ACC06134,C06134,180100000,ACTIVE
ACC06135,C06135,80600000,ACTIVE
ACC06136,C06136,408800000,CLOSED
ACC06137,C06137,278400000,ACTIVE
ACC06138,C06138,245700000,ACTIVE
ACC06139,C06139,216400000,ACTIVE
ACC06140,C06140,85100000,ACTIVE
ACC06141,C06141,498400000,ACTIVE
ACC06142,C06142,374100000,ACTIVE
ACC06143,C06143,308400000,ACTIVE
ACC06144,C06144,354400000,BLOCKED
ACC06145,C06145,137800000,ACTIVE
ACC06146,C06146,240400000,ACTIVE
ACC06147,C06147,417900000,ACTIVE
ACC06148,C06148,222100000,ACTIVE
ACC06149,C06149,144300000,BLOCKED
ACC06150,C06150,174100000,ACTIVE
ACC06151,C06151,245100000,ACTIVE
ACC06152,C06152,419700000,ACTIVE
ACC06153,C06153,233400000,ACTIVE
ACC06154,C06154,273000000,ACTIVE
ACC06155,C06155,120600000,ACTIVE
ACC06156,C06156,32600000,ACTIVE
ACC06157,C06157,100700000,BLOCKED
ACC06158,C06158,9800000,ACTIVE
ACC06159,C06159,70300000,CLOSED
ACC06160,C06160,457700000,ACTIVE
ACC06161,C06161,428300000,ACTIVE
ACC06162,C06162,355300000,ACTIVE
ACC06163,C06163,493600000,BLOCKED
ACC06164,C06164,99400000,ACTIVE
ACC06165,C06165,105600000,BLOCKED
ACC06166,C06166,306900000,ACTIVE
ACC06167,C06167,168900000,ACTIVE
ACC06168,C06168,193700000,ACTIVE
ACC06169,C06169,114900000,ACTIVE
ACC06170,C06170,17700000,BLOCKED
ACC06171,C06171,15900000,ACTIVE
ACC06172,C06172,357800000,ACTIVE
ACC06173,C06173,415700000,ACTIVE
ACC06174,C06174,495500000,ACTIVE
ACC06175,C06175,248500000,ACTIVE
ACC06176,C06176,393700000,ACTIVE
ACC06177,C06177,27100000,ACTIVE
ACC06178,C06178,453000000,ACTIVE
ACC06179,C06179,179200000,ACTIVE
ACC06180,C06180,322000000,BLOCKED
ACC06181,C06181,392200000,ACTIVE
ACC06182,C06182,345500000,CLOSED
ACC06183,C06183,462100000,ACTIVE
ACC06184,C06184,223800000,ACTIVE
ACC06185,C06185,463700000,ACTIVE
ACC06186,C06186,46400000,ACTIVE
ACC06187,C06187,321700000,ACTIVE
ACC06188,C06188,357100000,ACTIVE
ACC06189,C06189,320800000,ACTIVE
ACC06190,C06190,105400000,ACTIVE
ACC06191,C06191,53500000,ACTIVE
ACC06192,C06192,181600000,ACTIVE
ACC06193,C06193,152300000,CLOSED
ACC06194,C06194,157200000,ACTIVE
ACC06195,C06195,376900000,ACTIVE
ACC06196,C06196,45300000,ACTIVE
ACC06197,C06197,287200000,ACTIVE
ACC06198,C06198,119400000,ACTIVE
ACC06199,C06199,213900000,ACTIVE
ACC06200,C06200,211400000,ACTIVE
ACC06201,C06201,290100000,ACTIVE
ACC06202,C06202,228100000,CLOSED
ACC06203,C06203,496200000,CLOSED
ACC06204,C06204,340500000,ACTIVE
ACC06205,C06205,217200000,ACTIVE
ACC06206,C06206,254900000,ACTIVE
ACC06207,C06207,260500000,ACTIVE
ACC06208,C06208,170200000,ACTIVE
ACC06209,C06209,58500000,ACTIVE
ACC06210,C06210,42500000,ACTIVE
ACC06211,C06211,366900000,ACTIVE
ACC06212,C06212,413600000,ACTIVE
ACC06213,C06213,447400000,ACTIVE
ACC06214,C06214,281600000,ACTIVE
ACC06215,C06215,377600000,ACTIVE
ACC06216,C06216,378600000,ACTIVE
ACC06217,C06217,342600000,ACTIVE
ACC06218,C06218,215800000,ACTIVE
ACC06219,C06219,211600000,ACTIVE
ACC06220,C06220,120500000,BLOCKED
ACC06221,C06221,481200000,ACTIVE
ACC06222,C06222,405300000,ACTIVE
ACC06223,C06223,108700000,ACTIVE
ACC06224,C06224,129600000,CLOSED
ACC06225,C06225,482100000,ACTIVE
ACC06226,C06226,292400000,ACTIVE
ACC06227,C06227,233800000,ACTIVE
ACC06228,C06228,389700000,ACTIVE
ACC06229,C06229,233800000,ACTIVE
ACC06230,C06230,475300000,ACTIVE
ACC06231,C06231,223100000,ACTIVE
ACC06232,C06232,347500000,ACTIVE
ACC06233,C06233,436500000,ACTIVE
ACC06234,C06234,300700000,ACTIVE
ACC06235,C06235,103400000,ACTIVE
ACC06236,C06236,177200000,ACTIVE
ACC06237,C06237,484200000,ACTIVE
ACC06238,C06238,125900000,ACTIVE
ACC06239,C06239,282600000,ACTIVE
ACC06240,C06240,334200000,CLOSED
ACC06241,C06241,461900000,ACTIVE
ACC06242,C06242,460900000,ACTIVE
ACC06243,C06243,306400000,ACTIVE
ACC06244,C06244,374000000,ACTIVE
ACC06245,C06245,45400000,ACTIVE
ACC06246,C06246,262300000,ACTIVE
ACC06247,C06247,443000000,ACTIVE
ACC06248,C06248,429000000,CLOSED
ACC06249,C06249,247900000,ACTIVE
ACC06250,C06250,260800000,CLOSED
ACC06251,C06251,353200000,ACTIVE
ACC06252,C06252,438100000,ACTIVE
ACC06253,C06253,479900000,ACTIVE
ACC06254,C06254,349200000,ACTIVE
ACC06255,C06255,480400000,ACTIVE
ACC06256,C06256,206500000,ACTIVE
ACC06257,C06257,415000000,CLOSED
ACC06258,C06258,157600000,ACTIVE
ACC06259,C06259,339600000,ACTIVE
ACC06260,C06260,416800000,ACTIVE
ACC06261,C06261,216600000,ACTIVE
ACC06262,C06262,437600000,ACTIVE
ACC06263,C06263,81000000,ACTIVE
ACC06264,C06264,66400000,ACTIVE
ACC06265,C06265,69800000,ACTIVE
ACC06266,C06266,381100000,ACTIVE
ACC06267,C06267,61000000,ACTIVE
ACC06268,C06268,232500000,BLOCKED
ACC06269,C06269,26800000,ACTIVE
ACC06270,C06270,119900000,CLOSED
ACC06271,C06271,165600000,BLOCKED
ACC06272,C06272,56400000,ACTIVE
ACC06273,C06273,258200000,ACTIVE
ACC06274,C06274,148300000,CLOSED
ACC06275,C06275,256800000,ACTIVE
ACC06276,C06276,493400000,ACTIVE
ACC06277,C06277,279300000,ACTIVE
ACC06278,C06278,375800000,CLOSED
ACC06279,C06279,356900000,ACTIVE
ACC06280,C06280,59400000,ACTIVE
ACC06281,C06281,230500000,ACTIVE
ACC06282,C06282,434800000,ACTIVE
ACC06283,C06283,309400000,ACTIVE
ACC06284,C06284,166300000,ACTIVE
ACC06285,C06285,254600000,ACTIVE
ACC06286,C06286,143600000,ACTIVE
ACC06287,C06287,460300000,ACTIVE
ACC06288,C06288,276700000,ACTIVE
ACC06289,C06289,242200000,CLOSED
ACC06290,C06290,212600000,ACTIVE
ACC06291,C06291,191100000,ACTIVE
ACC06292,C06292,236500000,ACTIVE
ACC06293,C06293,176500000,ACTIVE
ACC06294,C06294,266200000,ACTIVE
ACC06295,C06295,121700000,ACTIVE
ACC06296,C06296,363000000,ACTIVE
ACC06297,C06297,280400000,ACTIVE
ACC06298,C06298,74300000,ACTIVE
ACC06299,C06299,481400000,ACTIVE
ACC06300,C06300,393300000,ACTIVE
ACC06301,C06301,277100000,ACTIVE
ACC06302,C06302,202900000,ACTIVE
ACC06303,C06303,429800000,ACTIVE
ACC06304,C06304,115100000,ACTIVE
ACC06305,C06305,373700000,BLOCKED
ACC06306,C06306,209200000,ACTIVE
ACC06307,C06307,175800000,ACTIVE
ACC06308,C06308,122300000,ACTIVE
ACC06309,C06309,289600000,ACTIVE
ACC06310,C06310,323700000,ACTIVE
ACC06311,C06311,349400000,ACTIVE
ACC06312,C06312,228700000,ACTIVE
ACC06313,C06313,396800000,ACTIVE
ACC06314,C06314,231500000,ACTIVE
ACC06315,C06315,479100000,ACTIVE
ACC06316,C06316,380500000,ACTIVE
ACC06317,C06317,382200000,ACTIVE
ACC06318,C06318,35500000,ACTIVE
ACC06319,C06319,196300000,ACTIVE
ACC06320,C06320,233200000,ACTIVE
ACC06321,C06321,9300000,ACTIVE
ACC06322,C06322,287100000,ACTIVE
ACC06323,C06323,208000000,ACTIVE
ACC06324,C06324,209800000,ACTIVE
ACC06325,C06325,88700000,ACTIVE
ACC06326,C06326,20600000,ACTIVE
ACC06327,C06327,350400000,ACTIVE
ACC06328,C06328,3400000,ACTIVE
ACC06329,C06329,477300000,ACTIVE
ACC06330,C06330,163000000,ACTIVE
ACC06331,C06331,399300000,ACTIVE
ACC06332,C06332,14600000,ACTIVE
ACC06333,C06333,464100000,ACTIVE
ACC06334,C06334,436400000,ACTIVE
ACC06335,C06335,51100000,ACTIVE
ACC06336,C06336,127800000,ACTIVE
ACC06337,C06337,121700000,ACTIVE
ACC06338,C06338,76300000,ACTIVE
ACC06339,C06339,297900000,BLOCKED
ACC06340,C06340,321000000,ACTIVE
ACC06341,C06341,485700000,ACTIVE
ACC06342,C06342,387400000,BLOCKED
ACC06343,C06343,185400000,CLOSED
ACC06344,C06344,196200000,ACTIVE
ACC06345,C06345,34900000,ACTIVE
ACC06346,C06346,489200000,BLOCKED
ACC06347,C06347,204100000,ACTIVE
ACC06348,C06348,75500000,ACTIVE
ACC06349,C06349,229600000,ACTIVE
ACC06350,C06350,325200000,ACTIVE
ACC06351,C06351,305500000,ACTIVE
ACC06352,C06352,25300000,ACTIVE
ACC06353,C06353,147300000,ACTIVE
ACC06354,C06354,319700000,BLOCKED
ACC06355,C06355,48300000,ACTIVE
ACC06356,C06356,280300000,ACTIVE
ACC06357,C06357,22300000,ACTIVE
ACC06358,C06358,318000000,ACTIVE
ACC06359,C06359,424700000,ACTIVE
ACC06360,C06360,20800000,CLOSED
ACC06361,C06361,214800000,BLOCKED
ACC06362,C06362,420100000,ACTIVE
ACC06363,C06363,336600000,ACTIVE
ACC06364,C06364,376300000,ACTIVE
ACC06365,C06365,289500000,BLOCKED
ACC06366,C06366,126900000,ACTIVE
ACC06367,C06367,388400000,ACTIVE
ACC06368,C06368,16800000,ACTIVE
ACC06369,C06369,141700000,ACTIVE
ACC06370,C06370,480500000,ACTIVE
ACC06371,C06371,236300000,ACTIVE
ACC06372,C06372,178900000,ACTIVE
ACC06373,C06373,52900000,ACTIVE
ACC06374,C06374,221300000,ACTIVE
ACC06375,C06375,69900000,ACTIVE
ACC06376,C06376,238200000,ACTIVE
ACC06377,C06377,119600000,ACTIVE
ACC06378,C06378,292900000,ACTIVE
ACC06379,C06379,305800000,ACTIVE
ACC06380,C06380,162600000,ACTIVE
ACC06381,C06381,40200000,ACTIVE
ACC06382,C06382,79900000,BLOCKED
ACC06383,C06383,22500000,ACTIVE
ACC06384,C06384,413600000,ACTIVE
ACC06385,C06385,493600000,ACTIVE
ACC06386,C06386,458500000,ACTIVE
ACC06387,C06387,347200000,ACTIVE
ACC06388,C06388,396200000,ACTIVE
ACC06389,C06389,476800000,ACTIVE
ACC06390,C06390,278400000,ACTIVE
ACC06391,C06391,80700000,ACTIVE
ACC06392,C06392,420700000,ACTIVE
ACC06393,C06393,490100000,BLOCKED
ACC06394,C06394,197400000,ACTIVE
ACC06395,C06395,44500000,ACTIVE
ACC06396,C06396,324400000,ACTIVE
ACC06397,C06397,351200000,ACTIVE
ACC06398,C06398,362000000,ACTIVE
ACC06399,C06399,373900000,ACTIVE
ACC06400,C06400,271700000,ACTIVE
ACC06401,C06401,403700000,BLOCKED
ACC06402,C06402,218200000,ACTIVE
ACC06403,C06403,58600000,ACTIVE
ACC06404,C06404,45300000,ACTIVE
ACC06405,C06405,224900000,ACTIVE
ACC06406,C06406,138900000,ACTIVE
ACC06407,C06407,324100000,ACTIVE
ACC06408,C06408,248200000,ACTIVE
ACC06409,C06409,330600000,ACTIVE
ACC06410,C06410,164200000,ACTIVE
ACC06411,C06411,341700000,ACTIVE
ACC06412,C06412,11200000,ACTIVE
ACC06413,C06413,133200000,ACTIVE
ACC06414,C06414,277800000,ACTIVE
ACC06415,C06415,119400000,ACTIVE
ACC06416,C06416,380400000,ACTIVE
ACC06417,C06417,91500000,ACTIVE
ACC06418,C06418,321800000,ACTIVE
ACC06419,C06419,498900000,ACTIVE
ACC06420,C06420,52800000,ACTIVE
ACC06421,C06421,141300000,ACTIVE
ACC06422,C06422,282500000,ACTIVE
ACC06423,C06423,456600000,ACTIVE
ACC06424,C06424,307300000,ACTIVE
ACC06425,C06425,104300000,ACTIVE
ACC06426,C06426,365800000,ACTIVE
ACC06427,C06427,483400000,ACTIVE
ACC06428,C06428,11700000,ACTIVE
ACC06429,C06429,263800000,ACTIVE
ACC06430,C06430,34800000,ACTIVE
ACC06431,C06431,54600000,ACTIVE
ACC06432,C06432,181800000,ACTIVE
ACC06433,C06433,175600000,BLOCKED
ACC06434,C06434,77100000,ACTIVE
ACC06435,C06435,105000000,BLOCKED
ACC06436,C06436,491800000,ACTIVE
ACC06437,C06437,106100000,ACTIVE
ACC06438,C06438,319700000,ACTIVE
ACC06439,C06439,96100000,ACTIVE
ACC06440,C06440,347700000,ACTIVE
ACC06441,C06441,394800000,ACTIVE
ACC06442,C06442,406500000,ACTIVE
ACC06443,C06443,440500000,ACTIVE
ACC06444,C06444,84800000,ACTIVE
ACC06445,C06445,157700000,ACTIVE
ACC06446,C06446,386400000,BLOCKED
ACC06447,C06447,466400000,ACTIVE
ACC06448,C06448,132600000,ACTIVE
ACC06449,C06449,442900000,ACTIVE
ACC06450,C06450,259400000,ACTIVE
ACC06451,C06451,101300000,ACTIVE
ACC06452,C06452,27800000,ACTIVE
ACC06453,C06453,482700000,ACTIVE
ACC06454,C06454,451700000,ACTIVE
ACC06455,C06455,186600000,ACTIVE
ACC06456,C06456,479400000,ACTIVE
ACC06457,C06457,158300000,ACTIVE
ACC06458,C06458,469500000,ACTIVE
ACC06459,C06459,389500000,ACTIVE
ACC06460,C06460,74300000,ACTIVE
ACC06461,C06461,90200000,ACTIVE
ACC06462,C06462,267500000,ACTIVE
ACC06463,C06463,337200000,ACTIVE
ACC06464,C06464,247100000,ACTIVE
ACC06465,C06465,427300000,ACTIVE
ACC06466,C06466,102900000,CLOSED
ACC06467,C06467,21600000,ACTIVE
ACC06468,C06468,495100000,ACTIVE
ACC06469,C06469,359300000,ACTIVE
ACC06470,C06470,302900000,ACTIVE
ACC06471,C06471,408600000,ACTIVE
ACC06472,C06472,245800000,ACTIVE
ACC06473,C06473,491300000,ACTIVE
ACC06474,C06474,246200000,ACTIVE
ACC06475,C06475,461800000,ACTIVE
ACC06476,C06476,394100000,ACTIVE
ACC06477,C06477,284000000,ACTIVE
ACC06478,C06478,344200000,ACTIVE
ACC06479,C06479,132900000,ACTIVE
ACC06480,C06480,176700000,ACTIVE
ACC06481,C06481,170000000,ACTIVE
ACC06482,C06482,87400000,ACTIVE
ACC06483,C06483,212100000,ACTIVE
ACC06484,C06484,84600000,ACTIVE
ACC06485,C06485,100600000,ACTIVE
ACC06486,C06486,155000000,ACTIVE
ACC06487,C06487,411800000,ACTIVE
ACC06488,C06488,159300000,ACTIVE
ACC06489,C06489,59500000,ACTIVE
ACC06490,C06490,383400000,CLOSED
ACC06491,C06491,38000000,ACTIVE
ACC06492,C06492,12800000,ACTIVE
ACC06493,C06493,378200000,ACTIVE
ACC06494,C06494,261400000,ACTIVE
ACC06495,C06495,223300000,BLOCKED
ACC06496,C06496,48300000,ACTIVE
ACC06497,C06497,465900000,ACTIVE
ACC06498,C06498,161600000,ACTIVE
ACC06499,C06499,328500000,ACTIVE
ACC06500,C06500,421300000,ACTIVE
ACC06501,C06501,270400000,CLOSED
ACC06502,C06502,336400000,ACTIVE
ACC06503,C06503,40800000,ACTIVE
ACC06504,C06504,262400000,ACTIVE
ACC06505,C06505,474700000,ACTIVE
ACC06506,C06506,126300000,ACTIVE
ACC06507,C06507,65900000,CLOSED
ACC06508,C06508,267200000,ACTIVE
ACC06509,C06509,259600000,ACTIVE
ACC06510,C06510,351900000,ACTIVE
ACC06511,C06511,81200000,ACTIVE
ACC06512,C06512,166500000,ACTIVE
ACC06513,C06513,296900000,ACTIVE
ACC06514,C06514,322500000,ACTIVE
ACC06515,C06515,241900000,ACTIVE
ACC06516,C06516,442500000,ACTIVE
ACC06517,C06517,406500000,ACTIVE
ACC06518,C06518,399500000,ACTIVE
ACC06519,C06519,243800000,ACTIVE
ACC06520,C06520,404900000,ACTIVE
ACC06521,C06521,72000000,ACTIVE
ACC06522,C06522,33300000,ACTIVE
ACC06523,C06523,306200000,ACTIVE
ACC06524,C06524,41300000,ACTIVE
ACC06525,C06525,382400000,ACTIVE
ACC06526,C06526,328300000,ACTIVE
ACC06527,C06527,190300000,CLOSED
ACC06528,C06528,227800000,ACTIVE
ACC06529,C06529,292800000,ACTIVE
ACC06530,C06530,236000000,ACTIVE
ACC06531,C06531,217300000,ACTIVE
ACC06532,C06532,25200000,ACTIVE
ACC06533,C06533,190600000,ACTIVE
ACC06534,C06534,422400000,ACTIVE
ACC06535,C06535,80400000,ACTIVE
ACC06536,C06536,218900000,ACTIVE
ACC06537,C06537,213600000,ACTIVE
ACC06538,C06538,286100000,ACTIVE
ACC06539,C06539,437900000,ACTIVE
ACC06540,C06540,152200000,CLOSED
ACC06541,C06541,499800000,CLOSED
ACC06542,C06542,168500000,CLOSED
ACC06543,C06543,327400000,ACTIVE
ACC06544,C06544,311400000,ACTIVE
ACC06545,C06545,440000000,ACTIVE
ACC06546,C06546,396300000,ACTIVE
ACC06547,C06547,430600000,ACTIVE
ACC06548,C06548,239000000,ACTIVE
ACC06549,C06549,60800000,ACTIVE
ACC06550,C06550,90600000,ACTIVE
ACC06551,C06551,64200000,CLOSED
ACC06552,C06552,478900000,ACTIVE
ACC06553,C06553,428300000,ACTIVE
ACC06554,C06554,454700000,CLOSED
ACC06555,C06555,133900000,ACTIVE
ACC06556,C06556,429900000,ACTIVE
ACC06557,C06557,294600000,ACTIVE
ACC06558,C06558,410700000,ACTIVE
ACC06559,C06559,260400000,ACTIVE
ACC06560,C06560,231800000,ACTIVE
ACC06561,C06561,114000000,ACTIVE
ACC06562,C06562,21900000,ACTIVE
ACC06563,C06563,138800000,ACTIVE
ACC06564,C06564,458700000,ACTIVE
ACC06565,C06565,372300000,ACTIVE
ACC06566,C06566,104400000,ACTIVE
ACC06567,C06567,321000000,ACTIVE
ACC06568,C06568,139000000,ACTIVE
ACC06569,C06569,468900000,ACTIVE
ACC06570,C06570,415900000,ACTIVE
ACC06571,C06571,47900000,ACTIVE
ACC06572,C06572,206400000,ACTIVE
ACC06573,C06573,280800000,ACTIVE
ACC06574,C06574,476100000,BLOCKED
ACC06575,C06575,378800000,ACTIVE
ACC06576,C06576,198700000,ACTIVE
ACC06577,C06577,225100000,ACTIVE
ACC06578,C06578,273600000,ACTIVE
ACC06579,C06579,426400000,ACTIVE
ACC06580,C06580,289400000,ACTIVE
ACC06581,C06581,307400000,ACTIVE
ACC06582,C06582,329100000,ACTIVE
ACC06583,C06583,484200000,ACTIVE
ACC06584,C06584,437300000,BLOCKED
ACC06585,C06585,240700000,ACTIVE
ACC06586,C06586,465800000,CLOSED
ACC06587,C06587,119300000,CLOSED
ACC06588,C06588,469700000,ACTIVE
ACC06589,C06589,49400000,ACTIVE
ACC06590,C06590,483800000,ACTIVE
ACC06591,C06591,196300000,ACTIVE
ACC06592,C06592,24000000,ACTIVE
ACC06593,C06593,138500000,CLOSED
ACC06594,C06594,397200000,ACTIVE
ACC06595,C06595,237400000,CLOSED
ACC06596,C06596,422800000,ACTIVE
ACC06597,C06597,93100000,BLOCKED
ACC06598,C06598,265200000,ACTIVE
ACC06599,C06599,56700000,ACTIVE
ACC06600,C06600,460900000,ACTIVE
ACC06601,C06601,225300000,ACTIVE
ACC06602,C06602,200200000,ACTIVE
ACC06603,C06603,165500000,ACTIVE
ACC06604,C06604,347900000,ACTIVE
ACC06605,C06605,89600000,ACTIVE
ACC06606,C06606,378600000,ACTIVE
ACC06607,C06607,123700000,ACTIVE
ACC06608,C06608,98700000,ACTIVE
ACC06609,C06609,286300000,CLOSED
ACC06610,C06610,199700000,ACTIVE
ACC06611,C06611,451800000,ACTIVE
ACC06612,C06612,157700000,ACTIVE
ACC06613,C06613,137300000,ACTIVE
ACC06614,C06614,393200000,ACTIVE
ACC06615,C06615,387600000,ACTIVE
ACC06616,C06616,240500000,ACTIVE
ACC06617,C06617,266200000,ACTIVE
ACC06618,C06618,59600000,ACTIVE
ACC06619,C06619,475200000,ACTIVE
ACC06620,C06620,46900000,ACTIVE
ACC06621,C06621,204400000,ACTIVE
ACC06622,C06622,453400000,ACTIVE
ACC06623,C06623,246900000,ACTIVE
ACC06624,C06624,488500000,ACTIVE
ACC06625,C06625,321200000,ACTIVE
ACC06626,C06626,176400000,ACTIVE
ACC06627,C06627,281400000,ACTIVE
ACC06628,C06628,167900000,ACTIVE
ACC06629,C06629,376800000,ACTIVE
ACC06630,C06630,459800000,ACTIVE
ACC06631,C06631,92500000,ACTIVE
ACC06632,C06632,55600000,ACTIVE
ACC06633,C06633,301100000,ACTIVE
ACC06634,C06634,244800000,ACTIVE
ACC06635,C06635,104000000,ACTIVE
ACC06636,C06636,163000000,ACTIVE
ACC06637,C06637,317200000,ACTIVE
ACC06638,C06638,490000000,ACTIVE
ACC06639,C06639,78400000,ACTIVE
ACC06640,C06640,74000000,ACTIVE
ACC06641,C06641,91800000,ACTIVE
ACC06642,C06642,141200000,CLOSED
ACC06643,C06643,43400000,ACTIVE
ACC06644,C06644,430200000,ACTIVE
ACC06645,C06645,357100000,ACTIVE
ACC06646,C06646,364700000,ACTIVE
ACC06647,C06647,237900000,ACTIVE
ACC06648,C06648,277700000,BLOCKED
ACC06649,C06649,108900000,ACTIVE
ACC06650,C06650,36700000,ACTIVE
ACC06651,C06651,312200000,ACTIVE
ACC06652,C06652,288700000,ACTIVE
ACC06653,C06653,292200000,ACTIVE
ACC06654,C06654,491900000,ACTIVE
ACC06655,C06655,105200000,ACTIVE
ACC06656,C06656,428400000,ACTIVE
ACC06657,C06657,432300000,ACTIVE
ACC06658,C06658,8500000,ACTIVE
ACC06659,C06659,462600000,ACTIVE
ACC06660,C06660,362700000,CLOSED
ACC06661,C06661,145900000,ACTIVE
ACC06662,C06662,449000000,ACTIVE
ACC06663,C06663,155400000,ACTIVE
ACC06664,C06664,339300000,ACTIVE
ACC06665,C06665,64000000,ACTIVE
ACC06666,C06666,273500000,ACTIVE
ACC06667,C06667,50000000,CLOSED
ACC06668,C06668,69700000,ACTIVE
ACC06669,C06669,327000000,ACTIVE
ACC06670,C06670,143700000,ACTIVE
ACC06671,C06671,15400000,ACTIVE
ACC06672,C06672,110000000,ACTIVE
ACC06673,C06673,101800000,ACTIVE
ACC06674,C06674,176400000,ACTIVE
ACC06675,C06675,347500000,ACTIVE
ACC06676,C06676,17700000,CLOSED
ACC06677,C06677,202400000,CLOSED
ACC06678,C06678,137700000,ACTIVE
ACC06679,C06679,293600000,ACTIVE
ACC06680,C06680,184800000,CLOSED
ACC06681,C06681,450100000,CLOSED
ACC06682,C06682,202500000,ACTIVE
ACC06683,C06683,326200000,ACTIVE
ACC06684,C06684,192800000,ACTIVE
ACC06685,C06685,326200000,ACTIVE
ACC06686,C06686,469700000,ACTIVE
ACC06687,C06687,26300000,ACTIVE
ACC06688,C06688,372700000,ACTIVE
ACC06689,C06689,266500000,ACTIVE
ACC06690,C06690,286500000,ACTIVE
ACC06691,C06691,286600000,ACTIVE
ACC06692,C06692,19200000,ACTIVE
ACC06693,C06693,383900000,ACTIVE
ACC06694,C06694,160900000,ACTIVE
ACC06695,C06695,467400000,ACTIVE
ACC06696,C06696,58800000,ACTIVE
ACC06697,C06697,255800000,ACTIVE
ACC06698,C06698,424000000,ACTIVE
ACC06699,C06699,22800000,ACTIVE
ACC06700,C06700,389600000,BLOCKED
ACC06701,C06701,447200000,ACTIVE
ACC06702,C06702,253800000,ACTIVE
ACC06703,C06703,162600000,ACTIVE
ACC06704,C06704,289000000,ACTIVE
ACC06705,C06705,96000000,ACTIVE
ACC06706,C06706,43300000,CLOSED
ACC06707,C06707,317700000,ACTIVE
ACC06708,C06708,7900000,ACTIVE
ACC06709,C06709,158100000,ACTIVE
ACC06710,C06710,72400000,ACTIVE
ACC06711,C06711,488800000,ACTIVE
ACC06712,C06712,142800000,ACTIVE
ACC06713,C06713,287700000,ACTIVE
ACC06714,C06714,150600000,ACTIVE
ACC06715,C06715,110800000,ACTIVE
ACC06716,C06716,209000000,ACTIVE
ACC06717,C06717,219800000,ACTIVE
ACC06718,C06718,104300000,ACTIVE
ACC06719,C06719,317400000,ACTIVE
ACC06720,C06720,203800000,ACTIVE
ACC06721,C06721,420500000,ACTIVE
ACC06722,C06722,177300000,ACTIVE
ACC06723,C06723,430600000,ACTIVE
ACC06724,C06724,205400000,CLOSED
ACC06725,C06725,457500000,ACTIVE
ACC06726,C06726,68400000,ACTIVE
ACC06727,C06727,417900000,ACTIVE
ACC06728,C06728,174800000,ACTIVE
ACC06729,C06729,252700000,ACTIVE
ACC06730,C06730,64900000,ACTIVE
ACC06731,C06731,484600000,CLOSED
ACC06732,C06732,374000000,ACTIVE
ACC06733,C06733,398600000,ACTIVE
ACC06734,C06734,130800000,ACTIVE
ACC06735,C06735,122500000,ACTIVE
ACC06736,C06736,150800000,BLOCKED
ACC06737,C06737,162500000,ACTIVE
ACC06738,C06738,483600000,ACTIVE
ACC06739,C06739,377000000,ACTIVE
ACC06740,C06740,467800000,ACTIVE
ACC06741,C06741,335200000,ACTIVE
ACC06742,C06742,118700000,ACTIVE
ACC06743,C06743,338900000,BLOCKED
ACC06744,C06744,181000000,ACTIVE
ACC06745,C06745,157700000,ACTIVE
ACC06746,C06746,26300000,ACTIVE
ACC06747,C06747,239800000,ACTIVE
ACC06748,C06748,165700000,BLOCKED
ACC06749,C06749,346800000,ACTIVE
ACC06750,C06750,321200000,ACTIVE
ACC06751,C06751,288500000,ACTIVE
ACC06752,C06752,365800000,ACTIVE
ACC06753,C06753,89500000,ACTIVE
ACC06754,C06754,250500000,ACTIVE
ACC06755,C06755,202200000,ACTIVE
ACC06756,C06756,405600000,ACTIVE
ACC06757,C06757,90900000,BLOCKED
ACC06758,C06758,443100000,BLOCKED
ACC06759,C06759,294600000,ACTIVE
ACC06760,C06760,33800000,CLOSED
ACC06761,C06761,39000000,ACTIVE
ACC06762,C06762,377100000,BLOCKED
ACC06763,C06763,424200000,ACTIVE
ACC06764,C06764,44000000,ACTIVE
ACC06765,C06765,410800000,ACTIVE
ACC06766,C06766,153900000,ACTIVE
ACC06767,C06767,256400000,ACTIVE
ACC06768,C06768,25700000,ACTIVE
ACC06769,C06769,345800000,ACTIVE
ACC06770,C06770,228200000,ACTIVE
ACC06771,C06771,384400000,ACTIVE
ACC06772,C06772,133400000,ACTIVE
ACC06773,C06773,414700000,ACTIVE
ACC06774,C06774,32400000,ACTIVE
ACC06775,C06775,312200000,ACTIVE
ACC06776,C06776,210300000,ACTIVE
ACC06777,C06777,237400000,ACTIVE
ACC06778,C06778,487400000,ACTIVE
ACC06779,C06779,255600000,ACTIVE
ACC06780,C06780,4900000,ACTIVE
ACC06781,C06781,365600000,ACTIVE
ACC06782,C06782,334500000,ACTIVE
ACC06783,C06783,214400000,ACTIVE
ACC06784,C06784,6200000,ACTIVE
ACC06785,C06785,97200000,ACTIVE
ACC06786,C06786,321800000,ACTIVE
ACC06787,C06787,467900000,ACTIVE
ACC06788,C06788,281500000,ACTIVE
ACC06789,C06789,438100000,ACTIVE
ACC06790,C06790,86300000,ACTIVE
ACC06791,C06791,343100000,ACTIVE
ACC06792,C06792,383300000,ACTIVE
ACC06793,C06793,360700000,ACTIVE
ACC06794,C06794,56100000,ACTIVE
ACC06795,C06795,133900000,ACTIVE
ACC06796,C06796,455800000,ACTIVE
ACC06797,C06797,180700000,ACTIVE
ACC06798,C06798,376900000,ACTIVE
ACC06799,C06799,264400000,ACTIVE
ACC06800,C06800,441800000,BLOCKED
ACC06801,C06801,451900000,ACTIVE
ACC06802,C06802,391100000,ACTIVE
ACC06803,C06803,166200000,ACTIVE
ACC06804,C06804,192500000,ACTIVE
ACC06805,C06805,350700000,ACTIVE
ACC06806,C06806,201300000,ACTIVE
ACC06807,C06807,326800000,ACTIVE
ACC06808,C06808,168500000,ACTIVE
ACC06809,C06809,280400000,ACTIVE
ACC06810,C06810,71700000,ACTIVE
ACC06811,C06811,373700000,ACTIVE
ACC06812,C06812,193200000,ACTIVE
ACC06813,C06813,315800000,ACTIVE
ACC06814,C06814,484300000,ACTIVE
ACC06815,C06815,40700000,ACTIVE
ACC06816,C06816,418200000,ACTIVE
ACC06817,C06817,46800000,ACTIVE
ACC06818,C06818,408700000,ACTIVE
ACC06819,C06819,254800000,ACTIVE
ACC06820,C06820,65100000,ACTIVE
ACC06821,C06821,215800000,ACTIVE
ACC06822,C06822,398400000,ACTIVE
ACC06823,C06823,38300000,ACTIVE
ACC06824,C06824,143100000,ACTIVE
ACC06825,C06825,121100000,ACTIVE
ACC06826,C06826,486500000,ACTIVE
ACC06827,C06827,285800000,ACTIVE
ACC06828,C06828,242900000,ACTIVE
ACC06829,C06829,322800000,ACTIVE
ACC06830,C06830,61300000,ACTIVE
ACC06831,C06831,24200000,ACTIVE
ACC06832,C06832,406000000,ACTIVE
ACC06833,C06833,295900000,ACTIVE
ACC06834,C06834,142600000,ACTIVE
ACC06835,C06835,233100000,ACTIVE
ACC06836,C06836,409200000,ACTIVE
ACC06837,C06837,428700000,ACTIVE
ACC06838,C06838,483600000,ACTIVE
ACC06839,C06839,243000000,CLOSED
ACC06840,C06840,211500000,ACTIVE
ACC06841,C06841,484500000,CLOSED
ACC06842,C06842,467400000,ACTIVE
ACC06843,C06843,83700000,ACTIVE
ACC06844,C06844,154800000,ACTIVE
ACC06845,C06845,92000000,ACTIVE
ACC06846,C06846,316600000,ACTIVE
ACC06847,C06847,318500000,ACTIVE
ACC06848,C06848,235500000,ACTIVE
ACC06849,C06849,11300000,ACTIVE
ACC06850,C06850,341300000,ACTIVE
ACC06851,C06851,71400000,ACTIVE
ACC06852,C06852,449100000,ACTIVE
ACC06853,C06853,97000000,ACTIVE
ACC06854,C06854,448800000,ACTIVE
ACC06855,C06855,10800000,ACTIVE
ACC06856,C06856,173600000,CLOSED
ACC06857,C06857,36500000,ACTIVE
ACC06858,C06858,460000000,ACTIVE
ACC06859,C06859,218800000,ACTIVE
ACC06860,C06860,124900000,CLOSED
ACC06861,C06861,229600000,ACTIVE
ACC06862,C06862,214300000,ACTIVE
ACC06863,C06863,272000000,ACTIVE
ACC06864,C06864,394500000,ACTIVE
ACC06865,C06865,357100000,ACTIVE
ACC06866,C06866,225700000,ACTIVE
ACC06867,C06867,211600000,ACTIVE
ACC06868,C06868,391600000,ACTIVE
ACC06869,C06869,443200000,ACTIVE
ACC06870,C06870,322600000,ACTIVE
ACC06871,C06871,355400000,ACTIVE
ACC06872,C06872,244900000,ACTIVE
ACC06873,C06873,281400000,ACTIVE
ACC06874,C06874,100900000,BLOCKED
ACC06875,C06875,380200000,ACTIVE
ACC06876,C06876,431300000,ACTIVE
ACC06877,C06877,411100000,ACTIVE
ACC06878,C06878,78400000,ACTIVE
ACC06879,C06879,168500000,ACTIVE
ACC06880,C06880,405900000,ACTIVE
ACC06881,C06881,454200000,ACTIVE
ACC06882,C06882,440700000,ACTIVE
ACC06883,C06883,304500000,ACTIVE
ACC06884,C06884,319300000,ACTIVE
ACC06885,C06885,11300000,ACTIVE
ACC06886,C06886,75900000,ACTIVE
ACC06887,C06887,310000000,ACTIVE
ACC06888,C06888,95000000,ACTIVE
ACC06889,C06889,138000000,ACTIVE
ACC06890,C06890,62300000,ACTIVE
ACC06891,C06891,297800000,ACTIVE
ACC06892,C06892,165300000,ACTIVE
ACC06893,C06893,283500000,ACTIVE
ACC06894,C06894,14200000,ACTIVE
ACC06895,C06895,438200000,ACTIVE
ACC06896,C06896,297600000,ACTIVE
ACC06897,C06897,231300000,ACTIVE
ACC06898,C06898,195400000,ACTIVE
ACC06899,C06899,267800000,ACTIVE
ACC06900,C06900,184000000,ACTIVE
ACC06901,C06901,404900000,ACTIVE
ACC06902,C06902,351600000,ACTIVE
ACC06903,C06903,391900000,CLOSED
ACC06904,C06904,49000000,CLOSED
ACC06905,C06905,452400000,ACTIVE
ACC06906,C06906,230000000,ACTIVE
ACC06907,C06907,35400000,ACTIVE
ACC06908,C06908,112700000,ACTIVE
ACC06909,C06909,363700000,ACTIVE
ACC06910,C06910,53400000,ACTIVE
ACC06911,C06911,302300000,ACTIVE
ACC06912,C06912,461200000,ACTIVE
ACC06913,C06913,448200000,ACTIVE
ACC06914,C06914,208500000,ACTIVE
ACC06915,C06915,449500000,ACTIVE
ACC06916,C06916,320800000,ACTIVE
ACC06917,C06917,208600000,ACTIVE
ACC06918,C06918,361400000,ACTIVE
ACC06919,C06919,238700000,ACTIVE
ACC06920,C06920,242700000,ACTIVE
ACC06921,C06921,234200000,ACTIVE
ACC06922,C06922,350900000,ACTIVE
ACC06923,C06923,483600000,ACTIVE
ACC06924,C06924,176700000,ACTIVE
ACC06925,C06925,423200000,ACTIVE
ACC06926,C06926,343600000,ACTIVE
ACC06927,C06927,44900000,ACTIVE
ACC06928,C06928,150400000,ACTIVE
ACC06929,C06929,105200000,ACTIVE
ACC06930,C06930,80800000,ACTIVE
ACC06931,C06931,152800000,ACTIVE
ACC06932,C06932,3200000,ACTIVE
ACC06933,C06933,204900000,ACTIVE
ACC06934,C06934,397800000,ACTIVE
ACC06935,C06935,12400000,ACTIVE
ACC06936,C06936,336400000,ACTIVE
ACC06937,C06937,289400000,ACTIVE
ACC06938,C06938,171500000,ACTIVE
ACC06939,C06939,376700000,ACTIVE
ACC06940,C06940,239900000,ACTIVE
ACC06941,C06941,337600000,CLOSED
ACC06942,C06942,329600000,ACTIVE
ACC06943,C06943,468800000,ACTIVE
ACC06944,C06944,128600000,ACTIVE
ACC06945,C06945,34700000,ACTIVE
ACC06946,C06946,55900000,ACTIVE
ACC06947,C06947,108200000,ACTIVE
ACC06948,C06948,94800000,ACTIVE
ACC06949,C06949,387500000,ACTIVE
ACC06950,C06950,439000000,ACTIVE
ACC06951,C06951,482500000,ACTIVE
ACC06952,C06952,262600000,ACTIVE
ACC06953,C06953,139600000,ACTIVE
ACC06954,C06954,74100000,CLOSED
ACC06955,C06955,369700000,ACTIVE
ACC06956,C06956,336500000,ACTIVE
ACC06957,C06957,332100000,ACTIVE
ACC06958,C06958,302700000,ACTIVE
ACC06959,C06959,14800000,ACTIVE
ACC06960,C06960,63600000,ACTIVE
ACC06961,C06961,36700000,BLOCKED
ACC06962,C06962,209600000,ACTIVE
ACC06963,C06963,455500000,ACTIVE
ACC06964,C06964,191000000,ACTIVE
ACC06965,C06965,279500000,ACTIVE
ACC06966,C06966,404600000,ACTIVE
ACC06967,C06967,101200000,ACTIVE
ACC06968,C06968,330100000,ACTIVE
ACC06969,C06969,133000000,ACTIVE
ACC06970,C06970,166800000,ACTIVE
ACC06971,C06971,162900000,ACTIVE
ACC06972,C06972,179800000,ACTIVE
ACC06973,C06973,474300000,ACTIVE
ACC06974,C06974,366700000,ACTIVE
ACC06975,C06975,9800000,ACTIVE
ACC06976,C06976,73100000,ACTIVE
ACC06977,C06977,406200000,ACTIVE
ACC06978,C06978,108800000,ACTIVE
ACC06979,C06979,331000000,ACTIVE
ACC06980,C06980,437000000,ACTIVE
ACC06981,C06981,203400000,ACTIVE
ACC06982,C06982,51100000,ACTIVE
ACC06983,C06983,87200000,ACTIVE
ACC06984,C06984,381200000,ACTIVE
ACC06985,C06985,20400000,ACTIVE
ACC06986,C06986,313900000,ACTIVE
ACC06987,C06987,314700000,ACTIVE
ACC06988,C06988,281000000,ACTIVE
ACC06989,C06989,345300000,ACTIVE
ACC06990,C06990,202300000,ACTIVE
ACC06991,C06991,347800000,ACTIVE
ACC06992,C06992,181700000,ACTIVE
ACC06993,C06993,498600000,ACTIVE
ACC06994,C06994,349000000,ACTIVE
ACC06995,C06995,100500000,ACTIVE
ACC06996,C06996,337200000,ACTIVE
ACC06997,C06997,88800000,ACTIVE
ACC06998,C06998,315500000,ACTIVE
ACC06999,C06999,408000000,ACTIVE
ACC07000,C07000,37200000,ACTIVE
ACC07001,C07001,215500000,BLOCKED
ACC07002,C07002,473400000,ACTIVE
ACC07003,C07003,265700000,BLOCKED
ACC07004,C07004,67600000,ACTIVE
ACC07005,C07005,252700000,ACTIVE
ACC07006,C07006,171500000,ACTIVE
ACC07007,C07007,87100000,ACTIVE
ACC07008,C07008,109100000,ACTIVE
ACC07009,C07009,72300000,ACTIVE
ACC07010,C07010,226500000,ACTIVE
ACC07011,C07011,330100000,ACTIVE
ACC07012,C07012,218000000,ACTIVE
ACC07013,C07013,446200000,ACTIVE
ACC07014,C07014,11100000,ACTIVE
ACC07015,C07015,276100000,ACTIVE
ACC07016,C07016,246600000,ACTIVE
ACC07017,C07017,11100000,ACTIVE
ACC07018,C07018,115500000,ACTIVE
ACC07019,C07019,165400000,ACTIVE
ACC07020,C07020,414600000,ACTIVE
ACC07021,C07021,410400000,ACTIVE
ACC07022,C07022,54000000,ACTIVE
ACC07023,C07023,286900000,ACTIVE
ACC07024,C07024,241600000,ACTIVE
ACC07025,C07025,285600000,ACTIVE
ACC07026,C07026,392100000,CLOSED
ACC07027,C07027,469800000,ACTIVE
ACC07028,C07028,261800000,ACTIVE
ACC07029,C07029,208200000,ACTIVE
ACC07030,C07030,442800000,ACTIVE
ACC07031,C07031,491300000,ACTIVE
ACC07032,C07032,338500000,ACTIVE
ACC07033,C07033,110600000,ACTIVE
ACC07034,C07034,286200000,ACTIVE
ACC07035,C07035,11800000,BLOCKED
ACC07036,C07036,68900000,ACTIVE
ACC07037,C07037,315000000,ACTIVE
ACC07038,C07038,448100000,ACTIVE
ACC07039,C07039,73400000,ACTIVE
ACC07040,C07040,46400000,ACTIVE
ACC07041,C07041,363200000,ACTIVE
ACC07042,C07042,64000000,ACTIVE
ACC07043,C07043,454700000,ACTIVE
ACC07044,C07044,428000000,ACTIVE
ACC07045,C07045,18500000,ACTIVE
ACC07046,C07046,239300000,ACTIVE
ACC07047,C07047,134100000,ACTIVE
ACC07048,C07048,107500000,ACTIVE
ACC07049,C07049,382800000,ACTIVE
ACC07050,C07050,129400000,ACTIVE
ACC07051,C07051,78300000,ACTIVE
ACC07052,C07052,439500000,ACTIVE
ACC07053,C07053,113900000,ACTIVE
ACC07054,C07054,128100000,ACTIVE
ACC07055,C07055,236900000,ACTIVE
ACC07056,C07056,38800000,CLOSED
ACC07057,C07057,475500000,CLOSED
ACC07058,C07058,102300000,ACTIVE
ACC07059,C07059,267100000,ACTIVE
ACC07060,C07060,109500000,ACTIVE
ACC07061,C07061,254700000,ACTIVE
ACC07062,C07062,400100000,ACTIVE
ACC07063,C07063,53200000,ACTIVE
ACC07064,C07064,141000000,ACTIVE
ACC07065,C07065,42600000,ACTIVE
ACC07066,C07066,461400000,ACTIVE
ACC07067,C07067,254600000,ACTIVE
ACC07068,C07068,184800000,CLOSED
ACC07069,C07069,354400000,ACTIVE
ACC07070,C07070,260400000,ACTIVE
ACC07071,C07071,342500000,BLOCKED
ACC07072,C07072,493500000,ACTIVE
ACC07073,C07073,54800000,ACTIVE
ACC07074,C07074,329200000,ACTIVE
ACC07075,C07075,123600000,ACTIVE
ACC07076,C07076,421500000,ACTIVE
ACC07077,C07077,171600000,ACTIVE
ACC07078,C07078,287100000,ACTIVE
ACC07079,C07079,426000000,ACTIVE
ACC07080,C07080,33700000,ACTIVE
ACC07081,C07081,318800000,ACTIVE
ACC07082,C07082,137200000,ACTIVE
ACC07083,C07083,35000000,ACTIVE
ACC07084,C07084,254100000,BLOCKED
ACC07085,C07085,486700000,CLOSED
ACC07086,C07086,304700000,ACTIVE
ACC07087,C07087,372700000,ACTIVE
ACC07088,C07088,172000000,ACTIVE
ACC07089,C07089,173200000,BLOCKED
ACC07090,C07090,320900000,ACTIVE
ACC07091,C07091,467200000,ACTIVE
ACC07092,C07092,190600000,ACTIVE
ACC07093,C07093,176400000,ACTIVE
ACC07094,C07094,296100000,ACTIVE
ACC07095,C07095,321800000,ACTIVE
ACC07096,C07096,83600000,BLOCKED
ACC07097,C07097,369600000,ACTIVE
ACC07098,C07098,217900000,ACTIVE
ACC07099,C07099,463100000,ACTIVE
ACC07100,C07100,229500000,ACTIVE
ACC07101,C07101,138900000,CLOSED
ACC07102,C07102,74700000,ACTIVE
ACC07103,C07103,20400000,ACTIVE
ACC07104,C07104,147900000,ACTIVE
ACC07105,C07105,196900000,CLOSED
ACC07106,C07106,204700000,ACTIVE
ACC07107,C07107,148900000,ACTIVE
ACC07108,C07108,281400000,ACTIVE
ACC07109,C07109,466700000,ACTIVE
ACC07110,C07110,122200000,ACTIVE
ACC07111,C07111,464100000,ACTIVE
ACC07112,C07112,97700000,ACTIVE
ACC07113,C07113,33100000,ACTIVE
ACC07114,C07114,205400000,ACTIVE
ACC07115,C07115,251300000,ACTIVE
ACC07116,C07116,445600000,ACTIVE
ACC07117,C07117,314700000,ACTIVE
ACC07118,C07118,489500000,ACTIVE
ACC07119,C07119,75800000,ACTIVE
ACC07120,C07120,456100000,ACTIVE
ACC07121,C07121,241200000,ACTIVE
ACC07122,C07122,251300000,ACTIVE
ACC07123,C07123,350900000,ACTIVE
ACC07124,C07124,65200000,CLOSED
ACC07125,C07125,94900000,ACTIVE
ACC07126,C07126,187300000,ACTIVE
ACC07127,C07127,87200000,ACTIVE
ACC07128,C07128,49700000,ACTIVE
ACC07129,C07129,313300000,ACTIVE
ACC07130,C07130,445200000,ACTIVE
ACC07131,C07131,473800000,ACTIVE
ACC07132,C07132,386700000,ACTIVE
ACC07133,C07133,74300000,ACTIVE
ACC07134,C07134,208900000,ACTIVE
ACC07135,C07135,89700000,ACTIVE
ACC07136,C07136,219200000,ACTIVE
ACC07137,C07137,147200000,ACTIVE
ACC07138,C07138,406100000,BLOCKED
ACC07139,C07139,459600000,CLOSED
ACC07140,C07140,492700000,ACTIVE
ACC07141,C07141,52500000,ACTIVE
ACC07142,C07142,68400000,ACTIVE
ACC07143,C07143,97000000,ACTIVE
ACC07144,C07144,127800000,ACTIVE
ACC07145,C07145,155100000,ACTIVE
ACC07146,C07146,481300000,ACTIVE
ACC07147,C07147,495500000,ACTIVE
ACC07148,C07148,164100000,ACTIVE
ACC07149,C07149,216900000,ACTIVE
ACC07150,C07150,154600000,ACTIVE
ACC07151,C07151,443800000,ACTIVE
ACC07152,C07152,495600000,ACTIVE
ACC07153,C07153,30000000,ACTIVE
ACC07154,C07154,8800000,ACTIVE
ACC07155,C07155,217400000,ACTIVE
ACC07156,C07156,322500000,ACTIVE
ACC07157,C07157,311600000,ACTIVE
ACC07158,C07158,35600000,ACTIVE
ACC07159,C07159,52100000,ACTIVE
ACC07160,C07160,90900000,ACTIVE
ACC07161,C07161,236600000,ACTIVE
ACC07162,C07162,47500000,ACTIVE
ACC07163,C07163,311200000,ACTIVE
ACC07164,C07164,233400000,ACTIVE
ACC07165,C07165,231400000,ACTIVE
ACC07166,C07166,213500000,ACTIVE
ACC07167,C07167,452300000,ACTIVE
ACC07168,C07168,20600000,ACTIVE
ACC07169,C07169,227600000,ACTIVE
ACC07170,C07170,193900000,CLOSED
ACC07171,C07171,244500000,ACTIVE
ACC07172,C07172,213500000,ACTIVE
ACC07173,C07173,6900000,ACTIVE
ACC07174,C07174,391400000,ACTIVE
ACC07175,C07175,328700000,ACTIVE
ACC07176,C07176,123000000,ACTIVE
ACC07177,C07177,231400000,ACTIVE
ACC07178,C07178,44100000,ACTIVE
ACC07179,C07179,107200000,ACTIVE
ACC07180,C07180,475300000,ACTIVE
ACC07181,C07181,162600000,ACTIVE
ACC07182,C07182,431900000,ACTIVE
ACC07183,C07183,439700000,ACTIVE
ACC07184,C07184,321900000,ACTIVE
ACC07185,C07185,295600000,ACTIVE
ACC07186,C07186,220700000,ACTIVE
ACC07187,C07187,278800000,ACTIVE
ACC07188,C07188,118400000,ACTIVE
ACC07189,C07189,244600000,ACTIVE
ACC07190,C07190,230400000,ACTIVE
ACC07191,C07191,41400000,ACTIVE
ACC07192,C07192,309600000,ACTIVE
ACC07193,C07193,187100000,ACTIVE
ACC07194,C07194,106600000,ACTIVE
ACC07195,C07195,182600000,BLOCKED
ACC07196,C07196,270100000,ACTIVE
ACC07197,C07197,446700000,ACTIVE
ACC07198,C07198,418300000,ACTIVE
ACC07199,C07199,317500000,ACTIVE
ACC07200,C07200,10900000,ACTIVE
ACC07201,C07201,87300000,ACTIVE
ACC07202,C07202,454600000,ACTIVE
ACC07203,C07203,286600000,ACTIVE
ACC07204,C07204,499700000,ACTIVE
ACC07205,C07205,12200000,ACTIVE
ACC07206,C07206,308300000,ACTIVE
ACC07207,C07207,178900000,ACTIVE
ACC07208,C07208,174100000,ACTIVE
ACC07209,C07209,240000000,ACTIVE
ACC07210,C07210,4800000,ACTIVE
ACC07211,C07211,338000000,ACTIVE
ACC07212,C07212,87100000,BLOCKED
ACC07213,C07213,227500000,ACTIVE
ACC07214,C07214,363100000,ACTIVE
ACC07215,C07215,397700000,ACTIVE
ACC07216,C07216,332000000,ACTIVE
ACC07217,C07217,333300000,ACTIVE
ACC07218,C07218,423000000,ACTIVE
ACC07219,C07219,39800000,ACTIVE
ACC07220,C07220,137800000,ACTIVE
ACC07221,C07221,91500000,ACTIVE
ACC07222,C07222,272100000,BLOCKED
ACC07223,C07223,204400000,ACTIVE
ACC07224,C07224,397100000,ACTIVE
ACC07225,C07225,356100000,ACTIVE
ACC07226,C07226,494600000,ACTIVE
ACC07227,C07227,477400000,CLOSED
ACC07228,C07228,69500000,ACTIVE
ACC07229,C07229,110200000,ACTIVE
ACC07230,C07230,246200000,ACTIVE
ACC07231,C07231,315800000,ACTIVE
ACC07232,C07232,75100000,ACTIVE
ACC07233,C07233,106300000,ACTIVE
ACC07234,C07234,215700000,ACTIVE
ACC07235,C07235,171900000,ACTIVE
ACC07236,C07236,143900000,ACTIVE
ACC07237,C07237,243000000,ACTIVE
ACC07238,C07238,181600000,ACTIVE
ACC07239,C07239,268300000,ACTIVE
ACC07240,C07240,383100000,ACTIVE
ACC07241,C07241,164500000,ACTIVE
ACC07242,C07242,289500000,ACTIVE
ACC07243,C07243,27800000,ACTIVE
ACC07244,C07244,375500000,ACTIVE
ACC07245,C07245,417300000,ACTIVE
ACC07246,C07246,250500000,ACTIVE
ACC07247,C07247,387600000,ACTIVE
ACC07248,C07248,33200000,CLOSED
ACC07249,C07249,148600000,ACTIVE
ACC07250,C07250,498500000,ACTIVE
ACC07251,C07251,156800000,ACTIVE
ACC07252,C07252,230500000,ACTIVE
ACC07253,C07253,25900000,ACTIVE
ACC07254,C07254,485800000,ACTIVE
ACC07255,C07255,357400000,ACTIVE
ACC07256,C07256,388700000,ACTIVE
ACC07257,C07257,212400000,ACTIVE
ACC07258,C07258,72600000,ACTIVE
ACC07259,C07259,180500000,ACTIVE
ACC07260,C07260,324400000,BLOCKED
ACC07261,C07261,349900000,ACTIVE
ACC07262,C07262,359100000,ACTIVE
ACC07263,C07263,439900000,ACTIVE
ACC07264,C07264,279100000,ACTIVE
ACC07265,C07265,237800000,ACTIVE
ACC07266,C07266,135200000,ACTIVE
ACC07267,C07267,31400000,ACTIVE
ACC07268,C07268,126200000,ACTIVE
ACC07269,C07269,143800000,ACTIVE
ACC07270,C07270,348200000,ACTIVE
ACC07271,C07271,418000000,ACTIVE
ACC07272,C07272,240800000,ACTIVE
ACC07273,C07273,240200000,ACTIVE
ACC07274,C07274,470300000,ACTIVE
ACC07275,C07275,498800000,ACTIVE
ACC07276,C07276,486100000,ACTIVE
ACC07277,C07277,13100000,BLOCKED
ACC07278,C07278,474200000,ACTIVE
ACC07279,C07279,259100000,ACTIVE
ACC07280,C07280,148700000,ACTIVE
ACC07281,C07281,184900000,ACTIVE
ACC07282,C07282,225200000,ACTIVE
ACC07283,C07283,450200000,ACTIVE
ACC07284,C07284,459600000,ACTIVE
ACC07285,C07285,37300000,ACTIVE
ACC07286,C07286,111400000,ACTIVE
ACC07287,C07287,347900000,ACTIVE
ACC07288,C07288,109300000,ACTIVE
ACC07289,C07289,186200000,ACTIVE
ACC07290,C07290,420800000,ACTIVE
ACC07291,C07291,54700000,ACTIVE
ACC07292,C07292,195400000,ACTIVE
ACC07293,C07293,12500000,ACTIVE
ACC07294,C07294,486400000,ACTIVE
ACC07295,C07295,104100000,ACTIVE
ACC07296,C07296,69200000,BLOCKED
ACC07297,C07297,351500000,BLOCKED
ACC07298,C07298,442500000,ACTIVE
ACC07299,C07299,26200000,ACTIVE
ACC07300,C07300,233800000,ACTIVE
ACC07301,C07301,162200000,ACTIVE
ACC07302,C07302,101100000,ACTIVE
ACC07303,C07303,156300000,ACTIVE
ACC07304,C07304,457400000,ACTIVE
ACC07305,C07305,256000000,ACTIVE
ACC07306,C07306,432500000,CLOSED
ACC07307,C07307,400300000,ACTIVE
ACC07308,C07308,187900000,BLOCKED
ACC07309,C07309,6800000,ACTIVE
ACC07310,C07310,365900000,ACTIVE
ACC07311,C07311,262700000,ACTIVE
ACC07312,C07312,384200000,ACTIVE
ACC07313,C07313,65800000,ACTIVE
ACC07314,C07314,269300000,ACTIVE
ACC07315,C07315,90600000,ACTIVE
ACC07316,C07316,104300000,ACTIVE
ACC07317,C07317,86100000,ACTIVE
ACC07318,C07318,172500000,ACTIVE
ACC07319,C07319,394800000,ACTIVE
ACC07320,C07320,189000000,ACTIVE
ACC07321,C07321,494800000,ACTIVE
ACC07322,C07322,230900000,ACTIVE
ACC07323,C07323,15100000,ACTIVE
ACC07324,C07324,150700000,ACTIVE
ACC07325,C07325,316800000,ACTIVE
ACC07326,C07326,78600000,ACTIVE
ACC07327,C07327,367000000,ACTIVE
ACC07328,C07328,90800000,CLOSED
ACC07329,C07329,199000000,ACTIVE
ACC07330,C07330,289800000,ACTIVE
ACC07331,C07331,65700000,ACTIVE
ACC07332,C07332,313600000,ACTIVE
ACC07333,C07333,50500000,ACTIVE
ACC07334,C07334,174400000,ACTIVE
ACC07335,C07335,458500000,CLOSED
ACC07336,C07336,188300000,ACTIVE
ACC07337,C07337,96900000,ACTIVE
ACC07338,C07338,186600000,ACTIVE
ACC07339,C07339,128600000,ACTIVE
ACC07340,C07340,474600000,ACTIVE
ACC07341,C07341,369800000,ACTIVE
ACC07342,C07342,37300000,ACTIVE
ACC07343,C07343,100200000,ACTIVE
ACC07344,C07344,219000000,ACTIVE
ACC07345,C07345,197400000,BLOCKED
ACC07346,C07346,363200000,ACTIVE
ACC07347,C07347,321600000,ACTIVE
ACC07348,C07348,263800000,ACTIVE
ACC07349,C07349,158100000,ACTIVE
ACC07350,C07350,390500000,ACTIVE
ACC07351,C07351,224100000,ACTIVE
ACC07352,C07352,455500000,ACTIVE
ACC07353,C07353,342500000,ACTIVE
ACC07354,C07354,265100000,ACTIVE
ACC07355,C07355,161300000,ACTIVE
ACC07356,C07356,270200000,ACTIVE
ACC07357,C07357,146500000,ACTIVE
ACC07358,C07358,473900000,ACTIVE
ACC07359,C07359,141700000,ACTIVE
ACC07360,C07360,359400000,ACTIVE
ACC07361,C07361,345400000,ACTIVE
ACC07362,C07362,181200000,ACTIVE
ACC07363,C07363,129800000,ACTIVE
ACC07364,C07364,7600000,ACTIVE
ACC07365,C07365,309100000,ACTIVE
ACC07366,C07366,458200000,ACTIVE
ACC07367,C07367,246900000,ACTIVE
ACC07368,C07368,105800000,CLOSED
ACC07369,C07369,287000000,ACTIVE
ACC07370,C07370,220200000,ACTIVE
ACC07371,C07371,149400000,BLOCKED
ACC07372,C07372,408200000,ACTIVE
ACC07373,C07373,388500000,ACTIVE
ACC07374,C07374,323300000,ACTIVE
ACC07375,C07375,134100000,ACTIVE
ACC07376,C07376,393600000,ACTIVE
ACC07377,C07377,94500000,ACTIVE
ACC07378,C07378,392200000,ACTIVE
ACC07379,C07379,372900000,ACTIVE
ACC07380,C07380,290900000,ACTIVE
ACC07381,C07381,458800000,ACTIVE
ACC07382,C07382,446900000,BLOCKED
ACC07383,C07383,459900000,ACTIVE
ACC07384,C07384,384200000,ACTIVE
ACC07385,C07385,374400000,ACTIVE
ACC07386,C07386,295000000,ACTIVE
ACC07387,C07387,327800000,BLOCKED
ACC07388,C07388,436600000,ACTIVE
ACC07389,C07389,304000000,ACTIVE
ACC07390,C07390,147900000,ACTIVE
ACC07391,C07391,244300000,ACTIVE
ACC07392,C07392,456400000,ACTIVE
ACC07393,C07393,79700000,ACTIVE
ACC07394,C07394,443800000,CLOSED
ACC07395,C07395,362300000,ACTIVE
ACC07396,C07396,91700000,ACTIVE
ACC07397,C07397,392400000,ACTIVE
ACC07398,C07398,452600000,ACTIVE
ACC07399,C07399,427500000,ACTIVE
ACC07400,C07400,394900000,ACTIVE
ACC07401,C07401,302500000,ACTIVE
ACC07402,C07402,315500000,ACTIVE
ACC07403,C07403,332200000,ACTIVE
ACC07404,C07404,198600000,ACTIVE
ACC07405,C07405,321100000,ACTIVE
ACC07406,C07406,196800000,ACTIVE
ACC07407,C07407,348000000,ACTIVE
ACC07408,C07408,439800000,ACTIVE
ACC07409,C07409,432200000,ACTIVE
ACC07410,C07410,451000000,ACTIVE
ACC07411,C07411,167000000,ACTIVE
ACC07412,C07412,403000000,ACTIVE
ACC07413,C07413,317700000,ACTIVE
ACC07414,C07414,405000000,ACTIVE
ACC07415,C07415,388000000,ACTIVE
ACC07416,C07416,444200000,ACTIVE
ACC07417,C07417,145500000,ACTIVE
ACC07418,C07418,4800000,ACTIVE
ACC07419,C07419,50700000,ACTIVE
ACC07420,C07420,424300000,ACTIVE
ACC07421,C07421,363300000,ACTIVE
ACC07422,C07422,163000000,ACTIVE
ACC07423,C07423,136200000,ACTIVE
ACC07424,C07424,41600000,ACTIVE
ACC07425,C07425,456400000,BLOCKED
ACC07426,C07426,42600000,ACTIVE
ACC07427,C07427,149500000,ACTIVE
ACC07428,C07428,170400000,BLOCKED
ACC07429,C07429,451400000,CLOSED
ACC07430,C07430,221800000,ACTIVE
ACC07431,C07431,374900000,ACTIVE
ACC07432,C07432,306700000,ACTIVE
ACC07433,C07433,259200000,ACTIVE
ACC07434,C07434,243200000,ACTIVE
ACC07435,C07435,8400000,ACTIVE
ACC07436,C07436,498000000,ACTIVE
ACC07437,C07437,18100000,ACTIVE
ACC07438,C07438,154400000,ACTIVE
ACC07439,C07439,47300000,ACTIVE
ACC07440,C07440,467200000,ACTIVE
ACC07441,C07441,189500000,ACTIVE
ACC07442,C07442,349300000,ACTIVE
ACC07443,C07443,205200000,ACTIVE
ACC07444,C07444,1900000,ACTIVE
ACC07445,C07445,45800000,ACTIVE
ACC07446,C07446,140500000,ACTIVE
ACC07447,C07447,127900000,ACTIVE
ACC07448,C07448,66000000,ACTIVE
ACC07449,C07449,445000000,ACTIVE
ACC07450,C07450,350900000,ACTIVE
ACC07451,C07451,277500000,ACTIVE
ACC07452,C07452,381600000,ACTIVE
ACC07453,C07453,474500000,ACTIVE
ACC07454,C07454,159600000,BLOCKED
ACC07455,C07455,454700000,ACTIVE
ACC07456,C07456,262900000,ACTIVE
ACC07457,C07457,462400000,ACTIVE
ACC07458,C07458,330700000,CLOSED
ACC07459,C07459,343500000,ACTIVE
ACC07460,C07460,130800000,ACTIVE
ACC07461,C07461,349600000,BLOCKED
ACC07462,C07462,420600000,BLOCKED
ACC07463,C07463,113700000,ACTIVE
ACC07464,C07464,58600000,ACTIVE
ACC07465,C07465,206000000,ACTIVE
ACC07466,C07466,279800000,ACTIVE
ACC07467,C07467,393800000,ACTIVE
ACC07468,C07468,7100000,ACTIVE
ACC07469,C07469,473400000,ACTIVE
ACC07470,C07470,362800000,ACTIVE
ACC07471,C07471,236500000,ACTIVE
ACC07472,C07472,343100000,ACTIVE
ACC07473,C07473,429500000,ACTIVE
ACC07474,C07474,41300000,ACTIVE
ACC07475,C07475,171900000,ACTIVE
ACC07476,C07476,399800000,ACTIVE
ACC07477,C07477,369300000,ACTIVE
ACC07478,C07478,236800000,ACTIVE
ACC07479,C07479,322500000,ACTIVE
ACC07480,C07480,57400000,ACTIVE
ACC07481,C07481,6100000,ACTIVE
ACC07482,C07482,154300000,ACTIVE
ACC07483,C07483,465500000,ACTIVE
ACC07484,C07484,103100000,ACTIVE
ACC07485,C07485,447200000,ACTIVE
ACC07486,C07486,191800000,ACTIVE
ACC07487,C07487,350700000,ACTIVE
ACC07488,C07488,240800000,ACTIVE
ACC07489,C07489,386200000,ACTIVE
ACC07490,C07490,265700000,ACTIVE
ACC07491,C07491,45100000,BLOCKED
ACC07492,C07492,418100000,ACTIVE
ACC07493,C07493,354700000,ACTIVE
ACC07494,C07494,126300000,ACTIVE
ACC07495,C07495,327700000,ACTIVE
ACC07496,C07496,184200000,ACTIVE
ACC07497,C07497,142100000,ACTIVE
ACC07498,C07498,338800000,ACTIVE
ACC07499,C07499,331700000,BLOCKED
ACC07500,C07500,284300000,ACTIVE
ACC07501,C07501,303900000,ACTIVE
ACC07502,C07502,163600000,ACTIVE
ACC07503,C07503,420600000,ACTIVE
ACC07504,C07504,262900000,ACTIVE
ACC07505,C07505,301800000,CLOSED
ACC07506,C07506,437800000,ACTIVE
ACC07507,C07507,359300000,ACTIVE
ACC07508,C07508,177300000,BLOCKED
ACC07509,C07509,488200000,ACTIVE
ACC07510,C07510,297100000,BLOCKED
ACC07511,C07511,283900000,ACTIVE
ACC07512,C07512,129000000,ACTIVE
ACC07513,C07513,374800000,ACTIVE
ACC07514,C07514,70600000,ACTIVE
ACC07515,C07515,332800000,ACTIVE
ACC07516,C07516,432600000,ACTIVE
ACC07517,C07517,460100000,ACTIVE
ACC07518,C07518,336400000,ACTIVE
ACC07519,C07519,245500000,ACTIVE
ACC07520,C07520,272500000,ACTIVE
ACC07521,C07521,323800000,ACTIVE
ACC07522,C07522,155500000,ACTIVE
ACC07523,C07523,458800000,ACTIVE
ACC07524,C07524,2300000,ACTIVE
ACC07525,C07525,460600000,ACTIVE
ACC07526,C07526,404900000,ACTIVE
ACC07527,C07527,91100000,ACTIVE
ACC07528,C07528,338600000,ACTIVE
ACC07529,C07529,384700000,ACTIVE
ACC07530,C07530,297600000,ACTIVE
ACC07531,C07531,255600000,ACTIVE
ACC07532,C07532,475000000,ACTIVE
ACC07533,C07533,115100000,ACTIVE
ACC07534,C07534,60200000,ACTIVE
ACC07535,C07535,417200000,ACTIVE
ACC07536,C07536,235300000,ACTIVE
ACC07537,C07537,494800000,ACTIVE
ACC07538,C07538,138400000,ACTIVE
ACC07539,C07539,409700000,ACTIVE
ACC07540,C07540,274700000,ACTIVE
ACC07541,C07541,143300000,ACTIVE
ACC07542,C07542,260900000,BLOCKED
ACC07543,C07543,245800000,ACTIVE
ACC07544,C07544,400300000,ACTIVE
ACC07545,C07545,268700000,ACTIVE
ACC07546,C07546,5500000,ACTIVE
ACC07547,C07547,375300000,ACTIVE
ACC07548,C07548,358900000,ACTIVE
ACC07549,C07549,322500000,ACTIVE
ACC07550,C07550,394800000,ACTIVE
ACC07551,C07551,344300000,BLOCKED
ACC07552,C07552,369200000,ACTIVE
ACC07553,C07553,442200000,ACTIVE
ACC07554,C07554,245500000,ACTIVE
ACC07555,C07555,455000000,ACTIVE
ACC07556,C07556,252800000,ACTIVE
ACC07557,C07557,63700000,ACTIVE
ACC07558,C07558,329300000,ACTIVE
ACC07559,C07559,222300000,ACTIVE
ACC07560,C07560,466500000,ACTIVE
ACC07561,C07561,383100000,ACTIVE
ACC07562,C07562,457900000,ACTIVE
ACC07563,C07563,239300000,ACTIVE
ACC07564,C07564,465800000,ACTIVE
ACC07565,C07565,213300000,ACTIVE
ACC07566,C07566,442400000,ACTIVE
ACC07567,C07567,467000000,ACTIVE
ACC07568,C07568,39100000,ACTIVE
ACC07569,C07569,268400000,ACTIVE
ACC07570,C07570,49100000,BLOCKED
ACC07571,C07571,138700000,ACTIVE
ACC07572,C07572,406300000,ACTIVE
ACC07573,C07573,187100000,ACTIVE
ACC07574,C07574,340800000,ACTIVE
ACC07575,C07575,164800000,ACTIVE
ACC07576,C07576,391600000,ACTIVE
ACC07577,C07577,142800000,CLOSED
ACC07578,C07578,291200000,ACTIVE
ACC07579,C07579,417900000,ACTIVE
ACC07580,C07580,287900000,ACTIVE
ACC07581,C07581,228900000,ACTIVE
ACC07582,C07582,253600000,ACTIVE
ACC07583,C07583,364800000,ACTIVE
ACC07584,C07584,392800000,ACTIVE
ACC07585,C07585,250800000,ACTIVE
ACC07586,C07586,205400000,ACTIVE
ACC07587,C07587,322000000,ACTIVE
ACC07588,C07588,24400000,ACTIVE
ACC07589,C07589,401900000,ACTIVE
ACC07590,C07590,175300000,ACTIVE
ACC07591,C07591,88200000,ACTIVE
ACC07592,C07592,478000000,ACTIVE
ACC07593,C07593,459800000,ACTIVE
ACC07594,C07594,29900000,ACTIVE
ACC07595,C07595,377400000,ACTIVE
ACC07596,C07596,361900000,ACTIVE
ACC07597,C07597,326500000,ACTIVE
ACC07598,C07598,353300000,ACTIVE
ACC07599,C07599,160500000,ACTIVE
ACC07600,C07600,317700000,ACTIVE
ACC07601,C07601,393200000,ACTIVE
ACC07602,C07602,427300000,ACTIVE
ACC07603,C07603,4800000,ACTIVE
ACC07604,C07604,281100000,BLOCKED
ACC07605,C07605,208700000,CLOSED
ACC07606,C07606,134400000,ACTIVE
ACC07607,C07607,27700000,ACTIVE
ACC07608,C07608,327600000,ACTIVE
ACC07609,C07609,498800000,ACTIVE
ACC07610,C07610,378200000,ACTIVE
ACC07611,C07611,271700000,ACTIVE
ACC07612,C07612,183600000,ACTIVE
ACC07613,C07613,295500000,ACTIVE
ACC07614,C07614,24500000,ACTIVE
ACC07615,C07615,271000000,ACTIVE
ACC07616,C07616,168900000,ACTIVE
ACC07617,C07617,246000000,ACTIVE
ACC07618,C07618,24200000,ACTIVE
ACC07619,C07619,472600000,ACTIVE
ACC07620,C07620,247800000,BLOCKED
ACC07621,C07621,330400000,ACTIVE
ACC07622,C07622,494500000,ACTIVE
ACC07623,C07623,264600000,ACTIVE
ACC07624,C07624,399700000,ACTIVE
ACC07625,C07625,196800000,ACTIVE
ACC07626,C07626,480700000,ACTIVE
ACC07627,C07627,276600000,ACTIVE
ACC07628,C07628,440600000,ACTIVE
ACC07629,C07629,44400000,ACTIVE
ACC07630,C07630,91600000,ACTIVE
ACC07631,C07631,469800000,ACTIVE
ACC07632,C07632,332400000,ACTIVE
ACC07633,C07633,98700000,ACTIVE
ACC07634,C07634,97500000,ACTIVE
ACC07635,C07635,479800000,ACTIVE
ACC07636,C07636,337800000,ACTIVE
ACC07637,C07637,222000000,ACTIVE
ACC07638,C07638,173300000,ACTIVE
ACC07639,C07639,429000000,ACTIVE
ACC07640,C07640,329200000,BLOCKED
ACC07641,C07641,123900000,ACTIVE
ACC07642,C07642,441300000,ACTIVE
ACC07643,C07643,127400000,ACTIVE
ACC07644,C07644,456700000,ACTIVE
ACC07645,C07645,56000000,ACTIVE
ACC07646,C07646,39200000,ACTIVE
ACC07647,C07647,397100000,ACTIVE
ACC07648,C07648,408200000,ACTIVE
ACC07649,C07649,406200000,ACTIVE
ACC07650,C07650,434100000,ACTIVE
ACC07651,C07651,363800000,ACTIVE
ACC07652,C07652,291100000,ACTIVE
ACC07653,C07653,253200000,ACTIVE
ACC07654,C07654,40200000,ACTIVE
ACC07655,C07655,289700000,BLOCKED
ACC07656,C07656,364300000,ACTIVE
ACC07657,C07657,299300000,ACTIVE
ACC07658,C07658,351700000,ACTIVE
ACC07659,C07659,438300000,ACTIVE
ACC07660,C07660,323600000,ACTIVE
ACC07661,C07661,131200000,ACTIVE
ACC07662,C07662,161200000,ACTIVE
ACC07663,C07663,226700000,ACTIVE
ACC07664,C07664,248000000,ACTIVE
ACC07665,C07665,263700000,ACTIVE
ACC07666,C07666,134100000,ACTIVE
ACC07667,C07667,167100000,ACTIVE
ACC07668,C07668,468700000,CLOSED
ACC07669,C07669,279900000,ACTIVE
ACC07670,C07670,457600000,ACTIVE
ACC07671,C07671,68000000,ACTIVE
ACC07672,C07672,207700000,ACTIVE
ACC07673,C07673,466000000,ACTIVE
ACC07674,C07674,74200000,ACTIVE
ACC07675,C07675,453400000,ACTIVE
ACC07676,C07676,342200000,ACTIVE
ACC07677,C07677,125000000,ACTIVE
ACC07678,C07678,17700000,ACTIVE
ACC07679,C07679,202700000,ACTIVE
ACC07680,C07680,259400000,ACTIVE
ACC07681,C07681,293100000,ACTIVE
ACC07682,C07682,390000000,ACTIVE
ACC07683,C07683,305600000,ACTIVE
ACC07684,C07684,16800000,ACTIVE
ACC07685,C07685,396700000,ACTIVE
ACC07686,C07686,244100000,ACTIVE
ACC07687,C07687,177000000,ACTIVE
ACC07688,C07688,294500000,ACTIVE
ACC07689,C07689,399000000,ACTIVE
ACC07690,C07690,280400000,ACTIVE
ACC07691,C07691,336100000,ACTIVE
ACC07692,C07692,154200000,ACTIVE
ACC07693,C07693,29900000,ACTIVE
ACC07694,C07694,458400000,ACTIVE
ACC07695,C07695,209800000,CLOSED
ACC07696,C07696,471100000,BLOCKED
ACC07697,C07697,178900000,CLOSED
ACC07698,C07698,302100000,ACTIVE
ACC07699,C07699,171700000,ACTIVE
ACC07700,C07700,250100000,ACTIVE
ACC07701,C07701,214700000,ACTIVE
ACC07702,C07702,199500000,ACTIVE
ACC07703,C07703,318000000,ACTIVE
ACC07704,C07704,224700000,ACTIVE
ACC07705,C07705,362000000,CLOSED
ACC07706,C07706,116800000,ACTIVE
ACC07707,C07707,44400000,ACTIVE
ACC07708,C07708,425700000,ACTIVE
ACC07709,C07709,343700000,ACTIVE
ACC07710,C07710,360300000,ACTIVE
ACC07711,C07711,159700000,ACTIVE
ACC07712,C07712,494700000,ACTIVE
ACC07713,C07713,375800000,ACTIVE
ACC07714,C07714,72200000,BLOCKED
ACC07715,C07715,370600000,ACTIVE
ACC07716,C07716,178000000,ACTIVE
ACC07717,C07717,64300000,CLOSED
ACC07718,C07718,403300000,ACTIVE
ACC07719,C07719,315100000,CLOSED
ACC07720,C07720,442600000,BLOCKED
ACC07721,C07721,355800000,ACTIVE
ACC07722,C07722,119700000,CLOSED
ACC07723,C07723,169900000,ACTIVE
ACC07724,C07724,97300000,CLOSED
ACC07725,C07725,396200000,ACTIVE
ACC07726,C07726,326500000,CLOSED
ACC07727,C07727,271800000,ACTIVE
ACC07728,C07728,157400000,BLOCKED
ACC07729,C07729,407800000,ACTIVE
ACC07730,C07730,444600000,ACTIVE
ACC07731,C07731,133100000,ACTIVE
ACC07732,C07732,379400000,ACTIVE
ACC07733,C07733,123800000,ACTIVE
ACC07734,C07734,247900000,ACTIVE
ACC07735,C07735,127200000,ACTIVE
ACC07736,C07736,88700000,ACTIVE
ACC07737,C07737,80600000,CLOSED
ACC07738,C07738,355000000,ACTIVE
ACC07739,C07739,80900000,ACTIVE
ACC07740,C07740,310200000,ACTIVE
ACC07741,C07741,454700000,ACTIVE
ACC07742,C07742,428900000,ACTIVE
ACC07743,C07743,224100000,ACTIVE
ACC07744,C07744,271700000,ACTIVE
ACC07745,C07745,342500000,ACTIVE
ACC07746,C07746,400700000,ACTIVE
ACC07747,C07747,458700000,ACTIVE
ACC07748,C07748,232800000,ACTIVE
ACC07749,C07749,382000000,ACTIVE
ACC07750,C07750,156600000,ACTIVE
ACC07751,C07751,260100000,ACTIVE
ACC07752,C07752,388100000,ACTIVE
ACC07753,C07753,332300000,ACTIVE
ACC07754,C07754,178500000,ACTIVE
ACC07755,C07755,71100000,ACTIVE
ACC07756,C07756,328200000,ACTIVE
ACC07757,C07757,323400000,ACTIVE
ACC07758,C07758,377800000,ACTIVE
ACC07759,C07759,368700000,BLOCKED
ACC07760,C07760,77800000,ACTIVE
ACC07761,C07761,265600000,ACTIVE
ACC07762,C07762,331700000,ACTIVE
ACC07763,C07763,361200000,ACTIVE
ACC07764,C07764,357600000,ACTIVE
ACC07765,C07765,453400000,ACTIVE
ACC07766,C07766,469800000,ACTIVE
ACC07767,C07767,410700000,ACTIVE
ACC07768,C07768,71800000,ACTIVE
ACC07769,C07769,385300000,ACTIVE
ACC07770,C07770,126300000,ACTIVE
ACC07771,C07771,317400000,ACTIVE
ACC07772,C07772,448500000,ACTIVE
ACC07773,C07773,136000000,ACTIVE
ACC07774,C07774,425100000,ACTIVE
ACC07775,C07775,435400000,ACTIVE
ACC07776,C07776,2100000,BLOCKED
ACC07777,C07777,262400000,ACTIVE
ACC07778,C07778,46500000,ACTIVE
ACC07779,C07779,68900000,ACTIVE
ACC07780,C07780,366300000,ACTIVE
ACC07781,C07781,44800000,ACTIVE
ACC07782,C07782,129700000,ACTIVE
ACC07783,C07783,416000000,ACTIVE
ACC07784,C07784,319100000,ACTIVE
ACC07785,C07785,456200000,ACTIVE
ACC07786,C07786,308400000,ACTIVE
ACC07787,C07787,246800000,ACTIVE
ACC07788,C07788,250200000,ACTIVE
ACC07789,C07789,79000000,ACTIVE
ACC07790,C07790,311300000,ACTIVE
ACC07791,C07791,322800000,ACTIVE
ACC07792,C07792,471800000,ACTIVE
ACC07793,C07793,383100000,ACTIVE
ACC07794,C07794,86300000,ACTIVE
ACC07795,C07795,423300000,ACTIVE
ACC07796,C07796,101000000,ACTIVE
ACC07797,C07797,326400000,ACTIVE
ACC07798,C07798,308000000,ACTIVE
ACC07799,C07799,103800000,ACTIVE
ACC07800,C07800,32500000,ACTIVE
ACC07801,C07801,428300000,ACTIVE
ACC07802,C07802,384000000,ACTIVE
ACC07803,C07803,454900000,ACTIVE
ACC07804,C07804,417000000,ACTIVE
ACC07805,C07805,307600000,ACTIVE
ACC07806,C07806,51000000,ACTIVE
ACC07807,C07807,240000000,ACTIVE
ACC07808,C07808,1700000,BLOCKED
ACC07809,C07809,357000000,ACTIVE
ACC07810,C07810,461800000,ACTIVE
ACC07811,C07811,122300000,CLOSED
ACC07812,C07812,263200000,ACTIVE
ACC07813,C07813,211700000,CLOSED
ACC07814,C07814,411700000,ACTIVE
ACC07815,C07815,229000000,ACTIVE
ACC07816,C07816,18200000,ACTIVE
ACC07817,C07817,60400000,ACTIVE
ACC07818,C07818,325000000,ACTIVE
ACC07819,C07819,26700000,ACTIVE
ACC07820,C07820,14400000,ACTIVE
ACC07821,C07821,97600000,BLOCKED
ACC07822,C07822,167800000,ACTIVE
ACC07823,C07823,341200000,ACTIVE
ACC07824,C07824,4600000,ACTIVE
ACC07825,C07825,187800000,ACTIVE
ACC07826,C07826,266000000,ACTIVE
ACC07827,C07827,337500000,ACTIVE
ACC07828,C07828,245700000,ACTIVE
ACC07829,C07829,434800000,ACTIVE
ACC07830,C07830,476600000,ACTIVE
ACC07831,C07831,60700000,BLOCKED
ACC07832,C07832,8700000,ACTIVE
ACC07833,C07833,120500000,ACTIVE
ACC07834,C07834,91100000,ACTIVE
ACC07835,C07835,38400000,ACTIVE
ACC07836,C07836,207700000,ACTIVE
ACC07837,C07837,408400000,ACTIVE
ACC07838,C07838,9000000,ACTIVE
ACC07839,C07839,358400000,CLOSED
ACC07840,C07840,426700000,ACTIVE
ACC07841,C07841,235900000,ACTIVE
ACC07842,C07842,216100000,ACTIVE
ACC07843,C07843,367300000,ACTIVE
ACC07844,C07844,271800000,BLOCKED
ACC07845,C07845,216100000,CLOSED
ACC07846,C07846,469900000,ACTIVE
ACC07847,C07847,104600000,ACTIVE
ACC07848,C07848,154000000,ACTIVE
ACC07849,C07849,420100000,ACTIVE
ACC07850,C07850,21300000,ACTIVE
ACC07851,C07851,274000000,ACTIVE
ACC07852,C07852,167300000,ACTIVE
ACC07853,C07853,363100000,ACTIVE
ACC07854,C07854,224700000,ACTIVE
ACC07855,C07855,118500000,BLOCKED
ACC07856,C07856,431800000,ACTIVE
ACC07857,C07857,328400000,ACTIVE
ACC07858,C07858,198500000,ACTIVE
ACC07859,C07859,51700000,ACTIVE
ACC07860,C07860,499800000,ACTIVE
ACC07861,C07861,492600000,ACTIVE
ACC07862,C07862,190800000,ACTIVE
ACC07863,C07863,394500000,ACTIVE
ACC07864,C07864,173700000,ACTIVE
ACC07865,C07865,317700000,ACTIVE
ACC07866,C07866,350400000,CLOSED
ACC07867,C07867,172200000,ACTIVE
ACC07868,C07868,42200000,ACTIVE
ACC07869,C07869,332900000,ACTIVE
ACC07870,C07870,406900000,ACTIVE
ACC07871,C07871,23200000,ACTIVE
ACC07872,C07872,213600000,ACTIVE
ACC07873,C07873,102800000,ACTIVE
ACC07874,C07874,254200000,ACTIVE
ACC07875,C07875,460700000,ACTIVE
ACC07876,C07876,26200000,ACTIVE
ACC07877,C07877,338000000,ACTIVE
ACC07878,C07878,11300000,ACTIVE
ACC07879,C07879,282600000,ACTIVE
ACC07880,C07880,302000000,ACTIVE
ACC07881,C07881,158200000,ACTIVE
ACC07882,C07882,281800000,ACTIVE
ACC07883,C07883,410600000,ACTIVE
ACC07884,C07884,304200000,ACTIVE
ACC07885,C07885,440600000,ACTIVE
ACC07886,C07886,175500000,BLOCKED
ACC07887,C07887,473600000,ACTIVE
ACC07888,C07888,360800000,ACTIVE
ACC07889,C07889,441400000,ACTIVE
ACC07890,C07890,476800000,ACTIVE
ACC07891,C07891,414000000,ACTIVE
ACC07892,C07892,122000000,ACTIVE
ACC07893,C07893,439900000,ACTIVE
ACC07894,C07894,65300000,ACTIVE
ACC07895,C07895,471500000,ACTIVE
ACC07896,C07896,248900000,ACTIVE
ACC07897,C07897,370200000,ACTIVE
ACC07898,C07898,60200000,ACTIVE
ACC07899,C07899,463700000,ACTIVE
ACC07900,C07900,123100000,ACTIVE
ACC07901,C07901,485700000,ACTIVE
ACC07902,C07902,432700000,CLOSED
ACC07903,C07903,36700000,ACTIVE
ACC07904,C07904,441300000,ACTIVE
ACC07905,C07905,492400000,ACTIVE
ACC07906,C07906,426100000,ACTIVE
ACC07907,C07907,140800000,ACTIVE
ACC07908,C07908,427000000,ACTIVE
ACC07909,C07909,485000000,ACTIVE
ACC07910,C07910,126100000,ACTIVE
ACC07911,C07911,141500000,ACTIVE
ACC07912,C07912,266000000,ACTIVE
ACC07913,C07913,291600000,ACTIVE
ACC07914,C07914,37000000,ACTIVE
ACC07915,C07915,41800000,ACTIVE
ACC07916,C07916,434600000,CLOSED
ACC07917,C07917,389800000,ACTIVE
ACC07918,C07918,373500000,ACTIVE
ACC07919,C07919,494400000,ACTIVE
ACC07920,C07920,410500000,ACTIVE
ACC07921,C07921,64400000,BLOCKED
ACC07922,C07922,327100000,ACTIVE
ACC07923,C07923,445900000,ACTIVE
ACC07924,C07924,70200000,ACTIVE
ACC07925,C07925,443200000,ACTIVE
ACC07926,C07926,446100000,ACTIVE
ACC07927,C07927,15600000,BLOCKED
ACC07928,C07928,156700000,ACTIVE
ACC07929,C07929,163700000,ACTIVE
ACC07930,C07930,430300000,ACTIVE
ACC07931,C07931,412500000,ACTIVE
ACC07932,C07932,422600000,ACTIVE
ACC07933,C07933,82700000,ACTIVE
ACC07934,C07934,328500000,ACTIVE
ACC07935,C07935,61200000,ACTIVE
ACC07936,C07936,91000000,ACTIVE
ACC07937,C07937,213300000,ACTIVE
ACC07938,C07938,79700000,ACTIVE
ACC07939,C07939,386300000,CLOSED
ACC07940,C07940,220700000,ACTIVE
ACC07941,C07941,135100000,ACTIVE
ACC07942,C07942,160600000,ACTIVE
ACC07943,C07943,187900000,ACTIVE
ACC07944,C07944,72900000,ACTIVE
ACC07945,C07945,49400000,ACTIVE
ACC07946,C07946,65600000,ACTIVE
ACC07947,C07947,136500000,ACTIVE
ACC07948,C07948,41500000,ACTIVE
ACC07949,C07949,400300000,ACTIVE
ACC07950,C07950,416400000,ACTIVE
ACC07951,C07951,146700000,ACTIVE
ACC07952,C07952,330200000,ACTIVE
ACC07953,C07953,450800000,ACTIVE
ACC07954,C07954,408900000,ACTIVE
ACC07955,C07955,237400000,ACTIVE
ACC07956,C07956,51500000,ACTIVE
ACC07957,C07957,170500000,ACTIVE
ACC07958,C07958,238100000,ACTIVE
ACC07959,C07959,47200000,ACTIVE
ACC07960,C07960,318100000,BLOCKED
ACC07961,C07961,396400000,ACTIVE
ACC07962,C07962,324700000,ACTIVE
ACC07963,C07963,366900000,ACTIVE
ACC07964,C07964,134500000,ACTIVE
ACC07965,C07965,326800000,ACTIVE
ACC07966,C07966,335100000,ACTIVE
ACC07967,C07967,286200000,ACTIVE
ACC07968,C07968,271800000,ACTIVE
ACC07969,C07969,125400000,ACTIVE
ACC07970,C07970,255900000,ACTIVE
ACC07971,C07971,24700000,ACTIVE
ACC07972,C07972,346500000,ACTIVE
ACC07973,C07973,428700000,ACTIVE
ACC07974,C07974,479000000,ACTIVE
ACC07975,C07975,426700000,ACTIVE
ACC07976,C07976,183200000,ACTIVE
ACC07977,C07977,174900000,ACTIVE
ACC07978,C07978,364800000,ACTIVE
ACC07979,C07979,432800000,BLOCKED
ACC07980,C07980,221300000,ACTIVE
ACC07981,C07981,123400000,ACTIVE
ACC07982,C07982,234100000,ACTIVE
ACC07983,C07983,445200000,ACTIVE
ACC07984,C07984,248400000,ACTIVE
ACC07985,C07985,68800000,ACTIVE
ACC07986,C07986,380700000,ACTIVE
ACC07987,C07987,79300000,ACTIVE
ACC07988,C07988,336600000,ACTIVE
ACC07989,C07989,317000000,ACTIVE
ACC07990,C07990,259200000,ACTIVE
ACC07991,C07991,64900000,ACTIVE
ACC07992,C07992,119200000,ACTIVE
ACC07993,C07993,488600000,ACTIVE
ACC07994,C07994,269000000,ACTIVE
ACC07995,C07995,260100000,ACTIVE
ACC07996,C07996,150200000,CLOSED
ACC07997,C07997,4900000,ACTIVE
ACC07998,C07998,67700000,ACTIVE
ACC07999,C07999,425300000,ACTIVE
ACC08000,C08000,407100000,BLOCKED
ACC08001,C08001,147000000,ACTIVE
ACC08002,C08002,282300000,ACTIVE
ACC08003,C08003,476700000,ACTIVE
ACC08004,C08004,275900000,ACTIVE
ACC08005,C08005,17500000,ACTIVE
ACC08006,C08006,13700000,ACTIVE
ACC08007,C08007,469700000,ACTIVE
ACC08008,C08008,404900000,ACTIVE
ACC08009,C08009,153300000,ACTIVE
ACC08010,C08010,352700000,CLOSED
ACC08011,C08011,442800000,ACTIVE
ACC08012,C08012,499700000,ACTIVE
ACC08013,C08013,77800000,BLOCKED
ACC08014,C08014,118200000,ACTIVE
ACC08015,C08015,314600000,ACTIVE
ACC08016,C08016,286900000,ACTIVE
ACC08017,C08017,117500000,ACTIVE
ACC08018,C08018,249500000,CLOSED
ACC08019,C08019,447000000,ACTIVE
ACC08020,C08020,41200000,ACTIVE
ACC08021,C08021,415300000,CLOSED
ACC08022,C08022,103200000,ACTIVE
ACC08023,C08023,456500000,ACTIVE
ACC08024,C08024,341300000,ACTIVE
ACC08025,C08025,156400000,CLOSED
ACC08026,C08026,295600000,ACTIVE
ACC08027,C08027,361500000,ACTIVE
ACC08028,C08028,317200000,ACTIVE
ACC08029,C08029,182300000,BLOCKED
ACC08030,C08030,329300000,ACTIVE
ACC08031,C08031,359600000,ACTIVE
ACC08032,C08032,32300000,ACTIVE
ACC08033,C08033,260200000,CLOSED
ACC08034,C08034,343900000,ACTIVE
ACC08035,C08035,65600000,ACTIVE
ACC08036,C08036,8900000,ACTIVE
ACC08037,C08037,141500000,ACTIVE
ACC08038,C08038,113000000,ACTIVE
ACC08039,C08039,190000000,ACTIVE
ACC08040,C08040,329000000,ACTIVE
ACC08041,C08041,469100000,ACTIVE
ACC08042,C08042,50100000,CLOSED
ACC08043,C08043,255500000,CLOSED
ACC08044,C08044,350200000,ACTIVE
ACC08045,C08045,411300000,ACTIVE
ACC08046,C08046,425700000,ACTIVE
ACC08047,C08047,368300000,ACTIVE
ACC08048,C08048,439700000,ACTIVE
ACC08049,C08049,13100000,ACTIVE
ACC08050,C08050,153600000,ACTIVE
ACC08051,C08051,399000000,ACTIVE
ACC08052,C08052,180600000,ACTIVE
ACC08053,C08053,140900000,ACTIVE
ACC08054,C08054,136800000,ACTIVE
ACC08055,C08055,431500000,ACTIVE
ACC08056,C08056,495600000,ACTIVE
ACC08057,C08057,11400000,ACTIVE
ACC08058,C08058,115000000,ACTIVE
ACC08059,C08059,401800000,ACTIVE
ACC08060,C08060,99100000,CLOSED
ACC08061,C08061,302800000,ACTIVE
ACC08062,C08062,55900000,ACTIVE
ACC08063,C08063,112800000,CLOSED
ACC08064,C08064,33400000,ACTIVE
ACC08065,C08065,261400000,ACTIVE
ACC08066,C08066,252600000,ACTIVE
ACC08067,C08067,11800000,CLOSED
ACC08068,C08068,275700000,ACTIVE
ACC08069,C08069,490800000,ACTIVE
ACC08070,C08070,29000000,ACTIVE
ACC08071,C08071,366600000,ACTIVE
ACC08072,C08072,142400000,ACTIVE
ACC08073,C08073,441300000,BLOCKED
ACC08074,C08074,210700000,ACTIVE
ACC08075,C08075,443600000,CLOSED
ACC08076,C08076,22000000,ACTIVE
ACC08077,C08077,209500000,ACTIVE
ACC08078,C08078,342000000,ACTIVE
ACC08079,C08079,161600000,ACTIVE
ACC08080,C08080,151100000,ACTIVE
ACC08081,C08081,214200000,ACTIVE
ACC08082,C08082,274300000,ACTIVE
ACC08083,C08083,351200000,ACTIVE
ACC08084,C08084,75700000,ACTIVE
ACC08085,C08085,423900000,ACTIVE
ACC08086,C08086,64500000,ACTIVE
ACC08087,C08087,73300000,ACTIVE
ACC08088,C08088,296400000,CLOSED
ACC08089,C08089,477300000,ACTIVE
ACC08090,C08090,27800000,ACTIVE
ACC08091,C08091,406700000,CLOSED
ACC08092,C08092,466500000,ACTIVE
ACC08093,C08093,470500000,ACTIVE
ACC08094,C08094,453100000,ACTIVE
ACC08095,C08095,339900000,ACTIVE
ACC08096,C08096,348900000,ACTIVE
ACC08097,C08097,495300000,ACTIVE
ACC08098,C08098,114800000,ACTIVE
ACC08099,C08099,103100000,ACTIVE
ACC08100,C08100,257300000,ACTIVE
ACC08101,C08101,143500000,ACTIVE
ACC08102,C08102,266800000,BLOCKED
ACC08103,C08103,401600000,ACTIVE
ACC08104,C08104,430200000,ACTIVE
ACC08105,C08105,401400000,BLOCKED
ACC08106,C08106,232700000,ACTIVE
ACC08107,C08107,329000000,ACTIVE
ACC08108,C08108,499100000,ACTIVE
ACC08109,C08109,441500000,ACTIVE
ACC08110,C08110,159300000,ACTIVE
ACC08111,C08111,272800000,ACTIVE
ACC08112,C08112,160300000,ACTIVE
ACC08113,C08113,76100000,ACTIVE
ACC08114,C08114,92700000,ACTIVE
ACC08115,C08115,268500000,ACTIVE
ACC08116,C08116,320700000,ACTIVE
ACC08117,C08117,210900000,ACTIVE
ACC08118,C08118,329100000,ACTIVE
ACC08119,C08119,441900000,BLOCKED
ACC08120,C08120,58600000,ACTIVE
ACC08121,C08121,485300000,ACTIVE
ACC08122,C08122,103500000,CLOSED
ACC08123,C08123,442000000,ACTIVE
ACC08124,C08124,483600000,ACTIVE
ACC08125,C08125,103100000,ACTIVE
ACC08126,C08126,271100000,ACTIVE
ACC08127,C08127,275800000,ACTIVE
ACC08128,C08128,368100000,ACTIVE
ACC08129,C08129,59900000,ACTIVE
ACC08130,C08130,269200000,BLOCKED
ACC08131,C08131,279700000,ACTIVE
ACC08132,C08132,398300000,ACTIVE
ACC08133,C08133,94500000,ACTIVE
ACC08134,C08134,42200000,ACTIVE
ACC08135,C08135,397300000,CLOSED
ACC08136,C08136,178900000,ACTIVE
ACC08137,C08137,118900000,ACTIVE
ACC08138,C08138,499000000,ACTIVE
ACC08139,C08139,175400000,ACTIVE
ACC08140,C08140,243400000,ACTIVE
ACC08141,C08141,115300000,ACTIVE
ACC08142,C08142,487900000,ACTIVE
ACC08143,C08143,342100000,BLOCKED
ACC08144,C08144,125600000,ACTIVE
ACC08145,C08145,200800000,ACTIVE
ACC08146,C08146,32800000,ACTIVE
ACC08147,C08147,202600000,ACTIVE
ACC08148,C08148,431000000,ACTIVE
ACC08149,C08149,10300000,ACTIVE
ACC08150,C08150,487800000,ACTIVE
ACC08151,C08151,372300000,ACTIVE
ACC08152,C08152,459000000,ACTIVE
ACC08153,C08153,491000000,ACTIVE
ACC08154,C08154,451500000,CLOSED
ACC08155,C08155,335000000,ACTIVE
ACC08156,C08156,135600000,ACTIVE
ACC08157,C08157,121100000,ACTIVE
ACC08158,C08158,149600000,ACTIVE
ACC08159,C08159,354400000,ACTIVE
ACC08160,C08160,101000000,ACTIVE
ACC08161,C08161,485000000,ACTIVE
ACC08162,C08162,345200000,ACTIVE
ACC08163,C08163,327600000,ACTIVE
ACC08164,C08164,361200000,ACTIVE
ACC08165,C08165,467100000,ACTIVE
ACC08166,C08166,41700000,BLOCKED
ACC08167,C08167,53800000,ACTIVE
ACC08168,C08168,165600000,ACTIVE
ACC08169,C08169,265900000,ACTIVE
ACC08170,C08170,296000000,ACTIVE
ACC08171,C08171,7900000,ACTIVE
ACC08172,C08172,491300000,ACTIVE
ACC08173,C08173,309400000,BLOCKED
ACC08174,C08174,497500000,ACTIVE
ACC08175,C08175,45400000,CLOSED
ACC08176,C08176,97700000,ACTIVE
ACC08177,C08177,436800000,ACTIVE
ACC08178,C08178,298400000,BLOCKED
ACC08179,C08179,156900000,ACTIVE
ACC08180,C08180,22200000,ACTIVE
ACC08181,C08181,75700000,ACTIVE
ACC08182,C08182,396200000,ACTIVE
ACC08183,C08183,418800000,ACTIVE
ACC08184,C08184,12700000,BLOCKED
ACC08185,C08185,117800000,ACTIVE
ACC08186,C08186,410700000,ACTIVE
ACC08187,C08187,67500000,ACTIVE
ACC08188,C08188,470400000,ACTIVE
ACC08189,C08189,113900000,ACTIVE
ACC08190,C08190,118400000,ACTIVE
ACC08191,C08191,275000000,ACTIVE
ACC08192,C08192,360400000,ACTIVE
ACC08193,C08193,312700000,ACTIVE
ACC08194,C08194,469400000,ACTIVE
ACC08195,C08195,322900000,ACTIVE
ACC08196,C08196,305700000,ACTIVE
ACC08197,C08197,193400000,ACTIVE
ACC08198,C08198,430500000,ACTIVE
ACC08199,C08199,419900000,ACTIVE
ACC08200,C08200,417100000,ACTIVE
ACC08201,C08201,266400000,ACTIVE
ACC08202,C08202,34000000,ACTIVE
ACC08203,C08203,7600000,ACTIVE
ACC08204,C08204,490000000,ACTIVE
ACC08205,C08205,152400000,ACTIVE
ACC08206,C08206,409400000,ACTIVE
ACC08207,C08207,488500000,ACTIVE
ACC08208,C08208,396200000,ACTIVE
ACC08209,C08209,477300000,BLOCKED
ACC08210,C08210,155500000,ACTIVE
ACC08211,C08211,402200000,ACTIVE
ACC08212,C08212,319000000,ACTIVE
ACC08213,C08213,290700000,ACTIVE
ACC08214,C08214,183200000,ACTIVE
ACC08215,C08215,281800000,ACTIVE
ACC08216,C08216,164900000,ACTIVE
ACC08217,C08217,261300000,ACTIVE
ACC08218,C08218,400400000,ACTIVE
ACC08219,C08219,41700000,ACTIVE
ACC08220,C08220,165600000,ACTIVE
ACC08221,C08221,127400000,ACTIVE
ACC08222,C08222,261200000,ACTIVE
ACC08223,C08223,354700000,ACTIVE
ACC08224,C08224,31900000,ACTIVE
ACC08225,C08225,474400000,ACTIVE
ACC08226,C08226,30600000,ACTIVE
ACC08227,C08227,316400000,ACTIVE
ACC08228,C08228,73100000,ACTIVE
ACC08229,C08229,36700000,ACTIVE
ACC08230,C08230,125300000,ACTIVE
ACC08231,C08231,225200000,ACTIVE
ACC08232,C08232,96100000,ACTIVE
ACC08233,C08233,367900000,ACTIVE
ACC08234,C08234,21500000,ACTIVE
ACC08235,C08235,47600000,ACTIVE
ACC08236,C08236,139200000,ACTIVE
ACC08237,C08237,99500000,ACTIVE
ACC08238,C08238,45100000,ACTIVE
ACC08239,C08239,388600000,BLOCKED
ACC08240,C08240,247100000,ACTIVE
ACC08241,C08241,316800000,ACTIVE
ACC08242,C08242,256500000,ACTIVE
ACC08243,C08243,464200000,ACTIVE
ACC08244,C08244,293500000,ACTIVE
ACC08245,C08245,177100000,ACTIVE
ACC08246,C08246,367900000,ACTIVE
ACC08247,C08247,299700000,ACTIVE
ACC08248,C08248,190900000,ACTIVE
ACC08249,C08249,366200000,ACTIVE
ACC08250,C08250,270000000,ACTIVE
ACC08251,C08251,118800000,BLOCKED
ACC08252,C08252,152700000,ACTIVE
ACC08253,C08253,99700000,ACTIVE
ACC08254,C08254,378200000,ACTIVE
ACC08255,C08255,490200000,BLOCKED
ACC08256,C08256,99800000,ACTIVE
ACC08257,C08257,36900000,ACTIVE
ACC08258,C08258,8300000,ACTIVE
ACC08259,C08259,269400000,ACTIVE
ACC08260,C08260,129500000,BLOCKED
ACC08261,C08261,73600000,BLOCKED
ACC08262,C08262,227500000,ACTIVE
ACC08263,C08263,294400000,ACTIVE
ACC08264,C08264,225600000,ACTIVE
ACC08265,C08265,445100000,ACTIVE
ACC08266,C08266,280000000,ACTIVE
ACC08267,C08267,497500000,ACTIVE
ACC08268,C08268,238600000,ACTIVE
ACC08269,C08269,426800000,ACTIVE
ACC08270,C08270,81200000,ACTIVE
ACC08271,C08271,479700000,ACTIVE
ACC08272,C08272,56700000,ACTIVE
ACC08273,C08273,289500000,ACTIVE
ACC08274,C08274,226300000,ACTIVE
ACC08275,C08275,198200000,ACTIVE
ACC08276,C08276,319000000,ACTIVE
ACC08277,C08277,405500000,ACTIVE
ACC08278,C08278,9800000,ACTIVE
ACC08279,C08279,199100000,ACTIVE
ACC08280,C08280,471400000,ACTIVE
ACC08281,C08281,331300000,ACTIVE
ACC08282,C08282,240100000,ACTIVE
ACC08283,C08283,462400000,ACTIVE
ACC08284,C08284,6000000,ACTIVE
ACC08285,C08285,367000000,ACTIVE
ACC08286,C08286,50300000,ACTIVE
ACC08287,C08287,19700000,ACTIVE
ACC08288,C08288,217400000,ACTIVE
ACC08289,C08289,240700000,ACTIVE
ACC08290,C08290,249200000,ACTIVE
ACC08291,C08291,223300000,ACTIVE
ACC08292,C08292,281900000,ACTIVE
ACC08293,C08293,340000000,ACTIVE
ACC08294,C08294,151100000,ACTIVE
ACC08295,C08295,249300000,ACTIVE
ACC08296,C08296,110900000,ACTIVE
ACC08297,C08297,12300000,ACTIVE
ACC08298,C08298,55200000,ACTIVE
ACC08299,C08299,20400000,ACTIVE
ACC08300,C08300,363500000,ACTIVE
ACC08301,C08301,137800000,ACTIVE
ACC08302,C08302,247100000,ACTIVE
ACC08303,C08303,168900000,ACTIVE
ACC08304,C08304,220300000,ACTIVE
ACC08305,C08305,478200000,ACTIVE
ACC08306,C08306,420800000,ACTIVE
ACC08307,C08307,316500000,ACTIVE
ACC08308,C08308,259900000,ACTIVE
ACC08309,C08309,377700000,ACTIVE
ACC08310,C08310,293300000,ACTIVE
ACC08311,C08311,291600000,ACTIVE
ACC08312,C08312,21300000,CLOSED
ACC08313,C08313,422700000,ACTIVE
ACC08314,C08314,31800000,ACTIVE
ACC08315,C08315,179000000,ACTIVE
ACC08316,C08316,70600000,ACTIVE
ACC08317,C08317,87400000,ACTIVE
ACC08318,C08318,249100000,ACTIVE
ACC08319,C08319,419400000,ACTIVE
ACC08320,C08320,140300000,ACTIVE
ACC08321,C08321,320100000,ACTIVE
ACC08322,C08322,163900000,ACTIVE
ACC08323,C08323,282100000,ACTIVE
ACC08324,C08324,342200000,ACTIVE
ACC08325,C08325,44900000,ACTIVE
ACC08326,C08326,184400000,ACTIVE
ACC08327,C08327,151900000,ACTIVE
ACC08328,C08328,179200000,ACTIVE
ACC08329,C08329,271600000,ACTIVE
ACC08330,C08330,261100000,ACTIVE
ACC08331,C08331,382000000,ACTIVE
ACC08332,C08332,151700000,ACTIVE
ACC08333,C08333,346900000,ACTIVE
ACC08334,C08334,6100000,ACTIVE
ACC08335,C08335,334500000,ACTIVE
ACC08336,C08336,296400000,ACTIVE
ACC08337,C08337,337800000,ACTIVE
ACC08338,C08338,223700000,ACTIVE
ACC08339,C08339,204600000,ACTIVE
ACC08340,C08340,258600000,CLOSED
ACC08341,C08341,319200000,ACTIVE
ACC08342,C08342,55500000,BLOCKED
ACC08343,C08343,116600000,CLOSED
ACC08344,C08344,457600000,ACTIVE
ACC08345,C08345,364000000,ACTIVE
ACC08346,C08346,497900000,ACTIVE
ACC08347,C08347,76700000,BLOCKED
ACC08348,C08348,108800000,ACTIVE
ACC08349,C08349,390000000,ACTIVE
ACC08350,C08350,492300000,ACTIVE
ACC08351,C08351,12400000,ACTIVE
ACC08352,C08352,445400000,ACTIVE
ACC08353,C08353,193300000,ACTIVE
ACC08354,C08354,289100000,ACTIVE
ACC08355,C08355,294700000,ACTIVE
ACC08356,C08356,477500000,ACTIVE
ACC08357,C08357,499100000,ACTIVE
ACC08358,C08358,254100000,BLOCKED
ACC08359,C08359,154300000,ACTIVE
ACC08360,C08360,424700000,ACTIVE
ACC08361,C08361,111400000,ACTIVE
ACC08362,C08362,499900000,ACTIVE
ACC08363,C08363,223700000,ACTIVE
ACC08364,C08364,233800000,ACTIVE
ACC08365,C08365,407600000,ACTIVE
ACC08366,C08366,177900000,ACTIVE
ACC08367,C08367,379000000,ACTIVE
ACC08368,C08368,339600000,ACTIVE
ACC08369,C08369,125400000,ACTIVE
ACC08370,C08370,237800000,ACTIVE
ACC08371,C08371,470000000,ACTIVE
ACC08372,C08372,147800000,ACTIVE
ACC08373,C08373,138300000,BLOCKED
ACC08374,C08374,169400000,ACTIVE
ACC08375,C08375,185300000,ACTIVE
ACC08376,C08376,129800000,ACTIVE
ACC08377,C08377,107700000,ACTIVE
ACC08378,C08378,116600000,ACTIVE
ACC08379,C08379,51600000,ACTIVE
ACC08380,C08380,15300000,ACTIVE
ACC08381,C08381,178400000,ACTIVE
ACC08382,C08382,145500000,ACTIVE
ACC08383,C08383,267500000,ACTIVE
ACC08384,C08384,485200000,ACTIVE
ACC08385,C08385,422600000,ACTIVE
ACC08386,C08386,31600000,ACTIVE
ACC08387,C08387,204200000,ACTIVE
ACC08388,C08388,81900000,ACTIVE
ACC08389,C08389,1700000,ACTIVE
ACC08390,C08390,75000000,ACTIVE
ACC08391,C08391,131900000,ACTIVE
ACC08392,C08392,245000000,ACTIVE
ACC08393,C08393,155500000,ACTIVE
ACC08394,C08394,71300000,ACTIVE
ACC08395,C08395,262300000,BLOCKED
ACC08396,C08396,47000000,ACTIVE
ACC08397,C08397,382800000,CLOSED
ACC08398,C08398,465400000,ACTIVE
ACC08399,C08399,379100000,ACTIVE
ACC08400,C08400,498700000,ACTIVE
ACC08401,C08401,161800000,ACTIVE
ACC08402,C08402,418000000,ACTIVE
ACC08403,C08403,168300000,ACTIVE
ACC08404,C08404,426000000,BLOCKED
ACC08405,C08405,149000000,ACTIVE
ACC08406,C08406,381100000,ACTIVE
ACC08407,C08407,304400000,ACTIVE
ACC08408,C08408,257800000,ACTIVE
ACC08409,C08409,324800000,ACTIVE
ACC08410,C08410,439000000,ACTIVE
ACC08411,C08411,364500000,ACTIVE
ACC08412,C08412,401700000,ACTIVE
ACC08413,C08413,275800000,ACTIVE
ACC08414,C08414,341100000,ACTIVE
ACC08415,C08415,128300000,ACTIVE
ACC08416,C08416,21500000,ACTIVE
ACC08417,C08417,198800000,CLOSED
ACC08418,C08418,205700000,ACTIVE
ACC08419,C08419,325800000,ACTIVE
ACC08420,C08420,332200000,ACTIVE
ACC08421,C08421,44600000,ACTIVE
ACC08422,C08422,234100000,ACTIVE
ACC08423,C08423,101700000,ACTIVE
ACC08424,C08424,206400000,ACTIVE
ACC08425,C08425,79100000,ACTIVE
ACC08426,C08426,314000000,ACTIVE
ACC08427,C08427,234800000,ACTIVE
ACC08428,C08428,306800000,ACTIVE
ACC08429,C08429,481000000,ACTIVE
ACC08430,C08430,372800000,ACTIVE
ACC08431,C08431,346200000,ACTIVE
ACC08432,C08432,244600000,CLOSED
ACC08433,C08433,431300000,ACTIVE
ACC08434,C08434,181700000,ACTIVE
ACC08435,C08435,22300000,ACTIVE
ACC08436,C08436,355600000,ACTIVE
ACC08437,C08437,65000000,ACTIVE
ACC08438,C08438,145700000,ACTIVE
ACC08439,C08439,332300000,ACTIVE
ACC08440,C08440,190500000,ACTIVE
ACC08441,C08441,285500000,ACTIVE
ACC08442,C08442,362400000,ACTIVE
ACC08443,C08443,317300000,ACTIVE
ACC08444,C08444,80400000,ACTIVE
ACC08445,C08445,347600000,ACTIVE
ACC08446,C08446,108100000,ACTIVE
ACC08447,C08447,66200000,ACTIVE
ACC08448,C08448,31800000,ACTIVE
ACC08449,C08449,301900000,ACTIVE
ACC08450,C08450,28100000,CLOSED
ACC08451,C08451,8700000,ACTIVE
ACC08452,C08452,116800000,ACTIVE
ACC08453,C08453,174500000,ACTIVE
ACC08454,C08454,41500000,ACTIVE
ACC08455,C08455,265400000,ACTIVE
ACC08456,C08456,368400000,ACTIVE
ACC08457,C08457,472200000,ACTIVE
ACC08458,C08458,229800000,ACTIVE
ACC08459,C08459,365700000,ACTIVE
ACC08460,C08460,427800000,ACTIVE
ACC08461,C08461,178000000,ACTIVE
ACC08462,C08462,82000000,ACTIVE
ACC08463,C08463,54600000,ACTIVE
ACC08464,C08464,324400000,ACTIVE
ACC08465,C08465,41700000,ACTIVE
ACC08466,C08466,279800000,ACTIVE
ACC08467,C08467,444500000,ACTIVE
ACC08468,C08468,229500000,ACTIVE
ACC08469,C08469,272900000,ACTIVE
ACC08470,C08470,259200000,ACTIVE
ACC08471,C08471,284600000,ACTIVE
ACC08472,C08472,96400000,ACTIVE
ACC08473,C08473,266300000,ACTIVE
ACC08474,C08474,416900000,CLOSED
ACC08475,C08475,485200000,ACTIVE
ACC08476,C08476,161900000,ACTIVE
ACC08477,C08477,300300000,ACTIVE
ACC08478,C08478,299400000,BLOCKED
ACC08479,C08479,29000000,ACTIVE
ACC08480,C08480,385700000,ACTIVE
ACC08481,C08481,97700000,ACTIVE
ACC08482,C08482,147500000,ACTIVE
ACC08483,C08483,75300000,CLOSED
ACC08484,C08484,22800000,ACTIVE
ACC08485,C08485,423200000,ACTIVE
ACC08486,C08486,33900000,ACTIVE
ACC08487,C08487,398100000,ACTIVE
ACC08488,C08488,169800000,ACTIVE
ACC08489,C08489,128400000,CLOSED
ACC08490,C08490,383400000,ACTIVE
ACC08491,C08491,390500000,ACTIVE
ACC08492,C08492,120900000,ACTIVE
ACC08493,C08493,29200000,ACTIVE
ACC08494,C08494,177800000,BLOCKED
ACC08495,C08495,186900000,ACTIVE
ACC08496,C08496,43600000,ACTIVE
ACC08497,C08497,250400000,ACTIVE
ACC08498,C08498,38500000,CLOSED
ACC08499,C08499,247500000,ACTIVE
ACC08500,C08500,2000000,ACTIVE
ACC08501,C08501,186900000,ACTIVE
ACC08502,C08502,275600000,ACTIVE
ACC08503,C08503,30600000,ACTIVE
ACC08504,C08504,357800000,ACTIVE
ACC08505,C08505,229200000,ACTIVE
ACC08506,C08506,75300000,ACTIVE
ACC08507,C08507,444600000,ACTIVE
ACC08508,C08508,234800000,ACTIVE
ACC08509,C08509,390600000,ACTIVE
ACC08510,C08510,183900000,ACTIVE
ACC08511,C08511,344500000,ACTIVE
ACC08512,C08512,14300000,ACTIVE
ACC08513,C08513,132600000,CLOSED
ACC08514,C08514,381500000,ACTIVE
ACC08515,C08515,240700000,ACTIVE
ACC08516,C08516,18100000,ACTIVE
ACC08517,C08517,31700000,ACTIVE
ACC08518,C08518,29700000,ACTIVE
ACC08519,C08519,150700000,ACTIVE
ACC08520,C08520,68100000,ACTIVE
ACC08521,C08521,139500000,ACTIVE
ACC08522,C08522,137100000,ACTIVE
ACC08523,C08523,173300000,ACTIVE
ACC08524,C08524,331200000,ACTIVE
ACC08525,C08525,170400000,ACTIVE
ACC08526,C08526,496700000,ACTIVE
ACC08527,C08527,36400000,ACTIVE
ACC08528,C08528,445800000,ACTIVE
ACC08529,C08529,444600000,ACTIVE
ACC08530,C08530,149500000,ACTIVE
ACC08531,C08531,187000000,ACTIVE
ACC08532,C08532,47400000,ACTIVE
ACC08533,C08533,479400000,ACTIVE
ACC08534,C08534,345500000,ACTIVE
ACC08535,C08535,58700000,ACTIVE
ACC08536,C08536,206100000,BLOCKED
ACC08537,C08537,314700000,ACTIVE
ACC08538,C08538,330600000,BLOCKED
ACC08539,C08539,78200000,ACTIVE
ACC08540,C08540,449400000,ACTIVE
ACC08541,C08541,239800000,BLOCKED
ACC08542,C08542,194600000,ACTIVE
ACC08543,C08543,356500000,ACTIVE
ACC08544,C08544,184100000,ACTIVE
ACC08545,C08545,142700000,BLOCKED
ACC08546,C08546,280200000,ACTIVE
ACC08547,C08547,231200000,ACTIVE
ACC08548,C08548,66400000,ACTIVE
ACC08549,C08549,438200000,ACTIVE
ACC08550,C08550,239000000,ACTIVE
ACC08551,C08551,287100000,ACTIVE
ACC08552,C08552,107700000,ACTIVE
ACC08553,C08553,419900000,ACTIVE
ACC08554,C08554,180800000,ACTIVE
ACC08555,C08555,172500000,ACTIVE
ACC08556,C08556,25100000,ACTIVE
ACC08557,C08557,267700000,ACTIVE
ACC08558,C08558,154600000,CLOSED
ACC08559,C08559,213400000,ACTIVE
ACC08560,C08560,411800000,ACTIVE
ACC08561,C08561,341400000,ACTIVE
ACC08562,C08562,154700000,ACTIVE
ACC08563,C08563,122200000,ACTIVE
ACC08564,C08564,472600000,ACTIVE
ACC08565,C08565,45900000,ACTIVE
ACC08566,C08566,306100000,ACTIVE
ACC08567,C08567,442200000,ACTIVE
ACC08568,C08568,411300000,ACTIVE
ACC08569,C08569,45000000,ACTIVE
ACC08570,C08570,274600000,ACTIVE
ACC08571,C08571,258400000,ACTIVE
ACC08572,C08572,267300000,ACTIVE
ACC08573,C08573,33000000,CLOSED
ACC08574,C08574,120300000,ACTIVE
ACC08575,C08575,460800000,ACTIVE
ACC08576,C08576,51500000,BLOCKED
ACC08577,C08577,499300000,ACTIVE
ACC08578,C08578,157900000,ACTIVE
ACC08579,C08579,66000000,ACTIVE
ACC08580,C08580,341000000,ACTIVE
ACC08581,C08581,21900000,ACTIVE
ACC08582,C08582,196400000,ACTIVE
ACC08583,C08583,359500000,ACTIVE
ACC08584,C08584,391600000,ACTIVE
ACC08585,C08585,260600000,ACTIVE
ACC08586,C08586,487800000,ACTIVE
ACC08587,C08587,471600000,ACTIVE
ACC08588,C08588,215500000,ACTIVE
ACC08589,C08589,267400000,ACTIVE
ACC08590,C08590,228000000,ACTIVE
ACC08591,C08591,370900000,ACTIVE
ACC08592,C08592,380700000,ACTIVE
ACC08593,C08593,432000000,ACTIVE
ACC08594,C08594,311400000,ACTIVE
ACC08595,C08595,155900000,ACTIVE
ACC08596,C08596,476400000,ACTIVE
ACC08597,C08597,494100000,ACTIVE
ACC08598,C08598,180000000,ACTIVE
ACC08599,C08599,473400000,BLOCKED
ACC08600,C08600,42700000,ACTIVE
ACC08601,C08601,194100000,ACTIVE
ACC08602,C08602,490100000,ACTIVE
ACC08603,C08603,456700000,ACTIVE
ACC08604,C08604,464500000,ACTIVE
ACC08605,C08605,457000000,ACTIVE
ACC08606,C08606,257200000,ACTIVE
ACC08607,C08607,356500000,ACTIVE
ACC08608,C08608,11700000,ACTIVE
ACC08609,C08609,300900000,ACTIVE
ACC08610,C08610,499100000,ACTIVE
ACC08611,C08611,188400000,ACTIVE
ACC08612,C08612,329200000,ACTIVE
ACC08613,C08613,373100000,ACTIVE
ACC08614,C08614,155100000,ACTIVE
ACC08615,C08615,429700000,ACTIVE
ACC08616,C08616,40500000,ACTIVE
ACC08617,C08617,467700000,ACTIVE
ACC08618,C08618,469900000,ACTIVE
ACC08619,C08619,199500000,ACTIVE
ACC08620,C08620,304100000,ACTIVE
ACC08621,C08621,57600000,ACTIVE
ACC08622,C08622,215600000,ACTIVE
ACC08623,C08623,450600000,ACTIVE
ACC08624,C08624,85400000,ACTIVE
ACC08625,C08625,28100000,ACTIVE
ACC08626,C08626,355700000,ACTIVE
ACC08627,C08627,66400000,ACTIVE
ACC08628,C08628,270100000,ACTIVE
ACC08629,C08629,409700000,ACTIVE
ACC08630,C08630,257200000,ACTIVE
ACC08631,C08631,63700000,ACTIVE
ACC08632,C08632,112400000,ACTIVE
ACC08633,C08633,3300000,ACTIVE
ACC08634,C08634,233700000,ACTIVE
ACC08635,C08635,436500000,ACTIVE
ACC08636,C08636,488700000,ACTIVE
ACC08637,C08637,162500000,ACTIVE
ACC08638,C08638,332000000,ACTIVE
ACC08639,C08639,492300000,ACTIVE
ACC08640,C08640,457300000,ACTIVE
ACC08641,C08641,384100000,ACTIVE
ACC08642,C08642,86900000,ACTIVE
ACC08643,C08643,391500000,ACTIVE
ACC08644,C08644,268100000,ACTIVE
ACC08645,C08645,334700000,ACTIVE
ACC08646,C08646,57900000,ACTIVE
ACC08647,C08647,397300000,ACTIVE
ACC08648,C08648,308000000,CLOSED
ACC08649,C08649,484500000,ACTIVE
ACC08650,C08650,145000000,CLOSED
ACC08651,C08651,110900000,ACTIVE
ACC08652,C08652,282300000,ACTIVE
ACC08653,C08653,247300000,ACTIVE
ACC08654,C08654,440500000,ACTIVE
ACC08655,C08655,467800000,ACTIVE
ACC08656,C08656,395900000,ACTIVE
ACC08657,C08657,330800000,ACTIVE
ACC08658,C08658,440200000,ACTIVE
ACC08659,C08659,74600000,CLOSED
ACC08660,C08660,135900000,ACTIVE
ACC08661,C08661,136500000,ACTIVE
ACC08662,C08662,21200000,ACTIVE
ACC08663,C08663,391000000,ACTIVE
ACC08664,C08664,190200000,ACTIVE
ACC08665,C08665,264000000,ACTIVE
ACC08666,C08666,346100000,ACTIVE
ACC08667,C08667,121200000,ACTIVE
ACC08668,C08668,366000000,ACTIVE
ACC08669,C08669,220500000,ACTIVE
ACC08670,C08670,432000000,ACTIVE
ACC08671,C08671,57200000,ACTIVE
ACC08672,C08672,223800000,ACTIVE
ACC08673,C08673,482400000,ACTIVE
ACC08674,C08674,354700000,ACTIVE
ACC08675,C08675,42800000,CLOSED
ACC08676,C08676,373900000,ACTIVE
ACC08677,C08677,12900000,ACTIVE
ACC08678,C08678,94300000,ACTIVE
ACC08679,C08679,438900000,ACTIVE
ACC08680,C08680,243100000,ACTIVE
ACC08681,C08681,202900000,ACTIVE
ACC08682,C08682,24800000,ACTIVE
ACC08683,C08683,151300000,CLOSED
ACC08684,C08684,178500000,ACTIVE
ACC08685,C08685,259200000,ACTIVE
ACC08686,C08686,360700000,ACTIVE
ACC08687,C08687,393800000,ACTIVE
ACC08688,C08688,296300000,ACTIVE
ACC08689,C08689,43200000,ACTIVE
ACC08690,C08690,466800000,ACTIVE
ACC08691,C08691,128800000,ACTIVE
ACC08692,C08692,264400000,ACTIVE
ACC08693,C08693,205400000,ACTIVE
ACC08694,C08694,138400000,ACTIVE
ACC08695,C08695,282100000,ACTIVE
ACC08696,C08696,153300000,ACTIVE
ACC08697,C08697,39400000,ACTIVE
ACC08698,C08698,302500000,ACTIVE
ACC08699,C08699,258600000,ACTIVE
ACC08700,C08700,77400000,ACTIVE
ACC08701,C08701,60200000,ACTIVE
ACC08702,C08702,411000000,ACTIVE
ACC08703,C08703,277100000,ACTIVE
ACC08704,C08704,166000000,ACTIVE
ACC08705,C08705,30800000,ACTIVE
ACC08706,C08706,477100000,ACTIVE
ACC08707,C08707,272500000,ACTIVE
ACC08708,C08708,93600000,CLOSED
ACC08709,C08709,273800000,ACTIVE
ACC08710,C08710,442900000,BLOCKED
ACC08711,C08711,99400000,ACTIVE
ACC08712,C08712,149200000,ACTIVE
ACC08713,C08713,380300000,BLOCKED
ACC08714,C08714,481800000,BLOCKED
ACC08715,C08715,393400000,CLOSED
ACC08716,C08716,12000000,ACTIVE
ACC08717,C08717,228800000,ACTIVE
ACC08718,C08718,127800000,ACTIVE
ACC08719,C08719,414900000,ACTIVE
ACC08720,C08720,435600000,ACTIVE
ACC08721,C08721,200500000,CLOSED
ACC08722,C08722,308800000,ACTIVE
ACC08723,C08723,210600000,ACTIVE
ACC08724,C08724,324600000,ACTIVE
ACC08725,C08725,50800000,ACTIVE
ACC08726,C08726,311300000,ACTIVE
ACC08727,C08727,149400000,BLOCKED
ACC08728,C08728,429400000,ACTIVE
ACC08729,C08729,280500000,ACTIVE
ACC08730,C08730,496600000,ACTIVE
ACC08731,C08731,336600000,ACTIVE
ACC08732,C08732,299200000,ACTIVE
ACC08733,C08733,426600000,ACTIVE
ACC08734,C08734,75600000,ACTIVE
ACC08735,C08735,74100000,ACTIVE
ACC08736,C08736,216800000,ACTIVE
ACC08737,C08737,9300000,ACTIVE
ACC08738,C08738,355100000,ACTIVE
ACC08739,C08739,468300000,ACTIVE
ACC08740,C08740,141000000,ACTIVE
ACC08741,C08741,64400000,ACTIVE
ACC08742,C08742,166100000,ACTIVE
ACC08743,C08743,219000000,ACTIVE
ACC08744,C08744,345100000,ACTIVE
ACC08745,C08745,257500000,ACTIVE
ACC08746,C08746,239800000,ACTIVE
ACC08747,C08747,80500000,ACTIVE
ACC08748,C08748,243000000,ACTIVE
ACC08749,C08749,251500000,CLOSED
ACC08750,C08750,427600000,ACTIVE
ACC08751,C08751,153600000,CLOSED
ACC08752,C08752,256800000,BLOCKED
ACC08753,C08753,150000000,ACTIVE
ACC08754,C08754,154200000,ACTIVE
ACC08755,C08755,376800000,BLOCKED
ACC08756,C08756,294200000,ACTIVE
ACC08757,C08757,466200000,ACTIVE
ACC08758,C08758,400400000,ACTIVE
ACC08759,C08759,58700000,ACTIVE
ACC08760,C08760,433000000,ACTIVE
ACC08761,C08761,436900000,ACTIVE
ACC08762,C08762,462600000,ACTIVE
ACC08763,C08763,164200000,ACTIVE
ACC08764,C08764,431800000,ACTIVE
ACC08765,C08765,352900000,ACTIVE
ACC08766,C08766,357700000,ACTIVE
ACC08767,C08767,342200000,ACTIVE
ACC08768,C08768,274800000,ACTIVE
ACC08769,C08769,22700000,ACTIVE
ACC08770,C08770,462900000,ACTIVE
ACC08771,C08771,28100000,ACTIVE
ACC08772,C08772,227500000,ACTIVE
ACC08773,C08773,125100000,ACTIVE
ACC08774,C08774,51800000,CLOSED
ACC08775,C08775,167500000,ACTIVE
ACC08776,C08776,456400000,ACTIVE
ACC08777,C08777,319500000,CLOSED
ACC08778,C08778,420800000,ACTIVE
ACC08779,C08779,391400000,BLOCKED
ACC08780,C08780,499900000,ACTIVE
ACC08781,C08781,258200000,ACTIVE
ACC08782,C08782,209200000,ACTIVE
ACC08783,C08783,66100000,ACTIVE
ACC08784,C08784,494500000,ACTIVE
ACC08785,C08785,106000000,ACTIVE
ACC08786,C08786,489800000,ACTIVE
ACC08787,C08787,117200000,ACTIVE
ACC08788,C08788,499800000,ACTIVE
ACC08789,C08789,173600000,ACTIVE
ACC08790,C08790,444400000,ACTIVE
ACC08791,C08791,414600000,ACTIVE
ACC08792,C08792,162400000,ACTIVE
ACC08793,C08793,260500000,ACTIVE
ACC08794,C08794,363500000,ACTIVE
ACC08795,C08795,315500000,ACTIVE
ACC08796,C08796,45000000,CLOSED
ACC08797,C08797,382600000,ACTIVE
ACC08798,C08798,463600000,ACTIVE
ACC08799,C08799,368300000,ACTIVE
ACC08800,C08800,225100000,ACTIVE
ACC08801,C08801,100300000,ACTIVE
ACC08802,C08802,384700000,ACTIVE
ACC08803,C08803,247100000,ACTIVE
ACC08804,C08804,495300000,ACTIVE
ACC08805,C08805,221500000,ACTIVE
ACC08806,C08806,78200000,ACTIVE
ACC08807,C08807,259000000,ACTIVE
ACC08808,C08808,226800000,ACTIVE
ACC08809,C08809,329300000,ACTIVE
ACC08810,C08810,258600000,ACTIVE
ACC08811,C08811,383600000,ACTIVE
ACC08812,C08812,451000000,ACTIVE
ACC08813,C08813,337700000,ACTIVE
ACC08814,C08814,52400000,ACTIVE
ACC08815,C08815,239300000,BLOCKED
ACC08816,C08816,287800000,ACTIVE
ACC08817,C08817,224900000,ACTIVE
ACC08818,C08818,282900000,ACTIVE
ACC08819,C08819,151000000,BLOCKED
ACC08820,C08820,371400000,ACTIVE
ACC08821,C08821,142800000,ACTIVE
ACC08822,C08822,150700000,ACTIVE
ACC08823,C08823,247100000,ACTIVE
ACC08824,C08824,423800000,ACTIVE
ACC08825,C08825,362000000,ACTIVE
ACC08826,C08826,269300000,ACTIVE
ACC08827,C08827,249100000,ACTIVE
ACC08828,C08828,345300000,ACTIVE
ACC08829,C08829,476800000,ACTIVE
ACC08830,C08830,8600000,ACTIVE
ACC08831,C08831,30600000,ACTIVE
ACC08832,C08832,274100000,ACTIVE
ACC08833,C08833,89000000,ACTIVE
ACC08834,C08834,497000000,ACTIVE
ACC08835,C08835,253300000,ACTIVE
ACC08836,C08836,394400000,ACTIVE
ACC08837,C08837,317700000,ACTIVE
ACC08838,C08838,457000000,BLOCKED
ACC08839,C08839,286300000,ACTIVE
ACC08840,C08840,212800000,ACTIVE
ACC08841,C08841,70300000,ACTIVE
ACC08842,C08842,274800000,ACTIVE
ACC08843,C08843,330500000,BLOCKED
ACC08844,C08844,30200000,ACTIVE
ACC08845,C08845,249100000,ACTIVE
ACC08846,C08846,240800000,ACTIVE
ACC08847,C08847,428600000,ACTIVE
ACC08848,C08848,141600000,ACTIVE
ACC08849,C08849,311300000,ACTIVE
ACC08850,C08850,86000000,ACTIVE
ACC08851,C08851,333500000,ACTIVE
ACC08852,C08852,450200000,ACTIVE
ACC08853,C08853,173800000,ACTIVE
ACC08854,C08854,91700000,ACTIVE
ACC08855,C08855,302100000,ACTIVE
ACC08856,C08856,236700000,ACTIVE
ACC08857,C08857,92600000,ACTIVE
ACC08858,C08858,486800000,ACTIVE
ACC08859,C08859,459600000,ACTIVE
ACC08860,C08860,278900000,ACTIVE
ACC08861,C08861,120900000,ACTIVE
ACC08862,C08862,374200000,ACTIVE
ACC08863,C08863,76300000,ACTIVE
ACC08864,C08864,340500000,ACTIVE
ACC08865,C08865,267800000,ACTIVE
ACC08866,C08866,301100000,ACTIVE
ACC08867,C08867,390800000,ACTIVE
ACC08868,C08868,390300000,ACTIVE
ACC08869,C08869,190900000,ACTIVE
ACC08870,C08870,4900000,ACTIVE
ACC08871,C08871,417100000,ACTIVE
ACC08872,C08872,93600000,ACTIVE
ACC08873,C08873,369900000,ACTIVE
ACC08874,C08874,75600000,ACTIVE
ACC08875,C08875,180800000,BLOCKED
ACC08876,C08876,77500000,ACTIVE
ACC08877,C08877,349100000,ACTIVE
ACC08878,C08878,382100000,ACTIVE
ACC08879,C08879,325300000,BLOCKED
ACC08880,C08880,194800000,ACTIVE
ACC08881,C08881,264100000,ACTIVE
ACC08882,C08882,6700000,BLOCKED
ACC08883,C08883,269500000,ACTIVE
ACC08884,C08884,257000000,ACTIVE
ACC08885,C08885,298400000,ACTIVE
ACC08886,C08886,303100000,ACTIVE
ACC08887,C08887,175500000,ACTIVE
ACC08888,C08888,360400000,ACTIVE
ACC08889,C08889,418700000,ACTIVE
ACC08890,C08890,478100000,ACTIVE
ACC08891,C08891,66400000,ACTIVE
ACC08892,C08892,323700000,ACTIVE
ACC08893,C08893,189100000,ACTIVE
ACC08894,C08894,432200000,ACTIVE
ACC08895,C08895,287000000,ACTIVE
ACC08896,C08896,363200000,ACTIVE
ACC08897,C08897,484300000,ACTIVE
ACC08898,C08898,347600000,ACTIVE
ACC08899,C08899,254600000,ACTIVE
ACC08900,C08900,142100000,CLOSED
ACC08901,C08901,335300000,ACTIVE
ACC08902,C08902,449300000,ACTIVE
ACC08903,C08903,424300000,ACTIVE
ACC08904,C08904,93100000,ACTIVE
ACC08905,C08905,38700000,ACTIVE
ACC08906,C08906,481700000,ACTIVE
ACC08907,C08907,133000000,ACTIVE
ACC08908,C08908,396200000,ACTIVE
ACC08909,C08909,137800000,ACTIVE
ACC08910,C08910,14500000,ACTIVE
ACC08911,C08911,458800000,BLOCKED
ACC08912,C08912,92400000,ACTIVE
ACC08913,C08913,423500000,ACTIVE
ACC08914,C08914,5400000,ACTIVE
ACC08915,C08915,296100000,ACTIVE
ACC08916,C08916,224800000,ACTIVE
ACC08917,C08917,309100000,ACTIVE
ACC08918,C08918,335000000,ACTIVE
ACC08919,C08919,441600000,ACTIVE
ACC08920,C08920,251600000,ACTIVE
ACC08921,C08921,191000000,ACTIVE
ACC08922,C08922,128900000,ACTIVE
ACC08923,C08923,439100000,ACTIVE
ACC08924,C08924,288400000,ACTIVE
ACC08925,C08925,314800000,ACTIVE
ACC08926,C08926,72600000,ACTIVE
ACC08927,C08927,232200000,ACTIVE
ACC08928,C08928,146300000,ACTIVE
ACC08929,C08929,116300000,CLOSED
ACC08930,C08930,15800000,ACTIVE
ACC08931,C08931,105600000,ACTIVE
ACC08932,C08932,466200000,ACTIVE
ACC08933,C08933,433000000,ACTIVE
ACC08934,C08934,256800000,ACTIVE
ACC08935,C08935,187000000,ACTIVE
ACC08936,C08936,181200000,ACTIVE
ACC08937,C08937,223500000,ACTIVE
ACC08938,C08938,383800000,ACTIVE
ACC08939,C08939,295200000,ACTIVE
ACC08940,C08940,30900000,ACTIVE
ACC08941,C08941,55500000,ACTIVE
ACC08942,C08942,58500000,ACTIVE
ACC08943,C08943,283700000,ACTIVE
ACC08944,C08944,302400000,CLOSED
ACC08945,C08945,370600000,ACTIVE
ACC08946,C08946,483300000,ACTIVE
ACC08947,C08947,157600000,ACTIVE
ACC08948,C08948,372600000,ACTIVE
ACC08949,C08949,455500000,ACTIVE
ACC08950,C08950,413700000,ACTIVE
ACC08951,C08951,2000000,ACTIVE
ACC08952,C08952,336400000,ACTIVE
ACC08953,C08953,204400000,ACTIVE
ACC08954,C08954,250000000,ACTIVE
ACC08955,C08955,80400000,ACTIVE
ACC08956,C08956,381900000,ACTIVE
ACC08957,C08957,441900000,ACTIVE
ACC08958,C08958,276100000,ACTIVE
ACC08959,C08959,362800000,ACTIVE
ACC08960,C08960,390800000,ACTIVE
ACC08961,C08961,302400000,ACTIVE
ACC08962,C08962,306300000,CLOSED
ACC08963,C08963,102000000,ACTIVE
ACC08964,C08964,101400000,BLOCKED
ACC08965,C08965,276400000,ACTIVE
ACC08966,C08966,94200000,ACTIVE
ACC08967,C08967,23300000,ACTIVE
ACC08968,C08968,253600000,ACTIVE
ACC08969,C08969,179600000,ACTIVE
ACC08970,C08970,47500000,ACTIVE
ACC08971,C08971,247200000,CLOSED
ACC08972,C08972,197100000,ACTIVE
ACC08973,C08973,81800000,ACTIVE
ACC08974,C08974,80500000,ACTIVE
ACC08975,C08975,300000000,ACTIVE
ACC08976,C08976,211900000,CLOSED
ACC08977,C08977,497500000,ACTIVE
ACC08978,C08978,412200000,ACTIVE
ACC08979,C08979,323100000,ACTIVE
ACC08980,C08980,247400000,ACTIVE
ACC08981,C08981,331300000,ACTIVE
ACC08982,C08982,358700000,ACTIVE
ACC08983,C08983,294700000,ACTIVE
ACC08984,C08984,254400000,ACTIVE
ACC08985,C08985,54300000,ACTIVE
ACC08986,C08986,259000000,ACTIVE
ACC08987,C08987,296400000,ACTIVE
ACC08988,C08988,382000000,ACTIVE
ACC08989,C08989,68400000,ACTIVE
ACC08990,C08990,85300000,ACTIVE
ACC08991,C08991,95500000,ACTIVE
ACC08992,C08992,47200000,ACTIVE
ACC08993,C08993,460600000,ACTIVE
ACC08994,C08994,491300000,ACTIVE
ACC08995,C08995,124500000,ACTIVE
ACC08996,C08996,152100000,ACTIVE
ACC08997,C08997,415400000,ACTIVE
ACC08998,C08998,178300000,ACTIVE
ACC08999,C08999,137500000,ACTIVE
ACC09000,C09000,126100000,ACTIVE
ACC09001,C09001,148100000,ACTIVE
ACC09002,C09002,412700000,ACTIVE
ACC09003,C09003,446100000,ACTIVE
ACC09004,C09004,241500000,ACTIVE
ACC09005,C09005,281100000,BLOCKED
ACC09006,C09006,1700000,ACTIVE
ACC09007,C09007,429700000,ACTIVE
ACC09008,C09008,77400000,ACTIVE
ACC09009,C09009,15400000,ACTIVE
ACC09010,C09010,165800000,ACTIVE
ACC09011,C09011,236700000,ACTIVE
ACC09012,C09012,268200000,ACTIVE
ACC09013,C09013,128200000,CLOSED
ACC09014,C09014,460600000,ACTIVE
ACC09015,C09015,157600000,ACTIVE
ACC09016,C09016,380400000,ACTIVE
ACC09017,C09017,154400000,ACTIVE
ACC09018,C09018,175800000,ACTIVE
ACC09019,C09019,363700000,ACTIVE
ACC09020,C09020,372900000,ACTIVE
ACC09021,C09021,126900000,ACTIVE
ACC09022,C09022,110200000,ACTIVE
ACC09023,C09023,115900000,ACTIVE
ACC09024,C09024,31700000,ACTIVE
ACC09025,C09025,342500000,ACTIVE
ACC09026,C09026,197000000,ACTIVE
ACC09027,C09027,265500000,ACTIVE
ACC09028,C09028,457800000,ACTIVE
ACC09029,C09029,493000000,CLOSED
ACC09030,C09030,461200000,ACTIVE
ACC09031,C09031,159400000,ACTIVE
ACC09032,C09032,2200000,ACTIVE
ACC09033,C09033,461000000,ACTIVE
ACC09034,C09034,226400000,ACTIVE
ACC09035,C09035,387600000,ACTIVE
ACC09036,C09036,18400000,ACTIVE
ACC09037,C09037,150800000,BLOCKED
ACC09038,C09038,414100000,ACTIVE
ACC09039,C09039,404100000,ACTIVE
ACC09040,C09040,239100000,ACTIVE
ACC09041,C09041,394600000,ACTIVE
ACC09042,C09042,201300000,BLOCKED
ACC09043,C09043,104900000,ACTIVE
ACC09044,C09044,330600000,ACTIVE
ACC09045,C09045,150200000,BLOCKED
ACC09046,C09046,250300000,ACTIVE
ACC09047,C09047,17500000,ACTIVE
ACC09048,C09048,96600000,ACTIVE
ACC09049,C09049,260900000,ACTIVE
ACC09050,C09050,38500000,ACTIVE
ACC09051,C09051,203100000,ACTIVE
ACC09052,C09052,480000000,ACTIVE
ACC09053,C09053,427600000,ACTIVE
ACC09054,C09054,362200000,ACTIVE
ACC09055,C09055,416400000,ACTIVE
ACC09056,C09056,292500000,ACTIVE
ACC09057,C09057,193900000,ACTIVE
ACC09058,C09058,124100000,ACTIVE
ACC09059,C09059,424400000,ACTIVE
ACC09060,C09060,470500000,BLOCKED
ACC09061,C09061,465700000,ACTIVE
ACC09062,C09062,419700000,ACTIVE
ACC09063,C09063,180300000,ACTIVE
ACC09064,C09064,130700000,ACTIVE
ACC09065,C09065,161900000,ACTIVE
ACC09066,C09066,10700000,ACTIVE
ACC09067,C09067,463700000,ACTIVE
ACC09068,C09068,83400000,ACTIVE
ACC09069,C09069,18800000,CLOSED
ACC09070,C09070,96800000,ACTIVE
ACC09071,C09071,399500000,ACTIVE
ACC09072,C09072,260200000,ACTIVE
ACC09073,C09073,190400000,ACTIVE
ACC09074,C09074,331500000,ACTIVE
ACC09075,C09075,54700000,ACTIVE
ACC09076,C09076,193200000,ACTIVE
ACC09077,C09077,37400000,ACTIVE
ACC09078,C09078,419900000,BLOCKED
ACC09079,C09079,403500000,ACTIVE
ACC09080,C09080,424100000,ACTIVE
ACC09081,C09081,194900000,ACTIVE
ACC09082,C09082,218800000,ACTIVE
ACC09083,C09083,3300000,ACTIVE
ACC09084,C09084,59100000,CLOSED
ACC09085,C09085,95000000,ACTIVE
ACC09086,C09086,414600000,ACTIVE
ACC09087,C09087,303400000,ACTIVE
ACC09088,C09088,237700000,BLOCKED
ACC09089,C09089,10500000,ACTIVE
ACC09090,C09090,152500000,ACTIVE
ACC09091,C09091,367400000,ACTIVE
ACC09092,C09092,364500000,ACTIVE
ACC09093,C09093,16600000,ACTIVE
ACC09094,C09094,383000000,ACTIVE
ACC09095,C09095,208400000,ACTIVE
ACC09096,C09096,320200000,CLOSED
ACC09097,C09097,340800000,ACTIVE
ACC09098,C09098,196700000,ACTIVE
ACC09099,C09099,270300000,BLOCKED
ACC09100,C09100,96200000,ACTIVE
ACC09101,C09101,488600000,ACTIVE
ACC09102,C09102,25300000,ACTIVE
ACC09103,C09103,20600000,ACTIVE
ACC09104,C09104,111500000,ACTIVE
ACC09105,C09105,261500000,ACTIVE
ACC09106,C09106,491000000,ACTIVE
ACC09107,C09107,415700000,ACTIVE
ACC09108,C09108,325100000,ACTIVE
ACC09109,C09109,416500000,ACTIVE
ACC09110,C09110,112900000,ACTIVE
ACC09111,C09111,447200000,ACTIVE
ACC09112,C09112,279900000,ACTIVE
ACC09113,C09113,130900000,CLOSED
ACC09114,C09114,403100000,ACTIVE
ACC09115,C09115,241100000,ACTIVE
ACC09116,C09116,39300000,BLOCKED
ACC09117,C09117,385000000,ACTIVE
ACC09118,C09118,142700000,ACTIVE
ACC09119,C09119,225200000,ACTIVE
ACC09120,C09120,377600000,ACTIVE
ACC09121,C09121,156300000,ACTIVE
ACC09122,C09122,168900000,ACTIVE
ACC09123,C09123,342700000,ACTIVE
ACC09124,C09124,23300000,ACTIVE
ACC09125,C09125,466200000,ACTIVE
ACC09126,C09126,21300000,ACTIVE
ACC09127,C09127,478800000,ACTIVE
ACC09128,C09128,64300000,ACTIVE
ACC09129,C09129,384300000,ACTIVE
ACC09130,C09130,300200000,ACTIVE
ACC09131,C09131,483300000,ACTIVE
ACC09132,C09132,125400000,ACTIVE
ACC09133,C09133,28200000,ACTIVE
ACC09134,C09134,473900000,ACTIVE
ACC09135,C09135,62400000,ACTIVE
ACC09136,C09136,86600000,ACTIVE
ACC09137,C09137,120500000,ACTIVE
ACC09138,C09138,224100000,ACTIVE
ACC09139,C09139,157600000,ACTIVE
ACC09140,C09140,287000000,CLOSED
ACC09141,C09141,79500000,ACTIVE
ACC09142,C09142,291700000,ACTIVE
ACC09143,C09143,390300000,ACTIVE
ACC09144,C09144,75900000,ACTIVE
ACC09145,C09145,74200000,ACTIVE
ACC09146,C09146,97000000,ACTIVE
ACC09147,C09147,66000000,ACTIVE
ACC09148,C09148,180900000,CLOSED
ACC09149,C09149,95300000,CLOSED
ACC09150,C09150,129700000,ACTIVE
ACC09151,C09151,382700000,ACTIVE
ACC09152,C09152,394900000,ACTIVE
ACC09153,C09153,427300000,ACTIVE
ACC09154,C09154,129400000,ACTIVE
ACC09155,C09155,342400000,ACTIVE
ACC09156,C09156,328200000,ACTIVE
ACC09157,C09157,431500000,ACTIVE
ACC09158,C09158,32700000,ACTIVE
ACC09159,C09159,478400000,ACTIVE
ACC09160,C09160,106800000,ACTIVE
ACC09161,C09161,153500000,ACTIVE
ACC09162,C09162,398600000,ACTIVE
ACC09163,C09163,144200000,ACTIVE
ACC09164,C09164,368400000,ACTIVE
ACC09165,C09165,62600000,ACTIVE
ACC09166,C09166,343400000,ACTIVE
ACC09167,C09167,250700000,ACTIVE
ACC09168,C09168,460200000,ACTIVE
ACC09169,C09169,446200000,ACTIVE
ACC09170,C09170,328100000,ACTIVE
ACC09171,C09171,304400000,ACTIVE
ACC09172,C09172,317500000,ACTIVE
ACC09173,C09173,13700000,ACTIVE
ACC09174,C09174,280500000,ACTIVE
ACC09175,C09175,46000000,ACTIVE
ACC09176,C09176,437100000,ACTIVE
ACC09177,C09177,259800000,ACTIVE
ACC09178,C09178,125800000,ACTIVE
ACC09179,C09179,221300000,ACTIVE
ACC09180,C09180,340500000,ACTIVE
ACC09181,C09181,498100000,ACTIVE
ACC09182,C09182,139800000,ACTIVE
ACC09183,C09183,447000000,ACTIVE
ACC09184,C09184,299200000,ACTIVE
ACC09185,C09185,351900000,ACTIVE
ACC09186,C09186,15800000,ACTIVE
ACC09187,C09187,3900000,ACTIVE
ACC09188,C09188,382100000,ACTIVE
ACC09189,C09189,301600000,BLOCKED
ACC09190,C09190,286200000,ACTIVE
ACC09191,C09191,482400000,ACTIVE
ACC09192,C09192,437600000,ACTIVE
ACC09193,C09193,13800000,ACTIVE
ACC09194,C09194,445100000,CLOSED
ACC09195,C09195,388300000,ACTIVE
ACC09196,C09196,435100000,ACTIVE
ACC09197,C09197,484200000,ACTIVE
ACC09198,C09198,106300000,ACTIVE
ACC09199,C09199,84900000,CLOSED
ACC09200,C09200,454100000,ACTIVE
ACC09201,C09201,337000000,ACTIVE
ACC09202,C09202,220000000,ACTIVE
ACC09203,C09203,368000000,ACTIVE
ACC09204,C09204,166500000,ACTIVE
ACC09205,C09205,405200000,ACTIVE
ACC09206,C09206,3900000,ACTIVE
ACC09207,C09207,122700000,ACTIVE
ACC09208,C09208,311700000,ACTIVE
ACC09209,C09209,463300000,ACTIVE
ACC09210,C09210,55400000,ACTIVE
ACC09211,C09211,155400000,ACTIVE
ACC09212,C09212,432100000,ACTIVE
ACC09213,C09213,235700000,ACTIVE
ACC09214,C09214,220100000,ACTIVE
ACC09215,C09215,309000000,BLOCKED
ACC09216,C09216,58500000,ACTIVE
ACC09217,C09217,167000000,ACTIVE
ACC09218,C09218,340600000,ACTIVE
ACC09219,C09219,314200000,ACTIVE
ACC09220,C09220,58700000,ACTIVE
ACC09221,C09221,374500000,ACTIVE
ACC09222,C09222,369600000,ACTIVE
ACC09223,C09223,441900000,ACTIVE
ACC09224,C09224,185200000,BLOCKED
ACC09225,C09225,135700000,ACTIVE
ACC09226,C09226,411400000,CLOSED
ACC09227,C09227,323200000,ACTIVE
ACC09228,C09228,345400000,ACTIVE
ACC09229,C09229,386700000,ACTIVE
ACC09230,C09230,142700000,ACTIVE
ACC09231,C09231,6500000,ACTIVE
ACC09232,C09232,11500000,ACTIVE
ACC09233,C09233,183600000,ACTIVE
ACC09234,C09234,142500000,ACTIVE
ACC09235,C09235,487300000,ACTIVE
ACC09236,C09236,401600000,BLOCKED
ACC09237,C09237,111700000,BLOCKED
ACC09238,C09238,73900000,ACTIVE
ACC09239,C09239,269000000,ACTIVE
ACC09240,C09240,379300000,ACTIVE
ACC09241,C09241,268300000,ACTIVE
ACC09242,C09242,418300000,ACTIVE
ACC09243,C09243,363100000,ACTIVE
ACC09244,C09244,16100000,ACTIVE
ACC09245,C09245,205300000,ACTIVE
ACC09246,C09246,486200000,ACTIVE
ACC09247,C09247,231500000,ACTIVE
ACC09248,C09248,136900000,ACTIVE
ACC09249,C09249,428900000,ACTIVE
ACC09250,C09250,50700000,ACTIVE
ACC09251,C09251,63000000,ACTIVE
ACC09252,C09252,294100000,BLOCKED
ACC09253,C09253,452000000,ACTIVE
ACC09254,C09254,207100000,ACTIVE
ACC09255,C09255,79800000,ACTIVE
ACC09256,C09256,436500000,CLOSED
ACC09257,C09257,71000000,ACTIVE
ACC09258,C09258,178500000,ACTIVE
ACC09259,C09259,195100000,ACTIVE
ACC09260,C09260,447000000,ACTIVE
ACC09261,C09261,176700000,ACTIVE
ACC09262,C09262,469400000,ACTIVE
ACC09263,C09263,267200000,ACTIVE
ACC09264,C09264,197900000,ACTIVE
ACC09265,C09265,214800000,ACTIVE
ACC09266,C09266,143500000,ACTIVE
ACC09267,C09267,454200000,ACTIVE
ACC09268,C09268,391400000,ACTIVE
ACC09269,C09269,399600000,CLOSED
ACC09270,C09270,211200000,ACTIVE
ACC09271,C09271,331100000,CLOSED
ACC09272,C09272,299900000,ACTIVE
ACC09273,C09273,168000000,ACTIVE
ACC09274,C09274,407900000,ACTIVE
ACC09275,C09275,442600000,ACTIVE
ACC09276,C09276,410800000,CLOSED
ACC09277,C09277,428200000,ACTIVE
ACC09278,C09278,20200000,ACTIVE
ACC09279,C09279,237000000,ACTIVE
ACC09280,C09280,396000000,ACTIVE
ACC09281,C09281,481700000,ACTIVE
ACC09282,C09282,130800000,ACTIVE
ACC09283,C09283,161700000,ACTIVE
ACC09284,C09284,26000000,ACTIVE
ACC09285,C09285,212700000,ACTIVE
ACC09286,C09286,99500000,BLOCKED
ACC09287,C09287,32400000,ACTIVE
ACC09288,C09288,471800000,ACTIVE
ACC09289,C09289,492100000,ACTIVE
ACC09290,C09290,370100000,ACTIVE
ACC09291,C09291,497600000,ACTIVE
ACC09292,C09292,151100000,ACTIVE
ACC09293,C09293,2300000,ACTIVE
ACC09294,C09294,150300000,ACTIVE
ACC09295,C09295,162500000,ACTIVE
ACC09296,C09296,476900000,ACTIVE
ACC09297,C09297,430100000,ACTIVE
ACC09298,C09298,327400000,ACTIVE
ACC09299,C09299,407100000,ACTIVE
ACC09300,C09300,368900000,ACTIVE
ACC09301,C09301,383700000,ACTIVE
ACC09302,C09302,461200000,ACTIVE
ACC09303,C09303,431100000,BLOCKED
ACC09304,C09304,55600000,ACTIVE
ACC09305,C09305,17000000,ACTIVE
ACC09306,C09306,388700000,ACTIVE
ACC09307,C09307,246300000,ACTIVE
ACC09308,C09308,181700000,ACTIVE
ACC09309,C09309,278300000,ACTIVE
ACC09310,C09310,41300000,ACTIVE
ACC09311,C09311,96400000,ACTIVE
ACC09312,C09312,17300000,BLOCKED
ACC09313,C09313,377400000,ACTIVE
ACC09314,C09314,62900000,ACTIVE
ACC09315,C09315,90800000,ACTIVE
ACC09316,C09316,492500000,ACTIVE
ACC09317,C09317,112800000,BLOCKED
ACC09318,C09318,202300000,ACTIVE
ACC09319,C09319,70200000,CLOSED
ACC09320,C09320,416700000,ACTIVE
ACC09321,C09321,243000000,ACTIVE
ACC09322,C09322,111400000,ACTIVE
ACC09323,C09323,496700000,ACTIVE
ACC09324,C09324,29300000,ACTIVE
ACC09325,C09325,60400000,ACTIVE
ACC09326,C09326,65400000,ACTIVE
ACC09327,C09327,193100000,ACTIVE
ACC09328,C09328,25500000,ACTIVE
ACC09329,C09329,240500000,ACTIVE
ACC09330,C09330,415500000,CLOSED
ACC09331,C09331,229700000,ACTIVE
ACC09332,C09332,58000000,ACTIVE
ACC09333,C09333,372400000,ACTIVE
ACC09334,C09334,229400000,ACTIVE
ACC09335,C09335,158500000,ACTIVE
ACC09336,C09336,158000000,ACTIVE
ACC09337,C09337,443300000,ACTIVE
ACC09338,C09338,228600000,ACTIVE
ACC09339,C09339,355200000,CLOSED
ACC09340,C09340,251000000,ACTIVE
ACC09341,C09341,176300000,ACTIVE
ACC09342,C09342,281000000,ACTIVE
ACC09343,C09343,356500000,ACTIVE
ACC09344,C09344,449600000,BLOCKED
ACC09345,C09345,31700000,ACTIVE
ACC09346,C09346,320900000,ACTIVE
ACC09347,C09347,401400000,ACTIVE
ACC09348,C09348,99100000,ACTIVE
ACC09349,C09349,253000000,ACTIVE
ACC09350,C09350,15100000,ACTIVE
ACC09351,C09351,83500000,ACTIVE
ACC09352,C09352,239500000,ACTIVE
ACC09353,C09353,437800000,ACTIVE
ACC09354,C09354,154700000,ACTIVE
ACC09355,C09355,490400000,ACTIVE
ACC09356,C09356,205000000,ACTIVE
ACC09357,C09357,153300000,ACTIVE
ACC09358,C09358,76600000,ACTIVE
ACC09359,C09359,102300000,ACTIVE
ACC09360,C09360,399100000,ACTIVE
ACC09361,C09361,419800000,ACTIVE
ACC09362,C09362,361300000,ACTIVE
ACC09363,C09363,422200000,ACTIVE
ACC09364,C09364,258900000,ACTIVE
ACC09365,C09365,310800000,ACTIVE
ACC09366,C09366,38000000,ACTIVE
ACC09367,C09367,163300000,ACTIVE
ACC09368,C09368,41800000,CLOSED
ACC09369,C09369,424600000,ACTIVE
ACC09370,C09370,275500000,ACTIVE
ACC09371,C09371,57700000,ACTIVE
ACC09372,C09372,372800000,ACTIVE
ACC09373,C09373,291800000,ACTIVE
ACC09374,C09374,203000000,ACTIVE
ACC09375,C09375,339000000,ACTIVE
ACC09376,C09376,44500000,ACTIVE
ACC09377,C09377,294700000,ACTIVE
ACC09378,C09378,410800000,ACTIVE
ACC09379,C09379,427100000,ACTIVE
ACC09380,C09380,252900000,ACTIVE
ACC09381,C09381,431300000,ACTIVE
ACC09382,C09382,39300000,ACTIVE
ACC09383,C09383,120100000,ACTIVE
ACC09384,C09384,39200000,ACTIVE
ACC09385,C09385,141500000,ACTIVE
ACC09386,C09386,402800000,ACTIVE
ACC09387,C09387,359900000,ACTIVE
ACC09388,C09388,285300000,ACTIVE
ACC09389,C09389,50500000,BLOCKED
ACC09390,C09390,256000000,ACTIVE
ACC09391,C09391,325000000,ACTIVE
ACC09392,C09392,10000000,ACTIVE
ACC09393,C09393,295100000,ACTIVE
ACC09394,C09394,288600000,ACTIVE
ACC09395,C09395,489800000,CLOSED
ACC09396,C09396,472600000,ACTIVE
ACC09397,C09397,137900000,ACTIVE
ACC09398,C09398,343600000,ACTIVE
ACC09399,C09399,182900000,CLOSED
ACC09400,C09400,422100000,ACTIVE
ACC09401,C09401,271500000,ACTIVE
ACC09402,C09402,435100000,BLOCKED
ACC09403,C09403,147900000,ACTIVE
ACC09404,C09404,156500000,ACTIVE
ACC09405,C09405,105800000,ACTIVE
ACC09406,C09406,298900000,ACTIVE
ACC09407,C09407,106800000,ACTIVE
ACC09408,C09408,456700000,ACTIVE
ACC09409,C09409,76300000,ACTIVE
ACC09410,C09410,424400000,ACTIVE
ACC09411,C09411,304500000,BLOCKED
ACC09412,C09412,176900000,ACTIVE
ACC09413,C09413,26900000,ACTIVE
ACC09414,C09414,495100000,ACTIVE
ACC09415,C09415,483700000,ACTIVE
ACC09416,C09416,226000000,ACTIVE
ACC09417,C09417,149600000,ACTIVE
ACC09418,C09418,450400000,ACTIVE
ACC09419,C09419,326700000,ACTIVE
ACC09420,C09420,49000000,ACTIVE
ACC09421,C09421,301600000,ACTIVE
ACC09422,C09422,226000000,ACTIVE
ACC09423,C09423,63600000,ACTIVE
ACC09424,C09424,353100000,ACTIVE
ACC09425,C09425,460100000,ACTIVE
ACC09426,C09426,126600000,CLOSED
ACC09427,C09427,449600000,ACTIVE
ACC09428,C09428,411000000,BLOCKED
ACC09429,C09429,203400000,ACTIVE
ACC09430,C09430,48800000,ACTIVE
ACC09431,C09431,221800000,ACTIVE
ACC09432,C09432,317000000,ACTIVE
ACC09433,C09433,164600000,ACTIVE
ACC09434,C09434,323400000,ACTIVE
ACC09435,C09435,278600000,ACTIVE
ACC09436,C09436,20600000,ACTIVE
ACC09437,C09437,439600000,ACTIVE
ACC09438,C09438,189300000,ACTIVE
ACC09439,C09439,124500000,ACTIVE
ACC09440,C09440,333900000,ACTIVE
ACC09441,C09441,193000000,ACTIVE
ACC09442,C09442,408000000,ACTIVE
ACC09443,C09443,240000000,ACTIVE
ACC09444,C09444,265900000,ACTIVE
ACC09445,C09445,402100000,ACTIVE
ACC09446,C09446,82500000,CLOSED
ACC09447,C09447,213800000,ACTIVE
ACC09448,C09448,466000000,ACTIVE
ACC09449,C09449,419500000,ACTIVE
ACC09450,C09450,479900000,ACTIVE
ACC09451,C09451,247500000,ACTIVE
ACC09452,C09452,266800000,ACTIVE
ACC09453,C09453,117500000,ACTIVE
ACC09454,C09454,216400000,ACTIVE
ACC09455,C09455,144800000,ACTIVE
ACC09456,C09456,134800000,ACTIVE
ACC09457,C09457,221200000,ACTIVE
ACC09458,C09458,311700000,ACTIVE
ACC09459,C09459,332000000,ACTIVE
ACC09460,C09460,395600000,ACTIVE
ACC09461,C09461,102000000,ACTIVE
ACC09462,C09462,481800000,BLOCKED
ACC09463,C09463,28700000,ACTIVE
ACC09464,C09464,452900000,ACTIVE
ACC09465,C09465,6300000,ACTIVE
ACC09466,C09466,477300000,ACTIVE
ACC09467,C09467,298000000,ACTIVE
ACC09468,C09468,496200000,ACTIVE
ACC09469,C09469,327800000,ACTIVE
ACC09470,C09470,494500000,ACTIVE
ACC09471,C09471,61800000,ACTIVE
ACC09472,C09472,58500000,ACTIVE
ACC09473,C09473,142400000,ACTIVE
ACC09474,C09474,124500000,ACTIVE
ACC09475,C09475,108200000,ACTIVE
ACC09476,C09476,13400000,ACTIVE
ACC09477,C09477,219000000,ACTIVE
ACC09478,C09478,403600000,ACTIVE
ACC09479,C09479,216000000,ACTIVE
ACC09480,C09480,304500000,ACTIVE
ACC09481,C09481,240200000,ACTIVE
ACC09482,C09482,27700000,ACTIVE
ACC09483,C09483,343500000,ACTIVE
ACC09484,C09484,265900000,ACTIVE
ACC09485,C09485,139600000,BLOCKED
ACC09486,C09486,39800000,ACTIVE
ACC09487,C09487,70300000,ACTIVE
ACC09488,C09488,130100000,ACTIVE
ACC09489,C09489,232200000,ACTIVE
ACC09490,C09490,221400000,ACTIVE
ACC09491,C09491,13800000,ACTIVE
ACC09492,C09492,188400000,ACTIVE
ACC09493,C09493,25400000,ACTIVE
ACC09494,C09494,174200000,ACTIVE
ACC09495,C09495,77100000,ACTIVE
ACC09496,C09496,359800000,ACTIVE
ACC09497,C09497,144900000,CLOSED
ACC09498,C09498,78200000,ACTIVE
ACC09499,C09499,411700000,ACTIVE
ACC09500,C09500,177900000,ACTIVE
ACC09501,C09501,12600000,ACTIVE
ACC09502,C09502,292300000,ACTIVE
ACC09503,C09503,421200000,ACTIVE
ACC09504,C09504,40100000,ACTIVE
ACC09505,C09505,416000000,ACTIVE
ACC09506,C09506,466000000,ACTIVE
ACC09507,C09507,348700000,ACTIVE
ACC09508,C09508,24500000,ACTIVE
ACC09509,C09509,8700000,ACTIVE
ACC09510,C09510,244200000,BLOCKED
ACC09511,C09511,13800000,ACTIVE
ACC09512,C09512,27900000,ACTIVE
ACC09513,C09513,490300000,ACTIVE
ACC09514,C09514,320500000,ACTIVE
ACC09515,C09515,87900000,BLOCKED
ACC09516,C09516,467900000,ACTIVE
ACC09517,C09517,281200000,ACTIVE
ACC09518,C09518,344500000,ACTIVE
ACC09519,C09519,121400000,ACTIVE
ACC09520,C09520,436400000,ACTIVE
ACC09521,C09521,143800000,ACTIVE
ACC09522,C09522,434900000,ACTIVE
ACC09523,C09523,322400000,ACTIVE
ACC09524,C09524,65900000,BLOCKED
ACC09525,C09525,115200000,ACTIVE
ACC09526,C09526,409100000,ACTIVE
ACC09527,C09527,273500000,ACTIVE
ACC09528,C09528,410000000,ACTIVE
ACC09529,C09529,1900000,ACTIVE
ACC09530,C09530,366500000,ACTIVE
ACC09531,C09531,223500000,BLOCKED
ACC09532,C09532,354600000,ACTIVE
ACC09533,C09533,22200000,ACTIVE
ACC09534,C09534,445400000,BLOCKED
ACC09535,C09535,116200000,ACTIVE
ACC09536,C09536,227400000,ACTIVE
ACC09537,C09537,27200000,ACTIVE
ACC09538,C09538,297700000,ACTIVE
ACC09539,C09539,287400000,ACTIVE
ACC09540,C09540,255300000,ACTIVE
ACC09541,C09541,262200000,ACTIVE
ACC09542,C09542,72600000,ACTIVE
ACC09543,C09543,60200000,ACTIVE
ACC09544,C09544,387100000,ACTIVE
ACC09545,C09545,272600000,ACTIVE
ACC09546,C09546,166800000,ACTIVE
ACC09547,C09547,340600000,ACTIVE
ACC09548,C09548,457100000,ACTIVE
ACC09549,C09549,116500000,ACTIVE
ACC09550,C09550,476100000,ACTIVE
ACC09551,C09551,67400000,ACTIVE
ACC09552,C09552,33000000,ACTIVE
ACC09553,C09553,349000000,ACTIVE
ACC09554,C09554,60100000,ACTIVE
ACC09555,C09555,453000000,ACTIVE
ACC09556,C09556,208200000,ACTIVE
ACC09557,C09557,287200000,ACTIVE
ACC09558,C09558,141000000,ACTIVE
ACC09559,C09559,96600000,ACTIVE
ACC09560,C09560,157400000,ACTIVE
ACC09561,C09561,344100000,ACTIVE
ACC09562,C09562,2700000,ACTIVE
ACC09563,C09563,420800000,ACTIVE
ACC09564,C09564,454500000,ACTIVE
ACC09565,C09565,258900000,ACTIVE
ACC09566,C09566,22300000,ACTIVE
ACC09567,C09567,15000000,ACTIVE
ACC09568,C09568,253400000,ACTIVE
ACC09569,C09569,112700000,CLOSED
ACC09570,C09570,341300000,ACTIVE
ACC09571,C09571,20500000,ACTIVE
ACC09572,C09572,257100000,ACTIVE
ACC09573,C09573,350600000,ACTIVE
ACC09574,C09574,339200000,ACTIVE
ACC09575,C09575,17900000,ACTIVE
ACC09576,C09576,274200000,ACTIVE
ACC09577,C09577,115300000,ACTIVE
ACC09578,C09578,486800000,ACTIVE
ACC09579,C09579,371600000,ACTIVE
ACC09580,C09580,24100000,CLOSED
ACC09581,C09581,493300000,ACTIVE
ACC09582,C09582,386100000,ACTIVE
ACC09583,C09583,461400000,ACTIVE
ACC09584,C09584,234800000,ACTIVE
ACC09585,C09585,322900000,ACTIVE
ACC09586,C09586,308700000,ACTIVE
ACC09587,C09587,109600000,ACTIVE
ACC09588,C09588,187300000,ACTIVE
ACC09589,C09589,85800000,ACTIVE
ACC09590,C09590,19700000,ACTIVE
ACC09591,C09591,110900000,ACTIVE
ACC09592,C09592,288900000,ACTIVE
ACC09593,C09593,239100000,ACTIVE
ACC09594,C09594,78200000,ACTIVE
ACC09595,C09595,103200000,ACTIVE
ACC09596,C09596,336600000,ACTIVE
ACC09597,C09597,54500000,ACTIVE
ACC09598,C09598,60800000,ACTIVE
ACC09599,C09599,38400000,ACTIVE
ACC09600,C09600,177700000,BLOCKED
ACC09601,C09601,199300000,ACTIVE
ACC09602,C09602,449800000,ACTIVE
ACC09603,C09603,2500000,ACTIVE
ACC09604,C09604,181600000,ACTIVE
ACC09605,C09605,418100000,ACTIVE
ACC09606,C09606,120300000,ACTIVE
ACC09607,C09607,370400000,ACTIVE
ACC09608,C09608,453800000,ACTIVE
ACC09609,C09609,487300000,ACTIVE
ACC09610,C09610,299100000,ACTIVE
ACC09611,C09611,374800000,BLOCKED
ACC09612,C09612,204800000,CLOSED
ACC09613,C09613,244400000,ACTIVE
ACC09614,C09614,320200000,ACTIVE
ACC09615,C09615,228600000,ACTIVE
ACC09616,C09616,470600000,ACTIVE
ACC09617,C09617,213900000,ACTIVE
ACC09618,C09618,63900000,ACTIVE
ACC09619,C09619,494200000,ACTIVE
ACC09620,C09620,141500000,ACTIVE
ACC09621,C09621,334200000,CLOSED
ACC09622,C09622,277200000,ACTIVE
ACC09623,C09623,127900000,ACTIVE
ACC09624,C09624,346100000,ACTIVE
ACC09625,C09625,45900000,ACTIVE
ACC09626,C09626,67600000,ACTIVE
ACC09627,C09627,345800000,ACTIVE
ACC09628,C09628,307000000,ACTIVE
ACC09629,C09629,381700000,ACTIVE
ACC09630,C09630,239000000,BLOCKED
ACC09631,C09631,488200000,ACTIVE
ACC09632,C09632,129500000,CLOSED
ACC09633,C09633,157900000,BLOCKED
ACC09634,C09634,440800000,ACTIVE
ACC09635,C09635,173400000,CLOSED
ACC09636,C09636,323400000,ACTIVE
ACC09637,C09637,33600000,ACTIVE
ACC09638,C09638,303000000,ACTIVE
ACC09639,C09639,468700000,ACTIVE
ACC09640,C09640,341500000,ACTIVE
ACC09641,C09641,236900000,ACTIVE
ACC09642,C09642,107200000,ACTIVE
ACC09643,C09643,390100000,ACTIVE
ACC09644,C09644,81900000,ACTIVE
ACC09645,C09645,417400000,ACTIVE
ACC09646,C09646,268800000,ACTIVE
ACC09647,C09647,492800000,ACTIVE
ACC09648,C09648,124400000,ACTIVE
ACC09649,C09649,212300000,ACTIVE
ACC09650,C09650,491600000,ACTIVE
ACC09651,C09651,378500000,ACTIVE
ACC09652,C09652,272000000,ACTIVE
ACC09653,C09653,367600000,ACTIVE
ACC09654,C09654,433300000,ACTIVE
ACC09655,C09655,56700000,ACTIVE
ACC09656,C09656,37400000,ACTIVE
ACC09657,C09657,327400000,ACTIVE
ACC09658,C09658,373500000,ACTIVE
ACC09659,C09659,89900000,CLOSED
ACC09660,C09660,267200000,ACTIVE
ACC09661,C09661,342600000,ACTIVE
ACC09662,C09662,10100000,ACTIVE
ACC09663,C09663,241200000,ACTIVE
ACC09664,C09664,215400000,ACTIVE
ACC09665,C09665,220500000,ACTIVE
ACC09666,C09666,74700000,BLOCKED
ACC09667,C09667,483200000,ACTIVE
ACC09668,C09668,187700000,ACTIVE
ACC09669,C09669,413800000,ACTIVE
ACC09670,C09670,412900000,CLOSED
ACC09671,C09671,102100000,ACTIVE
ACC09672,C09672,103800000,ACTIVE
ACC09673,C09673,242900000,ACTIVE
ACC09674,C09674,401100000,ACTIVE
ACC09675,C09675,467600000,ACTIVE
ACC09676,C09676,28400000,ACTIVE
ACC09677,C09677,196500000,ACTIVE
ACC09678,C09678,224300000,ACTIVE
ACC09679,C09679,115900000,ACTIVE
ACC09680,C09680,325000000,ACTIVE
ACC09681,C09681,235200000,ACTIVE
ACC09682,C09682,286900000,ACTIVE
ACC09683,C09683,88800000,ACTIVE
ACC09684,C09684,146200000,CLOSED
ACC09685,C09685,323400000,ACTIVE
ACC09686,C09686,395800000,ACTIVE
ACC09687,C09687,203000000,ACTIVE
ACC09688,C09688,405000000,ACTIVE
ACC09689,C09689,140000000,BLOCKED
ACC09690,C09690,86900000,ACTIVE
ACC09691,C09691,327800000,ACTIVE
ACC09692,C09692,462900000,ACTIVE
ACC09693,C09693,93100000,ACTIVE
ACC09694,C09694,102900000,ACTIVE
ACC09695,C09695,19700000,ACTIVE
ACC09696,C09696,485700000,ACTIVE
ACC09697,C09697,441200000,ACTIVE
ACC09698,C09698,293700000,BLOCKED
ACC09699,C09699,185900000,ACTIVE
ACC09700,C09700,253300000,ACTIVE
ACC09701,C09701,469300000,ACTIVE
ACC09702,C09702,183700000,ACTIVE
ACC09703,C09703,224700000,ACTIVE
ACC09704,C09704,405700000,ACTIVE
ACC09705,C09705,93500000,ACTIVE
ACC09706,C09706,236000000,ACTIVE
ACC09707,C09707,455800000,ACTIVE
ACC09708,C09708,76900000,ACTIVE
ACC09709,C09709,124100000,ACTIVE
ACC09710,C09710,195300000,ACTIVE
ACC09711,C09711,216000000,ACTIVE
ACC09712,C09712,159200000,BLOCKED
ACC09713,C09713,167700000,ACTIVE
ACC09714,C09714,47300000,ACTIVE
ACC09715,C09715,446000000,ACTIVE
ACC09716,C09716,264200000,ACTIVE
ACC09717,C09717,94400000,ACTIVE
ACC09718,C09718,16300000,ACTIVE
ACC09719,C09719,233200000,ACTIVE
ACC09720,C09720,281700000,ACTIVE
ACC09721,C09721,458800000,ACTIVE
ACC09722,C09722,67800000,ACTIVE
ACC09723,C09723,262900000,CLOSED
ACC09724,C09724,338500000,ACTIVE
ACC09725,C09725,382100000,ACTIVE
ACC09726,C09726,375300000,ACTIVE
ACC09727,C09727,138300000,CLOSED
ACC09728,C09728,32000000,ACTIVE
ACC09729,C09729,265900000,ACTIVE
ACC09730,C09730,166000000,ACTIVE
ACC09731,C09731,129000000,ACTIVE
ACC09732,C09732,180000000,ACTIVE
ACC09733,C09733,446100000,ACTIVE
ACC09734,C09734,373500000,ACTIVE
ACC09735,C09735,486700000,ACTIVE
ACC09736,C09736,1500000,ACTIVE
ACC09737,C09737,212800000,ACTIVE
ACC09738,C09738,464600000,ACTIVE
ACC09739,C09739,493300000,ACTIVE
ACC09740,C09740,471900000,ACTIVE
ACC09741,C09741,406600000,ACTIVE
ACC09742,C09742,404100000,ACTIVE
ACC09743,C09743,437100000,ACTIVE
ACC09744,C09744,270300000,ACTIVE
ACC09745,C09745,147900000,ACTIVE
ACC09746,C09746,121000000,ACTIVE
ACC09747,C09747,207000000,ACTIVE
ACC09748,C09748,412200000,ACTIVE
ACC09749,C09749,194300000,ACTIVE
ACC09750,C09750,468900000,ACTIVE
ACC09751,C09751,8400000,ACTIVE
ACC09752,C09752,89200000,ACTIVE
ACC09753,C09753,80200000,ACTIVE
ACC09754,C09754,32400000,ACTIVE
ACC09755,C09755,393500000,ACTIVE
ACC09756,C09756,21800000,ACTIVE
ACC09757,C09757,479800000,ACTIVE
ACC09758,C09758,44700000,ACTIVE
ACC09759,C09759,310100000,BLOCKED
ACC09760,C09760,475500000,ACTIVE
ACC09761,C09761,269400000,ACTIVE
ACC09762,C09762,30600000,CLOSED
ACC09763,C09763,155700000,ACTIVE
ACC09764,C09764,479800000,ACTIVE
ACC09765,C09765,394200000,ACTIVE
ACC09766,C09766,165800000,ACTIVE
ACC09767,C09767,48400000,ACTIVE
ACC09768,C09768,163400000,ACTIVE
ACC09769,C09769,320200000,ACTIVE
ACC09770,C09770,159000000,ACTIVE
ACC09771,C09771,162300000,ACTIVE
ACC09772,C09772,9300000,ACTIVE
ACC09773,C09773,159700000,ACTIVE
ACC09774,C09774,137300000,ACTIVE
ACC09775,C09775,317800000,CLOSED
ACC09776,C09776,282000000,ACTIVE
ACC09777,C09777,401000000,ACTIVE
ACC09778,C09778,166700000,CLOSED
ACC09779,C09779,236600000,ACTIVE
ACC09780,C09780,499800000,ACTIVE
ACC09781,C09781,307700000,ACTIVE
ACC09782,C09782,247400000,ACTIVE
ACC09783,C09783,225700000,ACTIVE
ACC09784,C09784,447500000,ACTIVE
ACC09785,C09785,134500000,ACTIVE
ACC09786,C09786,162700000,ACTIVE
ACC09787,C09787,414500000,ACTIVE
ACC09788,C09788,462600000,ACTIVE
ACC09789,C09789,164300000,ACTIVE
ACC09790,C09790,470100000,ACTIVE
ACC09791,C09791,125800000,ACTIVE
ACC09792,C09792,431200000,ACTIVE
ACC09793,C09793,92000000,ACTIVE
ACC09794,C09794,280900000,ACTIVE
ACC09795,C09795,297400000,ACTIVE
ACC09796,C09796,95900000,ACTIVE
ACC09797,C09797,377000000,ACTIVE
ACC09798,C09798,210900000,ACTIVE
ACC09799,C09799,346600000,ACTIVE
ACC09800,C09800,175700000,ACTIVE
ACC09801,C09801,339200000,ACTIVE
ACC09802,C09802,281800000,ACTIVE
ACC09803,C09803,416500000,ACTIVE
ACC09804,C09804,128600000,ACTIVE
ACC09805,C09805,241200000,ACTIVE
ACC09806,C09806,453200000,ACTIVE
ACC09807,C09807,170200000,ACTIVE
ACC09808,C09808,28600000,ACTIVE
ACC09809,C09809,111100000,ACTIVE
ACC09810,C09810,93200000,ACTIVE
ACC09811,C09811,147600000,ACTIVE
ACC09812,C09812,341100000,ACTIVE
ACC09813,C09813,392600000,ACTIVE
ACC09814,C09814,127500000,ACTIVE
ACC09815,C09815,23400000,ACTIVE
ACC09816,C09816,46200000,ACTIVE
ACC09817,C09817,50900000,ACTIVE
ACC09818,C09818,454400000,ACTIVE
ACC09819,C09819,157900000,ACTIVE
ACC09820,C09820,308400000,ACTIVE
ACC09821,C09821,341600000,ACTIVE
ACC09822,C09822,120900000,ACTIVE
ACC09823,C09823,301600000,ACTIVE
ACC09824,C09824,305700000,ACTIVE
ACC09825,C09825,440600000,ACTIVE
ACC09826,C09826,192000000,ACTIVE
ACC09827,C09827,349800000,ACTIVE
ACC09828,C09828,429600000,ACTIVE
ACC09829,C09829,475600000,ACTIVE
ACC09830,C09830,189600000,CLOSED
ACC09831,C09831,313500000,ACTIVE
ACC09832,C09832,221800000,ACTIVE
ACC09833,C09833,239700000,ACTIVE
ACC09834,C09834,198300000,ACTIVE
ACC09835,C09835,149100000,CLOSED
ACC09836,C09836,480400000,ACTIVE
ACC09837,C09837,338400000,ACTIVE
ACC09838,C09838,328200000,ACTIVE
ACC09839,C09839,151500000,ACTIVE
ACC09840,C09840,250300000,ACTIVE
ACC09841,C09841,409400000,ACTIVE
ACC09842,C09842,143800000,ACTIVE
ACC09843,C09843,80900000,ACTIVE
ACC09844,C09844,449000000,ACTIVE
ACC09845,C09845,118300000,ACTIVE
ACC09846,C09846,491800000,ACTIVE
ACC09847,C09847,459200000,ACTIVE
ACC09848,C09848,422000000,ACTIVE
ACC09849,C09849,9200000,ACTIVE
ACC09850,C09850,385700000,BLOCKED
ACC09851,C09851,216600000,CLOSED
ACC09852,C09852,3900000,ACTIVE
ACC09853,C09853,185600000,ACTIVE
ACC09854,C09854,315300000,ACTIVE
ACC09855,C09855,16500000,ACTIVE
ACC09856,C09856,355800000,ACTIVE
ACC09857,C09857,47100000,BLOCKED
ACC09858,C09858,116500000,ACTIVE
ACC09859,C09859,222000000,ACTIVE
ACC09860,C09860,129100000,ACTIVE
ACC09861,C09861,125400000,ACTIVE
ACC09862,C09862,122500000,ACTIVE
ACC09863,C09863,82600000,ACTIVE
ACC09864,C09864,176500000,ACTIVE
ACC09865,C09865,448000000,CLOSED
ACC09866,C09866,187500000,ACTIVE
ACC09867,C09867,248900000,ACTIVE
ACC09868,C09868,174700000,ACTIVE
ACC09869,C09869,380600000,ACTIVE
ACC09870,C09870,341100000,ACTIVE
ACC09871,C09871,323300000,BLOCKED
ACC09872,C09872,408500000,ACTIVE
ACC09873,C09873,272100000,ACTIVE
ACC09874,C09874,218500000,ACTIVE
ACC09875,C09875,41500000,ACTIVE
ACC09876,C09876,302600000,ACTIVE
ACC09877,C09877,347600000,ACTIVE
ACC09878,C09878,218300000,ACTIVE
ACC09879,C09879,386100000,ACTIVE
ACC09880,C09880,472100000,ACTIVE
ACC09881,C09881,114400000,ACTIVE
ACC09882,C09882,219800000,ACTIVE
ACC09883,C09883,357500000,ACTIVE
ACC09884,C09884,91200000,ACTIVE
ACC09885,C09885,165300000,BLOCKED
ACC09886,C09886,78700000,ACTIVE
ACC09887,C09887,419900000,ACTIVE
ACC09888,C09888,142500000,ACTIVE
ACC09889,C09889,485600000,ACTIVE
ACC09890,C09890,297100000,ACTIVE
ACC09891,C09891,151100000,ACTIVE
ACC09892,C09892,63600000,ACTIVE
ACC09893,C09893,482400000,ACTIVE
ACC09894,C09894,4200000,ACTIVE
ACC09895,C09895,258600000,ACTIVE
ACC09896,C09896,319300000,ACTIVE
ACC09897,C09897,36200000,ACTIVE
ACC09898,C09898,316300000,ACTIVE
ACC09899,C09899,299400000,ACTIVE
ACC09900,C09900,115600000,ACTIVE
ACC09901,C09901,491600000,ACTIVE
ACC09902,C09902,355400000,ACTIVE
ACC09903,C09903,330800000,BLOCKED
ACC09904,C09904,10100000,ACTIVE
ACC09905,C09905,113600000,BLOCKED
ACC09906,C09906,305700000,ACTIVE
ACC09907,C09907,142800000,ACTIVE
ACC09908,C09908,297800000,ACTIVE
ACC09909,C09909,332000000,CLOSED
ACC09910,C09910,58300000,ACTIVE
ACC09911,C09911,126700000,ACTIVE
ACC09912,C09912,371900000,ACTIVE
ACC09913,C09913,245900000,ACTIVE
ACC09914,C09914,436000000,BLOCKED
ACC09915,C09915,61500000,ACTIVE
ACC09916,C09916,149500000,ACTIVE
ACC09917,C09917,328000000,ACTIVE
ACC09918,C09918,16800000,ACTIVE
ACC09919,C09919,217400000,ACTIVE
ACC09920,C09920,13100000,ACTIVE
ACC09921,C09921,457000000,ACTIVE
ACC09922,C09922,470200000,ACTIVE
ACC09923,C09923,132100000,ACTIVE
ACC09924,C09924,81700000,ACTIVE
ACC09925,C09925,120100000,ACTIVE
ACC09926,C09926,182000000,ACTIVE
ACC09927,C09927,328900000,ACTIVE
ACC09928,C09928,22800000,CLOSED
ACC09929,C09929,398700000,ACTIVE
ACC09930,C09930,75500000,ACTIVE
ACC09931,C09931,91900000,ACTIVE
ACC09932,C09932,437000000,ACTIVE
ACC09933,C09933,423200000,ACTIVE
ACC09934,C09934,339800000,ACTIVE
ACC09935,C09935,37800000,BLOCKED
ACC09936,C09936,213800000,BLOCKED
ACC09937,C09937,288600000,ACTIVE
ACC09938,C09938,123100000,ACTIVE
ACC09939,C09939,362400000,ACTIVE
ACC09940,C09940,469700000,ACTIVE
ACC09941,C09941,382300000,ACTIVE
ACC09942,C09942,175900000,ACTIVE
ACC09943,C09943,396300000,ACTIVE
ACC09944,C09944,453100000,ACTIVE
ACC09945,C09945,75500000,ACTIVE
ACC09946,C09946,98200000,ACTIVE
ACC09947,C09947,318300000,ACTIVE
ACC09948,C09948,174700000,ACTIVE
ACC09949,C09949,467800000,ACTIVE
ACC09950,C09950,493500000,ACTIVE
ACC09951,C09951,465600000,ACTIVE
ACC09952,C09952,320400000,ACTIVE
ACC09953,C09953,344700000,ACTIVE
ACC09954,C09954,25400000,ACTIVE
ACC09955,C09955,201200000,ACTIVE
ACC09956,C09956,204300000,ACTIVE
ACC09957,C09957,409700000,ACTIVE
ACC09958,C09958,438800000,ACTIVE
ACC09959,C09959,10500000,ACTIVE
ACC09960,C09960,300000000,BLOCKED
ACC09961,C09961,236200000,ACTIVE
ACC09962,C09962,144200000,ACTIVE
ACC09963,C09963,375800000,ACTIVE
ACC09964,C09964,89200000,ACTIVE
ACC09965,C09965,107100000,ACTIVE
ACC09966,C09966,325300000,ACTIVE
ACC09967,C09967,250700000,ACTIVE
ACC09968,C09968,350700000,ACTIVE
ACC09969,C09969,248300000,ACTIVE
ACC09970,C09970,451700000,BLOCKED
ACC09971,C09971,448600000,ACTIVE
ACC09972,C09972,422200000,ACTIVE
ACC09973,C09973,76400000,ACTIVE
ACC09974,C09974,241100000,ACTIVE
ACC09975,C09975,176600000,ACTIVE
ACC09976,C09976,161200000,ACTIVE
ACC09977,C09977,416900000,ACTIVE
ACC09978,C09978,474500000,ACTIVE
ACC09979,C09979,171400000,ACTIVE
ACC09980,C09980,29600000,ACTIVE
ACC09981,C09981,140500000,ACTIVE
ACC09982,C09982,263200000,ACTIVE
ACC09983,C09983,302400000,ACTIVE
ACC09984,C09984,64000000,ACTIVE
ACC09985,C09985,485600000,ACTIVE
ACC09986,C09986,18500000,ACTIVE
ACC09987,C09987,180100000,ACTIVE
ACC09988,C09988,37900000,ACTIVE
ACC09989,C09989,118200000,BLOCKED
ACC09990,C09990,93500000,ACTIVE
ACC09991,C09991,262100000,ACTIVE
ACC09992,C09992,307100000,ACTIVE
ACC09993,C09993,153500000,ACTIVE
ACC09994,C09994,7000000,ACTIVE
ACC09995,C09995,372600000,ACTIVE
ACC09996,C09996,131200000,ACTIVE
ACC09997,C09997,450200000,ACTIVE
ACC09998,C09998,305800000,ACTIVE
ACC09999,C09999,424300000,ACTIVE
ACC10000,C10000,499400000,CLOSED
