CARD_ID,CUSTOMER_ID,CARD_BRAND,CARD_TYPE,CREDIT_LIMIT,CARD_STATUS
CARD00001,C00001,Amex,Gold,30000000,ACTIVE
CARD00002,C00002,Amex,Platinum,200000000,ACTIVE
CARD00003,C00003,JCB,Platinum,50000000,ACTIVE
CARD00004,C00004,JCB,Gold,50000000,ACTIVE
CARD00005,C00005,VISA,Platinum,50000000,ACTIVE
CARD00006,C00006,JCB,Infinite,500000000,ACTIVE
CARD00007,C00007,MasterCard,Classic,50000000,ACTIVE
CARD00008,C00008,VISA,Platinum,200000000,ACTIVE
CARD00009,C00009,MasterCard,Infinite,500000000,ACTIVE
CARD00010,C00010,JCB,Platinum,200000000,ACTIVE
CARD00011,C00011,VISA,Infinite,500000000,ACTIVE
CARD00012,C00012,JCB,Platinum,500000000,BLOCKED
CARD00013,C00013,Amex,Platinum,500000000,ACTIVE
CARD00014,C00014,JCB,Gold,100000000,ACTIVE
CARD00015,C00015,JCB,Gold,200000000,ACTIVE
CARD00016,C00016,JCB,Gold,30000000,ACTIVE
CARD00017,C00017,MasterCard,Classic,500000000,BLOCKED
CARD00018,C00018,JCB,Platinum,50000000,ACTIVE
CARD00019,C00019,JCB,Gold,200000000,ACTIVE
CARD00020,C00020,JCB,Platinum,10000000,ACTIVE
CARD00021,C00021,VISA,Infinite,500000000,ACTIVE
CARD00022,C00022,JCB,Platinum,50000000,ACTIVE
CARD00023,C00023,JCB,Gold,500000000,BLOCKED
CARD00024,C00024,VISA,Infinite,50000000,ACTIVE
CARD00025,C00025,MasterCard,Platinum,50000000,ACTIVE
CARD00026,C00026,VISA,Infinite,200000000,ACTIVE
CARD00027,C00027,MasterCard,Platinum,500000000,ACTIVE
CARD00028,C00028,MasterCard,Infinite,50000000,ACTIVE
CARD00029,C00029,MasterCard,Infinite,100000000,ACTIVE
CARD00030,C00030,Amex,Platinum,100000000,ACTIVE
CARD00031,C00031,MasterCard,Platinum,50000000,ACTIVE
CARD00032,C00032,VISA,Gold,10000000,ACTIVE
CARD00033,C00033,MasterCard,Gold,200000000,ACTIVE
CARD00034,C00034,MasterCard,Classic,50000000,ACTIVE
CARD00035,C00035,VISA,Platinum,20000000,ACTIVE
CARD00036,C00036,JCB,Classic,200000000,ACTIVE
CARD00037,C00037,MasterCard,Gold,20000000,ACTIVE
CARD00038,C00038,Amex,Classic,100000000,ACTIVE
CARD00039,C00039,VISA,Classic,20000000,ACTIVE
CARD00040,C00040,JCB,Platinum,500000000,ACTIVE
CARD00041,C00041,MasterCard,Infinite,20000000,ACTIVE
CARD00042,C00042,Amex,Classic,500000000,ACTIVE
CARD00043,C00043,Amex,Gold,30000000,ACTIVE
CARD00044,C00044,VISA,Gold,20000000,ACTIVE
CARD00045,C00045,MasterCard,Platinum,100000000,ACTIVE
CARD00046,C00046,Amex,Infinite,500000000,ACTIVE
CARD00047,C00047,JCB,Classic,20000000,ACTIVE
CARD00048,C00048,VISA,Classic,30000000,ACTIVE
CARD00049,C00049,Amex,Classic,10000000,ACTIVE
CARD00050,C00050,VISA,Classic,50000000,ACTIVE
CARD00051,C00051,Amex,Classic,50000000,ACTIVE
CARD00052,C00052,VISA,Classic,20000000,ACTIVE
CARD00053,C00053,Amex,Gold,20000000,ACTIVE
CARD00054,C00054,Amex,Gold,20000000,ACTIVE
CARD00055,C00055,Amex,Platinum,200000000,ACTIVE
CARD00056,C00056,MasterCard,Infinite,100000000,ACTIVE
CARD00057,C00057,MasterCard,Infinite,100000000,ACTIVE
CARD00058,C00058,MasterCard,Infinite,20000000,ACTIVE
CARD00059,C00059,Amex,Classic,100000000,ACTIVE
CARD00060,C00060,Amex,Infinite,500000000,ACTIVE
CARD00061,C00061,MasterCard,Gold,100000000,ACTIVE
CARD00062,C00062,MasterCard,Infinite,500000000,ACTIVE
CARD00063,C00063,Amex,Classic,100000000,ACTIVE
CARD00064,C00064,Amex,Platinum,10000000,ACTIVE
CARD00065,C00065,JCB,Platinum,500000000,ACTIVE
CARD00066,C00066,Amex,Platinum,10000000,ACTIVE
CARD00067,C00067,VISA,Classic,20000000,ACTIVE
CARD00068,C00068,MasterCard,Classic,200000000,ACTIVE
CARD00069,C00069,JCB,Platinum,500000000,ACTIVE
CARD00070,C00070,VISA,Classic,30000000,ACTIVE
CARD00071,C00071,Amex,Platinum,30000000,ACTIVE
CARD00072,C00072,Amex,Platinum,30000000,ACTIVE
CARD00073,C00073,MasterCard,Infinite,20000000,ACTIVE
CARD00074,C00074,JCB,Platinum,200000000,ACTIVE
CARD00075,C00075,VISA,Platinum,20000000,BLOCKED
CARD00076,C00076,JCB,Gold,500000000,ACTIVE
CARD00077,C00077,Amex,Infinite,200000000,ACTIVE
CARD00078,C00078,JCB,Platinum,500000000,ACTIVE
CARD00079,C00079,Amex,Platinum,50000000,ACTIVE
CARD00080,C00080,Amex,Platinum,200000000,ACTIVE
CARD00081,C00081,MasterCard,Platinum,200000000,ACTIVE
CARD00082,C00082,VISA,Platinum,100000000,ACTIVE
CARD00083,C00083,Amex,Gold,30000000,ACTIVE
CARD00084,C00084,Amex,Classic,100000000,ACTIVE
CARD00085,C00085,MasterCard,Platinum,30000000,ACTIVE
CARD00086,C00086,JCB,Classic,100000000,ACTIVE
CARD00087,C00087,VISA,Platinum,20000000,ACTIVE
CARD00088,C00088,MasterCard,Gold,20000000,ACTIVE
CARD00089,C00089,JCB,Gold,30000000,ACTIVE
CARD00090,C00090,VISA,Classic,200000000,ACTIVE
CARD00091,C00091,Amex,Classic,30000000,ACTIVE
CARD00092,C00092,Amex,Infinite,50000000,ACTIVE
CARD00093,C00093,MasterCard,Gold,500000000,ACTIVE
CARD00094,C00094,VISA,Gold,500000000,ACTIVE
CARD00095,C00095,JCB,Platinum,100000000,ACTIVE
CARD00096,C00096,VISA,Classic,30000000,ACTIVE
CARD00097,C00097,Amex,Gold,100000000,ACTIVE
CARD00098,C00098,MasterCard,Gold,100000000,ACTIVE
CARD00099,C00099,Amex,Classic,20000000,ACTIVE
CARD00100,C00100,Amex,Platinum,20000000,ACTIVE
CARD00101,C00101,MasterCard,Gold,10000000,ACTIVE
CARD00102,C00102,Amex,Gold,10000000,ACTIVE
CARD00103,C00103,JCB,Infinite,500000000,ACTIVE
CARD00104,C00104,JCB,Classic,10000000,ACTIVE
CARD00105,C00105,Amex,Gold,200000000,ACTIVE
CARD00106,C00106,Amex,Classic,500000000,ACTIVE
CARD00107,C00107,MasterCard,Classic,10000000,ACTIVE
CARD00108,C00108,JCB,Classic,20000000,BLOCKED
CARD00109,C00109,VISA,Infinite,50000000,ACTIVE
CARD00110,C00110,JCB,Gold,100000000,ACTIVE
CARD00111,C00111,VISA,Infinite,10000000,ACTIVE
CARD00112,C00112,JCB,Gold,30000000,ACTIVE
CARD00113,C00113,JCB,Infinite,500000000,ACTIVE
CARD00114,C00114,JCB,Gold,500000000,ACTIVE
CARD00115,C00115,MasterCard,Classic,50000000,ACTIVE
CARD00116,C00116,JCB,Infinite,20000000,ACTIVE
CARD00117,C00117,VISA,Platinum,200000000,ACTIVE
CARD00118,C00118,MasterCard,Classic,100000000,ACTIVE
CARD00119,C00119,MasterCard,Gold,20000000,BLOCKED
CARD00120,C00120,VISA,Infinite,30000000,ACTIVE
CARD00121,C00121,Amex,Platinum,30000000,ACTIVE
CARD00122,C00122,JCB,Gold,100000000,ACTIVE
CARD00123,C00123,JCB,Platinum,200000000,ACTIVE
CARD00124,C00124,Amex,Classic,10000000,ACTIVE
CARD00125,C00125,MasterCard,Gold,10000000,ACTIVE
CARD00126,C00126,Amex,Infinite,50000000,ACTIVE
CARD00127,C00127,MasterCard,Classic,10000000,ACTIVE
CARD00128,C00128,Amex,Infinite,100000000,ACTIVE
CARD00129,C00129,MasterCard,Infinite,500000000,ACTIVE
CARD00130,C00130,JCB,Gold,200000000,ACTIVE
CARD00131,C00131,VISA,Infinite,10000000,ACTIVE
CARD00132,C00132,Amex,Platinum,500000000,ACTIVE
CARD00133,C00133,MasterCard,Infinite,100000000,ACTIVE
CARD00134,C00134,Amex,Platinum,30000000,ACTIVE
CARD00135,C00135,JCB,Gold,100000000,ACTIVE
CARD00136,C00136,MasterCard,Platinum,30000000,ACTIVE
CARD00137,C00137,Amex,Infinite,10000000,ACTIVE
CARD00138,C00138,VISA,Gold,20000000,ACTIVE
CARD00139,C00139,Amex,Infinite,30000000,ACTIVE
CARD00140,C00140,JCB,Platinum,200000000,ACTIVE
CARD00141,C00141,MasterCard,Platinum,500000000,ACTIVE
CARD00142,C00142,JCB,Gold,30000000,ACTIVE
CARD00143,C00143,MasterCard,Gold,500000000,ACTIVE
CARD00144,C00144,VISA,Infinite,200000000,ACTIVE
CARD00145,C00145,Amex,Gold,10000000,ACTIVE
CARD00146,C00146,JCB,Gold,100000000,ACTIVE
CARD00147,C00147,JCB,Classic,20000000,ACTIVE
CARD00148,C00148,Amex,Platinum,200000000,ACTIVE
CARD00149,C00149,VISA,Gold,30000000,ACTIVE
CARD00150,C00150,VISA,Platinum,30000000,ACTIVE
CARD00151,C00151,VISA,Classic,30000000,ACTIVE
CARD00152,C00152,Amex,Infinite,10000000,ACTIVE
CARD00153,C00153,MasterCard,Infinite,20000000,ACTIVE
CARD00154,C00154,JCB,Infinite,20000000,ACTIVE
CARD00155,C00155,MasterCard,Gold,100000000,ACTIVE
CARD00156,C00156,VISA,Gold,500000000,ACTIVE
CARD00157,C00157,VISA,Platinum,20000000,ACTIVE
CARD00158,C00158,VISA,Infinite,10000000,ACTIVE
CARD00159,C00159,JCB,Classic,100000000,ACTIVE
CARD00160,C00160,Amex,Gold,100000000,ACTIVE
CARD00161,C00161,VISA,Classic,30000000,ACTIVE
CARD00162,C00162,MasterCard,Infinite,200000000,ACTIVE
CARD00163,C00163,VISA,Classic,20000000,ACTIVE
CARD00164,C00164,JCB,Classic,10000000,ACTIVE
CARD00165,C00165,VISA,Platinum,50000000,ACTIVE
CARD00166,C00166,VISA,Infinite,100000000,ACTIVE
CARD00167,C00167,Amex,Platinum,50000000,ACTIVE
CARD00168,C00168,MasterCard,Platinum,20000000,ACTIVE
CARD00169,C00169,JCB,Infinite,50000000,ACTIVE
CARD00170,C00170,JCB,Infinite,30000000,ACTIVE
CARD00171,C00171,JCB,Classic,200000000,ACTIVE
CARD00172,C00172,JCB,Platinum,30000000,ACTIVE
CARD00173,C00173,MasterCard,Gold,200000000,ACTIVE
CARD00174,C00174,JCB,Infinite,100000000,ACTIVE
CARD00175,C00175,VISA,Gold,500000000,ACTIVE
CARD00176,C00176,VISA,Classic,500000000,ACTIVE
CARD00177,C00177,VISA,Classic,50000000,ACTIVE
CARD00178,C00178,Amex,Platinum,500000000,ACTIVE
CARD00179,C00179,Amex,Gold,20000000,ACTIVE
CARD00180,C00180,MasterCard,Infinite,10000000,ACTIVE
CARD00181,C00181,JCB,Infinite,50000000,ACTIVE
CARD00182,C00182,MasterCard,Gold,50000000,ACTIVE
CARD00183,C00183,VISA,Gold,100000000,ACTIVE
CARD00184,C00184,VISA,Platinum,50000000,ACTIVE
CARD00185,C00185,MasterCard,Classic,30000000,ACTIVE
CARD00186,C00186,MasterCard,Gold,200000000,ACTIVE
CARD00187,C00187,MasterCard,Gold,10000000,ACTIVE
CARD00188,C00188,Amex,Gold,200000000,ACTIVE
CARD00189,C00189,JCB,Classic,30000000,ACTIVE
CARD00190,C00190,JCB,Gold,100000000,ACTIVE
CARD00191,C00191,MasterCard,Infinite,30000000,ACTIVE
CARD00192,C00192,VISA,Gold,10000000,ACTIVE
CARD00193,C00193,JCB,Infinite,50000000,ACTIVE
CARD00194,C00194,Amex,Platinum,30000000,ACTIVE
CARD00195,C00195,JCB,Platinum,200000000,ACTIVE
CARD00196,C00196,MasterCard,Classic,100000000,ACTIVE
CARD00197,C00197,JCB,Classic,10000000,ACTIVE
CARD00198,C00198,MasterCard,Classic,30000000,ACTIVE
CARD00199,C00199,JCB,Platinum,20000000,ACTIVE
CARD00200,C00200,VISA,Classic,500000000,ACTIVE
CARD00201,C00201,Amex,Gold,500000000,ACTIVE
CARD00202,C00202,MasterCard,Gold,30000000,ACTIVE
CARD00203,C00203,JCB,Infinite,10000000,ACTIVE
CARD00204,C00204,MasterCard,Gold,30000000,ACTIVE
CARD00205,C00205,VISA,Platinum,100000000,ACTIVE
CARD00206,C00206,JCB,Platinum,500000000,ACTIVE
CARD00207,C00207,MasterCard,Gold,30000000,ACTIVE
CARD00208,C00208,VISA,Platinum,200000000,ACTIVE
CARD00209,C00209,Amex,Classic,500000000,ACTIVE
CARD00210,C00210,MasterCard,Platinum,200000000,ACTIVE
CARD00211,C00211,JCB,Classic,20000000,ACTIVE
CARD00212,C00212,VISA,Classic,30000000,ACTIVE
CARD00213,C00213,MasterCard,Classic,100000000,ACTIVE
CARD00214,C00214,JCB,Platinum,30000000,ACTIVE
CARD00215,C00215,Amex,Gold,200000000,BLOCKED
CARD00216,C00216,JCB,Platinum,500000000,ACTIVE
CARD00217,C00217,VISA,Gold,10000000,BLOCKED
CARD00218,C00218,JCB,Classic,10000000,ACTIVE
CARD00219,C00219,Amex,Platinum,30000000,ACTIVE
CARD00220,C00220,MasterCard,Gold,500000000,ACTIVE
CARD00221,C00221,MasterCard,Infinite,100000000,ACTIVE
CARD00222,C00222,MasterCard,Gold,500000000,BLOCKED
CARD00223,C00223,Amex,Platinum,200000000,ACTIVE
CARD00224,C00224,JCB,Gold,30000000,ACTIVE
CARD00225,C00225,Amex,Platinum,10000000,ACTIVE
CARD00226,C00226,Amex,Gold,30000000,ACTIVE
CARD00227,C00227,JCB,Gold,20000000,ACTIVE
CARD00228,C00228,VISA,Gold,10000000,ACTIVE
CARD00229,C00229,MasterCard,Gold,100000000,ACTIVE
CARD00230,C00230,Amex,Platinum,200000000,ACTIVE
CARD00231,C00231,Amex,Infinite,200000000,ACTIVE
CARD00232,C00232,JCB,Infinite,500000000,ACTIVE
CARD00233,C00233,MasterCard,Platinum,10000000,BLOCKED
CARD00234,C00234,JCB,Classic,10000000,ACTIVE
CARD00235,C00235,JCB,Classic,20000000,ACTIVE
CARD00236,C00236,MasterCard,Platinum,20000000,ACTIVE
CARD00237,C00237,MasterCard,Classic,500000000,ACTIVE
CARD00238,C00238,JCB,Gold,30000000,ACTIVE
CARD00239,C00239,Amex,Platinum,100000000,ACTIVE
CARD00240,C00240,VISA,Gold,20000000,ACTIVE
CARD00241,C00241,MasterCard,Platinum,30000000,ACTIVE
CARD00242,C00242,VISA,Classic,500000000,ACTIVE
CARD00243,C00243,JCB,Infinite,200000000,ACTIVE
CARD00244,C00244,Amex,Classic,20000000,ACTIVE
CARD00245,C00245,JCB,Platinum,20000000,BLOCKED
CARD00246,C00246,MasterCard,Platinum,30000000,ACTIVE
CARD00247,C00247,JCB,Gold,100000000,ACTIVE
CARD00248,C00248,MasterCard,Platinum,50000000,ACTIVE
CARD00249,C00249,VISA,Platinum,50000000,ACTIVE
CARD00250,C00250,JCB,Classic,100000000,ACTIVE
CARD00251,C00251,MasterCard,Gold,500000000,ACTIVE
CARD00252,C00252,VISA,Platinum,20000000,ACTIVE
CARD00253,C00253,VISA,Gold,100000000,ACTIVE
CARD00254,C00254,MasterCard,Platinum,20000000,ACTIVE
CARD00255,C00255,JCB,Gold,500000000,ACTIVE
CARD00256,C00256,VISA,Classic,20000000,ACTIVE
CARD00257,C00257,JCB,Platinum,500000000,ACTIVE
CARD00258,C00258,MasterCard,Infinite,50000000,ACTIVE
CARD00259,C00259,JCB,Platinum,50000000,ACTIVE
CARD00260,C00260,MasterCard,Gold,100000000,ACTIVE
CARD00261,C00261,VISA,Gold,100000000,ACTIVE
CARD00262,C00262,MasterCard,Infinite,500000000,ACTIVE
CARD00263,C00263,VISA,Platinum,200000000,ACTIVE
CARD00264,C00264,Amex,Infinite,200000000,ACTIVE
CARD00265,C00265,VISA,Classic,100000000,ACTIVE
CARD00266,C00266,VISA,Gold,50000000,ACTIVE
CARD00267,C00267,Amex,Platinum,500000000,ACTIVE
CARD00268,C00268,JCB,Gold,500000000,BLOCKED
CARD00269,C00269,JCB,Infinite,10000000,ACTIVE
CARD00270,C00270,JCB,Platinum,200000000,ACTIVE
CARD00271,C00271,MasterCard,Gold,30000000,ACTIVE
CARD00272,C00272,Amex,Infinite,100000000,ACTIVE
CARD00273,C00273,Amex,Infinite,500000000,ACTIVE
CARD00274,C00274,MasterCard,Gold,30000000,ACTIVE
CARD00275,C00275,MasterCard,Infinite,100000000,ACTIVE
CARD00276,C00276,VISA,Gold,20000000,ACTIVE
CARD00277,C00277,JCB,Platinum,200000000,ACTIVE
CARD00278,C00278,JCB,Infinite,100000000,ACTIVE
CARD00279,C00279,JCB,Platinum,10000000,ACTIVE
CARD00280,C00280,VISA,Infinite,200000000,ACTIVE
CARD00281,C00281,JCB,Infinite,20000000,ACTIVE
CARD00282,C00282,JCB,Platinum,30000000,ACTIVE
CARD00283,C00283,Amex,Classic,100000000,ACTIVE
CARD00284,C00284,MasterCard,Gold,500000000,ACTIVE
CARD00285,C00285,VISA,Infinite,20000000,ACTIVE
CARD00286,C00286,VISA,Gold,20000000,ACTIVE
CARD00287,C00287,MasterCard,Platinum,50000000,ACTIVE
CARD00288,C00288,JCB,Platinum,30000000,ACTIVE
CARD00289,C00289,Amex,Infinite,50000000,ACTIVE
CARD00290,C00290,JCB,Gold,500000000,ACTIVE
CARD00291,C00291,MasterCard,Classic,10000000,ACTIVE
CARD00292,C00292,VISA,Gold,200000000,ACTIVE
CARD00293,C00293,MasterCard,Platinum,200000000,ACTIVE
CARD00294,C00294,Amex,Platinum,10000000,ACTIVE
CARD00295,C00295,MasterCard,Classic,500000000,BLOCKED
CARD00296,C00296,JCB,Classic,20000000,ACTIVE
CARD00297,C00297,JCB,Gold,500000000,ACTIVE
CARD00298,C00298,Amex,Gold,20000000,ACTIVE
CARD00299,C00299,VISA,Platinum,50000000,ACTIVE
CARD00300,C00300,Amex,Infinite,200000000,ACTIVE
CARD00301,C00301,VISA,Gold,50000000,ACTIVE
CARD00302,C00302,VISA,Classic,100000000,ACTIVE
CARD00303,C00303,JCB,Infinite,500000000,ACTIVE
CARD00304,C00304,VISA,Classic,200000000,ACTIVE
CARD00305,C00305,VISA,Platinum,30000000,ACTIVE
CARD00306,C00306,MasterCard,Platinum,50000000,ACTIVE
CARD00307,C00307,Amex,Infinite,10000000,ACTIVE
CARD00308,C00308,VISA,Platinum,50000000,ACTIVE
CARD00309,C00309,VISA,Platinum,200000000,ACTIVE
CARD00310,C00310,VISA,Platinum,500000000,ACTIVE
CARD00311,C00311,MasterCard,Platinum,20000000,ACTIVE
CARD00312,C00312,Amex,Infinite,100000000,ACTIVE
CARD00313,C00313,JCB,Classic,500000000,ACTIVE
CARD00314,C00314,VISA,Platinum,20000000,ACTIVE
CARD00315,C00315,VISA,Gold,500000000,ACTIVE
CARD00316,C00316,Amex,Platinum,500000000,ACTIVE
CARD00317,C00317,VISA,Classic,10000000,ACTIVE
CARD00318,C00318,MasterCard,Classic,50000000,ACTIVE
CARD00319,C00319,MasterCard,Gold,50000000,ACTIVE
CARD00320,C00320,Amex,Classic,20000000,ACTIVE
CARD00321,C00321,JCB,Platinum,200000000,ACTIVE
CARD00322,C00322,Amex,Classic,200000000,ACTIVE
CARD00323,C00323,VISA,Platinum,30000000,BLOCKED
CARD00324,C00324,JCB,Classic,500000000,BLOCKED
CARD00325,C00325,MasterCard,Infinite,10000000,ACTIVE
CARD00326,C00326,VISA,Classic,100000000,ACTIVE
CARD00327,C00327,VISA,Platinum,10000000,ACTIVE
CARD00328,C00328,VISA,Classic,30000000,ACTIVE
CARD00329,C00329,Amex,Infinite,10000000,ACTIVE
CARD00330,C00330,Amex,Platinum,10000000,ACTIVE
CARD00331,C00331,JCB,Platinum,20000000,ACTIVE
CARD00332,C00332,Amex,Infinite,100000000,ACTIVE
CARD00333,C00333,MasterCard,Infinite,50000000,ACTIVE
CARD00334,C00334,Amex,Platinum,50000000,ACTIVE
CARD00335,C00335,Amex,Classic,100000000,ACTIVE
CARD00336,C00336,MasterCard,Infinite,20000000,BLOCKED
CARD00337,C00337,VISA,Classic,30000000,ACTIVE
CARD00338,C00338,VISA,Infinite,200000000,BLOCKED
CARD00339,C00339,Amex,Platinum,200000000,ACTIVE
CARD00340,C00340,Amex,Gold,200000000,ACTIVE
CARD00341,C00341,VISA,Classic,50000000,ACTIVE
CARD00342,C00342,JCB,Platinum,200000000,ACTIVE
CARD00343,C00343,JCB,Gold,30000000,ACTIVE
CARD00344,C00344,MasterCard,Platinum,50000000,ACTIVE
CARD00345,C00345,MasterCard,Classic,30000000,ACTIVE
CARD00346,C00346,MasterCard,Classic,30000000,ACTIVE
CARD00347,C00347,VISA,Classic,10000000,ACTIVE
CARD00348,C00348,JCB,Classic,200000000,ACTIVE
CARD00349,C00349,VISA,Infinite,50000000,ACTIVE
CARD00350,C00350,VISA,Classic,50000000,ACTIVE
CARD00351,C00351,Amex,Platinum,100000000,ACTIVE
CARD00352,C00352,Amex,Infinite,500000000,ACTIVE
CARD00353,C00353,Amex,Infinite,50000000,ACTIVE
CARD00354,C00354,Amex,Infinite,20000000,ACTIVE
CARD00355,C00355,MasterCard,Classic,10000000,ACTIVE
CARD00356,C00356,MasterCard,Platinum,10000000,ACTIVE
CARD00357,C00357,JCB,Classic,500000000,ACTIVE
CARD00358,C00358,VISA,Infinite,10000000,BLOCKED
CARD00359,C00359,MasterCard,Platinum,20000000,ACTIVE
CARD00360,C00360,Amex,Platinum,20000000,ACTIVE
CARD00361,C00361,JCB,Platinum,500000000,ACTIVE
CARD00362,C00362,Amex,Classic,50000000,BLOCKED
CARD00363,C00363,JCB,Classic,200000000,BLOCKED
CARD00364,C00364,Amex,Classic,30000000,ACTIVE
CARD00365,C00365,VISA,Platinum,20000000,ACTIVE
CARD00366,C00366,Amex,Infinite,100000000,ACTIVE
CARD00367,C00367,MasterCard,Platinum,20000000,ACTIVE
CARD00368,C00368,Amex,Platinum,30000000,ACTIVE
CARD00369,C00369,JCB,Classic,50000000,ACTIVE
CARD00370,C00370,Amex,Platinum,200000000,ACTIVE
CARD00371,C00371,JCB,Classic,100000000,ACTIVE
CARD00372,C00372,JCB,Platinum,20000000,ACTIVE
CARD00373,C00373,MasterCard,Classic,100000000,BLOCKED
CARD00374,C00374,JCB,Platinum,30000000,ACTIVE
CARD00375,C00375,VISA,Infinite,20000000,ACTIVE
CARD00376,C00376,MasterCard,Platinum,200000000,ACTIVE
CARD00377,C00377,MasterCard,Platinum,30000000,ACTIVE
CARD00378,C00378,VISA,Platinum,10000000,ACTIVE
CARD00379,C00379,Amex,Classic,200000000,ACTIVE
CARD00380,C00380,Amex,Platinum,200000000,ACTIVE
CARD00381,C00381,VISA,Classic,10000000,ACTIVE
CARD00382,C00382,Amex,Platinum,500000000,ACTIVE
CARD00383,C00383,VISA,Infinite,50000000,ACTIVE
CARD00384,C00384,VISA,Gold,20000000,ACTIVE
CARD00385,C00385,Amex,Classic,200000000,ACTIVE
CARD00386,C00386,Amex,Platinum,100000000,ACTIVE
CARD00387,C00387,MasterCard,Classic,30000000,ACTIVE
CARD00388,C00388,VISA,Classic,20000000,ACTIVE
CARD00389,C00389,JCB,Gold,50000000,ACTIVE
CARD00390,C00390,MasterCard,Infinite,30000000,ACTIVE
CARD00391,C00391,MasterCard,Gold,10000000,ACTIVE
CARD00392,C00392,Amex,Platinum,30000000,ACTIVE
CARD00393,C00393,MasterCard,Gold,500000000,ACTIVE
CARD00394,C00394,MasterCard,Gold,20000000,ACTIVE
CARD00395,C00395,VISA,Platinum,200000000,ACTIVE
CARD00396,C00396,MasterCard,Infinite,500000000,ACTIVE
CARD00397,C00397,VISA,Gold,500000000,ACTIVE
CARD00398,C00398,JCB,Infinite,10000000,ACTIVE
CARD00399,C00399,JCB,Classic,500000000,ACTIVE
CARD00400,C00400,Amex,Infinite,200000000,ACTIVE
CARD00401,C00401,Amex,Infinite,100000000,ACTIVE
CARD00402,C00402,MasterCard,Classic,200000000,ACTIVE
CARD00403,C00403,VISA,Gold,50000000,BLOCKED
CARD00404,C00404,Amex,Infinite,10000000,ACTIVE
CARD00405,C00405,MasterCard,Platinum,50000000,ACTIVE
CARD00406,C00406,MasterCard,Infinite,20000000,ACTIVE
CARD00407,C00407,MasterCard,Classic,30000000,BLOCKED
CARD00408,C00408,JCB,Infinite,500000000,ACTIVE
CARD00409,C00409,Amex,Platinum,20000000,ACTIVE
CARD00410,C00410,VISA,Platinum,20000000,ACTIVE
CARD00411,C00411,MasterCard,Infinite,20000000,ACTIVE
CARD00412,C00412,MasterCard,Platinum,500000000,ACTIVE
CARD00413,C00413,JCB,Classic,50000000,ACTIVE
CARD00414,C00414,Amex,Platinum,30000000,ACTIVE
CARD00415,C00415,Amex,Infinite,100000000,ACTIVE
CARD00416,C00416,VISA,Classic,50000000,ACTIVE
CARD00417,C00417,VISA,Platinum,10000000,ACTIVE
CARD00418,C00418,VISA,Classic,200000000,ACTIVE
CARD00419,C00419,Amex,Platinum,20000000,ACTIVE
CARD00420,C00420,JCB,Gold,100000000,ACTIVE
CARD00421,C00421,MasterCard,Platinum,50000000,ACTIVE
CARD00422,C00422,Amex,Gold,200000000,ACTIVE
CARD00423,C00423,Amex,Classic,20000000,ACTIVE
CARD00424,C00424,Amex,Platinum,10000000,ACTIVE
CARD00425,C00425,MasterCard,Gold,200000000,BLOCKED
CARD00426,C00426,MasterCard,Classic,50000000,ACTIVE
CARD00427,C00427,Amex,Classic,10000000,ACTIVE
CARD00428,C00428,JCB,Classic,500000000,ACTIVE
CARD00429,C00429,Amex,Classic,200000000,ACTIVE
CARD00430,C00430,JCB,Infinite,10000000,BLOCKED
CARD00431,C00431,VISA,Platinum,20000000,ACTIVE
CARD00432,C00432,VISA,Platinum,500000000,ACTIVE
CARD00433,C00433,MasterCard,Gold,10000000,ACTIVE
CARD00434,C00434,VISA,Gold,30000000,ACTIVE
CARD00435,C00435,JCB,Platinum,20000000,ACTIVE
CARD00436,C00436,VISA,Infinite,50000000,ACTIVE
CARD00437,C00437,Amex,Infinite,10000000,ACTIVE
CARD00438,C00438,Amex,Gold,10000000,ACTIVE
CARD00439,C00439,Amex,Infinite,30000000,ACTIVE
CARD00440,C00440,JCB,Gold,30000000,ACTIVE
CARD00441,C00441,Amex,Gold,20000000,ACTIVE
CARD00442,C00442,JCB,Platinum,50000000,ACTIVE
CARD00443,C00443,Amex,Classic,100000000,ACTIVE
CARD00444,C00444,Amex,Infinite,100000000,ACTIVE
CARD00445,C00445,MasterCard,Platinum,100000000,ACTIVE
CARD00446,C00446,Amex,Classic,10000000,ACTIVE
CARD00447,C00447,MasterCard,Infinite,200000000,ACTIVE
CARD00448,C00448,Amex,Platinum,50000000,ACTIVE
CARD00449,C00449,Amex,Infinite,30000000,ACTIVE
CARD00450,C00450,MasterCard,Gold,10000000,ACTIVE
CARD00451,C00451,MasterCard,Gold,30000000,ACTIVE
CARD00452,C00452,VISA,Platinum,50000000,ACTIVE
CARD00453,C00453,Amex,Infinite,10000000,ACTIVE
CARD00454,C00454,JCB,Infinite,20000000,BLOCKED
CARD00455,C00455,MasterCard,Infinite,500000000,ACTIVE
CARD00456,C00456,MasterCard,Classic,200000000,BLOCKED
CARD00457,C00457,VISA,Classic,30000000,ACTIVE
CARD00458,C00458,VISA,Gold,200000000,ACTIVE
CARD00459,C00459,MasterCard,Classic,10000000,ACTIVE
CARD00460,C00460,VISA,Infinite,200000000,ACTIVE
CARD00461,C00461,VISA,Classic,20000000,ACTIVE
CARD00462,C00462,JCB,Classic,50000000,ACTIVE
CARD00463,C00463,JCB,Platinum,200000000,ACTIVE
CARD00464,C00464,JCB,Infinite,20000000,BLOCKED
CARD00465,C00465,VISA,Infinite,10000000,ACTIVE
CARD00466,C00466,JCB,Classic,500000000,ACTIVE
CARD00467,C00467,JCB,Platinum,30000000,ACTIVE
CARD00468,C00468,MasterCard,Classic,50000000,ACTIVE
CARD00469,C00469,VISA,Platinum,50000000,ACTIVE
CARD00470,C00470,VISA,Platinum,100000000,ACTIVE
CARD00471,C00471,VISA,Classic,20000000,ACTIVE
CARD00472,C00472,MasterCard,Platinum,50000000,ACTIVE
CARD00473,C00473,VISA,Infinite,100000000,ACTIVE
CARD00474,C00474,JCB,Infinite,200000000,ACTIVE
CARD00475,C00475,MasterCard,Gold,30000000,ACTIVE
CARD00476,C00476,JCB,Platinum,200000000,ACTIVE
CARD00477,C00477,MasterCard,Gold,100000000,ACTIVE
CARD00478,C00478,JCB,Platinum,100000000,ACTIVE
CARD00479,C00479,VISA,Gold,50000000,ACTIVE
CARD00480,C00480,VISA,Platinum,30000000,ACTIVE
CARD00481,C00481,VISA,Gold,100000000,ACTIVE
CARD00482,C00482,VISA,Gold,500000000,ACTIVE
CARD00483,C00483,JCB,Infinite,30000000,ACTIVE
CARD00484,C00484,Amex,Classic,30000000,ACTIVE
CARD00485,C00485,VISA,Classic,20000000,ACTIVE
CARD00486,C00486,Amex,Platinum,500000000,ACTIVE
CARD00487,C00487,JCB,Infinite,10000000,ACTIVE
CARD00488,C00488,VISA,Classic,10000000,ACTIVE
CARD00489,C00489,JCB,Platinum,30000000,ACTIVE
CARD00490,C00490,Amex,Gold,500000000,ACTIVE
CARD00491,C00491,JCB,Platinum,10000000,ACTIVE
CARD00492,C00492,JCB,Gold,50000000,ACTIVE
CARD00493,C00493,MasterCard,Platinum,10000000,ACTIVE
CARD00494,C00494,JCB,Gold,30000000,ACTIVE
CARD00495,C00495,MasterCard,Platinum,100000000,ACTIVE
CARD00496,C00496,Amex,Platinum,500000000,ACTIVE
CARD00497,C00497,MasterCard,Platinum,10000000,ACTIVE
CARD00498,C00498,VISA,Gold,500000000,ACTIVE
CARD00499,C00499,Amex,Gold,10000000,ACTIVE
CARD00500,C00500,MasterCard,Infinite,200000000,ACTIVE
CARD00501,C00501,VISA,Classic,10000000,ACTIVE
CARD00502,C00502,Amex,Gold,10000000,ACTIVE
CARD00503,C00503,MasterCard,Gold,500000000,ACTIVE
CARD00504,C00504,Amex,Platinum,200000000,ACTIVE
CARD00505,C00505,VISA,Infinite,10000000,ACTIVE
CARD00506,C00506,JCB,Classic,500000000,ACTIVE
CARD00507,C00507,MasterCard,Platinum,30000000,ACTIVE
CARD00508,C00508,MasterCard,Platinum,50000000,ACTIVE
CARD00509,C00509,MasterCard,Infinite,10000000,ACTIVE
CARD00510,C00510,Amex,Platinum,30000000,BLOCKED
CARD00511,C00511,MasterCard,Infinite,50000000,BLOCKED
CARD00512,C00512,MasterCard,Platinum,30000000,ACTIVE
CARD00513,C00513,Amex,Infinite,10000000,ACTIVE
CARD00514,C00514,VISA,Platinum,50000000,ACTIVE
CARD00515,C00515,Amex,Classic,200000000,ACTIVE
CARD00516,C00516,Amex,Infinite,500000000,ACTIVE
CARD00517,C00517,Amex,Classic,200000000,ACTIVE
CARD00518,C00518,JCB,Classic,10000000,ACTIVE
CARD00519,C00519,MasterCard,Gold,20000000,ACTIVE
CARD00520,C00520,JCB,Gold,50000000,ACTIVE
CARD00521,C00521,JCB,Gold,50000000,ACTIVE
CARD00522,C00522,MasterCard,Classic,100000000,ACTIVE
CARD00523,C00523,JCB,Infinite,20000000,BLOCKED
CARD00524,C00524,JCB,Classic,100000000,ACTIVE
CARD00525,C00525,VISA,Infinite,30000000,ACTIVE
CARD00526,C00526,MasterCard,Gold,500000000,ACTIVE
CARD00527,C00527,Amex,Platinum,200000000,ACTIVE
CARD00528,C00528,Amex,Platinum,50000000,ACTIVE
CARD00529,C00529,Amex,Classic,30000000,ACTIVE
CARD00530,C00530,VISA,Platinum,20000000,ACTIVE
CARD00531,C00531,VISA,Platinum,30000000,ACTIVE
CARD00532,C00532,JCB,Platinum,10000000,ACTIVE
CARD00533,C00533,Amex,Gold,20000000,ACTIVE
CARD00534,C00534,JCB,Classic,200000000,ACTIVE
CARD00535,C00535,VISA,Gold,30000000,ACTIVE
CARD00536,C00536,JCB,Platinum,200000000,ACTIVE
CARD00537,C00537,VISA,Gold,50000000,ACTIVE
CARD00538,C00538,MasterCard,Platinum,10000000,ACTIVE
CARD00539,C00539,JCB,Classic,10000000,ACTIVE
CARD00540,C00540,JCB,Classic,20000000,ACTIVE
CARD00541,C00541,Amex,Infinite,20000000,ACTIVE
CARD00542,C00542,MasterCard,Gold,100000000,ACTIVE
CARD00543,C00543,VISA,Infinite,100000000,ACTIVE
CARD00544,C00544,JCB,Infinite,500000000,ACTIVE
CARD00545,C00545,VISA,Platinum,500000000,ACTIVE
CARD00546,C00546,VISA,Platinum,20000000,ACTIVE
CARD00547,C00547,Amex,Gold,500000000,ACTIVE
CARD00548,C00548,JCB,Platinum,100000000,ACTIVE
CARD00549,C00549,VISA,Platinum,20000000,ACTIVE
CARD00550,C00550,VISA,Gold,500000000,ACTIVE
CARD00551,C00551,MasterCard,Infinite,10000000,ACTIVE
CARD00552,C00552,JCB,Infinite,50000000,ACTIVE
CARD00553,C00553,JCB,Platinum,100000000,ACTIVE
CARD00554,C00554,JCB,Gold,30000000,ACTIVE
CARD00555,C00555,Amex,Classic,500000000,ACTIVE
CARD00556,C00556,Amex,Platinum,20000000,ACTIVE
CARD00557,C00557,MasterCard,Gold,100000000,ACTIVE
CARD00558,C00558,MasterCard,Platinum,200000000,ACTIVE
CARD00559,C00559,MasterCard,Classic,30000000,ACTIVE
CARD00560,C00560,MasterCard,Platinum,500000000,ACTIVE
CARD00561,C00561,Amex,Classic,10000000,ACTIVE
CARD00562,C00562,MasterCard,Gold,10000000,ACTIVE
CARD00563,C00563,MasterCard,Gold,10000000,ACTIVE
CARD00564,C00564,MasterCard,Gold,50000000,ACTIVE
CARD00565,C00565,VISA,Infinite,50000000,ACTIVE
CARD00566,C00566,Amex,Platinum,500000000,ACTIVE
CARD00567,C00567,Amex,Classic,500000000,ACTIVE
CARD00568,C00568,MasterCard,Platinum,100000000,ACTIVE
CARD00569,C00569,MasterCard,Classic,100000000,ACTIVE
CARD00570,C00570,Amex,Infinite,500000000,ACTIVE
CARD00571,C00571,MasterCard,Gold,100000000,ACTIVE
CARD00572,C00572,VISA,Platinum,100000000,ACTIVE
CARD00573,C00573,Amex,Infinite,500000000,ACTIVE
CARD00574,C00574,JCB,Gold,20000000,ACTIVE
CARD00575,C00575,VISA,Platinum,100000000,ACTIVE
CARD00576,C00576,MasterCard,Platinum,100000000,ACTIVE
CARD00577,C00577,MasterCard,Infinite,20000000,ACTIVE
CARD00578,C00578,JCB,Platinum,100000000,ACTIVE
CARD00579,C00579,Amex,Platinum,50000000,ACTIVE
CARD00580,C00580,Amex,Gold,500000000,ACTIVE
CARD00581,C00581,MasterCard,Classic,500000000,ACTIVE
CARD00582,C00582,VISA,Classic,500000000,ACTIVE
CARD00583,C00583,Amex,Platinum,20000000,ACTIVE
CARD00584,C00584,JCB,Platinum,200000000,ACTIVE
CARD00585,C00585,Amex,Infinite,50000000,ACTIVE
CARD00586,C00586,MasterCard,Platinum,100000000,ACTIVE
CARD00587,C00587,Amex,Infinite,30000000,ACTIVE
CARD00588,C00588,MasterCard,Gold,100000000,ACTIVE
CARD00589,C00589,JCB,Platinum,50000000,ACTIVE
CARD00590,C00590,MasterCard,Gold,10000000,ACTIVE
CARD00591,C00591,Amex,Infinite,20000000,ACTIVE
CARD00592,C00592,MasterCard,Classic,20000000,ACTIVE
CARD00593,C00593,Amex,Platinum,100000000,ACTIVE
CARD00594,C00594,VISA,Platinum,20000000,ACTIVE
CARD00595,C00595,JCB,Infinite,20000000,ACTIVE
CARD00596,C00596,VISA,Infinite,10000000,ACTIVE
CARD00597,C00597,JCB,Platinum,20000000,ACTIVE
CARD00598,C00598,JCB,Platinum,10000000,ACTIVE
CARD00599,C00599,MasterCard,Infinite,30000000,ACTIVE
CARD00600,C00600,MasterCard,Classic,30000000,ACTIVE
CARD00601,C00601,Amex,Platinum,30000000,ACTIVE
CARD00602,C00602,VISA,Infinite,10000000,ACTIVE
CARD00603,C00603,MasterCard,Infinite,200000000,ACTIVE
CARD00604,C00604,Amex,Classic,50000000,ACTIVE
CARD00605,C00605,Amex,Gold,100000000,BLOCKED
CARD00606,C00606,JCB,Classic,50000000,ACTIVE
CARD00607,C00607,MasterCard,Platinum,500000000,ACTIVE
CARD00608,C00608,VISA,Infinite,100000000,ACTIVE
CARD00609,C00609,JCB,Infinite,200000000,ACTIVE
CARD00610,C00610,Amex,Infinite,100000000,ACTIVE
CARD00611,C00611,JCB,Infinite,30000000,ACTIVE
CARD00612,C00612,Amex,Platinum,30000000,BLOCKED
CARD00613,C00613,VISA,Classic,500000000,ACTIVE
CARD00614,C00614,VISA,Infinite,50000000,ACTIVE
CARD00615,C00615,VISA,Gold,10000000,ACTIVE
CARD00616,C00616,VISA,Gold,500000000,ACTIVE
CARD00617,C00617,MasterCard,Gold,200000000,BLOCKED
CARD00618,C00618,MasterCard,Classic,200000000,ACTIVE
CARD00619,C00619,Amex,Gold,100000000,ACTIVE
CARD00620,C00620,Amex,Platinum,50000000,ACTIVE
CARD00621,C00621,MasterCard,Gold,200000000,ACTIVE
CARD00622,C00622,JCB,Classic,100000000,ACTIVE
CARD00623,C00623,VISA,Classic,200000000,ACTIVE
CARD00624,C00624,JCB,Platinum,200000000,ACTIVE
CARD00625,C00625,VISA,Platinum,200000000,ACTIVE
CARD00626,C00626,JCB,Infinite,20000000,ACTIVE
CARD00627,C00627,JCB,Gold,50000000,ACTIVE
CARD00628,C00628,MasterCard,Platinum,500000000,ACTIVE
CARD00629,C00629,Amex,Gold,50000000,ACTIVE
CARD00630,C00630,JCB,Classic,200000000,ACTIVE
CARD00631,C00631,MasterCard,Infinite,500000000,ACTIVE
CARD00632,C00632,VISA,Classic,30000000,ACTIVE
CARD00633,C00633,MasterCard,Gold,200000000,ACTIVE
CARD00634,C00634,VISA,Infinite,100000000,ACTIVE
CARD00635,C00635,Amex,Gold,30000000,ACTIVE
CARD00636,C00636,MasterCard,Gold,500000000,ACTIVE
CARD00637,C00637,VISA,Classic,10000000,ACTIVE
CARD00638,C00638,JCB,Infinite,20000000,ACTIVE
CARD00639,C00639,MasterCard,Infinite,30000000,ACTIVE
CARD00640,C00640,Amex,Platinum,30000000,ACTIVE
CARD00641,C00641,Amex,Platinum,30000000,ACTIVE
CARD00642,C00642,VISA,Classic,100000000,ACTIVE
CARD00643,C00643,VISA,Classic,200000000,ACTIVE
CARD00644,C00644,VISA,Platinum,10000000,ACTIVE
CARD00645,C00645,JCB,Infinite,20000000,ACTIVE
CARD00646,C00646,MasterCard,Classic,30000000,ACTIVE
CARD00647,C00647,Amex,Classic,500000000,ACTIVE
CARD00648,C00648,MasterCard,Infinite,20000000,ACTIVE
CARD00649,C00649,JCB,Gold,200000000,ACTIVE
CARD00650,C00650,JCB,Gold,500000000,ACTIVE
CARD00651,C00651,VISA,Gold,20000000,ACTIVE
CARD00652,C00652,MasterCard,Classic,50000000,ACTIVE
CARD00653,C00653,VISA,Gold,500000000,ACTIVE
CARD00654,C00654,VISA,Platinum,200000000,ACTIVE
CARD00655,C00655,Amex,Classic,10000000,ACTIVE
CARD00656,C00656,Amex,Infinite,50000000,ACTIVE
CARD00657,C00657,JCB,Infinite,30000000,ACTIVE
CARD00658,C00658,JCB,Classic,50000000,ACTIVE
CARD00659,C00659,JCB,Classic,50000000,ACTIVE
CARD00660,C00660,JCB,Infinite,100000000,ACTIVE
CARD00661,C00661,Amex,Infinite,20000000,ACTIVE
CARD00662,C00662,JCB,Gold,20000000,ACTIVE
CARD00663,C00663,VISA,Infinite,20000000,ACTIVE
CARD00664,C00664,JCB,Platinum,100000000,BLOCKED
CARD00665,C00665,Amex,Classic,50000000,ACTIVE
CARD00666,C00666,JCB,Gold,50000000,ACTIVE
CARD00667,C00667,VISA,Infinite,200000000,ACTIVE
CARD00668,C00668,MasterCard,Infinite,200000000,ACTIVE
CARD00669,C00669,JCB,Platinum,20000000,ACTIVE
CARD00670,C00670,Amex,Classic,30000000,ACTIVE
CARD00671,C00671,MasterCard,Classic,20000000,ACTIVE
CARD00672,C00672,JCB,Platinum,200000000,ACTIVE
CARD00673,C00673,MasterCard,Classic,500000000,ACTIVE
CARD00674,C00674,JCB,Classic,100000000,ACTIVE
CARD00675,C00675,JCB,Platinum,200000000,ACTIVE
CARD00676,C00676,JCB,Gold,30000000,ACTIVE
CARD00677,C00677,Amex,Classic,10000000,ACTIVE
CARD00678,C00678,VISA,Classic,30000000,ACTIVE
CARD00679,C00679,Amex,Infinite,50000000,BLOCKED
CARD00680,C00680,MasterCard,Classic,500000000,ACTIVE
CARD00681,C00681,MasterCard,Classic,500000000,ACTIVE
CARD00682,C00682,MasterCard,Platinum,30000000,ACTIVE
CARD00683,C00683,MasterCard,Classic,20000000,ACTIVE
CARD00684,C00684,MasterCard,Infinite,100000000,ACTIVE
CARD00685,C00685,Amex,Infinite,50000000,ACTIVE
CARD00686,C00686,VISA,Infinite,500000000,ACTIVE
CARD00687,C00687,MasterCard,Classic,30000000,ACTIVE
CARD00688,C00688,VISA,Platinum,50000000,ACTIVE
CARD00689,C00689,JCB,Infinite,30000000,ACTIVE
CARD00690,C00690,VISA,Classic,200000000,ACTIVE
CARD00691,C00691,VISA,Classic,10000000,BLOCKED
CARD00692,C00692,MasterCard,Infinite,200000000,ACTIVE
CARD00693,C00693,Amex,Classic,50000000,ACTIVE
CARD00694,C00694,JCB,Gold,200000000,ACTIVE
CARD00695,C00695,MasterCard,Gold,100000000,ACTIVE
CARD00696,C00696,Amex,Infinite,100000000,ACTIVE
CARD00697,C00697,Amex,Gold,100000000,ACTIVE
CARD00698,C00698,MasterCard,Infinite,200000000,ACTIVE
CARD00699,C00699,Amex,Platinum,20000000,ACTIVE
CARD00700,C00700,VISA,Platinum,10000000,ACTIVE
CARD00701,C00701,Amex,Classic,30000000,ACTIVE
CARD00702,C00702,VISA,Gold,30000000,ACTIVE
CARD00703,C00703,JCB,Platinum,20000000,ACTIVE
CARD00704,C00704,JCB,Platinum,50000000,ACTIVE
CARD00705,C00705,VISA,Classic,50000000,ACTIVE
CARD00706,C00706,MasterCard,Infinite,200000000,ACTIVE
CARD00707,C00707,Amex,Classic,500000000,ACTIVE
CARD00708,C00708,Amex,Infinite,200000000,ACTIVE
CARD00709,C00709,VISA,Gold,30000000,ACTIVE
CARD00710,C00710,Amex,Platinum,50000000,ACTIVE
CARD00711,C00711,VISA,Classic,500000000,ACTIVE
CARD00712,C00712,Amex,Gold,200000000,ACTIVE
CARD00713,C00713,JCB,Classic,200000000,ACTIVE
CARD00714,C00714,Amex,Classic,30000000,ACTIVE
CARD00715,C00715,JCB,Gold,50000000,ACTIVE
CARD00716,C00716,VISA,Classic,50000000,ACTIVE
CARD00717,C00717,JCB,Platinum,20000000,ACTIVE
CARD00718,C00718,MasterCard,Infinite,20000000,ACTIVE
CARD00719,C00719,VISA,Platinum,10000000,ACTIVE
CARD00720,C00720,JCB,Gold,20000000,ACTIVE
CARD00721,C00721,JCB,Infinite,200000000,ACTIVE
CARD00722,C00722,MasterCard,Gold,500000000,ACTIVE
CARD00723,C00723,MasterCard,Gold,20000000,ACTIVE
CARD00724,C00724,MasterCard,Infinite,500000000,ACTIVE
CARD00725,C00725,MasterCard,Classic,100000000,ACTIVE
CARD00726,C00726,MasterCard,Platinum,50000000,ACTIVE
CARD00727,C00727,JCB,Classic,20000000,ACTIVE
CARD00728,C00728,MasterCard,Classic,50000000,ACTIVE
CARD00729,C00729,MasterCard,Classic,500000000,ACTIVE
CARD00730,C00730,MasterCard,Classic,50000000,ACTIVE
CARD00731,C00731,Amex,Classic,20000000,ACTIVE
CARD00732,C00732,MasterCard,Gold,50000000,ACTIVE
CARD00733,C00733,MasterCard,Gold,10000000,ACTIVE
CARD00734,C00734,VISA,Platinum,200000000,ACTIVE
CARD00735,C00735,JCB,Infinite,10000000,ACTIVE
CARD00736,C00736,JCB,Gold,200000000,ACTIVE
CARD00737,C00737,JCB,Platinum,200000000,ACTIVE
CARD00738,C00738,VISA,Classic,500000000,ACTIVE
CARD00739,C00739,Amex,Gold,50000000,ACTIVE
CARD00740,C00740,JCB,Gold,100000000,ACTIVE
CARD00741,C00741,VISA,Gold,500000000,ACTIVE
CARD00742,C00742,VISA,Platinum,30000000,ACTIVE
CARD00743,C00743,JCB,Platinum,50000000,ACTIVE
CARD00744,C00744,JCB,Classic,50000000,ACTIVE
CARD00745,C00745,VISA,Infinite,30000000,ACTIVE
CARD00746,C00746,JCB,Platinum,500000000,ACTIVE
CARD00747,C00747,Amex,Platinum,30000000,ACTIVE
CARD00748,C00748,Amex,Infinite,20000000,ACTIVE
CARD00749,C00749,VISA,Classic,50000000,ACTIVE
CARD00750,C00750,MasterCard,Infinite,50000000,ACTIVE
CARD00751,C00751,JCB,Infinite,100000000,ACTIVE
CARD00752,C00752,MasterCard,Platinum,500000000,ACTIVE
CARD00753,C00753,JCB,Classic,100000000,ACTIVE
CARD00754,C00754,JCB,Platinum,500000000,ACTIVE
CARD00755,C00755,JCB,Classic,100000000,ACTIVE
CARD00756,C00756,JCB,Gold,20000000,ACTIVE
CARD00757,C00757,JCB,Classic,500000000,ACTIVE
CARD00758,C00758,JCB,Infinite,30000000,ACTIVE
CARD00759,C00759,MasterCard,Classic,10000000,ACTIVE
CARD00760,C00760,JCB,Platinum,500000000,ACTIVE
CARD00761,C00761,JCB,Classic,30000000,ACTIVE
CARD00762,C00762,VISA,Gold,500000000,ACTIVE
CARD00763,C00763,MasterCard,Platinum,500000000,ACTIVE
CARD00764,C00764,MasterCard,Platinum,30000000,ACTIVE
CARD00765,C00765,VISA,Platinum,10000000,ACTIVE
CARD00766,C00766,Amex,Platinum,500000000,ACTIVE
CARD00767,C00767,Amex,Gold,20000000,ACTIVE
CARD00768,C00768,Amex,Classic,30000000,ACTIVE
CARD00769,C00769,MasterCard,Gold,50000000,ACTIVE
CARD00770,C00770,JCB,Infinite,100000000,ACTIVE
CARD00771,C00771,VISA,Infinite,500000000,ACTIVE
CARD00772,C00772,MasterCard,Infinite,50000000,BLOCKED
CARD00773,C00773,VISA,Classic,500000000,ACTIVE
CARD00774,C00774,JCB,Platinum,50000000,ACTIVE
CARD00775,C00775,MasterCard,Platinum,10000000,ACTIVE
CARD00776,C00776,Amex,Platinum,500000000,ACTIVE
CARD00777,C00777,JCB,Infinite,10000000,ACTIVE
CARD00778,C00778,Amex,Classic,200000000,ACTIVE
CARD00779,C00779,MasterCard,Platinum,20000000,ACTIVE
CARD00780,C00780,JCB,Classic,50000000,ACTIVE
CARD00781,C00781,VISA,Infinite,50000000,ACTIVE
CARD00782,C00782,JCB,Gold,100000000,ACTIVE
CARD00783,C00783,MasterCard,Classic,200000000,ACTIVE
CARD00784,C00784,VISA,Platinum,200000000,ACTIVE
CARD00785,C00785,VISA,Gold,10000000,ACTIVE
CARD00786,C00786,JCB,Classic,10000000,ACTIVE
CARD00787,C00787,VISA,Platinum,30000000,ACTIVE
CARD00788,C00788,Amex,Platinum,30000000,ACTIVE
CARD00789,C00789,VISA,Gold,500000000,ACTIVE
CARD00790,C00790,JCB,Infinite,50000000,ACTIVE
CARD00791,C00791,MasterCard,Platinum,100000000,ACTIVE
CARD00792,C00792,JCB,Gold,20000000,ACTIVE
CARD00793,C00793,JCB,Classic,500000000,ACTIVE
CARD00794,C00794,JCB,Platinum,30000000,ACTIVE
CARD00795,C00795,Amex,Classic,500000000,ACTIVE
CARD00796,C00796,JCB,Platinum,50000000,ACTIVE
CARD00797,C00797,VISA,Classic,200000000,ACTIVE
CARD00798,C00798,Amex,Platinum,200000000,ACTIVE
CARD00799,C00799,MasterCard,Platinum,50000000,ACTIVE
CARD00800,C00800,JCB,Gold,200000000,ACTIVE
CARD00801,C00801,Amex,Classic,100000000,ACTIVE
CARD00802,C00802,Amex,Platinum,200000000,ACTIVE
CARD00803,C00803,MasterCard,Classic,30000000,ACTIVE
CARD00804,C00804,JCB,Gold,30000000,ACTIVE
CARD00805,C00805,JCB,Gold,50000000,ACTIVE
CARD00806,C00806,VISA,Platinum,200000000,ACTIVE
CARD00807,C00807,VISA,Platinum,50000000,ACTIVE
CARD00808,C00808,MasterCard,Classic,50000000,ACTIVE
CARD00809,C00809,Amex,Platinum,100000000,ACTIVE
CARD00810,C00810,JCB,Platinum,20000000,ACTIVE
CARD00811,C00811,JCB,Infinite,100000000,ACTIVE
CARD00812,C00812,Amex,Platinum,50000000,ACTIVE
CARD00813,C00813,VISA,Platinum,500000000,ACTIVE
CARD00814,C00814,JCB,Classic,200000000,ACTIVE
CARD00815,C00815,Amex,Classic,500000000,BLOCKED
CARD00816,C00816,Amex,Gold,30000000,ACTIVE
CARD00817,C00817,Amex,Platinum,10000000,ACTIVE
CARD00818,C00818,JCB,Platinum,200000000,ACTIVE
CARD00819,C00819,Amex,Classic,10000000,ACTIVE
CARD00820,C00820,Amex,Infinite,30000000,ACTIVE
CARD00821,C00821,Amex,Platinum,200000000,ACTIVE
CARD00822,C00822,VISA,Gold,30000000,ACTIVE
CARD00823,C00823,JCB,Classic,30000000,ACTIVE
CARD00824,C00824,JCB,Classic,30000000,ACTIVE
CARD00825,C00825,VISA,Gold,100000000,ACTIVE
CARD00826,C00826,Amex,Platinum,10000000,ACTIVE
CARD00827,C00827,Amex,Classic,10000000,BLOCKED
CARD00828,C00828,Amex,Platinum,30000000,ACTIVE
CARD00829,C00829,Amex,Classic,20000000,ACTIVE
CARD00830,C00830,JCB,Classic,200000000,ACTIVE
CARD00831,C00831,JCB,Classic,100000000,ACTIVE
CARD00832,C00832,Amex,Gold,50000000,ACTIVE
CARD00833,C00833,Amex,Classic,10000000,ACTIVE
CARD00834,C00834,Amex,Platinum,20000000,ACTIVE
CARD00835,C00835,JCB,Platinum,500000000,ACTIVE
CARD00836,C00836,JCB,Platinum,500000000,ACTIVE
CARD00837,C00837,VISA,Gold,30000000,ACTIVE
CARD00838,C00838,JCB,Classic,30000000,ACTIVE
CARD00839,C00839,VISA,Gold,30000000,BLOCKED
CARD00840,C00840,Amex,Gold,30000000,ACTIVE
CARD00841,C00841,MasterCard,Gold,200000000,ACTIVE
CARD00842,C00842,Amex,Infinite,500000000,ACTIVE
CARD00843,C00843,MasterCard,Infinite,100000000,ACTIVE
CARD00844,C00844,MasterCard,Platinum,200000000,ACTIVE
CARD00845,C00845,JCB,Gold,20000000,BLOCKED
CARD00846,C00846,JCB,Platinum,20000000,ACTIVE
CARD00847,C00847,Amex,Infinite,50000000,ACTIVE
CARD00848,C00848,MasterCard,Gold,10000000,ACTIVE
CARD00849,C00849,VISA,Platinum,200000000,ACTIVE
CARD00850,C00850,Amex,Infinite,50000000,ACTIVE
CARD00851,C00851,JCB,Classic,100000000,ACTIVE
CARD00852,C00852,Amex,Classic,200000000,ACTIVE
CARD00853,C00853,Amex,Gold,30000000,ACTIVE
CARD00854,C00854,VISA,Gold,10000000,ACTIVE
CARD00855,C00855,MasterCard,Gold,500000000,ACTIVE
CARD00856,C00856,JCB,Infinite,500000000,ACTIVE
CARD00857,C00857,VISA,Infinite,10000000,ACTIVE
CARD00858,C00858,VISA,Platinum,30000000,ACTIVE
CARD00859,C00859,VISA,Classic,50000000,ACTIVE
CARD00860,C00860,Amex,Classic,200000000,ACTIVE
CARD00861,C00861,Amex,Classic,200000000,ACTIVE
CARD00862,C00862,MasterCard,Gold,30000000,ACTIVE
CARD00863,C00863,MasterCard,Infinite,50000000,ACTIVE
CARD00864,C00864,MasterCard,Infinite,30000000,ACTIVE
CARD00865,C00865,MasterCard,Classic,200000000,ACTIVE
CARD00866,C00866,MasterCard,Classic,30000000,ACTIVE
CARD00867,C00867,MasterCard,Gold,50000000,ACTIVE
CARD00868,C00868,MasterCard,Classic,500000000,ACTIVE
CARD00869,C00869,MasterCard,Platinum,500000000,ACTIVE
CARD00870,C00870,MasterCard,Gold,20000000,ACTIVE
CARD00871,C00871,JCB,Classic,30000000,ACTIVE
CARD00872,C00872,JCB,Gold,30000000,ACTIVE
CARD00873,C00873,MasterCard,Gold,50000000,ACTIVE
CARD00874,C00874,VISA,Infinite,10000000,ACTIVE
CARD00875,C00875,Amex,Classic,500000000,ACTIVE
CARD00876,C00876,MasterCard,Classic,500000000,ACTIVE
CARD00877,C00877,Amex,Classic,10000000,BLOCKED
CARD00878,C00878,MasterCard,Infinite,50000000,ACTIVE
CARD00879,C00879,MasterCard,Infinite,50000000,ACTIVE
CARD00880,C00880,Amex,Classic,10000000,BLOCKED
CARD00881,C00881,Amex,Gold,500000000,ACTIVE
CARD00882,C00882,VISA,Platinum,500000000,ACTIVE
CARD00883,C00883,VISA,Infinite,100000000,ACTIVE
CARD00884,C00884,VISA,Classic,10000000,ACTIVE
CARD00885,C00885,JCB,Classic,500000000,ACTIVE
CARD00886,C00886,VISA,Classic,200000000,ACTIVE
CARD00887,C00887,JCB,Infinite,30000000,ACTIVE
CARD00888,C00888,Amex,Gold,200000000,ACTIVE
CARD00889,C00889,VISA,Classic,20000000,ACTIVE
CARD00890,C00890,MasterCard,Infinite,30000000,ACTIVE
CARD00891,C00891,MasterCard,Platinum,10000000,ACTIVE
CARD00892,C00892,MasterCard,Gold,200000000,ACTIVE
CARD00893,C00893,MasterCard,Infinite,500000000,ACTIVE
CARD00894,C00894,JCB,Infinite,200000000,ACTIVE
CARD00895,C00895,VISA,Gold,30000000,ACTIVE
CARD00896,C00896,JCB,Gold,100000000,ACTIVE
CARD00897,C00897,VISA,Infinite,50000000,ACTIVE
CARD00898,C00898,MasterCard,Infinite,100000000,ACTIVE
CARD00899,C00899,JCB,Platinum,10000000,ACTIVE
CARD00900,C00900,VISA,Gold,200000000,ACTIVE
CARD00901,C00901,JCB,Platinum,100000000,ACTIVE
CARD00902,C00902,VISA,Infinite,50000000,ACTIVE
CARD00903,C00903,MasterCard,Infinite,200000000,ACTIVE
CARD00904,C00904,JCB,Gold,50000000,BLOCKED
CARD00905,C00905,JCB,Classic,50000000,ACTIVE
CARD00906,C00906,Amex,Platinum,100000000,ACTIVE
CARD00907,C00907,Amex,Gold,20000000,BLOCKED
CARD00908,C00908,MasterCard,Platinum,20000000,ACTIVE
CARD00909,C00909,JCB,Classic,100000000,ACTIVE
CARD00910,C00910,VISA,Classic,200000000,ACTIVE
CARD00911,C00911,MasterCard,Classic,100000000,BLOCKED
CARD00912,C00912,JCB,Gold,30000000,ACTIVE
CARD00913,C00913,JCB,Classic,100000000,ACTIVE
CARD00914,C00914,JCB,Platinum,100000000,ACTIVE
CARD00915,C00915,JCB,Platinum,30000000,ACTIVE
CARD00916,C00916,VISA,Platinum,100000000,ACTIVE
CARD00917,C00917,VISA,Classic,200000000,ACTIVE
CARD00918,C00918,VISA,Classic,50000000,ACTIVE
CARD00919,C00919,Amex,Gold,500000000,ACTIVE
CARD00920,C00920,Amex,Classic,50000000,ACTIVE
CARD00921,C00921,VISA,Gold,10000000,ACTIVE
CARD00922,C00922,MasterCard,Infinite,100000000,ACTIVE
CARD00923,C00923,Amex,Platinum,10000000,ACTIVE
CARD00924,C00924,Amex,Infinite,50000000,ACTIVE
CARD00925,C00925,Amex,Platinum,500000000,ACTIVE
CARD00926,C00926,MasterCard,Classic,10000000,ACTIVE
CARD00927,C00927,Amex,Infinite,30000000,ACTIVE
CARD00928,C00928,Amex,Gold,200000000,ACTIVE
CARD00929,C00929,VISA,Classic,50000000,ACTIVE
CARD00930,C00930,JCB,Platinum,50000000,ACTIVE
CARD00931,C00931,Amex,Classic,500000000,BLOCKED
CARD00932,C00932,JCB,Gold,500000000,ACTIVE
CARD00933,C00933,Amex,Platinum,10000000,ACTIVE
CARD00934,C00934,VISA,Infinite,20000000,BLOCKED
CARD00935,C00935,Amex,Classic,30000000,ACTIVE
CARD00936,C00936,JCB,Gold,30000000,ACTIVE
CARD00937,C00937,VISA,Gold,500000000,ACTIVE
CARD00938,C00938,VISA,Infinite,50000000,ACTIVE
CARD00939,C00939,JCB,Infinite,30000000,BLOCKED
CARD00940,C00940,JCB,Classic,30000000,ACTIVE
CARD00941,C00941,MasterCard,Infinite,50000000,ACTIVE
CARD00942,C00942,Amex,Gold,500000000,ACTIVE
CARD00943,C00943,Amex,Gold,200000000,ACTIVE
CARD00944,C00944,VISA,Platinum,500000000,ACTIVE
CARD00945,C00945,JCB,Infinite,200000000,ACTIVE
CARD00946,C00946,Amex,Gold,500000000,BLOCKED
CARD00947,C00947,VISA,Infinite,20000000,ACTIVE
CARD00948,C00948,Amex,Classic,20000000,ACTIVE
CARD00949,C00949,VISA,Infinite,30000000,ACTIVE
CARD00950,C00950,VISA,Gold,30000000,ACTIVE
CARD00951,C00951,VISA,Infinite,50000000,BLOCKED
CARD00952,C00952,Amex,Gold,30000000,ACTIVE
CARD00953,C00953,VISA,Infinite,100000000,ACTIVE
CARD00954,C00954,Amex,Classic,20000000,ACTIVE
CARD00955,C00955,Amex,Classic,500000000,ACTIVE
CARD00956,C00956,Amex,Infinite,500000000,ACTIVE
CARD00957,C00957,JCB,Infinite,200000000,ACTIVE
CARD00958,C00958,VISA,Infinite,100000000,ACTIVE
CARD00959,C00959,JCB,Gold,30000000,ACTIVE
CARD00960,C00960,MasterCard,Gold,30000000,ACTIVE
CARD00961,C00961,JCB,Gold,200000000,ACTIVE
CARD00962,C00962,MasterCard,Classic,50000000,ACTIVE
CARD00963,C00963,JCB,Classic,50000000,ACTIVE
CARD00964,C00964,VISA,Infinite,10000000,ACTIVE
CARD00965,C00965,VISA,Platinum,30000000,ACTIVE
CARD00966,C00966,JCB,Gold,50000000,ACTIVE
CARD00967,C00967,JCB,Infinite,500000000,ACTIVE
CARD00968,C00968,Amex,Gold,30000000,ACTIVE
CARD00969,C00969,MasterCard,Gold,200000000,ACTIVE
CARD00970,C00970,MasterCard,Classic,200000000,ACTIVE
CARD00971,C00971,MasterCard,Gold,100000000,ACTIVE
CARD00972,C00972,JCB,Classic,200000000,BLOCKED
CARD00973,C00973,VISA,Platinum,20000000,ACTIVE
CARD00974,C00974,Amex,Classic,30000000,ACTIVE
CARD00975,C00975,MasterCard,Platinum,200000000,ACTIVE
CARD00976,C00976,Amex,Infinite,200000000,ACTIVE
CARD00977,C00977,JCB,Gold,50000000,ACTIVE
CARD00978,C00978,JCB,Classic,500000000,ACTIVE
CARD00979,C00979,Amex,Platinum,500000000,ACTIVE
CARD00980,C00980,JCB,Platinum,30000000,ACTIVE
CARD00981,C00981,MasterCard,Classic,30000000,ACTIVE
CARD00982,C00982,VISA,Gold,100000000,ACTIVE
CARD00983,C00983,VISA,Gold,20000000,ACTIVE
CARD00984,C00984,VISA,Platinum,100000000,BLOCKED
CARD00985,C00985,VISA,Infinite,50000000,ACTIVE
CARD00986,C00986,Amex,Classic,20000000,ACTIVE
CARD00987,C00987,MasterCard,Gold,500000000,ACTIVE
CARD00988,C00988,VISA,Gold,100000000,ACTIVE
CARD00989,C00989,MasterCard,Infinite,10000000,ACTIVE
CARD00990,C00990,JCB,Platinum,500000000,ACTIVE
CARD00991,C00991,VISA,Infinite,30000000,ACTIVE
CARD00992,C00992,JCB,Infinite,50000000,ACTIVE
CARD00993,C00993,JCB,Classic,500000000,ACTIVE
CARD00994,C00994,VISA,Platinum,50000000,BLOCKED
CARD00995,C00995,VISA,Infinite,100000000,ACTIVE
CARD00996,C00996,VISA,Gold,200000000,ACTIVE
CARD00997,C00997,Amex,Classic,500000000,ACTIVE
CARD00998,C00998,VISA,Platinum,10000000,ACTIVE
CARD00999,C00999,JCB,Classic,10000000,ACTIVE
CARD01000,C01000,Amex,Infinite,20000000,ACTIVE
CARD01001,C01001,Amex,Platinum,100000000,ACTIVE
CARD01002,C01002,MasterCard,Classic,500000000,ACTIVE
CARD01003,C01003,VISA,Platinum,500000000,ACTIVE
CARD01004,C01004,VISA,Gold,500000000,BLOCKED
CARD01005,C01005,VISA,Gold,50000000,ACTIVE
CARD01006,C01006,Amex,Platinum,50000000,ACTIVE
CARD01007,C01007,JCB,Gold,30000000,ACTIVE
CARD01008,C01008,VISA,Gold,20000000,ACTIVE
CARD01009,C01009,VISA,Infinite,10000000,ACTIVE
CARD01010,C01010,VISA,Gold,500000000,ACTIVE
CARD01011,C01011,VISA,Platinum,20000000,ACTIVE
CARD01012,C01012,MasterCard,Platinum,10000000,ACTIVE
CARD01013,C01013,JCB,Classic,50000000,ACTIVE
CARD01014,C01014,MasterCard,Gold,30000000,ACTIVE
CARD01015,C01015,Amex,Infinite,500000000,ACTIVE
CARD01016,C01016,JCB,Gold,30000000,ACTIVE
CARD01017,C01017,JCB,Platinum,10000000,ACTIVE
CARD01018,C01018,Amex,Gold,10000000,ACTIVE
CARD01019,C01019,Amex,Gold,20000000,ACTIVE
CARD01020,C01020,Amex,Infinite,30000000,ACTIVE
CARD01021,C01021,VISA,Infinite,30000000,ACTIVE
CARD01022,C01022,Amex,Classic,20000000,ACTIVE
CARD01023,C01023,VISA,Classic,100000000,ACTIVE
CARD01024,C01024,Amex,Classic,200000000,ACTIVE
CARD01025,C01025,JCB,Classic,100000000,ACTIVE
CARD01026,C01026,VISA,Infinite,100000000,ACTIVE
CARD01027,C01027,VISA,Infinite,50000000,ACTIVE
CARD01028,C01028,JCB,Platinum,200000000,BLOCKED
CARD01029,C01029,VISA,Classic,10000000,ACTIVE
CARD01030,C01030,VISA,Platinum,100000000,BLOCKED
CARD01031,C01031,Amex,Infinite,100000000,ACTIVE
CARD01032,C01032,JCB,Infinite,500000000,ACTIVE
CARD01033,C01033,JCB,Gold,100000000,ACTIVE
CARD01034,C01034,MasterCard,Classic,500000000,ACTIVE
CARD01035,C01035,JCB,Gold,100000000,ACTIVE
CARD01036,C01036,MasterCard,Gold,10000000,ACTIVE
CARD01037,C01037,VISA,Gold,500000000,ACTIVE
CARD01038,C01038,VISA,Platinum,50000000,ACTIVE
CARD01039,C01039,MasterCard,Platinum,500000000,ACTIVE
CARD01040,C01040,Amex,Gold,10000000,ACTIVE
CARD01041,C01041,VISA,Platinum,200000000,ACTIVE
CARD01042,C01042,MasterCard,Gold,100000000,ACTIVE
CARD01043,C01043,Amex,Gold,30000000,ACTIVE
CARD01044,C01044,VISA,Platinum,20000000,ACTIVE
CARD01045,C01045,VISA,Platinum,200000000,ACTIVE
CARD01046,C01046,MasterCard,Infinite,200000000,ACTIVE
CARD01047,C01047,JCB,Infinite,10000000,ACTIVE
CARD01048,C01048,VISA,Classic,100000000,ACTIVE
CARD01049,C01049,VISA,Platinum,500000000,ACTIVE
CARD01050,C01050,Amex,Platinum,20000000,ACTIVE
CARD01051,C01051,VISA,Gold,100000000,ACTIVE
CARD01052,C01052,JCB,Gold,200000000,ACTIVE
CARD01053,C01053,MasterCard,Platinum,30000000,ACTIVE
CARD01054,C01054,VISA,Infinite,50000000,ACTIVE
CARD01055,C01055,JCB,Infinite,200000000,ACTIVE
CARD01056,C01056,MasterCard,Gold,10000000,ACTIVE
CARD01057,C01057,JCB,Gold,20000000,ACTIVE
CARD01058,C01058,MasterCard,Infinite,200000000,ACTIVE
CARD01059,C01059,Amex,Gold,10000000,ACTIVE
CARD01060,C01060,MasterCard,Classic,30000000,ACTIVE
CARD01061,C01061,MasterCard,Classic,20000000,ACTIVE
CARD01062,C01062,Amex,Gold,20000000,ACTIVE
CARD01063,C01063,JCB,Classic,500000000,ACTIVE
CARD01064,C01064,MasterCard,Infinite,30000000,ACTIVE
CARD01065,C01065,MasterCard,Gold,500000000,ACTIVE
CARD01066,C01066,JCB,Classic,10000000,ACTIVE
CARD01067,C01067,JCB,Platinum,100000000,ACTIVE
CARD01068,C01068,Amex,Gold,20000000,ACTIVE
CARD01069,C01069,JCB,Infinite,10000000,ACTIVE
CARD01070,C01070,JCB,Classic,10000000,ACTIVE
CARD01071,C01071,Amex,Classic,200000000,ACTIVE
CARD01072,C01072,VISA,Infinite,20000000,ACTIVE
CARD01073,C01073,Amex,Classic,500000000,ACTIVE
CARD01074,C01074,VISA,Gold,20000000,ACTIVE
CARD01075,C01075,MasterCard,Platinum,10000000,ACTIVE
CARD01076,C01076,VISA,Platinum,30000000,ACTIVE
CARD01077,C01077,VISA,Classic,30000000,ACTIVE
CARD01078,C01078,VISA,Gold,30000000,ACTIVE
CARD01079,C01079,MasterCard,Classic,500000000,ACTIVE
CARD01080,C01080,VISA,Infinite,10000000,ACTIVE
CARD01081,C01081,VISA,Gold,50000000,ACTIVE
CARD01082,C01082,MasterCard,Gold,30000000,ACTIVE
CARD01083,C01083,Amex,Gold,20000000,BLOCKED
CARD01084,C01084,VISA,Gold,500000000,ACTIVE
CARD01085,C01085,JCB,Infinite,30000000,BLOCKED
CARD01086,C01086,MasterCard,Classic,20000000,ACTIVE
CARD01087,C01087,MasterCard,Infinite,10000000,ACTIVE
CARD01088,C01088,MasterCard,Infinite,20000000,BLOCKED
CARD01089,C01089,Amex,Gold,200000000,ACTIVE
CARD01090,C01090,Amex,Gold,10000000,ACTIVE
CARD01091,C01091,MasterCard,Infinite,500000000,ACTIVE
CARD01092,C01092,VISA,Platinum,20000000,ACTIVE
CARD01093,C01093,VISA,Platinum,20000000,ACTIVE
CARD01094,C01094,Amex,Platinum,20000000,ACTIVE
CARD01095,C01095,JCB,Gold,100000000,ACTIVE
CARD01096,C01096,MasterCard,Platinum,500000000,ACTIVE
CARD01097,C01097,VISA,Infinite,30000000,ACTIVE
CARD01098,C01098,MasterCard,Platinum,30000000,ACTIVE
CARD01099,C01099,VISA,Platinum,500000000,ACTIVE
CARD01100,C01100,MasterCard,Classic,500000000,ACTIVE
CARD01101,C01101,JCB,Infinite,500000000,ACTIVE
CARD01102,C01102,VISA,Gold,50000000,ACTIVE
CARD01103,C01103,VISA,Infinite,500000000,ACTIVE
CARD01104,C01104,MasterCard,Gold,100000000,ACTIVE
CARD01105,C01105,JCB,Gold,30000000,ACTIVE
CARD01106,C01106,MasterCard,Classic,200000000,ACTIVE
CARD01107,C01107,JCB,Platinum,50000000,ACTIVE
CARD01108,C01108,Amex,Platinum,10000000,ACTIVE
CARD01109,C01109,Amex,Infinite,30000000,ACTIVE
CARD01110,C01110,JCB,Infinite,100000000,ACTIVE
CARD01111,C01111,JCB,Classic,30000000,ACTIVE
CARD01112,C01112,VISA,Platinum,50000000,ACTIVE
CARD01113,C01113,Amex,Platinum,200000000,ACTIVE
CARD01114,C01114,Amex,Infinite,200000000,ACTIVE
CARD01115,C01115,VISA,Platinum,200000000,ACTIVE
CARD01116,C01116,VISA,Classic,50000000,ACTIVE
CARD01117,C01117,MasterCard,Classic,30000000,ACTIVE
CARD01118,C01118,JCB,Infinite,50000000,ACTIVE
CARD01119,C01119,MasterCard,Platinum,30000000,ACTIVE
CARD01120,C01120,Amex,Platinum,10000000,BLOCKED
CARD01121,C01121,Amex,Gold,10000000,ACTIVE
CARD01122,C01122,JCB,Gold,30000000,ACTIVE
CARD01123,C01123,MasterCard,Infinite,20000000,ACTIVE
CARD01124,C01124,MasterCard,Classic,100000000,ACTIVE
CARD01125,C01125,MasterCard,Infinite,500000000,ACTIVE
CARD01126,C01126,JCB,Gold,200000000,ACTIVE
CARD01127,C01127,MasterCard,Classic,20000000,BLOCKED
CARD01128,C01128,Amex,Classic,30000000,ACTIVE
CARD01129,C01129,Amex,Gold,500000000,ACTIVE
CARD01130,C01130,VISA,Platinum,50000000,ACTIVE
CARD01131,C01131,JCB,Gold,10000000,ACTIVE
CARD01132,C01132,MasterCard,Infinite,200000000,ACTIVE
CARD01133,C01133,JCB,Gold,10000000,ACTIVE
CARD01134,C01134,Amex,Platinum,100000000,ACTIVE
CARD01135,C01135,MasterCard,Gold,30000000,ACTIVE
CARD01136,C01136,JCB,Platinum,100000000,ACTIVE
CARD01137,C01137,JCB,Classic,100000000,ACTIVE
CARD01138,C01138,MasterCard,Infinite,500000000,ACTIVE
CARD01139,C01139,JCB,Infinite,10000000,BLOCKED
CARD01140,C01140,JCB,Gold,100000000,ACTIVE
CARD01141,C01141,VISA,Platinum,500000000,ACTIVE
CARD01142,C01142,Amex,Infinite,500000000,ACTIVE
CARD01143,C01143,MasterCard,Classic,500000000,ACTIVE
CARD01144,C01144,Amex,Infinite,20000000,ACTIVE
CARD01145,C01145,JCB,Platinum,50000000,ACTIVE
CARD01146,C01146,MasterCard,Infinite,200000000,ACTIVE
CARD01147,C01147,Amex,Platinum,50000000,ACTIVE
CARD01148,C01148,JCB,Classic,10000000,ACTIVE
CARD01149,C01149,VISA,Infinite,30000000,ACTIVE
CARD01150,C01150,Amex,Classic,200000000,ACTIVE
CARD01151,C01151,JCB,Gold,200000000,ACTIVE
CARD01152,C01152,JCB,Classic,500000000,ACTIVE
CARD01153,C01153,MasterCard,Platinum,30000000,ACTIVE
CARD01154,C01154,Amex,Gold,20000000,ACTIVE
CARD01155,C01155,JCB,Platinum,20000000,ACTIVE
CARD01156,C01156,JCB,Platinum,200000000,ACTIVE
CARD01157,C01157,JCB,Gold,100000000,ACTIVE
CARD01158,C01158,VISA,Classic,50000000,ACTIVE
CARD01159,C01159,VISA,Platinum,100000000,ACTIVE
CARD01160,C01160,Amex,Infinite,10000000,ACTIVE
CARD01161,C01161,JCB,Gold,50000000,ACTIVE
CARD01162,C01162,Amex,Classic,100000000,ACTIVE
CARD01163,C01163,Amex,Gold,100000000,ACTIVE
CARD01164,C01164,VISA,Classic,30000000,ACTIVE
CARD01165,C01165,VISA,Platinum,10000000,ACTIVE
CARD01166,C01166,JCB,Classic,20000000,BLOCKED
CARD01167,C01167,MasterCard,Gold,10000000,ACTIVE
CARD01168,C01168,Amex,Infinite,200000000,ACTIVE
CARD01169,C01169,VISA,Infinite,10000000,ACTIVE
CARD01170,C01170,Amex,Platinum,20000000,ACTIVE
CARD01171,C01171,MasterCard,Infinite,500000000,ACTIVE
CARD01172,C01172,JCB,Platinum,500000000,ACTIVE
CARD01173,C01173,Amex,Platinum,50000000,ACTIVE
CARD01174,C01174,VISA,Infinite,20000000,ACTIVE
CARD01175,C01175,VISA,Infinite,100000000,ACTIVE
CARD01176,C01176,Amex,Infinite,100000000,ACTIVE
CARD01177,C01177,Amex,Gold,30000000,ACTIVE
CARD01178,C01178,MasterCard,Infinite,30000000,ACTIVE
CARD01179,C01179,MasterCard,Gold,500000000,ACTIVE
CARD01180,C01180,Amex,Gold,20000000,ACTIVE
CARD01181,C01181,VISA,Platinum,10000000,ACTIVE
CARD01182,C01182,Amex,Infinite,20000000,ACTIVE
CARD01183,C01183,MasterCard,Gold,100000000,ACTIVE
CARD01184,C01184,Amex,Gold,20000000,ACTIVE
CARD01185,C01185,Amex,Infinite,50000000,ACTIVE
CARD01186,C01186,VISA,Platinum,10000000,ACTIVE
CARD01187,C01187,JCB,Infinite,10000000,ACTIVE
CARD01188,C01188,Amex,Gold,30000000,ACTIVE
CARD01189,C01189,MasterCard,Classic,10000000,ACTIVE
CARD01190,C01190,Amex,Infinite,200000000,ACTIVE
CARD01191,C01191,Amex,Infinite,50000000,ACTIVE
CARD01192,C01192,MasterCard,Platinum,50000000,ACTIVE
CARD01193,C01193,VISA,Gold,500000000,ACTIVE
CARD01194,C01194,VISA,Gold,200000000,ACTIVE
CARD01195,C01195,MasterCard,Infinite,500000000,ACTIVE
CARD01196,C01196,JCB,Classic,100000000,ACTIVE
CARD01197,C01197,Amex,Classic,50000000,ACTIVE
CARD01198,C01198,VISA,Gold,10000000,ACTIVE
CARD01199,C01199,MasterCard,Infinite,10000000,ACTIVE
CARD01200,C01200,MasterCard,Platinum,200000000,ACTIVE
CARD01201,C01201,MasterCard,Infinite,30000000,ACTIVE
CARD01202,C01202,MasterCard,Platinum,20000000,ACTIVE
CARD01203,C01203,MasterCard,Classic,20000000,ACTIVE
CARD01204,C01204,JCB,Gold,10000000,ACTIVE
CARD01205,C01205,MasterCard,Classic,200000000,ACTIVE
CARD01206,C01206,JCB,Gold,20000000,ACTIVE
CARD01207,C01207,JCB,Infinite,500000000,ACTIVE
CARD01208,C01208,VISA,Classic,500000000,ACTIVE
CARD01209,C01209,Amex,Infinite,10000000,ACTIVE
CARD01210,C01210,JCB,Classic,30000000,ACTIVE
CARD01211,C01211,JCB,Gold,30000000,ACTIVE
CARD01212,C01212,JCB,Infinite,30000000,ACTIVE
CARD01213,C01213,JCB,Gold,200000000,ACTIVE
CARD01214,C01214,JCB,Platinum,500000000,ACTIVE
CARD01215,C01215,JCB,Infinite,200000000,ACTIVE
CARD01216,C01216,Amex,Platinum,50000000,ACTIVE
CARD01217,C01217,Amex,Classic,200000000,ACTIVE
CARD01218,C01218,Amex,Gold,50000000,BLOCKED
CARD01219,C01219,MasterCard,Classic,10000000,ACTIVE
CARD01220,C01220,JCB,Gold,50000000,ACTIVE
CARD01221,C01221,JCB,Gold,10000000,ACTIVE
CARD01222,C01222,Amex,Classic,100000000,ACTIVE
CARD01223,C01223,JCB,Classic,500000000,ACTIVE
CARD01224,C01224,MasterCard,Classic,10000000,ACTIVE
CARD01225,C01225,MasterCard,Infinite,10000000,ACTIVE
CARD01226,C01226,Amex,Infinite,200000000,ACTIVE
CARD01227,C01227,VISA,Platinum,100000000,ACTIVE
CARD01228,C01228,Amex,Gold,10000000,ACTIVE
CARD01229,C01229,JCB,Classic,100000000,ACTIVE
CARD01230,C01230,VISA,Infinite,200000000,ACTIVE
CARD01231,C01231,Amex,Platinum,50000000,ACTIVE
CARD01232,C01232,Amex,Gold,20000000,ACTIVE
CARD01233,C01233,Amex,Infinite,100000000,ACTIVE
CARD01234,C01234,Amex,Platinum,500000000,ACTIVE
CARD01235,C01235,Amex,Infinite,200000000,ACTIVE
CARD01236,C01236,JCB,Classic,10000000,ACTIVE
CARD01237,C01237,MasterCard,Infinite,20000000,ACTIVE
CARD01238,C01238,JCB,Classic,100000000,ACTIVE
CARD01239,C01239,VISA,Gold,30000000,ACTIVE
CARD01240,C01240,VISA,Platinum,10000000,ACTIVE
CARD01241,C01241,JCB,Platinum,200000000,ACTIVE
CARD01242,C01242,JCB,Gold,20000000,ACTIVE
CARD01243,C01243,Amex,Classic,10000000,ACTIVE
CARD01244,C01244,Amex,Classic,100000000,ACTIVE
CARD01245,C01245,Amex,Classic,100000000,ACTIVE
CARD01246,C01246,Amex,Infinite,50000000,ACTIVE
CARD01247,C01247,Amex,Gold,500000000,ACTIVE
CARD01248,C01248,JCB,Platinum,30000000,ACTIVE
CARD01249,C01249,MasterCard,Platinum,500000000,ACTIVE
CARD01250,C01250,Amex,Platinum,10000000,ACTIVE
CARD01251,C01251,VISA,Classic,50000000,ACTIVE
CARD01252,C01252,Amex,Platinum,10000000,ACTIVE
CARD01253,C01253,VISA,Platinum,200000000,ACTIVE
CARD01254,C01254,VISA,Gold,500000000,ACTIVE
CARD01255,C01255,VISA,Platinum,30000000,ACTIVE
CARD01256,C01256,Amex,Infinite,200000000,ACTIVE
CARD01257,C01257,JCB,Gold,20000000,ACTIVE
CARD01258,C01258,JCB,Gold,10000000,ACTIVE
CARD01259,C01259,VISA,Infinite,30000000,ACTIVE
CARD01260,C01260,Amex,Infinite,100000000,ACTIVE
CARD01261,C01261,JCB,Classic,30000000,ACTIVE
CARD01262,C01262,MasterCard,Gold,50000000,ACTIVE
CARD01263,C01263,JCB,Infinite,500000000,ACTIVE
CARD01264,C01264,JCB,Infinite,500000000,ACTIVE
CARD01265,C01265,Amex,Infinite,50000000,ACTIVE
CARD01266,C01266,VISA,Classic,200000000,ACTIVE
CARD01267,C01267,Amex,Platinum,500000000,ACTIVE
CARD01268,C01268,JCB,Infinite,200000000,ACTIVE
CARD01269,C01269,JCB,Classic,100000000,ACTIVE
CARD01270,C01270,VISA,Infinite,100000000,ACTIVE
CARD01271,C01271,VISA,Infinite,20000000,ACTIVE
CARD01272,C01272,Amex,Infinite,100000000,ACTIVE
CARD01273,C01273,Amex,Platinum,10000000,ACTIVE
CARD01274,C01274,Amex,Infinite,500000000,ACTIVE
CARD01275,C01275,Amex,Gold,30000000,ACTIVE
CARD01276,C01276,VISA,Classic,50000000,ACTIVE
CARD01277,C01277,JCB,Infinite,500000000,ACTIVE
CARD01278,C01278,VISA,Platinum,200000000,BLOCKED
CARD01279,C01279,VISA,Classic,20000000,ACTIVE
CARD01280,C01280,Amex,Classic,50000000,ACTIVE
CARD01281,C01281,JCB,Infinite,10000000,ACTIVE
CARD01282,C01282,Amex,Classic,20000000,ACTIVE
CARD01283,C01283,MasterCard,Platinum,100000000,ACTIVE
CARD01284,C01284,VISA,Platinum,10000000,ACTIVE
CARD01285,C01285,VISA,Infinite,200000000,ACTIVE
CARD01286,C01286,MasterCard,Platinum,200000000,ACTIVE
CARD01287,C01287,MasterCard,Gold,30000000,ACTIVE
CARD01288,C01288,Amex,Infinite,30000000,ACTIVE
CARD01289,C01289,VISA,Classic,20000000,ACTIVE
CARD01290,C01290,VISA,Classic,100000000,ACTIVE
CARD01291,C01291,JCB,Classic,500000000,ACTIVE
CARD01292,C01292,MasterCard,Gold,500000000,ACTIVE
CARD01293,C01293,MasterCard,Gold,100000000,ACTIVE
CARD01294,C01294,MasterCard,Classic,10000000,ACTIVE
CARD01295,C01295,JCB,Classic,200000000,ACTIVE
CARD01296,C01296,VISA,Infinite,10000000,ACTIVE
CARD01297,C01297,VISA,Infinite,30000000,ACTIVE
CARD01298,C01298,VISA,Platinum,30000000,ACTIVE
CARD01299,C01299,JCB,Classic,100000000,ACTIVE
CARD01300,C01300,Amex,Gold,30000000,BLOCKED
CARD01301,C01301,VISA,Platinum,500000000,ACTIVE
CARD01302,C01302,MasterCard,Classic,20000000,ACTIVE
CARD01303,C01303,Amex,Classic,10000000,ACTIVE
CARD01304,C01304,MasterCard,Gold,200000000,ACTIVE
CARD01305,C01305,JCB,Infinite,20000000,ACTIVE
CARD01306,C01306,VISA,Classic,100000000,ACTIVE
CARD01307,C01307,VISA,Infinite,500000000,ACTIVE
CARD01308,C01308,VISA,Gold,500000000,ACTIVE
CARD01309,C01309,VISA,Gold,200000000,ACTIVE
CARD01310,C01310,JCB,Infinite,50000000,ACTIVE
CARD01311,C01311,MasterCard,Platinum,30000000,ACTIVE
CARD01312,C01312,Amex,Platinum,30000000,ACTIVE
CARD01313,C01313,JCB,Infinite,50000000,ACTIVE
CARD01314,C01314,MasterCard,Infinite,200000000,ACTIVE
CARD01315,C01315,Amex,Platinum,200000000,ACTIVE
CARD01316,C01316,MasterCard,Classic,10000000,ACTIVE
CARD01317,C01317,Amex,Gold,200000000,ACTIVE
CARD01318,C01318,JCB,Gold,30000000,ACTIVE
CARD01319,C01319,VISA,Classic,30000000,ACTIVE
CARD01320,C01320,VISA,Classic,200000000,ACTIVE
CARD01321,C01321,Amex,Platinum,10000000,ACTIVE
CARD01322,C01322,VISA,Classic,100000000,ACTIVE
CARD01323,C01323,JCB,Gold,50000000,ACTIVE
CARD01324,C01324,MasterCard,Platinum,50000000,ACTIVE
CARD01325,C01325,Amex,Classic,20000000,ACTIVE
CARD01326,C01326,Amex,Gold,200000000,ACTIVE
CARD01327,C01327,JCB,Platinum,500000000,ACTIVE
CARD01328,C01328,Amex,Classic,30000000,ACTIVE
CARD01329,C01329,Amex,Infinite,200000000,ACTIVE
CARD01330,C01330,MasterCard,Infinite,30000000,ACTIVE
CARD01331,C01331,MasterCard,Classic,200000000,ACTIVE
CARD01332,C01332,MasterCard,Gold,500000000,ACTIVE
CARD01333,C01333,MasterCard,Infinite,10000000,ACTIVE
CARD01334,C01334,MasterCard,Platinum,30000000,ACTIVE
CARD01335,C01335,Amex,Platinum,200000000,ACTIVE
CARD01336,C01336,Amex,Infinite,50000000,ACTIVE
CARD01337,C01337,MasterCard,Infinite,30000000,ACTIVE
CARD01338,C01338,MasterCard,Gold,100000000,ACTIVE
CARD01339,C01339,JCB,Classic,200000000,ACTIVE
CARD01340,C01340,VISA,Gold,100000000,ACTIVE
CARD01341,C01341,VISA,Infinite,50000000,ACTIVE
CARD01342,C01342,JCB,Platinum,500000000,ACTIVE
CARD01343,C01343,MasterCard,Platinum,20000000,ACTIVE
CARD01344,C01344,Amex,Infinite,20000000,ACTIVE
CARD01345,C01345,Amex,Infinite,30000000,ACTIVE
CARD01346,C01346,JCB,Platinum,10000000,ACTIVE
CARD01347,C01347,MasterCard,Platinum,50000000,ACTIVE
CARD01348,C01348,MasterCard,Platinum,30000000,ACTIVE
CARD01349,C01349,Amex,Gold,200000000,ACTIVE
CARD01350,C01350,VISA,Infinite,20000000,ACTIVE
CARD01351,C01351,MasterCard,Classic,10000000,ACTIVE
CARD01352,C01352,MasterCard,Platinum,30000000,BLOCKED
CARD01353,C01353,Amex,Classic,100000000,ACTIVE
CARD01354,C01354,MasterCard,Platinum,500000000,ACTIVE
CARD01355,C01355,Amex,Classic,10000000,ACTIVE
CARD01356,C01356,JCB,Infinite,500000000,ACTIVE
CARD01357,C01357,VISA,Infinite,50000000,BLOCKED
CARD01358,C01358,Amex,Platinum,30000000,ACTIVE
CARD01359,C01359,MasterCard,Gold,100000000,BLOCKED
CARD01360,C01360,MasterCard,Gold,10000000,ACTIVE
CARD01361,C01361,MasterCard,Classic,10000000,ACTIVE
CARD01362,C01362,VISA,Classic,30000000,ACTIVE
CARD01363,C01363,Amex,Classic,30000000,ACTIVE
CARD01364,C01364,Amex,Infinite,200000000,ACTIVE
CARD01365,C01365,JCB,Platinum,10000000,ACTIVE
CARD01366,C01366,JCB,Platinum,200000000,ACTIVE
CARD01367,C01367,Amex,Infinite,10000000,ACTIVE
CARD01368,C01368,Amex,Gold,500000000,ACTIVE
CARD01369,C01369,VISA,Gold,100000000,ACTIVE
CARD01370,C01370,VISA,Gold,200000000,ACTIVE
CARD01371,C01371,MasterCard,Gold,50000000,ACTIVE
CARD01372,C01372,JCB,Classic,100000000,ACTIVE
CARD01373,C01373,JCB,Gold,20000000,ACTIVE
CARD01374,C01374,JCB,Gold,200000000,ACTIVE
CARD01375,C01375,MasterCard,Gold,100000000,ACTIVE
CARD01376,C01376,Amex,Gold,200000000,ACTIVE
CARD01377,C01377,JCB,Platinum,100000000,ACTIVE
CARD01378,C01378,MasterCard,Infinite,100000000,ACTIVE
CARD01379,C01379,JCB,Gold,20000000,ACTIVE
CARD01380,C01380,JCB,Classic,100000000,ACTIVE
CARD01381,C01381,JCB,Gold,20000000,ACTIVE
CARD01382,C01382,JCB,Gold,100000000,ACTIVE
CARD01383,C01383,MasterCard,Platinum,10000000,ACTIVE
CARD01384,C01384,Amex,Platinum,500000000,ACTIVE
CARD01385,C01385,VISA,Gold,100000000,ACTIVE
CARD01386,C01386,MasterCard,Platinum,10000000,ACTIVE
CARD01387,C01387,Amex,Gold,50000000,ACTIVE
CARD01388,C01388,MasterCard,Platinum,30000000,ACTIVE
CARD01389,C01389,Amex,Platinum,10000000,ACTIVE
CARD01390,C01390,JCB,Infinite,200000000,ACTIVE
CARD01391,C01391,JCB,Platinum,10000000,ACTIVE
CARD01392,C01392,MasterCard,Classic,30000000,ACTIVE
CARD01393,C01393,VISA,Classic,20000000,ACTIVE
CARD01394,C01394,Amex,Gold,10000000,ACTIVE
CARD01395,C01395,JCB,Gold,10000000,BLOCKED
CARD01396,C01396,JCB,Platinum,20000000,ACTIVE
CARD01397,C01397,MasterCard,Infinite,100000000,ACTIVE
CARD01398,C01398,VISA,Platinum,50000000,ACTIVE
CARD01399,C01399,MasterCard,Classic,200000000,ACTIVE
CARD01400,C01400,MasterCard,Gold,30000000,ACTIVE
CARD01401,C01401,Amex,Platinum,200000000,ACTIVE
CARD01402,C01402,JCB,Gold,20000000,ACTIVE
CARD01403,C01403,JCB,Platinum,100000000,ACTIVE
CARD01404,C01404,VISA,Classic,10000000,ACTIVE
CARD01405,C01405,VISA,Platinum,100000000,ACTIVE
CARD01406,C01406,MasterCard,Platinum,100000000,ACTIVE
CARD01407,C01407,MasterCard,Infinite,30000000,ACTIVE
CARD01408,C01408,MasterCard,Platinum,200000000,ACTIVE
CARD01409,C01409,JCB,Infinite,10000000,ACTIVE
CARD01410,C01410,Amex,Infinite,20000000,ACTIVE
CARD01411,C01411,JCB,Gold,50000000,ACTIVE
CARD01412,C01412,Amex,Classic,30000000,ACTIVE
CARD01413,C01413,MasterCard,Classic,100000000,ACTIVE
CARD01414,C01414,JCB,Gold,30000000,ACTIVE
CARD01415,C01415,JCB,Infinite,500000000,ACTIVE
CARD01416,C01416,JCB,Gold,50000000,ACTIVE
CARD01417,C01417,JCB,Classic,10000000,ACTIVE
CARD01418,C01418,VISA,Platinum,500000000,ACTIVE
CARD01419,C01419,Amex,Gold,30000000,ACTIVE
CARD01420,C01420,Amex,Infinite,10000000,ACTIVE
CARD01421,C01421,Amex,Classic,10000000,ACTIVE
CARD01422,C01422,Amex,Platinum,30000000,ACTIVE
CARD01423,C01423,Amex,Infinite,200000000,ACTIVE
CARD01424,C01424,Amex,Platinum,30000000,ACTIVE
CARD01425,C01425,JCB,Gold,500000000,ACTIVE
CARD01426,C01426,JCB,Infinite,30000000,ACTIVE
CARD01427,C01427,JCB,Platinum,30000000,ACTIVE
CARD01428,C01428,Amex,Infinite,200000000,ACTIVE
CARD01429,C01429,JCB,Gold,30000000,ACTIVE
CARD01430,C01430,VISA,Infinite,100000000,ACTIVE
CARD01431,C01431,Amex,Classic,10000000,ACTIVE
CARD01432,C01432,VISA,Classic,30000000,ACTIVE
CARD01433,C01433,MasterCard,Infinite,100000000,ACTIVE
CARD01434,C01434,MasterCard,Platinum,100000000,ACTIVE
CARD01435,C01435,Amex,Classic,500000000,ACTIVE
CARD01436,C01436,JCB,Infinite,200000000,ACTIVE
CARD01437,C01437,JCB,Platinum,500000000,ACTIVE
CARD01438,C01438,Amex,Platinum,500000000,ACTIVE
CARD01439,C01439,JCB,Infinite,200000000,ACTIVE
CARD01440,C01440,JCB,Infinite,10000000,ACTIVE
CARD01441,C01441,MasterCard,Platinum,500000000,ACTIVE
CARD01442,C01442,MasterCard,Platinum,30000000,ACTIVE
CARD01443,C01443,MasterCard,Platinum,100000000,ACTIVE
CARD01444,C01444,MasterCard,Platinum,50000000,ACTIVE
CARD01445,C01445,JCB,Platinum,30000000,ACTIVE
CARD01446,C01446,VISA,Classic,20000000,ACTIVE
CARD01447,C01447,Amex,Gold,500000000,BLOCKED
CARD01448,C01448,Amex,Classic,500000000,ACTIVE
CARD01449,C01449,VISA,Infinite,500000000,ACTIVE
CARD01450,C01450,MasterCard,Gold,100000000,ACTIVE
CARD01451,C01451,MasterCard,Gold,500000000,ACTIVE
CARD01452,C01452,MasterCard,Gold,500000000,ACTIVE
CARD01453,C01453,VISA,Gold,200000000,ACTIVE
CARD01454,C01454,VISA,Classic,500000000,ACTIVE
CARD01455,C01455,Amex,Classic,30000000,ACTIVE
CARD01456,C01456,JCB,Gold,20000000,ACTIVE
CARD01457,C01457,MasterCard,Platinum,100000000,ACTIVE
CARD01458,C01458,VISA,Gold,50000000,ACTIVE
CARD01459,C01459,Amex,Platinum,30000000,ACTIVE
CARD01460,C01460,JCB,Gold,30000000,ACTIVE
CARD01461,C01461,VISA,Classic,500000000,ACTIVE
CARD01462,C01462,MasterCard,Platinum,200000000,ACTIVE
CARD01463,C01463,JCB,Gold,50000000,ACTIVE
CARD01464,C01464,Amex,Gold,30000000,ACTIVE
CARD01465,C01465,Amex,Platinum,50000000,ACTIVE
CARD01466,C01466,JCB,Platinum,100000000,ACTIVE
CARD01467,C01467,VISA,Platinum,500000000,ACTIVE
CARD01468,C01468,VISA,Gold,10000000,ACTIVE
CARD01469,C01469,Amex,Classic,30000000,ACTIVE
CARD01470,C01470,JCB,Classic,30000000,ACTIVE
CARD01471,C01471,MasterCard,Gold,20000000,ACTIVE
CARD01472,C01472,Amex,Infinite,200000000,ACTIVE
CARD01473,C01473,JCB,Platinum,50000000,ACTIVE
CARD01474,C01474,MasterCard,Classic,500000000,ACTIVE
CARD01475,C01475,MasterCard,Platinum,30000000,ACTIVE
CARD01476,C01476,Amex,Classic,500000000,ACTIVE
CARD01477,C01477,JCB,Platinum,50000000,ACTIVE
CARD01478,C01478,VISA,Gold,50000000,ACTIVE
CARD01479,C01479,Amex,Infinite,100000000,ACTIVE
CARD01480,C01480,VISA,Platinum,500000000,ACTIVE
CARD01481,C01481,Amex,Platinum,50000000,ACTIVE
CARD01482,C01482,Amex,Classic,200000000,ACTIVE
CARD01483,C01483,MasterCard,Classic,500000000,ACTIVE
CARD01484,C01484,JCB,Gold,20000000,ACTIVE
CARD01485,C01485,Amex,Infinite,200000000,ACTIVE
CARD01486,C01486,VISA,Infinite,10000000,ACTIVE
CARD01487,C01487,JCB,Classic,500000000,ACTIVE
CARD01488,C01488,VISA,Infinite,20000000,BLOCKED
CARD01489,C01489,VISA,Infinite,100000000,ACTIVE
CARD01490,C01490,VISA,Classic,500000000,ACTIVE
CARD01491,C01491,JCB,Gold,100000000,ACTIVE
CARD01492,C01492,Amex,Infinite,10000000,ACTIVE
CARD01493,C01493,MasterCard,Gold,20000000,ACTIVE
CARD01494,C01494,VISA,Platinum,50000000,ACTIVE
CARD01495,C01495,JCB,Platinum,50000000,ACTIVE
CARD01496,C01496,Amex,Gold,30000000,ACTIVE
CARD01497,C01497,Amex,Classic,200000000,ACTIVE
CARD01498,C01498,JCB,Infinite,500000000,ACTIVE
CARD01499,C01499,MasterCard,Gold,30000000,ACTIVE
CARD01500,C01500,VISA,Infinite,100000000,ACTIVE
CARD01501,C01501,MasterCard,Platinum,100000000,ACTIVE
CARD01502,C01502,Amex,Classic,200000000,ACTIVE
CARD01503,C01503,MasterCard,Infinite,10000000,ACTIVE
CARD01504,C01504,Amex,Classic,20000000,ACTIVE
CARD01505,C01505,Amex,Infinite,30000000,ACTIVE
CARD01506,C01506,JCB,Infinite,500000000,ACTIVE
CARD01507,C01507,VISA,Infinite,200000000,ACTIVE
CARD01508,C01508,MasterCard,Platinum,30000000,ACTIVE
CARD01509,C01509,MasterCard,Gold,200000000,ACTIVE
CARD01510,C01510,JCB,Platinum,200000000,ACTIVE
CARD01511,C01511,Amex,Platinum,500000000,ACTIVE
CARD01512,C01512,Amex,Platinum,200000000,ACTIVE
CARD01513,C01513,Amex,Infinite,20000000,ACTIVE
CARD01514,C01514,JCB,Gold,100000000,ACTIVE
CARD01515,C01515,VISA,Gold,20000000,ACTIVE
CARD01516,C01516,MasterCard,Platinum,500000000,ACTIVE
CARD01517,C01517,VISA,Platinum,500000000,ACTIVE
CARD01518,C01518,JCB,Infinite,50000000,ACTIVE
CARD01519,C01519,VISA,Platinum,100000000,ACTIVE
CARD01520,C01520,Amex,Classic,50000000,ACTIVE
CARD01521,C01521,MasterCard,Platinum,200000000,ACTIVE
CARD01522,C01522,JCB,Platinum,20000000,BLOCKED
CARD01523,C01523,Amex,Infinite,200000000,ACTIVE
CARD01524,C01524,VISA,Platinum,500000000,ACTIVE
CARD01525,C01525,Amex,Gold,100000000,ACTIVE
CARD01526,C01526,MasterCard,Infinite,500000000,ACTIVE
CARD01527,C01527,JCB,Classic,20000000,ACTIVE
CARD01528,C01528,MasterCard,Infinite,100000000,ACTIVE
CARD01529,C01529,Amex,Gold,20000000,ACTIVE
CARD01530,C01530,VISA,Gold,30000000,ACTIVE
CARD01531,C01531,VISA,Gold,20000000,ACTIVE
CARD01532,C01532,Amex,Gold,50000000,ACTIVE
CARD01533,C01533,Amex,Gold,20000000,BLOCKED
CARD01534,C01534,VISA,Platinum,50000000,ACTIVE
CARD01535,C01535,Amex,Infinite,100000000,ACTIVE
CARD01536,C01536,MasterCard,Gold,20000000,ACTIVE
CARD01537,C01537,MasterCard,Classic,10000000,ACTIVE
CARD01538,C01538,VISA,Gold,10000000,ACTIVE
CARD01539,C01539,Amex,Classic,30000000,ACTIVE
CARD01540,C01540,VISA,Platinum,50000000,ACTIVE
CARD01541,C01541,MasterCard,Classic,10000000,ACTIVE
CARD01542,C01542,Amex,Gold,100000000,ACTIVE
CARD01543,C01543,VISA,Gold,20000000,ACTIVE
CARD01544,C01544,JCB,Platinum,20000000,ACTIVE
CARD01545,C01545,JCB,Platinum,20000000,ACTIVE
CARD01546,C01546,JCB,Gold,500000000,ACTIVE
CARD01547,C01547,Amex,Gold,500000000,ACTIVE
CARD01548,C01548,VISA,Classic,100000000,ACTIVE
CARD01549,C01549,VISA,Platinum,30000000,ACTIVE
CARD01550,C01550,Amex,Gold,10000000,ACTIVE
CARD01551,C01551,MasterCard,Platinum,100000000,ACTIVE
CARD01552,C01552,VISA,Gold,20000000,ACTIVE
CARD01553,C01553,Amex,Gold,100000000,ACTIVE
CARD01554,C01554,Amex,Gold,500000000,ACTIVE
CARD01555,C01555,JCB,Platinum,200000000,ACTIVE
CARD01556,C01556,JCB,Platinum,200000000,ACTIVE
CARD01557,C01557,JCB,Platinum,20000000,ACTIVE
CARD01558,C01558,MasterCard,Infinite,200000000,ACTIVE
CARD01559,C01559,Amex,Classic,20000000,ACTIVE
CARD01560,C01560,MasterCard,Gold,500000000,ACTIVE
CARD01561,C01561,VISA,Infinite,200000000,ACTIVE
CARD01562,C01562,MasterCard,Classic,30000000,ACTIVE
CARD01563,C01563,Amex,Gold,200000000,ACTIVE
CARD01564,C01564,Amex,Gold,10000000,BLOCKED
CARD01565,C01565,JCB,Gold,10000000,ACTIVE
CARD01566,C01566,JCB,Classic,30000000,ACTIVE
CARD01567,C01567,MasterCard,Infinite,20000000,ACTIVE
CARD01568,C01568,MasterCard,Gold,200000000,ACTIVE
CARD01569,C01569,JCB,Gold,500000000,ACTIVE
CARD01570,C01570,VISA,Gold,30000000,ACTIVE
CARD01571,C01571,Amex,Infinite,50000000,BLOCKED
CARD01572,C01572,VISA,Platinum,200000000,ACTIVE
CARD01573,C01573,VISA,Infinite,200000000,ACTIVE
CARD01574,C01574,MasterCard,Platinum,50000000,ACTIVE
CARD01575,C01575,JCB,Infinite,500000000,ACTIVE
CARD01576,C01576,MasterCard,Gold,20000000,ACTIVE
CARD01577,C01577,Amex,Gold,20000000,ACTIVE
CARD01578,C01578,Amex,Classic,30000000,ACTIVE
CARD01579,C01579,VISA,Infinite,10000000,ACTIVE
CARD01580,C01580,JCB,Gold,200000000,ACTIVE
CARD01581,C01581,JCB,Platinum,20000000,ACTIVE
CARD01582,C01582,VISA,Classic,20000000,ACTIVE
CARD01583,C01583,VISA,Gold,500000000,ACTIVE
CARD01584,C01584,VISA,Gold,100000000,ACTIVE
CARD01585,C01585,VISA,Classic,50000000,ACTIVE
CARD01586,C01586,MasterCard,Platinum,200000000,ACTIVE
CARD01587,C01587,MasterCard,Platinum,500000000,ACTIVE
CARD01588,C01588,Amex,Gold,20000000,ACTIVE
CARD01589,C01589,JCB,Gold,30000000,ACTIVE
CARD01590,C01590,Amex,Infinite,100000000,ACTIVE
CARD01591,C01591,VISA,Gold,200000000,ACTIVE
CARD01592,C01592,MasterCard,Gold,50000000,ACTIVE
CARD01593,C01593,Amex,Platinum,10000000,ACTIVE
CARD01594,C01594,VISA,Gold,100000000,ACTIVE
CARD01595,C01595,MasterCard,Gold,10000000,ACTIVE
CARD01596,C01596,Amex,Infinite,30000000,ACTIVE
CARD01597,C01597,JCB,Platinum,10000000,ACTIVE
CARD01598,C01598,JCB,Platinum,100000000,ACTIVE
CARD01599,C01599,MasterCard,Infinite,100000000,ACTIVE
CARD01600,C01600,VISA,Classic,100000000,ACTIVE
CARD01601,C01601,MasterCard,Classic,20000000,ACTIVE
CARD01602,C01602,VISA,Infinite,500000000,ACTIVE
CARD01603,C01603,Amex,Classic,10000000,ACTIVE
CARD01604,C01604,MasterCard,Platinum,10000000,BLOCKED
CARD01605,C01605,JCB,Gold,30000000,ACTIVE
CARD01606,C01606,JCB,Gold,20000000,ACTIVE
CARD01607,C01607,MasterCard,Infinite,20000000,ACTIVE
CARD01608,C01608,VISA,Platinum,20000000,ACTIVE
CARD01609,C01609,MasterCard,Gold,50000000,ACTIVE
CARD01610,C01610,JCB,Platinum,500000000,ACTIVE
CARD01611,C01611,VISA,Platinum,500000000,ACTIVE
CARD01612,C01612,JCB,Gold,200000000,ACTIVE
CARD01613,C01613,JCB,Platinum,50000000,BLOCKED
CARD01614,C01614,Amex,Gold,100000000,ACTIVE
CARD01615,C01615,VISA,Classic,200000000,ACTIVE
CARD01616,C01616,JCB,Infinite,500000000,ACTIVE
CARD01617,C01617,MasterCard,Platinum,100000000,ACTIVE
CARD01618,C01618,MasterCard,Infinite,500000000,ACTIVE
CARD01619,C01619,JCB,Classic,50000000,ACTIVE
CARD01620,C01620,VISA,Infinite,20000000,ACTIVE
CARD01621,C01621,JCB,Infinite,100000000,ACTIVE
CARD01622,C01622,MasterCard,Platinum,100000000,ACTIVE
CARD01623,C01623,VISA,Platinum,20000000,ACTIVE
CARD01624,C01624,MasterCard,Platinum,50000000,ACTIVE
CARD01625,C01625,MasterCard,Platinum,100000000,ACTIVE
CARD01626,C01626,VISA,Classic,30000000,ACTIVE
CARD01627,C01627,JCB,Platinum,500000000,ACTIVE
CARD01628,C01628,VISA,Infinite,10000000,ACTIVE
CARD01629,C01629,MasterCard,Platinum,100000000,ACTIVE
CARD01630,C01630,MasterCard,Platinum,50000000,ACTIVE
CARD01631,C01631,MasterCard,Gold,20000000,ACTIVE
CARD01632,C01632,MasterCard,Classic,10000000,ACTIVE
CARD01633,C01633,MasterCard,Platinum,100000000,ACTIVE
CARD01634,C01634,JCB,Classic,100000000,ACTIVE
CARD01635,C01635,MasterCard,Classic,200000000,ACTIVE
CARD01636,C01636,MasterCard,Gold,10000000,BLOCKED
CARD01637,C01637,VISA,Platinum,50000000,ACTIVE
CARD01638,C01638,JCB,Classic,500000000,ACTIVE
CARD01639,C01639,MasterCard,Gold,500000000,BLOCKED
CARD01640,C01640,VISA,Infinite,20000000,ACTIVE
CARD01641,C01641,JCB,Classic,200000000,ACTIVE
CARD01642,C01642,MasterCard,Gold,100000000,ACTIVE
CARD01643,C01643,MasterCard,Platinum,500000000,ACTIVE
CARD01644,C01644,Amex,Gold,100000000,ACTIVE
CARD01645,C01645,MasterCard,Platinum,30000000,ACTIVE
CARD01646,C01646,VISA,Infinite,50000000,ACTIVE
CARD01647,C01647,VISA,Platinum,30000000,ACTIVE
CARD01648,C01648,JCB,Gold,50000000,ACTIVE
CARD01649,C01649,MasterCard,Infinite,100000000,ACTIVE
CARD01650,C01650,MasterCard,Classic,200000000,ACTIVE
CARD01651,C01651,VISA,Gold,50000000,ACTIVE
CARD01652,C01652,VISA,Infinite,500000000,ACTIVE
CARD01653,C01653,MasterCard,Gold,500000000,ACTIVE
CARD01654,C01654,JCB,Infinite,500000000,ACTIVE
CARD01655,C01655,Amex,Gold,30000000,ACTIVE
CARD01656,C01656,VISA,Platinum,30000000,ACTIVE
CARD01657,C01657,JCB,Platinum,200000000,ACTIVE
CARD01658,C01658,JCB,Gold,500000000,ACTIVE
CARD01659,C01659,VISA,Classic,200000000,ACTIVE
CARD01660,C01660,MasterCard,Gold,50000000,ACTIVE
CARD01661,C01661,JCB,Platinum,50000000,ACTIVE
CARD01662,C01662,JCB,Infinite,500000000,ACTIVE
CARD01663,C01663,Amex,Gold,10000000,ACTIVE
CARD01664,C01664,Amex,Platinum,10000000,BLOCKED
CARD01665,C01665,JCB,Classic,200000000,ACTIVE
CARD01666,C01666,JCB,Classic,100000000,ACTIVE
CARD01667,C01667,JCB,Gold,100000000,ACTIVE
CARD01668,C01668,VISA,Infinite,500000000,ACTIVE
CARD01669,C01669,JCB,Classic,200000000,ACTIVE
CARD01670,C01670,VISA,Platinum,200000000,ACTIVE
CARD01671,C01671,VISA,Platinum,100000000,ACTIVE
CARD01672,C01672,MasterCard,Gold,500000000,ACTIVE
CARD01673,C01673,VISA,Gold,10000000,ACTIVE
CARD01674,C01674,MasterCard,Classic,200000000,ACTIVE
CARD01675,C01675,VISA,Platinum,30000000,ACTIVE
CARD01676,C01676,Amex,Gold,500000000,ACTIVE
CARD01677,C01677,Amex,Infinite,20000000,ACTIVE
CARD01678,C01678,VISA,Infinite,500000000,ACTIVE
CARD01679,C01679,JCB,Classic,20000000,ACTIVE
CARD01680,C01680,MasterCard,Platinum,50000000,ACTIVE
CARD01681,C01681,VISA,Infinite,20000000,ACTIVE
CARD01682,C01682,JCB,Infinite,500000000,ACTIVE
CARD01683,C01683,JCB,Gold,20000000,ACTIVE
CARD01684,C01684,MasterCard,Classic,200000000,ACTIVE
CARD01685,C01685,JCB,Gold,50000000,ACTIVE
CARD01686,C01686,VISA,Infinite,200000000,ACTIVE
CARD01687,C01687,Amex,Infinite,200000000,ACTIVE
CARD01688,C01688,VISA,Classic,30000000,ACTIVE
CARD01689,C01689,VISA,Platinum,10000000,ACTIVE
CARD01690,C01690,Amex,Infinite,30000000,ACTIVE
CARD01691,C01691,MasterCard,Infinite,30000000,ACTIVE
CARD01692,C01692,VISA,Gold,500000000,ACTIVE
CARD01693,C01693,MasterCard,Classic,30000000,ACTIVE
CARD01694,C01694,VISA,Classic,200000000,ACTIVE
CARD01695,C01695,JCB,Gold,20000000,ACTIVE
CARD01696,C01696,JCB,Platinum,30000000,ACTIVE
CARD01697,C01697,Amex,Classic,50000000,ACTIVE
CARD01698,C01698,MasterCard,Classic,100000000,ACTIVE
CARD01699,C01699,VISA,Gold,50000000,ACTIVE
CARD01700,C01700,JCB,Gold,30000000,ACTIVE
CARD01701,C01701,MasterCard,Platinum,500000000,ACTIVE
CARD01702,C01702,VISA,Gold,100000000,ACTIVE
CARD01703,C01703,JCB,Classic,200000000,ACTIVE
CARD01704,C01704,VISA,Gold,200000000,ACTIVE
CARD01705,C01705,VISA,Platinum,20000000,ACTIVE
CARD01706,C01706,MasterCard,Platinum,100000000,ACTIVE
CARD01707,C01707,Amex,Gold,500000000,ACTIVE
CARD01708,C01708,VISA,Gold,200000000,ACTIVE
CARD01709,C01709,MasterCard,Platinum,500000000,ACTIVE
CARD01710,C01710,JCB,Platinum,200000000,ACTIVE
CARD01711,C01711,JCB,Infinite,30000000,ACTIVE
CARD01712,C01712,JCB,Infinite,500000000,ACTIVE
CARD01713,C01713,Amex,Platinum,30000000,ACTIVE
CARD01714,C01714,JCB,Classic,20000000,ACTIVE
CARD01715,C01715,VISA,Classic,10000000,ACTIVE
CARD01716,C01716,VISA,Classic,20000000,ACTIVE
CARD01717,C01717,MasterCard,Gold,10000000,ACTIVE
CARD01718,C01718,VISA,Infinite,20000000,BLOCKED
CARD01719,C01719,VISA,Classic,30000000,ACTIVE
CARD01720,C01720,JCB,Gold,500000000,ACTIVE
CARD01721,C01721,MasterCard,Classic,500000000,ACTIVE
CARD01722,C01722,JCB,Infinite,50000000,ACTIVE
CARD01723,C01723,JCB,Classic,20000000,ACTIVE
CARD01724,C01724,MasterCard,Platinum,20000000,ACTIVE
CARD01725,C01725,MasterCard,Classic,20000000,ACTIVE
CARD01726,C01726,JCB,Platinum,50000000,ACTIVE
CARD01727,C01727,MasterCard,Classic,100000000,ACTIVE
CARD01728,C01728,MasterCard,Infinite,200000000,ACTIVE
CARD01729,C01729,VISA,Gold,50000000,ACTIVE
CARD01730,C01730,MasterCard,Gold,50000000,ACTIVE
CARD01731,C01731,VISA,Infinite,50000000,ACTIVE
CARD01732,C01732,JCB,Gold,10000000,ACTIVE
CARD01733,C01733,VISA,Classic,100000000,BLOCKED
CARD01734,C01734,Amex,Classic,10000000,ACTIVE
CARD01735,C01735,Amex,Gold,200000000,ACTIVE
CARD01736,C01736,JCB,Classic,500000000,ACTIVE
CARD01737,C01737,JCB,Infinite,10000000,ACTIVE
CARD01738,C01738,VISA,Platinum,30000000,ACTIVE
CARD01739,C01739,MasterCard,Infinite,20000000,ACTIVE
CARD01740,C01740,VISA,Gold,50000000,ACTIVE
CARD01741,C01741,MasterCard,Infinite,100000000,ACTIVE
CARD01742,C01742,JCB,Gold,100000000,ACTIVE
CARD01743,C01743,JCB,Infinite,200000000,ACTIVE
CARD01744,C01744,VISA,Infinite,200000000,ACTIVE
CARD01745,C01745,JCB,Gold,10000000,ACTIVE
CARD01746,C01746,JCB,Infinite,200000000,ACTIVE
CARD01747,C01747,Amex,Gold,500000000,ACTIVE
CARD01748,C01748,MasterCard,Platinum,30000000,ACTIVE
CARD01749,C01749,VISA,Infinite,200000000,ACTIVE
CARD01750,C01750,MasterCard,Platinum,50000000,ACTIVE
CARD01751,C01751,Amex,Infinite,30000000,BLOCKED
CARD01752,C01752,MasterCard,Classic,10000000,ACTIVE
CARD01753,C01753,Amex,Classic,30000000,ACTIVE
CARD01754,C01754,Amex,Platinum,200000000,ACTIVE
CARD01755,C01755,Amex,Classic,100000000,ACTIVE
CARD01756,C01756,VISA,Gold,50000000,ACTIVE
CARD01757,C01757,MasterCard,Gold,100000000,ACTIVE
CARD01758,C01758,VISA,Platinum,100000000,ACTIVE
CARD01759,C01759,MasterCard,Classic,200000000,BLOCKED
CARD01760,C01760,Amex,Infinite,20000000,ACTIVE
CARD01761,C01761,VISA,Infinite,10000000,BLOCKED
CARD01762,C01762,JCB,Platinum,20000000,BLOCKED
CARD01763,C01763,JCB,Platinum,500000000,ACTIVE
CARD01764,C01764,MasterCard,Infinite,10000000,ACTIVE
CARD01765,C01765,JCB,Gold,100000000,ACTIVE
CARD01766,C01766,VISA,Platinum,100000000,ACTIVE
CARD01767,C01767,VISA,Platinum,100000000,ACTIVE
CARD01768,C01768,Amex,Infinite,20000000,ACTIVE
CARD01769,C01769,MasterCard,Infinite,30000000,ACTIVE
CARD01770,C01770,MasterCard,Gold,30000000,ACTIVE
CARD01771,C01771,VISA,Classic,100000000,ACTIVE
CARD01772,C01772,MasterCard,Classic,50000000,ACTIVE
CARD01773,C01773,VISA,Infinite,500000000,ACTIVE
CARD01774,C01774,Amex,Gold,30000000,ACTIVE
CARD01775,C01775,JCB,Classic,500000000,ACTIVE
CARD01776,C01776,JCB,Gold,30000000,ACTIVE
CARD01777,C01777,VISA,Classic,500000000,ACTIVE
CARD01778,C01778,MasterCard,Platinum,100000000,ACTIVE
CARD01779,C01779,JCB,Infinite,500000000,ACTIVE
CARD01780,C01780,VISA,Infinite,200000000,ACTIVE
CARD01781,C01781,JCB,Platinum,100000000,BLOCKED
CARD01782,C01782,Amex,Platinum,200000000,ACTIVE
CARD01783,C01783,JCB,Gold,500000000,ACTIVE
CARD01784,C01784,VISA,Infinite,500000000,ACTIVE
CARD01785,C01785,MasterCard,Platinum,200000000,ACTIVE
CARD01786,C01786,JCB,Classic,100000000,ACTIVE
CARD01787,C01787,VISA,Gold,10000000,ACTIVE
CARD01788,C01788,Amex,Infinite,20000000,ACTIVE
CARD01789,C01789,MasterCard,Infinite,50000000,ACTIVE
CARD01790,C01790,JCB,Infinite,50000000,ACTIVE
CARD01791,C01791,MasterCard,Infinite,500000000,ACTIVE
CARD01792,C01792,MasterCard,Platinum,200000000,ACTIVE
CARD01793,C01793,JCB,Classic,500000000,ACTIVE
CARD01794,C01794,MasterCard,Infinite,200000000,ACTIVE
CARD01795,C01795,Amex,Classic,500000000,BLOCKED
CARD01796,C01796,Amex,Infinite,200000000,ACTIVE
CARD01797,C01797,Amex,Gold,30000000,ACTIVE
CARD01798,C01798,JCB,Platinum,500000000,ACTIVE
CARD01799,C01799,VISA,Infinite,500000000,ACTIVE
CARD01800,C01800,MasterCard,Classic,20000000,ACTIVE
CARD01801,C01801,Amex,Infinite,30000000,ACTIVE
CARD01802,C01802,MasterCard,Gold,100000000,ACTIVE
CARD01803,C01803,VISA,Gold,20000000,ACTIVE
CARD01804,C01804,VISA,Gold,500000000,ACTIVE
CARD01805,C01805,Amex,Classic,500000000,ACTIVE
CARD01806,C01806,JCB,Platinum,20000000,ACTIVE
CARD01807,C01807,VISA,Infinite,500000000,ACTIVE
CARD01808,C01808,VISA,Classic,20000000,ACTIVE
CARD01809,C01809,VISA,Gold,50000000,ACTIVE
CARD01810,C01810,MasterCard,Classic,30000000,ACTIVE
CARD01811,C01811,Amex,Infinite,200000000,ACTIVE
CARD01812,C01812,VISA,Platinum,10000000,ACTIVE
CARD01813,C01813,VISA,Platinum,100000000,ACTIVE
CARD01814,C01814,VISA,Classic,500000000,ACTIVE
CARD01815,C01815,MasterCard,Classic,30000000,ACTIVE
CARD01816,C01816,VISA,Classic,100000000,ACTIVE
CARD01817,C01817,Amex,Classic,10000000,ACTIVE
CARD01818,C01818,Amex,Platinum,50000000,ACTIVE
CARD01819,C01819,JCB,Platinum,100000000,ACTIVE
CARD01820,C01820,VISA,Gold,20000000,ACTIVE
CARD01821,C01821,Amex,Classic,200000000,ACTIVE
CARD01822,C01822,Amex,Platinum,50000000,ACTIVE
CARD01823,C01823,Amex,Classic,20000000,ACTIVE
CARD01824,C01824,JCB,Platinum,500000000,ACTIVE
CARD01825,C01825,VISA,Platinum,200000000,ACTIVE
CARD01826,C01826,MasterCard,Gold,200000000,ACTIVE
CARD01827,C01827,MasterCard,Gold,200000000,ACTIVE
CARD01828,C01828,MasterCard,Classic,500000000,ACTIVE
CARD01829,C01829,VISA,Classic,50000000,ACTIVE
CARD01830,C01830,MasterCard,Infinite,50000000,ACTIVE
CARD01831,C01831,Amex,Gold,30000000,ACTIVE
CARD01832,C01832,VISA,Gold,10000000,ACTIVE
CARD01833,C01833,JCB,Infinite,30000000,BLOCKED
CARD01834,C01834,VISA,Infinite,30000000,ACTIVE
CARD01835,C01835,MasterCard,Platinum,500000000,ACTIVE
CARD01836,C01836,VISA,Platinum,10000000,ACTIVE
CARD01837,C01837,MasterCard,Infinite,100000000,ACTIVE
CARD01838,C01838,VISA,Gold,30000000,ACTIVE
CARD01839,C01839,Amex,Infinite,30000000,ACTIVE
CARD01840,C01840,Amex,Infinite,500000000,ACTIVE
CARD01841,C01841,MasterCard,Infinite,200000000,ACTIVE
CARD01842,C01842,VISA,Infinite,20000000,ACTIVE
CARD01843,C01843,MasterCard,Infinite,200000000,ACTIVE
CARD01844,C01844,Amex,Infinite,10000000,ACTIVE
CARD01845,C01845,Amex,Platinum,200000000,ACTIVE
CARD01846,C01846,VISA,Classic,50000000,ACTIVE
CARD01847,C01847,JCB,Classic,500000000,ACTIVE
CARD01848,C01848,Amex,Platinum,10000000,ACTIVE
CARD01849,C01849,JCB,Classic,500000000,ACTIVE
CARD01850,C01850,VISA,Platinum,200000000,ACTIVE
CARD01851,C01851,MasterCard,Platinum,500000000,ACTIVE
CARD01852,C01852,MasterCard,Platinum,50000000,ACTIVE
CARD01853,C01853,MasterCard,Infinite,100000000,ACTIVE
CARD01854,C01854,MasterCard,Gold,200000000,ACTIVE
CARD01855,C01855,VISA,Platinum,100000000,ACTIVE
CARD01856,C01856,MasterCard,Classic,100000000,ACTIVE
CARD01857,C01857,JCB,Infinite,500000000,ACTIVE
CARD01858,C01858,Amex,Gold,500000000,ACTIVE
CARD01859,C01859,VISA,Platinum,10000000,ACTIVE
CARD01860,C01860,VISA,Infinite,30000000,ACTIVE
CARD01861,C01861,Amex,Platinum,200000000,BLOCKED
CARD01862,C01862,JCB,Classic,10000000,ACTIVE
CARD01863,C01863,MasterCard,Infinite,100000000,ACTIVE
CARD01864,C01864,MasterCard,Gold,100000000,ACTIVE
CARD01865,C01865,Amex,Platinum,100000000,ACTIVE
CARD01866,C01866,JCB,Gold,100000000,ACTIVE
CARD01867,C01867,MasterCard,Platinum,50000000,BLOCKED
CARD01868,C01868,Amex,Platinum,100000000,ACTIVE
CARD01869,C01869,Amex,Classic,100000000,ACTIVE
CARD01870,C01870,Amex,Classic,20000000,ACTIVE
CARD01871,C01871,VISA,Classic,500000000,ACTIVE
CARD01872,C01872,MasterCard,Platinum,100000000,ACTIVE
CARD01873,C01873,VISA,Gold,50000000,ACTIVE
CARD01874,C01874,Amex,Classic,200000000,ACTIVE
CARD01875,C01875,Amex,Gold,100000000,BLOCKED
CARD01876,C01876,Amex,Gold,10000000,ACTIVE
CARD01877,C01877,MasterCard,Infinite,100000000,ACTIVE
CARD01878,C01878,VISA,Platinum,30000000,ACTIVE
CARD01879,C01879,Amex,Platinum,500000000,BLOCKED
CARD01880,C01880,JCB,Classic,30000000,ACTIVE
CARD01881,C01881,JCB,Infinite,30000000,BLOCKED
CARD01882,C01882,JCB,Infinite,200000000,ACTIVE
CARD01883,C01883,Amex,Gold,30000000,ACTIVE
CARD01884,C01884,Amex,Classic,10000000,ACTIVE
CARD01885,C01885,Amex,Gold,20000000,ACTIVE
CARD01886,C01886,JCB,Gold,100000000,ACTIVE
CARD01887,C01887,MasterCard,Platinum,10000000,ACTIVE
CARD01888,C01888,MasterCard,Infinite,500000000,ACTIVE
CARD01889,C01889,VISA,Infinite,20000000,ACTIVE
CARD01890,C01890,VISA,Classic,20000000,ACTIVE
CARD01891,C01891,Amex,Infinite,100000000,ACTIVE
CARD01892,C01892,MasterCard,Classic,200000000,ACTIVE
CARD01893,C01893,MasterCard,Gold,500000000,ACTIVE
CARD01894,C01894,JCB,Classic,500000000,ACTIVE
CARD01895,C01895,Amex,Classic,500000000,ACTIVE
CARD01896,C01896,JCB,Classic,500000000,ACTIVE
CARD01897,C01897,VISA,Classic,20000000,ACTIVE
CARD01898,C01898,JCB,Platinum,200000000,ACTIVE
CARD01899,C01899,VISA,Infinite,50000000,ACTIVE
CARD01900,C01900,JCB,Gold,500000000,ACTIVE
CARD01901,C01901,VISA,Platinum,100000000,ACTIVE
CARD01902,C01902,VISA,Classic,10000000,ACTIVE
CARD01903,C01903,JCB,Infinite,100000000,ACTIVE
CARD01904,C01904,MasterCard,Classic,500000000,ACTIVE
CARD01905,C01905,MasterCard,Gold,10000000,ACTIVE
CARD01906,C01906,JCB,Infinite,10000000,ACTIVE
CARD01907,C01907,VISA,Platinum,500000000,ACTIVE
CARD01908,C01908,MasterCard,Gold,30000000,ACTIVE
CARD01909,C01909,Amex,Classic,10000000,ACTIVE
CARD01910,C01910,VISA,Gold,10000000,ACTIVE
CARD01911,C01911,JCB,Infinite,30000000,ACTIVE
CARD01912,C01912,MasterCard,Platinum,10000000,ACTIVE
CARD01913,C01913,MasterCard,Platinum,30000000,ACTIVE
CARD01914,C01914,VISA,Infinite,20000000,ACTIVE
CARD01915,C01915,JCB,Platinum,100000000,ACTIVE
CARD01916,C01916,MasterCard,Classic,10000000,ACTIVE
CARD01917,C01917,Amex,Platinum,50000000,ACTIVE
CARD01918,C01918,Amex,Infinite,20000000,ACTIVE
CARD01919,C01919,Amex,Classic,10000000,ACTIVE
CARD01920,C01920,Amex,Gold,100000000,ACTIVE
CARD01921,C01921,Amex,Gold,50000000,ACTIVE
CARD01922,C01922,VISA,Gold,100000000,ACTIVE
CARD01923,C01923,VISA,Platinum,500000000,BLOCKED
CARD01924,C01924,Amex,Classic,200000000,ACTIVE
CARD01925,C01925,JCB,Infinite,10000000,ACTIVE
CARD01926,C01926,VISA,Classic,100000000,ACTIVE
CARD01927,C01927,Amex,Gold,200000000,ACTIVE
CARD01928,C01928,VISA,Platinum,500000000,ACTIVE
CARD01929,C01929,Amex,Classic,100000000,ACTIVE
CARD01930,C01930,JCB,Infinite,20000000,ACTIVE
CARD01931,C01931,Amex,Gold,50000000,ACTIVE
CARD01932,C01932,VISA,Gold,20000000,ACTIVE
CARD01933,C01933,MasterCard,Infinite,200000000,ACTIVE
CARD01934,C01934,MasterCard,Gold,100000000,ACTIVE
CARD01935,C01935,JCB,Gold,50000000,ACTIVE
CARD01936,C01936,MasterCard,Gold,30000000,BLOCKED
CARD01937,C01937,VISA,Platinum,200000000,ACTIVE
CARD01938,C01938,VISA,Classic,30000000,ACTIVE
CARD01939,C01939,VISA,Infinite,10000000,ACTIVE
CARD01940,C01940,Amex,Infinite,500000000,ACTIVE
CARD01941,C01941,VISA,Classic,30000000,ACTIVE
CARD01942,C01942,Amex,Classic,100000000,ACTIVE
CARD01943,C01943,VISA,Gold,10000000,ACTIVE
CARD01944,C01944,JCB,Gold,200000000,ACTIVE
CARD01945,C01945,JCB,Gold,30000000,ACTIVE
CARD01946,C01946,VISA,Infinite,50000000,ACTIVE
CARD01947,C01947,VISA,Gold,20000000,BLOCKED
CARD01948,C01948,VISA,Platinum,20000000,ACTIVE
CARD01949,C01949,MasterCard,Gold,200000000,ACTIVE
CARD01950,C01950,VISA,Gold,20000000,ACTIVE
CARD01951,C01951,VISA,Platinum,20000000,ACTIVE
CARD01952,C01952,MasterCard,Classic,50000000,ACTIVE
CARD01953,C01953,JCB,Classic,30000000,ACTIVE
CARD01954,C01954,Amex,Infinite,50000000,ACTIVE
CARD01955,C01955,JCB,Platinum,200000000,ACTIVE
CARD01956,C01956,MasterCard,Infinite,10000000,ACTIVE
CARD01957,C01957,JCB,Infinite,200000000,BLOCKED
CARD01958,C01958,MasterCard,Infinite,20000000,ACTIVE
CARD01959,C01959,JCB,Infinite,100000000,ACTIVE
CARD01960,C01960,Amex,Gold,10000000,ACTIVE
CARD01961,C01961,MasterCard,Infinite,10000000,ACTIVE
CARD01962,C01962,VISA,Platinum,50000000,ACTIVE
CARD01963,C01963,VISA,Platinum,10000000,ACTIVE
CARD01964,C01964,VISA,Infinite,500000000,ACTIVE
CARD01965,C01965,MasterCard,Classic,100000000,ACTIVE
CARD01966,C01966,VISA,Gold,200000000,ACTIVE
CARD01967,C01967,VISA,Infinite,100000000,BLOCKED
CARD01968,C01968,JCB,Infinite,200000000,ACTIVE
CARD01969,C01969,MasterCard,Gold,500000000,ACTIVE
CARD01970,C01970,Amex,Classic,50000000,ACTIVE
CARD01971,C01971,JCB,Gold,10000000,ACTIVE
CARD01972,C01972,MasterCard,Platinum,200000000,ACTIVE
CARD01973,C01973,VISA,Gold,10000000,ACTIVE
CARD01974,C01974,Amex,Platinum,500000000,ACTIVE
CARD01975,C01975,Amex,Classic,20000000,ACTIVE
CARD01976,C01976,MasterCard,Platinum,30000000,ACTIVE
CARD01977,C01977,JCB,Platinum,10000000,ACTIVE
CARD01978,C01978,MasterCard,Platinum,10000000,ACTIVE
CARD01979,C01979,VISA,Classic,30000000,ACTIVE
CARD01980,C01980,JCB,Infinite,200000000,ACTIVE
CARD01981,C01981,Amex,Platinum,200000000,ACTIVE
CARD01982,C01982,VISA,Gold,20000000,ACTIVE
CARD01983,C01983,MasterCard,Classic,500000000,ACTIVE
CARD01984,C01984,MasterCard,Gold,100000000,ACTIVE
CARD01985,C01985,Amex,Infinite,20000000,ACTIVE
CARD01986,C01986,VISA,Classic,20000000,BLOCKED
CARD01987,C01987,JCB,Classic,50000000,ACTIVE
CARD01988,C01988,Amex,Infinite,100000000,ACTIVE
CARD01989,C01989,MasterCard,Gold,30000000,ACTIVE
CARD01990,C01990,JCB,Gold,100000000,ACTIVE
CARD01991,C01991,JCB,Classic,100000000,ACTIVE
CARD01992,C01992,Amex,Platinum,20000000,ACTIVE
CARD01993,C01993,JCB,Classic,20000000,ACTIVE
CARD01994,C01994,VISA,Infinite,50000000,ACTIVE
CARD01995,C01995,Amex,Classic,10000000,ACTIVE
CARD01996,C01996,VISA,Gold,200000000,ACTIVE
CARD01997,C01997,MasterCard,Gold,20000000,ACTIVE
CARD01998,C01998,Amex,Gold,50000000,ACTIVE
CARD01999,C01999,VISA,Infinite,20000000,ACTIVE
CARD02000,C02000,VISA,Gold,200000000,ACTIVE
CARD02001,C02001,JCB,Infinite,50000000,ACTIVE
CARD02002,C02002,JCB,Infinite,30000000,ACTIVE
CARD02003,C02003,MasterCard,Platinum,50000000,ACTIVE
CARD02004,C02004,VISA,Gold,50000000,ACTIVE
CARD02005,C02005,VISA,Platinum,30000000,BLOCKED
CARD02006,C02006,JCB,Classic,50000000,ACTIVE
CARD02007,C02007,MasterCard,Classic,200000000,ACTIVE
CARD02008,C02008,MasterCard,Gold,100000000,ACTIVE
CARD02009,C02009,VISA,Platinum,100000000,ACTIVE
CARD02010,C02010,VISA,Classic,100000000,ACTIVE
CARD02011,C02011,Amex,Infinite,10000000,ACTIVE
CARD02012,C02012,MasterCard,Classic,50000000,ACTIVE
CARD02013,C02013,MasterCard,Classic,20000000,ACTIVE
CARD02014,C02014,MasterCard,Classic,500000000,ACTIVE
CARD02015,C02015,VISA,Gold,500000000,BLOCKED
CARD02016,C02016,MasterCard,Platinum,30000000,ACTIVE
CARD02017,C02017,MasterCard,Platinum,500000000,ACTIVE
CARD02018,C02018,Amex,Infinite,50000000,ACTIVE
CARD02019,C02019,VISA,Infinite,500000000,ACTIVE
CARD02020,C02020,VISA,Gold,30000000,ACTIVE
CARD02021,C02021,JCB,Classic,100000000,ACTIVE
CARD02022,C02022,Amex,Platinum,100000000,ACTIVE
CARD02023,C02023,MasterCard,Infinite,100000000,ACTIVE
CARD02024,C02024,VISA,Infinite,200000000,ACTIVE
CARD02025,C02025,MasterCard,Platinum,500000000,ACTIVE
CARD02026,C02026,Amex,Infinite,30000000,ACTIVE
CARD02027,C02027,VISA,Gold,200000000,ACTIVE
CARD02028,C02028,Amex,Gold,20000000,ACTIVE
CARD02029,C02029,VISA,Gold,50000000,ACTIVE
CARD02030,C02030,Amex,Classic,200000000,ACTIVE
CARD02031,C02031,MasterCard,Infinite,200000000,ACTIVE
CARD02032,C02032,VISA,Gold,50000000,ACTIVE
CARD02033,C02033,Amex,Infinite,100000000,ACTIVE
CARD02034,C02034,VISA,Gold,30000000,ACTIVE
CARD02035,C02035,Amex,Classic,500000000,ACTIVE
CARD02036,C02036,JCB,Platinum,20000000,ACTIVE
CARD02037,C02037,VISA,Infinite,30000000,ACTIVE
CARD02038,C02038,MasterCard,Gold,20000000,ACTIVE
CARD02039,C02039,VISA,Platinum,50000000,ACTIVE
CARD02040,C02040,Amex,Classic,30000000,ACTIVE
CARD02041,C02041,VISA,Infinite,10000000,ACTIVE
CARD02042,C02042,JCB,Classic,500000000,ACTIVE
CARD02043,C02043,Amex,Gold,30000000,ACTIVE
CARD02044,C02044,JCB,Classic,30000000,ACTIVE
CARD02045,C02045,MasterCard,Gold,200000000,ACTIVE
CARD02046,C02046,Amex,Classic,100000000,ACTIVE
CARD02047,C02047,MasterCard,Platinum,30000000,ACTIVE
CARD02048,C02048,Amex,Platinum,10000000,ACTIVE
CARD02049,C02049,Amex,Classic,100000000,ACTIVE
CARD02050,C02050,Amex,Infinite,200000000,ACTIVE
CARD02051,C02051,MasterCard,Infinite,200000000,ACTIVE
CARD02052,C02052,Amex,Infinite,10000000,ACTIVE
CARD02053,C02053,JCB,Classic,50000000,ACTIVE
CARD02054,C02054,VISA,Classic,30000000,BLOCKED
CARD02055,C02055,MasterCard,Classic,20000000,ACTIVE
CARD02056,C02056,JCB,Classic,30000000,ACTIVE
CARD02057,C02057,Amex,Platinum,20000000,ACTIVE
CARD02058,C02058,JCB,Platinum,500000000,ACTIVE
CARD02059,C02059,JCB,Infinite,50000000,ACTIVE
CARD02060,C02060,Amex,Infinite,20000000,ACTIVE
CARD02061,C02061,JCB,Platinum,100000000,ACTIVE
CARD02062,C02062,VISA,Platinum,500000000,ACTIVE
CARD02063,C02063,MasterCard,Classic,500000000,ACTIVE
CARD02064,C02064,Amex,Classic,500000000,ACTIVE
CARD02065,C02065,VISA,Classic,100000000,ACTIVE
CARD02066,C02066,Amex,Platinum,50000000,BLOCKED
CARD02067,C02067,VISA,Gold,200000000,ACTIVE
CARD02068,C02068,JCB,Gold,200000000,ACTIVE
CARD02069,C02069,VISA,Gold,30000000,ACTIVE
CARD02070,C02070,MasterCard,Infinite,50000000,ACTIVE
CARD02071,C02071,VISA,Classic,10000000,ACTIVE
CARD02072,C02072,JCB,Infinite,100000000,ACTIVE
CARD02073,C02073,Amex,Infinite,500000000,ACTIVE
CARD02074,C02074,JCB,Platinum,200000000,ACTIVE
CARD02075,C02075,JCB,Classic,100000000,ACTIVE
CARD02076,C02076,VISA,Gold,20000000,ACTIVE
CARD02077,C02077,MasterCard,Platinum,10000000,ACTIVE
CARD02078,C02078,Amex,Gold,500000000,ACTIVE
CARD02079,C02079,Amex,Classic,10000000,ACTIVE
CARD02080,C02080,Amex,Infinite,50000000,ACTIVE
CARD02081,C02081,JCB,Classic,200000000,ACTIVE
CARD02082,C02082,JCB,Classic,10000000,ACTIVE
CARD02083,C02083,JCB,Gold,30000000,ACTIVE
CARD02084,C02084,MasterCard,Infinite,500000000,ACTIVE
CARD02085,C02085,VISA,Platinum,50000000,ACTIVE
CARD02086,C02086,Amex,Gold,500000000,ACTIVE
CARD02087,C02087,MasterCard,Infinite,200000000,ACTIVE
CARD02088,C02088,Amex,Platinum,200000000,ACTIVE
CARD02089,C02089,Amex,Platinum,50000000,ACTIVE
CARD02090,C02090,MasterCard,Gold,50000000,ACTIVE
CARD02091,C02091,VISA,Classic,100000000,ACTIVE
CARD02092,C02092,VISA,Classic,500000000,ACTIVE
CARD02093,C02093,Amex,Platinum,200000000,ACTIVE
CARD02094,C02094,JCB,Infinite,200000000,BLOCKED
CARD02095,C02095,Amex,Classic,10000000,ACTIVE
CARD02096,C02096,Amex,Platinum,30000000,ACTIVE
CARD02097,C02097,Amex,Gold,20000000,ACTIVE
CARD02098,C02098,Amex,Platinum,50000000,ACTIVE
CARD02099,C02099,VISA,Classic,30000000,ACTIVE
CARD02100,C02100,Amex,Platinum,100000000,ACTIVE
CARD02101,C02101,Amex,Platinum,100000000,ACTIVE
CARD02102,C02102,VISA,Gold,50000000,ACTIVE
CARD02103,C02103,VISA,Infinite,20000000,ACTIVE
CARD02104,C02104,JCB,Gold,30000000,ACTIVE
CARD02105,C02105,VISA,Platinum,30000000,ACTIVE
CARD02106,C02106,MasterCard,Classic,200000000,ACTIVE
CARD02107,C02107,MasterCard,Gold,30000000,ACTIVE
CARD02108,C02108,Amex,Platinum,20000000,ACTIVE
CARD02109,C02109,MasterCard,Classic,50000000,ACTIVE
CARD02110,C02110,Amex,Platinum,100000000,ACTIVE
CARD02111,C02111,JCB,Gold,20000000,ACTIVE
CARD02112,C02112,Amex,Classic,200000000,ACTIVE
CARD02113,C02113,MasterCard,Infinite,20000000,ACTIVE
CARD02114,C02114,JCB,Gold,200000000,ACTIVE
CARD02115,C02115,VISA,Classic,10000000,ACTIVE
CARD02116,C02116,JCB,Gold,200000000,ACTIVE
CARD02117,C02117,MasterCard,Classic,100000000,ACTIVE
CARD02118,C02118,Amex,Platinum,20000000,ACTIVE
CARD02119,C02119,JCB,Gold,100000000,ACTIVE
CARD02120,C02120,VISA,Platinum,50000000,ACTIVE
CARD02121,C02121,MasterCard,Infinite,30000000,ACTIVE
CARD02122,C02122,VISA,Classic,10000000,ACTIVE
CARD02123,C02123,Amex,Gold,100000000,ACTIVE
CARD02124,C02124,JCB,Classic,10000000,ACTIVE
CARD02125,C02125,MasterCard,Gold,10000000,ACTIVE
CARD02126,C02126,MasterCard,Gold,100000000,ACTIVE
CARD02127,C02127,VISA,Infinite,500000000,ACTIVE
CARD02128,C02128,JCB,Infinite,200000000,ACTIVE
CARD02129,C02129,MasterCard,Classic,10000000,ACTIVE
CARD02130,C02130,Amex,Infinite,20000000,ACTIVE
CARD02131,C02131,MasterCard,Gold,500000000,ACTIVE
CARD02132,C02132,JCB,Classic,200000000,ACTIVE
CARD02133,C02133,Amex,Platinum,10000000,ACTIVE
CARD02134,C02134,VISA,Platinum,30000000,ACTIVE
CARD02135,C02135,VISA,Infinite,50000000,ACTIVE
CARD02136,C02136,MasterCard,Infinite,50000000,ACTIVE
CARD02137,C02137,Amex,Gold,30000000,ACTIVE
CARD02138,C02138,VISA,Classic,200000000,ACTIVE
CARD02139,C02139,JCB,Platinum,500000000,ACTIVE
CARD02140,C02140,JCB,Gold,10000000,ACTIVE
CARD02141,C02141,Amex,Classic,200000000,ACTIVE
CARD02142,C02142,JCB,Classic,50000000,ACTIVE
CARD02143,C02143,MasterCard,Platinum,100000000,ACTIVE
CARD02144,C02144,Amex,Platinum,50000000,ACTIVE
CARD02145,C02145,MasterCard,Platinum,20000000,ACTIVE
CARD02146,C02146,Amex,Classic,30000000,ACTIVE
CARD02147,C02147,VISA,Platinum,10000000,ACTIVE
CARD02148,C02148,MasterCard,Platinum,200000000,ACTIVE
CARD02149,C02149,JCB,Platinum,30000000,ACTIVE
CARD02150,C02150,VISA,Platinum,500000000,BLOCKED
CARD02151,C02151,Amex,Infinite,100000000,ACTIVE
CARD02152,C02152,MasterCard,Gold,50000000,ACTIVE
CARD02153,C02153,MasterCard,Infinite,30000000,ACTIVE
CARD02154,C02154,VISA,Classic,100000000,ACTIVE
CARD02155,C02155,MasterCard,Gold,500000000,ACTIVE
CARD02156,C02156,JCB,Gold,20000000,ACTIVE
CARD02157,C02157,VISA,Gold,20000000,ACTIVE
CARD02158,C02158,Amex,Platinum,10000000,ACTIVE
CARD02159,C02159,VISA,Infinite,50000000,ACTIVE
CARD02160,C02160,JCB,Classic,30000000,BLOCKED
CARD02161,C02161,Amex,Classic,30000000,ACTIVE
CARD02162,C02162,MasterCard,Infinite,20000000,ACTIVE
CARD02163,C02163,MasterCard,Gold,30000000,BLOCKED
CARD02164,C02164,VISA,Platinum,50000000,ACTIVE
CARD02165,C02165,JCB,Classic,50000000,ACTIVE
CARD02166,C02166,MasterCard,Classic,100000000,ACTIVE
CARD02167,C02167,JCB,Gold,10000000,ACTIVE
CARD02168,C02168,Amex,Gold,20000000,ACTIVE
CARD02169,C02169,VISA,Infinite,30000000,ACTIVE
CARD02170,C02170,JCB,Infinite,30000000,ACTIVE
CARD02171,C02171,Amex,Classic,10000000,ACTIVE
CARD02172,C02172,Amex,Gold,500000000,ACTIVE
CARD02173,C02173,JCB,Classic,200000000,BLOCKED
CARD02174,C02174,VISA,Infinite,20000000,ACTIVE
CARD02175,C02175,VISA,Platinum,200000000,ACTIVE
CARD02176,C02176,VISA,Gold,30000000,ACTIVE
CARD02177,C02177,Amex,Classic,500000000,ACTIVE
CARD02178,C02178,VISA,Platinum,200000000,BLOCKED
CARD02179,C02179,JCB,Gold,50000000,ACTIVE
CARD02180,C02180,Amex,Infinite,100000000,ACTIVE
CARD02181,C02181,VISA,Gold,20000000,ACTIVE
CARD02182,C02182,MasterCard,Classic,500000000,ACTIVE
CARD02183,C02183,JCB,Classic,30000000,ACTIVE
CARD02184,C02184,MasterCard,Classic,20000000,ACTIVE
CARD02185,C02185,Amex,Platinum,10000000,ACTIVE
CARD02186,C02186,Amex,Classic,200000000,ACTIVE
CARD02187,C02187,VISA,Gold,30000000,ACTIVE
CARD02188,C02188,VISA,Platinum,200000000,BLOCKED
CARD02189,C02189,JCB,Classic,500000000,ACTIVE
CARD02190,C02190,Amex,Infinite,500000000,ACTIVE
CARD02191,C02191,MasterCard,Infinite,20000000,BLOCKED
CARD02192,C02192,Amex,Infinite,20000000,ACTIVE
CARD02193,C02193,VISA,Infinite,30000000,ACTIVE
CARD02194,C02194,MasterCard,Infinite,50000000,ACTIVE
CARD02195,C02195,VISA,Classic,500000000,ACTIVE
CARD02196,C02196,Amex,Infinite,10000000,ACTIVE
CARD02197,C02197,Amex,Classic,20000000,ACTIVE
CARD02198,C02198,MasterCard,Classic,500000000,ACTIVE
CARD02199,C02199,VISA,Platinum,20000000,ACTIVE
CARD02200,C02200,Amex,Platinum,100000000,ACTIVE
CARD02201,C02201,VISA,Platinum,500000000,ACTIVE
CARD02202,C02202,Amex,Infinite,30000000,ACTIVE
CARD02203,C02203,MasterCard,Gold,100000000,ACTIVE
CARD02204,C02204,MasterCard,Platinum,200000000,ACTIVE
CARD02205,C02205,Amex,Gold,500000000,ACTIVE
CARD02206,C02206,Amex,Infinite,100000000,ACTIVE
CARD02207,C02207,Amex,Infinite,200000000,ACTIVE
CARD02208,C02208,Amex,Platinum,100000000,ACTIVE
CARD02209,C02209,MasterCard,Platinum,50000000,ACTIVE
CARD02210,C02210,MasterCard,Classic,100000000,ACTIVE
CARD02211,C02211,Amex,Infinite,200000000,ACTIVE
CARD02212,C02212,JCB,Platinum,500000000,ACTIVE
CARD02213,C02213,MasterCard,Platinum,10000000,ACTIVE
CARD02214,C02214,Amex,Platinum,10000000,ACTIVE
CARD02215,C02215,VISA,Classic,20000000,ACTIVE
CARD02216,C02216,JCB,Classic,20000000,ACTIVE
CARD02217,C02217,MasterCard,Infinite,200000000,ACTIVE
CARD02218,C02218,VISA,Infinite,30000000,ACTIVE
CARD02219,C02219,MasterCard,Gold,100000000,ACTIVE
CARD02220,C02220,Amex,Classic,50000000,ACTIVE
CARD02221,C02221,VISA,Classic,50000000,ACTIVE
CARD02222,C02222,JCB,Classic,20000000,ACTIVE
CARD02223,C02223,VISA,Platinum,10000000,ACTIVE
CARD02224,C02224,JCB,Classic,50000000,ACTIVE
CARD02225,C02225,JCB,Infinite,500000000,ACTIVE
CARD02226,C02226,Amex,Infinite,500000000,ACTIVE
CARD02227,C02227,VISA,Platinum,500000000,ACTIVE
CARD02228,C02228,Amex,Platinum,500000000,ACTIVE
CARD02229,C02229,JCB,Gold,500000000,ACTIVE
CARD02230,C02230,MasterCard,Platinum,30000000,ACTIVE
CARD02231,C02231,VISA,Platinum,30000000,ACTIVE
CARD02232,C02232,MasterCard,Classic,500000000,ACTIVE
CARD02233,C02233,VISA,Gold,100000000,BLOCKED
CARD02234,C02234,JCB,Classic,30000000,BLOCKED
CARD02235,C02235,Amex,Gold,50000000,ACTIVE
CARD02236,C02236,JCB,Gold,20000000,ACTIVE
CARD02237,C02237,Amex,Classic,30000000,ACTIVE
CARD02238,C02238,Amex,Platinum,500000000,ACTIVE
CARD02239,C02239,Amex,Infinite,10000000,ACTIVE
CARD02240,C02240,MasterCard,Infinite,30000000,ACTIVE
CARD02241,C02241,VISA,Platinum,10000000,ACTIVE
CARD02242,C02242,MasterCard,Gold,10000000,ACTIVE
CARD02243,C02243,JCB,Classic,500000000,ACTIVE
CARD02244,C02244,Amex,Classic,500000000,ACTIVE
CARD02245,C02245,JCB,Gold,30000000,ACTIVE
CARD02246,C02246,VISA,Infinite,200000000,ACTIVE
CARD02247,C02247,MasterCard,Classic,500000000,ACTIVE
CARD02248,C02248,Amex,Classic,200000000,ACTIVE
CARD02249,C02249,MasterCard,Infinite,10000000,ACTIVE
CARD02250,C02250,MasterCard,Classic,20000000,ACTIVE
CARD02251,C02251,VISA,Gold,30000000,ACTIVE
CARD02252,C02252,Amex,Gold,20000000,ACTIVE
CARD02253,C02253,MasterCard,Gold,500000000,ACTIVE
CARD02254,C02254,Amex,Infinite,30000000,ACTIVE
CARD02255,C02255,VISA,Infinite,500000000,ACTIVE
CARD02256,C02256,VISA,Platinum,30000000,ACTIVE
CARD02257,C02257,MasterCard,Gold,10000000,ACTIVE
CARD02258,C02258,Amex,Platinum,10000000,ACTIVE
CARD02259,C02259,VISA,Infinite,20000000,ACTIVE
CARD02260,C02260,Amex,Gold,100000000,ACTIVE
CARD02261,C02261,MasterCard,Platinum,200000000,ACTIVE
CARD02262,C02262,Amex,Classic,100000000,BLOCKED
CARD02263,C02263,MasterCard,Classic,50000000,ACTIVE
CARD02264,C02264,MasterCard,Platinum,100000000,ACTIVE
CARD02265,C02265,MasterCard,Platinum,100000000,ACTIVE
CARD02266,C02266,JCB,Infinite,500000000,ACTIVE
CARD02267,C02267,VISA,Gold,100000000,ACTIVE
CARD02268,C02268,JCB,Gold,10000000,ACTIVE
CARD02269,C02269,Amex,Infinite,200000000,ACTIVE
CARD02270,C02270,MasterCard,Infinite,100000000,ACTIVE
CARD02271,C02271,VISA,Platinum,10000000,ACTIVE
CARD02272,C02272,VISA,Gold,50000000,ACTIVE
CARD02273,C02273,VISA,Gold,50000000,ACTIVE
CARD02274,C02274,JCB,Platinum,500000000,ACTIVE
CARD02275,C02275,MasterCard,Platinum,50000000,ACTIVE
CARD02276,C02276,Amex,Classic,30000000,ACTIVE
CARD02277,C02277,VISA,Infinite,50000000,ACTIVE
CARD02278,C02278,Amex,Classic,100000000,BLOCKED
CARD02279,C02279,Amex,Infinite,500000000,ACTIVE
CARD02280,C02280,JCB,Classic,100000000,ACTIVE
CARD02281,C02281,Amex,Classic,50000000,ACTIVE
CARD02282,C02282,Amex,Classic,20000000,ACTIVE
CARD02283,C02283,JCB,Classic,20000000,ACTIVE
CARD02284,C02284,Amex,Infinite,50000000,ACTIVE
CARD02285,C02285,VISA,Gold,100000000,ACTIVE
CARD02286,C02286,JCB,Infinite,100000000,ACTIVE
CARD02287,C02287,JCB,Platinum,200000000,ACTIVE
CARD02288,C02288,MasterCard,Infinite,20000000,ACTIVE
CARD02289,C02289,VISA,Classic,20000000,ACTIVE
CARD02290,C02290,JCB,Gold,500000000,ACTIVE
CARD02291,C02291,VISA,Classic,500000000,ACTIVE
CARD02292,C02292,VISA,Infinite,100000000,ACTIVE
CARD02293,C02293,VISA,Platinum,10000000,ACTIVE
CARD02294,C02294,MasterCard,Gold,30000000,ACTIVE
CARD02295,C02295,MasterCard,Gold,10000000,BLOCKED
CARD02296,C02296,JCB,Gold,10000000,ACTIVE
CARD02297,C02297,JCB,Infinite,20000000,ACTIVE
CARD02298,C02298,Amex,Classic,30000000,ACTIVE
CARD02299,C02299,MasterCard,Classic,200000000,ACTIVE
CARD02300,C02300,JCB,Platinum,100000000,BLOCKED
CARD02301,C02301,VISA,Platinum,10000000,ACTIVE
CARD02302,C02302,Amex,Gold,10000000,ACTIVE
CARD02303,C02303,JCB,Gold,200000000,ACTIVE
CARD02304,C02304,JCB,Classic,200000000,ACTIVE
CARD02305,C02305,MasterCard,Gold,50000000,ACTIVE
CARD02306,C02306,Amex,Infinite,100000000,ACTIVE
CARD02307,C02307,JCB,Gold,10000000,ACTIVE
CARD02308,C02308,MasterCard,Classic,200000000,ACTIVE
CARD02309,C02309,MasterCard,Platinum,50000000,ACTIVE
CARD02310,C02310,VISA,Infinite,100000000,ACTIVE
CARD02311,C02311,MasterCard,Platinum,100000000,ACTIVE
CARD02312,C02312,Amex,Platinum,20000000,ACTIVE
CARD02313,C02313,MasterCard,Gold,20000000,BLOCKED
CARD02314,C02314,JCB,Classic,10000000,ACTIVE
CARD02315,C02315,Amex,Gold,500000000,ACTIVE
CARD02316,C02316,JCB,Platinum,30000000,ACTIVE
CARD02317,C02317,JCB,Gold,10000000,ACTIVE
CARD02318,C02318,Amex,Gold,100000000,ACTIVE
CARD02319,C02319,MasterCard,Gold,500000000,ACTIVE
CARD02320,C02320,VISA,Gold,200000000,ACTIVE
CARD02321,C02321,JCB,Infinite,30000000,ACTIVE
CARD02322,C02322,JCB,Classic,500000000,ACTIVE
CARD02323,C02323,MasterCard,Platinum,200000000,ACTIVE
CARD02324,C02324,VISA,Classic,10000000,ACTIVE
CARD02325,C02325,VISA,Classic,30000000,ACTIVE
CARD02326,C02326,Amex,Platinum,20000000,ACTIVE
CARD02327,C02327,MasterCard,Gold,500000000,ACTIVE
CARD02328,C02328,VISA,Infinite,200000000,ACTIVE
CARD02329,C02329,Amex,Gold,10000000,ACTIVE
CARD02330,C02330,VISA,Platinum,10000000,ACTIVE
CARD02331,C02331,JCB,Gold,500000000,ACTIVE
CARD02332,C02332,MasterCard,Gold,10000000,ACTIVE
CARD02333,C02333,MasterCard,Gold,10000000,ACTIVE
CARD02334,C02334,VISA,Classic,500000000,ACTIVE
CARD02335,C02335,VISA,Gold,20000000,ACTIVE
CARD02336,C02336,Amex,Platinum,20000000,ACTIVE
CARD02337,C02337,VISA,Gold,50000000,ACTIVE
CARD02338,C02338,Amex,Classic,500000000,ACTIVE
CARD02339,C02339,MasterCard,Gold,200000000,ACTIVE
CARD02340,C02340,VISA,Gold,30000000,ACTIVE
CARD02341,C02341,MasterCard,Classic,50000000,ACTIVE
CARD02342,C02342,Amex,Platinum,20000000,ACTIVE
CARD02343,C02343,Amex,Gold,100000000,ACTIVE
CARD02344,C02344,JCB,Classic,30000000,ACTIVE
CARD02345,C02345,MasterCard,Platinum,30000000,ACTIVE
CARD02346,C02346,MasterCard,Infinite,500000000,ACTIVE
CARD02347,C02347,Amex,Infinite,100000000,ACTIVE
CARD02348,C02348,JCB,Gold,200000000,ACTIVE
CARD02349,C02349,JCB,Platinum,100000000,ACTIVE
CARD02350,C02350,MasterCard,Classic,50000000,ACTIVE
CARD02351,C02351,Amex,Gold,10000000,ACTIVE
CARD02352,C02352,Amex,Infinite,50000000,ACTIVE
CARD02353,C02353,VISA,Gold,500000000,ACTIVE
CARD02354,C02354,VISA,Gold,100000000,ACTIVE
CARD02355,C02355,VISA,Platinum,20000000,ACTIVE
CARD02356,C02356,JCB,Gold,10000000,ACTIVE
CARD02357,C02357,Amex,Infinite,50000000,ACTIVE
CARD02358,C02358,JCB,Classic,200000000,ACTIVE
CARD02359,C02359,JCB,Classic,50000000,ACTIVE
CARD02360,C02360,MasterCard,Classic,10000000,ACTIVE
CARD02361,C02361,MasterCard,Classic,500000000,ACTIVE
CARD02362,C02362,VISA,Classic,200000000,BLOCKED
CARD02363,C02363,JCB,Infinite,50000000,ACTIVE
CARD02364,C02364,Amex,Platinum,30000000,ACTIVE
CARD02365,C02365,JCB,Infinite,200000000,ACTIVE
CARD02366,C02366,MasterCard,Classic,20000000,ACTIVE
CARD02367,C02367,JCB,Platinum,30000000,ACTIVE
CARD02368,C02368,MasterCard,Classic,50000000,ACTIVE
CARD02369,C02369,VISA,Infinite,100000000,ACTIVE
CARD02370,C02370,VISA,Gold,20000000,ACTIVE
CARD02371,C02371,VISA,Gold,500000000,ACTIVE
CARD02372,C02372,MasterCard,Classic,30000000,ACTIVE
CARD02373,C02373,Amex,Platinum,30000000,ACTIVE
CARD02374,C02374,VISA,Classic,20000000,ACTIVE
CARD02375,C02375,MasterCard,Gold,50000000,ACTIVE
CARD02376,C02376,Amex,Gold,50000000,ACTIVE
CARD02377,C02377,VISA,Infinite,500000000,ACTIVE
CARD02378,C02378,VISA,Classic,20000000,ACTIVE
CARD02379,C02379,VISA,Classic,50000000,ACTIVE
CARD02380,C02380,JCB,Platinum,200000000,ACTIVE
CARD02381,C02381,Amex,Infinite,50000000,ACTIVE
CARD02382,C02382,Amex,Classic,50000000,ACTIVE
CARD02383,C02383,VISA,Classic,30000000,ACTIVE
CARD02384,C02384,VISA,Classic,500000000,ACTIVE
CARD02385,C02385,VISA,Classic,100000000,ACTIVE
CARD02386,C02386,MasterCard,Gold,30000000,ACTIVE
CARD02387,C02387,MasterCard,Gold,500000000,ACTIVE
CARD02388,C02388,VISA,Gold,500000000,ACTIVE
CARD02389,C02389,MasterCard,Infinite,10000000,ACTIVE
CARD02390,C02390,JCB,Platinum,500000000,ACTIVE
CARD02391,C02391,JCB,Platinum,100000000,ACTIVE
CARD02392,C02392,Amex,Platinum,50000000,ACTIVE
CARD02393,C02393,VISA,Classic,50000000,ACTIVE
CARD02394,C02394,Amex,Classic,50000000,ACTIVE
CARD02395,C02395,JCB,Infinite,10000000,ACTIVE
CARD02396,C02396,VISA,Classic,10000000,ACTIVE
CARD02397,C02397,VISA,Gold,20000000,ACTIVE
CARD02398,C02398,Amex,Platinum,50000000,ACTIVE
CARD02399,C02399,VISA,Platinum,50000000,ACTIVE
CARD02400,C02400,Amex,Infinite,50000000,ACTIVE
CARD02401,C02401,Amex,Gold,500000000,ACTIVE
CARD02402,C02402,Amex,Infinite,30000000,ACTIVE
CARD02403,C02403,Amex,Gold,20000000,ACTIVE
CARD02404,C02404,VISA,Platinum,10000000,ACTIVE
CARD02405,C02405,JCB,Platinum,20000000,ACTIVE
CARD02406,C02406,VISA,Platinum,50000000,BLOCKED
CARD02407,C02407,VISA,Platinum,30000000,ACTIVE
CARD02408,C02408,Amex,Gold,30000000,ACTIVE
CARD02409,C02409,JCB,Infinite,500000000,ACTIVE
CARD02410,C02410,JCB,Gold,10000000,ACTIVE
CARD02411,C02411,Amex,Infinite,100000000,ACTIVE
CARD02412,C02412,JCB,Infinite,20000000,ACTIVE
CARD02413,C02413,Amex,Gold,50000000,ACTIVE
CARD02414,C02414,Amex,Gold,30000000,ACTIVE
CARD02415,C02415,VISA,Platinum,500000000,BLOCKED
CARD02416,C02416,JCB,Platinum,30000000,ACTIVE
CARD02417,C02417,JCB,Infinite,100000000,ACTIVE
CARD02418,C02418,JCB,Gold,50000000,ACTIVE
CARD02419,C02419,VISA,Classic,500000000,ACTIVE
CARD02420,C02420,JCB,Infinite,200000000,ACTIVE
CARD02421,C02421,MasterCard,Gold,500000000,ACTIVE
CARD02422,C02422,Amex,Classic,20000000,ACTIVE
CARD02423,C02423,MasterCard,Gold,20000000,ACTIVE
CARD02424,C02424,JCB,Platinum,10000000,ACTIVE
CARD02425,C02425,JCB,Classic,200000000,ACTIVE
CARD02426,C02426,JCB,Classic,200000000,ACTIVE
CARD02427,C02427,Amex,Infinite,500000000,ACTIVE
CARD02428,C02428,JCB,Platinum,10000000,ACTIVE
CARD02429,C02429,VISA,Classic,200000000,ACTIVE
CARD02430,C02430,JCB,Classic,500000000,ACTIVE
CARD02431,C02431,Amex,Classic,200000000,ACTIVE
CARD02432,C02432,JCB,Gold,10000000,ACTIVE
CARD02433,C02433,Amex,Platinum,200000000,ACTIVE
CARD02434,C02434,JCB,Infinite,10000000,BLOCKED
CARD02435,C02435,JCB,Classic,100000000,ACTIVE
CARD02436,C02436,JCB,Gold,20000000,ACTIVE
CARD02437,C02437,JCB,Gold,10000000,ACTIVE
CARD02438,C02438,MasterCard,Gold,20000000,ACTIVE
CARD02439,C02439,JCB,Gold,50000000,ACTIVE
CARD02440,C02440,MasterCard,Classic,200000000,ACTIVE
CARD02441,C02441,JCB,Infinite,30000000,ACTIVE
CARD02442,C02442,VISA,Infinite,50000000,BLOCKED
CARD02443,C02443,VISA,Infinite,100000000,ACTIVE
CARD02444,C02444,VISA,Infinite,10000000,ACTIVE
CARD02445,C02445,Amex,Infinite,500000000,ACTIVE
CARD02446,C02446,VISA,Platinum,200000000,ACTIVE
CARD02447,C02447,Amex,Platinum,50000000,BLOCKED
CARD02448,C02448,VISA,Platinum,10000000,ACTIVE
CARD02449,C02449,JCB,Platinum,30000000,ACTIVE
CARD02450,C02450,VISA,Classic,50000000,ACTIVE
CARD02451,C02451,MasterCard,Infinite,10000000,ACTIVE
CARD02452,C02452,Amex,Gold,30000000,ACTIVE
CARD02453,C02453,Amex,Classic,100000000,ACTIVE
CARD02454,C02454,Amex,Infinite,500000000,ACTIVE
CARD02455,C02455,JCB,Infinite,100000000,ACTIVE
CARD02456,C02456,JCB,Platinum,20000000,ACTIVE
CARD02457,C02457,Amex,Classic,10000000,ACTIVE
CARD02458,C02458,VISA,Infinite,100000000,ACTIVE
CARD02459,C02459,Amex,Gold,500000000,ACTIVE
CARD02460,C02460,VISA,Classic,200000000,ACTIVE
CARD02461,C02461,VISA,Platinum,20000000,ACTIVE
CARD02462,C02462,JCB,Platinum,20000000,ACTIVE
CARD02463,C02463,JCB,Platinum,10000000,ACTIVE
CARD02464,C02464,MasterCard,Platinum,500000000,ACTIVE
CARD02465,C02465,Amex,Classic,50000000,ACTIVE
CARD02466,C02466,VISA,Gold,100000000,BLOCKED
CARD02467,C02467,VISA,Platinum,200000000,ACTIVE
CARD02468,C02468,MasterCard,Infinite,50000000,ACTIVE
CARD02469,C02469,Amex,Infinite,20000000,ACTIVE
CARD02470,C02470,Amex,Infinite,20000000,ACTIVE
CARD02471,C02471,Amex,Gold,10000000,ACTIVE
CARD02472,C02472,VISA,Classic,500000000,ACTIVE
CARD02473,C02473,JCB,Infinite,200000000,ACTIVE
CARD02474,C02474,VISA,Infinite,50000000,ACTIVE
CARD02475,C02475,VISA,Platinum,200000000,ACTIVE
CARD02476,C02476,MasterCard,Classic,500000000,ACTIVE
CARD02477,C02477,Amex,Platinum,500000000,ACTIVE
CARD02478,C02478,MasterCard,Platinum,10000000,ACTIVE
CARD02479,C02479,VISA,Platinum,50000000,ACTIVE
CARD02480,C02480,MasterCard,Platinum,20000000,BLOCKED
CARD02481,C02481,MasterCard,Gold,30000000,ACTIVE
CARD02482,C02482,VISA,Gold,10000000,ACTIVE
CARD02483,C02483,VISA,Gold,100000000,ACTIVE
CARD02484,C02484,Amex,Platinum,20000000,ACTIVE
CARD02485,C02485,JCB,Gold,10000000,ACTIVE
CARD02486,C02486,MasterCard,Infinite,200000000,ACTIVE
CARD02487,C02487,VISA,Classic,200000000,ACTIVE
CARD02488,C02488,Amex,Platinum,10000000,ACTIVE
CARD02489,C02489,Amex,Gold,100000000,ACTIVE
CARD02490,C02490,MasterCard,Platinum,10000000,ACTIVE
CARD02491,C02491,MasterCard,Gold,200000000,ACTIVE
CARD02492,C02492,JCB,Platinum,50000000,ACTIVE
CARD02493,C02493,JCB,Gold,50000000,ACTIVE
CARD02494,C02494,MasterCard,Infinite,10000000,ACTIVE
CARD02495,C02495,Amex,Infinite,30000000,ACTIVE
CARD02496,C02496,JCB,Platinum,50000000,ACTIVE
CARD02497,C02497,JCB,Platinum,30000000,ACTIVE
CARD02498,C02498,VISA,Infinite,50000000,BLOCKED
CARD02499,C02499,Amex,Platinum,20000000,ACTIVE
CARD02500,C02500,JCB,Infinite,500000000,ACTIVE
CARD02501,C02501,VISA,Gold,200000000,ACTIVE
CARD02502,C02502,JCB,Platinum,200000000,ACTIVE
CARD02503,C02503,VISA,Gold,30000000,ACTIVE
CARD02504,C02504,JCB,Gold,100000000,ACTIVE
CARD02505,C02505,MasterCard,Platinum,100000000,ACTIVE
CARD02506,C02506,VISA,Platinum,30000000,ACTIVE
CARD02507,C02507,VISA,Gold,100000000,ACTIVE
CARD02508,C02508,MasterCard,Gold,30000000,ACTIVE
CARD02509,C02509,VISA,Classic,50000000,ACTIVE
CARD02510,C02510,Amex,Infinite,200000000,ACTIVE
CARD02511,C02511,JCB,Infinite,10000000,ACTIVE
CARD02512,C02512,VISA,Infinite,50000000,ACTIVE
CARD02513,C02513,JCB,Infinite,100000000,ACTIVE
CARD02514,C02514,VISA,Infinite,500000000,ACTIVE
CARD02515,C02515,MasterCard,Platinum,100000000,ACTIVE
CARD02516,C02516,VISA,Infinite,50000000,ACTIVE
CARD02517,C02517,Amex,Platinum,30000000,ACTIVE
CARD02518,C02518,VISA,Gold,100000000,ACTIVE
CARD02519,C02519,Amex,Infinite,200000000,ACTIVE
CARD02520,C02520,JCB,Gold,500000000,ACTIVE
CARD02521,C02521,Amex,Infinite,50000000,ACTIVE
CARD02522,C02522,Amex,Platinum,500000000,ACTIVE
CARD02523,C02523,Amex,Gold,500000000,ACTIVE
CARD02524,C02524,Amex,Gold,50000000,BLOCKED
CARD02525,C02525,JCB,Platinum,10000000,ACTIVE
CARD02526,C02526,MasterCard,Classic,200000000,ACTIVE
CARD02527,C02527,MasterCard,Gold,100000000,ACTIVE
CARD02528,C02528,MasterCard,Infinite,100000000,ACTIVE
CARD02529,C02529,Amex,Platinum,200000000,ACTIVE
CARD02530,C02530,JCB,Gold,20000000,ACTIVE
CARD02531,C02531,MasterCard,Gold,200000000,ACTIVE
CARD02532,C02532,JCB,Classic,20000000,ACTIVE
CARD02533,C02533,MasterCard,Infinite,50000000,ACTIVE
CARD02534,C02534,MasterCard,Gold,100000000,ACTIVE
CARD02535,C02535,JCB,Infinite,100000000,ACTIVE
CARD02536,C02536,MasterCard,Infinite,500000000,ACTIVE
CARD02537,C02537,MasterCard,Platinum,20000000,ACTIVE
CARD02538,C02538,MasterCard,Infinite,20000000,BLOCKED
CARD02539,C02539,MasterCard,Platinum,500000000,ACTIVE
CARD02540,C02540,MasterCard,Platinum,50000000,ACTIVE
CARD02541,C02541,JCB,Classic,10000000,ACTIVE
CARD02542,C02542,VISA,Platinum,10000000,ACTIVE
CARD02543,C02543,VISA,Classic,50000000,BLOCKED
CARD02544,C02544,MasterCard,Platinum,200000000,BLOCKED
CARD02545,C02545,JCB,Platinum,10000000,BLOCKED
CARD02546,C02546,MasterCard,Classic,50000000,BLOCKED
CARD02547,C02547,Amex,Platinum,200000000,ACTIVE
CARD02548,C02548,VISA,Gold,500000000,ACTIVE
CARD02549,C02549,JCB,Infinite,200000000,ACTIVE
CARD02550,C02550,Amex,Gold,30000000,ACTIVE
CARD02551,C02551,VISA,Infinite,30000000,ACTIVE
CARD02552,C02552,MasterCard,Gold,100000000,ACTIVE
CARD02553,C02553,JCB,Platinum,10000000,BLOCKED
CARD02554,C02554,Amex,Gold,500000000,ACTIVE
CARD02555,C02555,MasterCard,Classic,50000000,ACTIVE
CARD02556,C02556,VISA,Infinite,10000000,ACTIVE
CARD02557,C02557,MasterCard,Platinum,200000000,ACTIVE
CARD02558,C02558,MasterCard,Gold,500000000,ACTIVE
CARD02559,C02559,MasterCard,Gold,20000000,ACTIVE
CARD02560,C02560,VISA,Infinite,20000000,ACTIVE
CARD02561,C02561,MasterCard,Infinite,10000000,ACTIVE
CARD02562,C02562,MasterCard,Gold,500000000,ACTIVE
CARD02563,C02563,MasterCard,Platinum,100000000,ACTIVE
CARD02564,C02564,JCB,Classic,100000000,ACTIVE
CARD02565,C02565,VISA,Classic,20000000,ACTIVE
CARD02566,C02566,JCB,Classic,500000000,ACTIVE
CARD02567,C02567,Amex,Classic,100000000,ACTIVE
CARD02568,C02568,MasterCard,Classic,20000000,ACTIVE
CARD02569,C02569,MasterCard,Platinum,20000000,ACTIVE
CARD02570,C02570,MasterCard,Platinum,20000000,ACTIVE
CARD02571,C02571,Amex,Gold,500000000,ACTIVE
CARD02572,C02572,VISA,Classic,30000000,ACTIVE
CARD02573,C02573,JCB,Infinite,500000000,ACTIVE
CARD02574,C02574,Amex,Gold,30000000,ACTIVE
CARD02575,C02575,JCB,Platinum,30000000,ACTIVE
CARD02576,C02576,Amex,Gold,30000000,ACTIVE
CARD02577,C02577,MasterCard,Infinite,200000000,ACTIVE
CARD02578,C02578,Amex,Classic,50000000,ACTIVE
CARD02579,C02579,VISA,Infinite,20000000,ACTIVE
CARD02580,C02580,Amex,Infinite,30000000,ACTIVE
CARD02581,C02581,Amex,Gold,30000000,ACTIVE
CARD02582,C02582,VISA,Gold,50000000,ACTIVE
CARD02583,C02583,Amex,Infinite,200000000,ACTIVE
CARD02584,C02584,Amex,Classic,20000000,BLOCKED
CARD02585,C02585,VISA,Platinum,500000000,ACTIVE
CARD02586,C02586,Amex,Infinite,30000000,ACTIVE
CARD02587,C02587,VISA,Gold,100000000,ACTIVE
CARD02588,C02588,MasterCard,Classic,100000000,ACTIVE
CARD02589,C02589,JCB,Platinum,500000000,BLOCKED
CARD02590,C02590,MasterCard,Gold,500000000,ACTIVE
CARD02591,C02591,JCB,Infinite,50000000,ACTIVE
CARD02592,C02592,JCB,Gold,50000000,ACTIVE
CARD02593,C02593,Amex,Classic,200000000,ACTIVE
CARD02594,C02594,JCB,Classic,20000000,ACTIVE
CARD02595,C02595,JCB,Platinum,10000000,ACTIVE
CARD02596,C02596,Amex,Infinite,10000000,ACTIVE
CARD02597,C02597,MasterCard,Gold,200000000,ACTIVE
CARD02598,C02598,JCB,Classic,200000000,ACTIVE
CARD02599,C02599,MasterCard,Gold,100000000,ACTIVE
CARD02600,C02600,MasterCard,Platinum,500000000,ACTIVE
CARD02601,C02601,VISA,Platinum,50000000,ACTIVE
CARD02602,C02602,JCB,Classic,500000000,ACTIVE
CARD02603,C02603,MasterCard,Gold,200000000,ACTIVE
CARD02604,C02604,Amex,Classic,20000000,ACTIVE
CARD02605,C02605,Amex,Classic,10000000,ACTIVE
CARD02606,C02606,JCB,Classic,500000000,ACTIVE
CARD02607,C02607,MasterCard,Platinum,500000000,ACTIVE
CARD02608,C02608,JCB,Infinite,200000000,ACTIVE
CARD02609,C02609,JCB,Gold,10000000,ACTIVE
CARD02610,C02610,JCB,Platinum,500000000,ACTIVE
CARD02611,C02611,VISA,Platinum,10000000,ACTIVE
CARD02612,C02612,Amex,Gold,500000000,BLOCKED
CARD02613,C02613,MasterCard,Platinum,500000000,ACTIVE
CARD02614,C02614,MasterCard,Gold,200000000,ACTIVE
CARD02615,C02615,Amex,Infinite,30000000,ACTIVE
CARD02616,C02616,MasterCard,Infinite,500000000,ACTIVE
CARD02617,C02617,MasterCard,Classic,500000000,ACTIVE
CARD02618,C02618,VISA,Classic,10000000,ACTIVE
CARD02619,C02619,VISA,Gold,500000000,BLOCKED
CARD02620,C02620,VISA,Infinite,20000000,BLOCKED
CARD02621,C02621,Amex,Platinum,30000000,ACTIVE
CARD02622,C02622,MasterCard,Infinite,30000000,ACTIVE
CARD02623,C02623,VISA,Classic,500000000,ACTIVE
CARD02624,C02624,VISA,Classic,500000000,ACTIVE
CARD02625,C02625,Amex,Classic,100000000,ACTIVE
CARD02626,C02626,Amex,Infinite,500000000,ACTIVE
CARD02627,C02627,MasterCard,Infinite,10000000,ACTIVE
CARD02628,C02628,Amex,Infinite,200000000,ACTIVE
CARD02629,C02629,Amex,Gold,50000000,ACTIVE
CARD02630,C02630,JCB,Gold,20000000,ACTIVE
CARD02631,C02631,MasterCard,Platinum,200000000,ACTIVE
CARD02632,C02632,Amex,Classic,500000000,ACTIVE
CARD02633,C02633,MasterCard,Gold,30000000,ACTIVE
CARD02634,C02634,VISA,Gold,10000000,ACTIVE
CARD02635,C02635,JCB,Infinite,50000000,ACTIVE
CARD02636,C02636,Amex,Gold,200000000,ACTIVE
CARD02637,C02637,MasterCard,Infinite,200000000,ACTIVE
CARD02638,C02638,Amex,Infinite,20000000,ACTIVE
CARD02639,C02639,JCB,Classic,50000000,ACTIVE
CARD02640,C02640,JCB,Infinite,10000000,ACTIVE
CARD02641,C02641,Amex,Gold,20000000,ACTIVE
CARD02642,C02642,JCB,Platinum,50000000,ACTIVE
CARD02643,C02643,VISA,Infinite,500000000,ACTIVE
CARD02644,C02644,JCB,Infinite,500000000,ACTIVE
CARD02645,C02645,Amex,Classic,200000000,ACTIVE
CARD02646,C02646,Amex,Gold,50000000,ACTIVE
CARD02647,C02647,Amex,Platinum,50000000,ACTIVE
CARD02648,C02648,JCB,Classic,500000000,ACTIVE
CARD02649,C02649,MasterCard,Infinite,200000000,BLOCKED
CARD02650,C02650,Amex,Gold,20000000,ACTIVE
CARD02651,C02651,MasterCard,Classic,50000000,ACTIVE
CARD02652,C02652,JCB,Classic,30000000,ACTIVE
CARD02653,C02653,Amex,Gold,30000000,ACTIVE
CARD02654,C02654,VISA,Classic,10000000,ACTIVE
CARD02655,C02655,JCB,Gold,10000000,ACTIVE
CARD02656,C02656,Amex,Gold,100000000,ACTIVE
CARD02657,C02657,Amex,Classic,200000000,ACTIVE
CARD02658,C02658,Amex,Platinum,10000000,ACTIVE
CARD02659,C02659,Amex,Gold,20000000,ACTIVE
CARD02660,C02660,Amex,Classic,10000000,ACTIVE
CARD02661,C02661,VISA,Platinum,200000000,ACTIVE
CARD02662,C02662,JCB,Gold,200000000,ACTIVE
CARD02663,C02663,VISA,Gold,500000000,ACTIVE
CARD02664,C02664,MasterCard,Gold,100000000,ACTIVE
CARD02665,C02665,Amex,Classic,200000000,ACTIVE
CARD02666,C02666,JCB,Platinum,30000000,ACTIVE
CARD02667,C02667,Amex,Classic,20000000,BLOCKED
CARD02668,C02668,VISA,Classic,50000000,ACTIVE
CARD02669,C02669,VISA,Classic,100000000,ACTIVE
CARD02670,C02670,JCB,Gold,30000000,ACTIVE
CARD02671,C02671,VISA,Infinite,100000000,ACTIVE
CARD02672,C02672,Amex,Classic,20000000,ACTIVE
CARD02673,C02673,JCB,Gold,10000000,ACTIVE
CARD02674,C02674,VISA,Gold,100000000,ACTIVE
CARD02675,C02675,Amex,Gold,10000000,ACTIVE
CARD02676,C02676,JCB,Gold,200000000,ACTIVE
CARD02677,C02677,VISA,Infinite,200000000,ACTIVE
CARD02678,C02678,Amex,Gold,100000000,ACTIVE
CARD02679,C02679,JCB,Classic,20000000,ACTIVE
CARD02680,C02680,VISA,Classic,50000000,ACTIVE
CARD02681,C02681,MasterCard,Gold,20000000,ACTIVE
CARD02682,C02682,Amex,Gold,100000000,ACTIVE
CARD02683,C02683,VISA,Platinum,500000000,ACTIVE
CARD02684,C02684,VISA,Infinite,500000000,ACTIVE
CARD02685,C02685,MasterCard,Platinum,50000000,BLOCKED
CARD02686,C02686,MasterCard,Classic,100000000,BLOCKED
CARD02687,C02687,MasterCard,Classic,30000000,ACTIVE
CARD02688,C02688,JCB,Infinite,100000000,ACTIVE
CARD02689,C02689,JCB,Platinum,20000000,ACTIVE
CARD02690,C02690,Amex,Platinum,30000000,ACTIVE
CARD02691,C02691,VISA,Gold,30000000,ACTIVE
CARD02692,C02692,Amex,Classic,30000000,ACTIVE
CARD02693,C02693,JCB,Infinite,10000000,ACTIVE
CARD02694,C02694,JCB,Infinite,500000000,BLOCKED
CARD02695,C02695,JCB,Platinum,30000000,ACTIVE
CARD02696,C02696,Amex,Classic,500000000,ACTIVE
CARD02697,C02697,VISA,Gold,20000000,ACTIVE
CARD02698,C02698,VISA,Gold,100000000,ACTIVE
CARD02699,C02699,VISA,Classic,30000000,ACTIVE
CARD02700,C02700,Amex,Infinite,200000000,ACTIVE
CARD02701,C02701,JCB,Infinite,20000000,ACTIVE
CARD02702,C02702,VISA,Gold,50000000,ACTIVE
CARD02703,C02703,VISA,Gold,500000000,ACTIVE
CARD02704,C02704,MasterCard,Classic,200000000,ACTIVE
CARD02705,C02705,VISA,Gold,200000000,BLOCKED
CARD02706,C02706,JCB,Platinum,50000000,ACTIVE
CARD02707,C02707,JCB,Classic,50000000,ACTIVE
CARD02708,C02708,JCB,Infinite,200000000,ACTIVE
CARD02709,C02709,Amex,Gold,10000000,ACTIVE
CARD02710,C02710,JCB,Infinite,10000000,ACTIVE
CARD02711,C02711,JCB,Platinum,20000000,ACTIVE
CARD02712,C02712,Amex,Classic,20000000,ACTIVE
CARD02713,C02713,MasterCard,Infinite,20000000,ACTIVE
CARD02714,C02714,JCB,Gold,20000000,ACTIVE
CARD02715,C02715,VISA,Infinite,100000000,ACTIVE
CARD02716,C02716,JCB,Classic,500000000,ACTIVE
CARD02717,C02717,JCB,Gold,20000000,ACTIVE
CARD02718,C02718,MasterCard,Platinum,100000000,ACTIVE
CARD02719,C02719,JCB,Classic,30000000,ACTIVE
CARD02720,C02720,VISA,Platinum,10000000,ACTIVE
CARD02721,C02721,MasterCard,Gold,50000000,ACTIVE
CARD02722,C02722,VISA,Platinum,50000000,BLOCKED
CARD02723,C02723,Amex,Classic,10000000,BLOCKED
CARD02724,C02724,VISA,Classic,30000000,ACTIVE
CARD02725,C02725,MasterCard,Infinite,30000000,ACTIVE
CARD02726,C02726,JCB,Platinum,50000000,ACTIVE
CARD02727,C02727,VISA,Classic,10000000,ACTIVE
CARD02728,C02728,Amex,Infinite,500000000,ACTIVE
CARD02729,C02729,MasterCard,Gold,200000000,ACTIVE
CARD02730,C02730,MasterCard,Platinum,30000000,ACTIVE
CARD02731,C02731,JCB,Gold,500000000,ACTIVE
CARD02732,C02732,Amex,Classic,10000000,BLOCKED
CARD02733,C02733,JCB,Platinum,30000000,ACTIVE
CARD02734,C02734,VISA,Gold,100000000,ACTIVE
CARD02735,C02735,JCB,Gold,500000000,ACTIVE
CARD02736,C02736,VISA,Platinum,500000000,ACTIVE
CARD02737,C02737,MasterCard,Gold,20000000,ACTIVE
CARD02738,C02738,VISA,Classic,30000000,ACTIVE
CARD02739,C02739,MasterCard,Infinite,10000000,ACTIVE
CARD02740,C02740,JCB,Classic,100000000,ACTIVE
CARD02741,C02741,JCB,Classic,500000000,ACTIVE
CARD02742,C02742,VISA,Infinite,100000000,ACTIVE
CARD02743,C02743,MasterCard,Platinum,500000000,ACTIVE
CARD02744,C02744,VISA,Platinum,100000000,ACTIVE
CARD02745,C02745,MasterCard,Gold,50000000,ACTIVE
CARD02746,C02746,MasterCard,Gold,30000000,ACTIVE
CARD02747,C02747,MasterCard,Platinum,500000000,ACTIVE
CARD02748,C02748,Amex,Platinum,50000000,ACTIVE
CARD02749,C02749,VISA,Classic,50000000,ACTIVE
CARD02750,C02750,MasterCard,Classic,100000000,ACTIVE
CARD02751,C02751,Amex,Gold,10000000,ACTIVE
CARD02752,C02752,JCB,Classic,200000000,ACTIVE
CARD02753,C02753,Amex,Classic,200000000,ACTIVE
CARD02754,C02754,VISA,Platinum,20000000,ACTIVE
CARD02755,C02755,MasterCard,Classic,500000000,ACTIVE
CARD02756,C02756,Amex,Classic,20000000,ACTIVE
CARD02757,C02757,VISA,Infinite,10000000,ACTIVE
CARD02758,C02758,Amex,Infinite,30000000,ACTIVE
CARD02759,C02759,JCB,Infinite,20000000,ACTIVE
CARD02760,C02760,Amex,Gold,50000000,ACTIVE
CARD02761,C02761,VISA,Gold,50000000,ACTIVE
CARD02762,C02762,VISA,Gold,20000000,ACTIVE
CARD02763,C02763,Amex,Gold,20000000,ACTIVE
CARD02764,C02764,JCB,Gold,10000000,ACTIVE
CARD02765,C02765,VISA,Gold,20000000,ACTIVE
CARD02766,C02766,MasterCard,Platinum,100000000,ACTIVE
CARD02767,C02767,VISA,Classic,500000000,ACTIVE
CARD02768,C02768,MasterCard,Classic,30000000,ACTIVE
CARD02769,C02769,MasterCard,Platinum,200000000,ACTIVE
CARD02770,C02770,VISA,Platinum,20000000,ACTIVE
CARD02771,C02771,MasterCard,Platinum,100000000,ACTIVE
CARD02772,C02772,VISA,Platinum,500000000,ACTIVE
CARD02773,C02773,Amex,Classic,50000000,ACTIVE
CARD02774,C02774,VISA,Platinum,50000000,ACTIVE
CARD02775,C02775,MasterCard,Infinite,20000000,ACTIVE
CARD02776,C02776,Amex,Classic,30000000,ACTIVE
CARD02777,C02777,Amex,Infinite,10000000,ACTIVE
CARD02778,C02778,VISA,Gold,50000000,ACTIVE
CARD02779,C02779,Amex,Gold,200000000,ACTIVE
CARD02780,C02780,VISA,Platinum,10000000,ACTIVE
CARD02781,C02781,VISA,Gold,10000000,ACTIVE
CARD02782,C02782,VISA,Platinum,20000000,ACTIVE
CARD02783,C02783,MasterCard,Classic,500000000,ACTIVE
CARD02784,C02784,JCB,Infinite,10000000,ACTIVE
CARD02785,C02785,VISA,Infinite,200000000,ACTIVE
CARD02786,C02786,Amex,Platinum,10000000,BLOCKED
CARD02787,C02787,JCB,Platinum,50000000,ACTIVE
CARD02788,C02788,VISA,Platinum,30000000,ACTIVE
CARD02789,C02789,Amex,Infinite,10000000,ACTIVE
CARD02790,C02790,MasterCard,Infinite,500000000,ACTIVE
CARD02791,C02791,JCB,Infinite,200000000,ACTIVE
CARD02792,C02792,JCB,Platinum,100000000,ACTIVE
CARD02793,C02793,JCB,Platinum,20000000,ACTIVE
CARD02794,C02794,VISA,Platinum,20000000,ACTIVE
CARD02795,C02795,JCB,Gold,30000000,ACTIVE
CARD02796,C02796,VISA,Platinum,20000000,ACTIVE
CARD02797,C02797,JCB,Infinite,20000000,ACTIVE
CARD02798,C02798,MasterCard,Infinite,100000000,ACTIVE
CARD02799,C02799,JCB,Gold,10000000,ACTIVE
CARD02800,C02800,VISA,Infinite,20000000,ACTIVE
CARD02801,C02801,MasterCard,Platinum,20000000,ACTIVE
CARD02802,C02802,Amex,Platinum,50000000,ACTIVE
CARD02803,C02803,VISA,Infinite,10000000,ACTIVE
CARD02804,C02804,MasterCard,Infinite,20000000,ACTIVE
CARD02805,C02805,MasterCard,Gold,20000000,ACTIVE
CARD02806,C02806,JCB,Platinum,100000000,ACTIVE
CARD02807,C02807,JCB,Platinum,20000000,ACTIVE
CARD02808,C02808,MasterCard,Classic,500000000,ACTIVE
CARD02809,C02809,JCB,Classic,50000000,ACTIVE
CARD02810,C02810,VISA,Gold,50000000,ACTIVE
CARD02811,C02811,Amex,Gold,50000000,ACTIVE
CARD02812,C02812,Amex,Platinum,100000000,ACTIVE
CARD02813,C02813,MasterCard,Infinite,20000000,ACTIVE
CARD02814,C02814,VISA,Platinum,30000000,ACTIVE
CARD02815,C02815,Amex,Classic,30000000,ACTIVE
CARD02816,C02816,MasterCard,Platinum,50000000,ACTIVE
CARD02817,C02817,JCB,Platinum,100000000,ACTIVE
CARD02818,C02818,VISA,Infinite,10000000,ACTIVE
CARD02819,C02819,VISA,Platinum,20000000,ACTIVE
CARD02820,C02820,Amex,Gold,20000000,ACTIVE
CARD02821,C02821,VISA,Classic,100000000,ACTIVE
CARD02822,C02822,MasterCard,Classic,500000000,ACTIVE
CARD02823,C02823,MasterCard,Classic,500000000,ACTIVE
CARD02824,C02824,MasterCard,Infinite,100000000,ACTIVE
CARD02825,C02825,MasterCard,Infinite,200000000,ACTIVE
CARD02826,C02826,MasterCard,Platinum,20000000,ACTIVE
CARD02827,C02827,MasterCard,Classic,200000000,BLOCKED
CARD02828,C02828,Amex,Classic,30000000,ACTIVE
CARD02829,C02829,Amex,Classic,30000000,ACTIVE
CARD02830,C02830,VISA,Gold,30000000,ACTIVE
CARD02831,C02831,MasterCard,Classic,50000000,ACTIVE
CARD02832,C02832,Amex,Platinum,50000000,ACTIVE
CARD02833,C02833,Amex,Classic,30000000,ACTIVE
CARD02834,C02834,VISA,Platinum,10000000,ACTIVE
CARD02835,C02835,MasterCard,Platinum,50000000,ACTIVE
CARD02836,C02836,VISA,Gold,20000000,ACTIVE
CARD02837,C02837,VISA,Classic,20000000,ACTIVE
CARD02838,C02838,JCB,Platinum,20000000,ACTIVE
CARD02839,C02839,Amex,Gold,500000000,ACTIVE
CARD02840,C02840,MasterCard,Infinite,20000000,ACTIVE
CARD02841,C02841,JCB,Classic,50000000,ACTIVE
CARD02842,C02842,Amex,Classic,500000000,ACTIVE
CARD02843,C02843,Amex,Gold,500000000,ACTIVE
CARD02844,C02844,MasterCard,Classic,500000000,ACTIVE
CARD02845,C02845,JCB,Classic,10000000,ACTIVE
CARD02846,C02846,JCB,Gold,50000000,ACTIVE
CARD02847,C02847,MasterCard,Platinum,100000000,ACTIVE
CARD02848,C02848,VISA,Platinum,50000000,ACTIVE
CARD02849,C02849,MasterCard,Gold,30000000,ACTIVE
CARD02850,C02850,JCB,Classic,50000000,ACTIVE
CARD02851,C02851,JCB,Infinite,200000000,ACTIVE
CARD02852,C02852,JCB,Classic,20000000,ACTIVE
CARD02853,C02853,Amex,Platinum,30000000,ACTIVE
CARD02854,C02854,MasterCard,Platinum,200000000,ACTIVE
CARD02855,C02855,JCB,Infinite,50000000,ACTIVE
CARD02856,C02856,VISA,Infinite,200000000,ACTIVE
CARD02857,C02857,JCB,Platinum,500000000,ACTIVE
CARD02858,C02858,Amex,Gold,100000000,ACTIVE
CARD02859,C02859,Amex,Platinum,10000000,ACTIVE
CARD02860,C02860,JCB,Gold,50000000,ACTIVE
CARD02861,C02861,Amex,Gold,200000000,ACTIVE
CARD02862,C02862,JCB,Platinum,30000000,ACTIVE
CARD02863,C02863,MasterCard,Infinite,50000000,ACTIVE
CARD02864,C02864,MasterCard,Platinum,10000000,ACTIVE
CARD02865,C02865,MasterCard,Gold,50000000,ACTIVE
CARD02866,C02866,Amex,Platinum,30000000,ACTIVE
CARD02867,C02867,MasterCard,Platinum,10000000,ACTIVE
CARD02868,C02868,VISA,Platinum,100000000,ACTIVE
CARD02869,C02869,MasterCard,Classic,30000000,ACTIVE
CARD02870,C02870,Amex,Platinum,100000000,ACTIVE
CARD02871,C02871,Amex,Gold,20000000,ACTIVE
CARD02872,C02872,JCB,Gold,20000000,ACTIVE
CARD02873,C02873,MasterCard,Gold,500000000,ACTIVE
CARD02874,C02874,MasterCard,Gold,30000000,ACTIVE
CARD02875,C02875,VISA,Gold,30000000,ACTIVE
CARD02876,C02876,VISA,Classic,30000000,ACTIVE
CARD02877,C02877,JCB,Classic,100000000,ACTIVE
CARD02878,C02878,Amex,Infinite,200000000,ACTIVE
CARD02879,C02879,VISA,Gold,200000000,ACTIVE
CARD02880,C02880,MasterCard,Platinum,100000000,ACTIVE
CARD02881,C02881,MasterCard,Platinum,10000000,ACTIVE
CARD02882,C02882,JCB,Gold,100000000,ACTIVE
CARD02883,C02883,Amex,Gold,50000000,ACTIVE
CARD02884,C02884,Amex,Gold,20000000,ACTIVE
CARD02885,C02885,VISA,Infinite,10000000,ACTIVE
CARD02886,C02886,Amex,Gold,100000000,ACTIVE
CARD02887,C02887,Amex,Classic,200000000,ACTIVE
CARD02888,C02888,Amex,Infinite,10000000,ACTIVE
CARD02889,C02889,VISA,Classic,100000000,ACTIVE
CARD02890,C02890,VISA,Infinite,10000000,BLOCKED
CARD02891,C02891,MasterCard,Platinum,500000000,ACTIVE
CARD02892,C02892,Amex,Infinite,10000000,ACTIVE
CARD02893,C02893,MasterCard,Infinite,30000000,ACTIVE
CARD02894,C02894,VISA,Infinite,100000000,ACTIVE
CARD02895,C02895,VISA,Platinum,30000000,BLOCKED
CARD02896,C02896,JCB,Infinite,20000000,ACTIVE
CARD02897,C02897,JCB,Gold,30000000,ACTIVE
CARD02898,C02898,JCB,Classic,100000000,ACTIVE
CARD02899,C02899,VISA,Infinite,500000000,ACTIVE
CARD02900,C02900,Amex,Gold,20000000,ACTIVE
CARD02901,C02901,MasterCard,Platinum,200000000,ACTIVE
CARD02902,C02902,JCB,Classic,100000000,ACTIVE
CARD02903,C02903,VISA,Gold,500000000,ACTIVE
CARD02904,C02904,Amex,Platinum,10000000,ACTIVE
CARD02905,C02905,JCB,Gold,10000000,ACTIVE
CARD02906,C02906,VISA,Platinum,20000000,ACTIVE
CARD02907,C02907,JCB,Infinite,100000000,ACTIVE
CARD02908,C02908,VISA,Gold,200000000,ACTIVE
CARD02909,C02909,MasterCard,Classic,10000000,ACTIVE
CARD02910,C02910,VISA,Gold,20000000,ACTIVE
CARD02911,C02911,JCB,Gold,20000000,ACTIVE
CARD02912,C02912,MasterCard,Platinum,10000000,ACTIVE
CARD02913,C02913,JCB,Infinite,500000000,ACTIVE
CARD02914,C02914,JCB,Gold,100000000,ACTIVE
CARD02915,C02915,VISA,Classic,20000000,ACTIVE
CARD02916,C02916,MasterCard,Platinum,10000000,ACTIVE
CARD02917,C02917,VISA,Infinite,500000000,ACTIVE
CARD02918,C02918,JCB,Infinite,50000000,ACTIVE
CARD02919,C02919,MasterCard,Platinum,50000000,ACTIVE
CARD02920,C02920,Amex,Platinum,100000000,ACTIVE
CARD02921,C02921,JCB,Gold,50000000,ACTIVE
CARD02922,C02922,MasterCard,Infinite,100000000,ACTIVE
CARD02923,C02923,MasterCard,Gold,100000000,ACTIVE
CARD02924,C02924,MasterCard,Gold,200000000,ACTIVE
CARD02925,C02925,VISA,Classic,500000000,ACTIVE
CARD02926,C02926,VISA,Infinite,200000000,ACTIVE
CARD02927,C02927,JCB,Classic,200000000,BLOCKED
CARD02928,C02928,JCB,Classic,30000000,ACTIVE
CARD02929,C02929,Amex,Classic,200000000,ACTIVE
CARD02930,C02930,MasterCard,Infinite,100000000,ACTIVE
CARD02931,C02931,JCB,Classic,500000000,ACTIVE
CARD02932,C02932,JCB,Gold,20000000,ACTIVE
CARD02933,C02933,MasterCard,Platinum,50000000,ACTIVE
CARD02934,C02934,Amex,Infinite,20000000,BLOCKED
CARD02935,C02935,MasterCard,Classic,200000000,BLOCKED
CARD02936,C02936,VISA,Platinum,10000000,ACTIVE
CARD02937,C02937,Amex,Gold,100000000,ACTIVE
CARD02938,C02938,Amex,Infinite,200000000,BLOCKED
CARD02939,C02939,Amex,Gold,10000000,ACTIVE
CARD02940,C02940,Amex,Classic,500000000,ACTIVE
CARD02941,C02941,JCB,Gold,200000000,ACTIVE
CARD02942,C02942,MasterCard,Infinite,50000000,ACTIVE
CARD02943,C02943,JCB,Platinum,200000000,ACTIVE
CARD02944,C02944,MasterCard,Infinite,200000000,ACTIVE
CARD02945,C02945,Amex,Infinite,500000000,ACTIVE
CARD02946,C02946,VISA,Gold,50000000,ACTIVE
CARD02947,C02947,JCB,Platinum,50000000,ACTIVE
CARD02948,C02948,JCB,Classic,30000000,ACTIVE
CARD02949,C02949,VISA,Gold,20000000,ACTIVE
CARD02950,C02950,Amex,Infinite,50000000,ACTIVE
CARD02951,C02951,Amex,Platinum,200000000,ACTIVE
CARD02952,C02952,JCB,Platinum,500000000,ACTIVE
CARD02953,C02953,VISA,Gold,30000000,ACTIVE
CARD02954,C02954,MasterCard,Classic,500000000,ACTIVE
CARD02955,C02955,JCB,Gold,20000000,ACTIVE
CARD02956,C02956,Amex,Infinite,20000000,BLOCKED
CARD02957,C02957,MasterCard,Infinite,10000000,ACTIVE
CARD02958,C02958,MasterCard,Gold,30000000,ACTIVE
CARD02959,C02959,VISA,Platinum,20000000,ACTIVE
CARD02960,C02960,JCB,Infinite,100000000,ACTIVE
CARD02961,C02961,VISA,Infinite,50000000,ACTIVE
CARD02962,C02962,VISA,Platinum,500000000,ACTIVE
CARD02963,C02963,JCB,Infinite,10000000,ACTIVE
CARD02964,C02964,JCB,Classic,200000000,ACTIVE
CARD02965,C02965,VISA,Gold,20000000,ACTIVE
CARD02966,C02966,JCB,Classic,10000000,ACTIVE
CARD02967,C02967,JCB,Platinum,100000000,ACTIVE
CARD02968,C02968,Amex,Gold,10000000,ACTIVE
CARD02969,C02969,Amex,Classic,20000000,ACTIVE
CARD02970,C02970,VISA,Gold,30000000,ACTIVE
CARD02971,C02971,MasterCard,Classic,10000000,ACTIVE
CARD02972,C02972,Amex,Classic,100000000,ACTIVE
CARD02973,C02973,JCB,Infinite,200000000,ACTIVE
CARD02974,C02974,JCB,Platinum,50000000,ACTIVE
CARD02975,C02975,Amex,Infinite,200000000,ACTIVE
CARD02976,C02976,VISA,Infinite,500000000,ACTIVE
CARD02977,C02977,Amex,Infinite,200000000,ACTIVE
CARD02978,C02978,VISA,Platinum,50000000,ACTIVE
CARD02979,C02979,Amex,Platinum,30000000,ACTIVE
CARD02980,C02980,VISA,Gold,50000000,ACTIVE
CARD02981,C02981,Amex,Infinite,500000000,ACTIVE
CARD02982,C02982,MasterCard,Classic,30000000,ACTIVE
CARD02983,C02983,MasterCard,Gold,10000000,ACTIVE
CARD02984,C02984,MasterCard,Classic,200000000,ACTIVE
CARD02985,C02985,Amex,Classic,10000000,ACTIVE
CARD02986,C02986,MasterCard,Platinum,10000000,ACTIVE
CARD02987,C02987,MasterCard,Gold,50000000,ACTIVE
CARD02988,C02988,VISA,Classic,500000000,ACTIVE
CARD02989,C02989,JCB,Gold,100000000,ACTIVE
CARD02990,C02990,Amex,Platinum,100000000,ACTIVE
CARD02991,C02991,MasterCard,Platinum,50000000,ACTIVE
CARD02992,C02992,JCB,Platinum,30000000,BLOCKED
CARD02993,C02993,MasterCard,Classic,500000000,ACTIVE
CARD02994,C02994,JCB,Infinite,50000000,ACTIVE
CARD02995,C02995,MasterCard,Platinum,100000000,ACTIVE
CARD02996,C02996,JCB,Gold,10000000,ACTIVE
CARD02997,C02997,MasterCard,Gold,20000000,ACTIVE
CARD02998,C02998,JCB,Platinum,100000000,ACTIVE
CARD02999,C02999,MasterCard,Gold,100000000,ACTIVE
CARD03000,C03000,MasterCard,Gold,200000000,ACTIVE
CARD03001,C03001,MasterCard,Classic,200000000,ACTIVE
CARD03002,C03002,JCB,Gold,50000000,ACTIVE
CARD03003,C03003,Amex,Classic,500000000,BLOCKED
CARD03004,C03004,Amex,Infinite,30000000,ACTIVE
CARD03005,C03005,JCB,Classic,500000000,ACTIVE
CARD03006,C03006,MasterCard,Infinite,20000000,ACTIVE
CARD03007,C03007,Amex,Platinum,10000000,ACTIVE
CARD03008,C03008,JCB,Gold,20000000,ACTIVE
CARD03009,C03009,VISA,Gold,200000000,ACTIVE
CARD03010,C03010,MasterCard,Platinum,200000000,ACTIVE
CARD03011,C03011,MasterCard,Classic,100000000,ACTIVE
CARD03012,C03012,MasterCard,Infinite,10000000,ACTIVE
CARD03013,C03013,Amex,Classic,30000000,ACTIVE
CARD03014,C03014,Amex,Infinite,20000000,ACTIVE
CARD03015,C03015,MasterCard,Infinite,30000000,BLOCKED
CARD03016,C03016,JCB,Gold,200000000,ACTIVE
CARD03017,C03017,MasterCard,Platinum,20000000,ACTIVE
CARD03018,C03018,JCB,Platinum,500000000,ACTIVE
CARD03019,C03019,MasterCard,Classic,100000000,ACTIVE
CARD03020,C03020,VISA,Classic,30000000,ACTIVE
CARD03021,C03021,MasterCard,Gold,100000000,ACTIVE
CARD03022,C03022,JCB,Infinite,200000000,ACTIVE
CARD03023,C03023,Amex,Gold,30000000,ACTIVE
CARD03024,C03024,JCB,Gold,50000000,ACTIVE
CARD03025,C03025,JCB,Classic,10000000,ACTIVE
CARD03026,C03026,JCB,Infinite,50000000,BLOCKED
CARD03027,C03027,MasterCard,Infinite,100000000,ACTIVE
CARD03028,C03028,MasterCard,Classic,100000000,ACTIVE
CARD03029,C03029,JCB,Gold,200000000,ACTIVE
CARD03030,C03030,VISA,Platinum,500000000,ACTIVE
CARD03031,C03031,VISA,Infinite,10000000,ACTIVE
CARD03032,C03032,VISA,Infinite,20000000,BLOCKED
CARD03033,C03033,Amex,Platinum,50000000,ACTIVE
CARD03034,C03034,Amex,Infinite,500000000,ACTIVE
CARD03035,C03035,Amex,Classic,100000000,ACTIVE
CARD03036,C03036,VISA,Classic,500000000,ACTIVE
CARD03037,C03037,JCB,Platinum,200000000,ACTIVE
CARD03038,C03038,VISA,Gold,10000000,ACTIVE
CARD03039,C03039,MasterCard,Classic,20000000,ACTIVE
CARD03040,C03040,Amex,Gold,500000000,ACTIVE
CARD03041,C03041,JCB,Platinum,500000000,ACTIVE
CARD03042,C03042,MasterCard,Infinite,50000000,ACTIVE
CARD03043,C03043,MasterCard,Infinite,200000000,ACTIVE
CARD03044,C03044,VISA,Platinum,200000000,ACTIVE
CARD03045,C03045,Amex,Classic,10000000,ACTIVE
CARD03046,C03046,VISA,Infinite,30000000,ACTIVE
CARD03047,C03047,JCB,Classic,10000000,ACTIVE
CARD03048,C03048,MasterCard,Classic,100000000,ACTIVE
CARD03049,C03049,VISA,Classic,30000000,ACTIVE
CARD03050,C03050,MasterCard,Classic,200000000,ACTIVE
CARD03051,C03051,MasterCard,Infinite,50000000,ACTIVE
CARD03052,C03052,Amex,Classic,50000000,BLOCKED
CARD03053,C03053,Amex,Infinite,30000000,ACTIVE
CARD03054,C03054,JCB,Infinite,100000000,ACTIVE
CARD03055,C03055,MasterCard,Gold,30000000,ACTIVE
CARD03056,C03056,MasterCard,Classic,10000000,ACTIVE
CARD03057,C03057,JCB,Gold,10000000,ACTIVE
CARD03058,C03058,MasterCard,Infinite,100000000,ACTIVE
CARD03059,C03059,MasterCard,Platinum,500000000,ACTIVE
CARD03060,C03060,Amex,Platinum,200000000,ACTIVE
CARD03061,C03061,JCB,Classic,30000000,ACTIVE
CARD03062,C03062,MasterCard,Platinum,50000000,ACTIVE
CARD03063,C03063,VISA,Infinite,100000000,ACTIVE
CARD03064,C03064,Amex,Classic,20000000,ACTIVE
CARD03065,C03065,MasterCard,Platinum,500000000,ACTIVE
CARD03066,C03066,JCB,Classic,50000000,ACTIVE
CARD03067,C03067,VISA,Infinite,30000000,ACTIVE
CARD03068,C03068,VISA,Platinum,50000000,ACTIVE
CARD03069,C03069,MasterCard,Classic,20000000,ACTIVE
CARD03070,C03070,VISA,Platinum,30000000,ACTIVE
CARD03071,C03071,VISA,Classic,200000000,ACTIVE
CARD03072,C03072,Amex,Gold,30000000,ACTIVE
CARD03073,C03073,Amex,Classic,20000000,ACTIVE
CARD03074,C03074,VISA,Gold,10000000,ACTIVE
CARD03075,C03075,MasterCard,Platinum,500000000,ACTIVE
CARD03076,C03076,JCB,Platinum,100000000,ACTIVE
CARD03077,C03077,MasterCard,Platinum,50000000,ACTIVE
CARD03078,C03078,Amex,Classic,500000000,ACTIVE
CARD03079,C03079,VISA,Classic,30000000,ACTIVE
CARD03080,C03080,Amex,Gold,50000000,ACTIVE
CARD03081,C03081,VISA,Infinite,30000000,ACTIVE
CARD03082,C03082,Amex,Platinum,200000000,ACTIVE
CARD03083,C03083,Amex,Classic,30000000,ACTIVE
CARD03084,C03084,VISA,Platinum,30000000,ACTIVE
CARD03085,C03085,MasterCard,Gold,20000000,ACTIVE
CARD03086,C03086,MasterCard,Infinite,500000000,ACTIVE
CARD03087,C03087,JCB,Platinum,200000000,ACTIVE
CARD03088,C03088,VISA,Classic,10000000,ACTIVE
CARD03089,C03089,MasterCard,Platinum,50000000,ACTIVE
CARD03090,C03090,Amex,Gold,500000000,ACTIVE
CARD03091,C03091,JCB,Infinite,100000000,ACTIVE
CARD03092,C03092,Amex,Gold,10000000,BLOCKED
CARD03093,C03093,JCB,Gold,100000000,ACTIVE
CARD03094,C03094,MasterCard,Infinite,30000000,ACTIVE
CARD03095,C03095,Amex,Platinum,20000000,ACTIVE
CARD03096,C03096,VISA,Classic,100000000,ACTIVE
CARD03097,C03097,JCB,Gold,500000000,ACTIVE
CARD03098,C03098,JCB,Classic,50000000,ACTIVE
CARD03099,C03099,VISA,Platinum,10000000,ACTIVE
CARD03100,C03100,VISA,Gold,500000000,ACTIVE
CARD03101,C03101,Amex,Gold,30000000,ACTIVE
CARD03102,C03102,JCB,Gold,100000000,ACTIVE
CARD03103,C03103,Amex,Platinum,30000000,ACTIVE
CARD03104,C03104,MasterCard,Gold,500000000,ACTIVE
CARD03105,C03105,Amex,Classic,50000000,ACTIVE
CARD03106,C03106,Amex,Gold,500000000,ACTIVE
CARD03107,C03107,MasterCard,Infinite,10000000,ACTIVE
CARD03108,C03108,JCB,Classic,200000000,BLOCKED
CARD03109,C03109,Amex,Gold,30000000,ACTIVE
CARD03110,C03110,VISA,Infinite,50000000,ACTIVE
CARD03111,C03111,VISA,Classic,100000000,ACTIVE
CARD03112,C03112,JCB,Classic,50000000,ACTIVE
CARD03113,C03113,JCB,Infinite,20000000,ACTIVE
CARD03114,C03114,JCB,Gold,100000000,ACTIVE
CARD03115,C03115,JCB,Classic,500000000,ACTIVE
CARD03116,C03116,Amex,Gold,20000000,ACTIVE
CARD03117,C03117,Amex,Gold,30000000,ACTIVE
CARD03118,C03118,VISA,Classic,50000000,ACTIVE
CARD03119,C03119,MasterCard,Platinum,20000000,ACTIVE
CARD03120,C03120,MasterCard,Gold,20000000,ACTIVE
CARD03121,C03121,JCB,Gold,20000000,ACTIVE
CARD03122,C03122,Amex,Gold,30000000,ACTIVE
CARD03123,C03123,JCB,Classic,200000000,ACTIVE
CARD03124,C03124,Amex,Classic,500000000,BLOCKED
CARD03125,C03125,JCB,Gold,500000000,ACTIVE
CARD03126,C03126,Amex,Platinum,500000000,ACTIVE
CARD03127,C03127,VISA,Classic,500000000,ACTIVE
CARD03128,C03128,MasterCard,Classic,20000000,ACTIVE
CARD03129,C03129,JCB,Platinum,100000000,ACTIVE
CARD03130,C03130,JCB,Infinite,30000000,ACTIVE
CARD03131,C03131,Amex,Platinum,10000000,ACTIVE
CARD03132,C03132,VISA,Platinum,500000000,ACTIVE
CARD03133,C03133,MasterCard,Infinite,30000000,ACTIVE
CARD03134,C03134,Amex,Gold,10000000,ACTIVE
CARD03135,C03135,JCB,Classic,20000000,ACTIVE
CARD03136,C03136,Amex,Platinum,100000000,ACTIVE
CARD03137,C03137,Amex,Platinum,100000000,ACTIVE
CARD03138,C03138,VISA,Gold,50000000,ACTIVE
CARD03139,C03139,Amex,Gold,30000000,ACTIVE
CARD03140,C03140,JCB,Gold,20000000,ACTIVE
CARD03141,C03141,Amex,Classic,20000000,ACTIVE
CARD03142,C03142,Amex,Infinite,200000000,ACTIVE
CARD03143,C03143,VISA,Classic,200000000,ACTIVE
CARD03144,C03144,VISA,Infinite,200000000,ACTIVE
CARD03145,C03145,JCB,Platinum,500000000,ACTIVE
CARD03146,C03146,Amex,Gold,500000000,ACTIVE
CARD03147,C03147,JCB,Gold,100000000,ACTIVE
CARD03148,C03148,VISA,Infinite,50000000,ACTIVE
CARD03149,C03149,MasterCard,Infinite,30000000,ACTIVE
CARD03150,C03150,JCB,Classic,50000000,ACTIVE
CARD03151,C03151,VISA,Classic,200000000,ACTIVE
CARD03152,C03152,Amex,Infinite,50000000,ACTIVE
CARD03153,C03153,VISA,Classic,100000000,ACTIVE
CARD03154,C03154,MasterCard,Platinum,10000000,ACTIVE
CARD03155,C03155,JCB,Infinite,50000000,ACTIVE
CARD03156,C03156,MasterCard,Infinite,10000000,ACTIVE
CARD03157,C03157,JCB,Gold,100000000,ACTIVE
CARD03158,C03158,Amex,Infinite,10000000,ACTIVE
CARD03159,C03159,MasterCard,Infinite,30000000,ACTIVE
CARD03160,C03160,MasterCard,Classic,100000000,ACTIVE
CARD03161,C03161,Amex,Classic,500000000,ACTIVE
CARD03162,C03162,MasterCard,Classic,10000000,ACTIVE
CARD03163,C03163,MasterCard,Classic,100000000,ACTIVE
CARD03164,C03164,Amex,Gold,50000000,ACTIVE
CARD03165,C03165,JCB,Classic,50000000,ACTIVE
CARD03166,C03166,Amex,Platinum,500000000,ACTIVE
CARD03167,C03167,MasterCard,Classic,200000000,ACTIVE
CARD03168,C03168,VISA,Gold,50000000,ACTIVE
CARD03169,C03169,Amex,Infinite,10000000,ACTIVE
CARD03170,C03170,MasterCard,Platinum,200000000,ACTIVE
CARD03171,C03171,VISA,Platinum,50000000,ACTIVE
CARD03172,C03172,JCB,Classic,100000000,ACTIVE
CARD03173,C03173,JCB,Platinum,10000000,ACTIVE
CARD03174,C03174,MasterCard,Classic,500000000,ACTIVE
CARD03175,C03175,JCB,Classic,30000000,ACTIVE
CARD03176,C03176,JCB,Platinum,200000000,ACTIVE
CARD03177,C03177,Amex,Platinum,200000000,ACTIVE
CARD03178,C03178,Amex,Platinum,200000000,ACTIVE
CARD03179,C03179,VISA,Gold,50000000,ACTIVE
CARD03180,C03180,Amex,Classic,20000000,ACTIVE
CARD03181,C03181,MasterCard,Classic,500000000,ACTIVE
CARD03182,C03182,VISA,Infinite,200000000,ACTIVE
CARD03183,C03183,JCB,Platinum,500000000,ACTIVE
CARD03184,C03184,MasterCard,Platinum,10000000,ACTIVE
CARD03185,C03185,MasterCard,Gold,100000000,ACTIVE
CARD03186,C03186,Amex,Gold,500000000,ACTIVE
CARD03187,C03187,MasterCard,Infinite,30000000,ACTIVE
CARD03188,C03188,VISA,Classic,500000000,ACTIVE
CARD03189,C03189,VISA,Classic,500000000,ACTIVE
CARD03190,C03190,VISA,Classic,200000000,ACTIVE
CARD03191,C03191,Amex,Platinum,20000000,BLOCKED
CARD03192,C03192,VISA,Infinite,500000000,ACTIVE
CARD03193,C03193,MasterCard,Platinum,10000000,ACTIVE
CARD03194,C03194,VISA,Classic,30000000,ACTIVE
CARD03195,C03195,Amex,Gold,20000000,ACTIVE
CARD03196,C03196,JCB,Classic,10000000,ACTIVE
CARD03197,C03197,JCB,Classic,50000000,ACTIVE
CARD03198,C03198,JCB,Classic,200000000,ACTIVE
CARD03199,C03199,VISA,Classic,500000000,ACTIVE
CARD03200,C03200,VISA,Platinum,30000000,ACTIVE
CARD03201,C03201,MasterCard,Classic,50000000,ACTIVE
CARD03202,C03202,Amex,Gold,100000000,ACTIVE
CARD03203,C03203,Amex,Platinum,100000000,ACTIVE
CARD03204,C03204,VISA,Infinite,20000000,ACTIVE
CARD03205,C03205,Amex,Infinite,100000000,ACTIVE
CARD03206,C03206,MasterCard,Gold,10000000,ACTIVE
CARD03207,C03207,JCB,Infinite,100000000,ACTIVE
CARD03208,C03208,JCB,Classic,10000000,ACTIVE
CARD03209,C03209,VISA,Gold,50000000,ACTIVE
CARD03210,C03210,Amex,Classic,10000000,ACTIVE
CARD03211,C03211,JCB,Classic,30000000,ACTIVE
CARD03212,C03212,Amex,Gold,50000000,ACTIVE
CARD03213,C03213,MasterCard,Platinum,200000000,ACTIVE
CARD03214,C03214,Amex,Infinite,500000000,BLOCKED
CARD03215,C03215,JCB,Classic,30000000,ACTIVE
CARD03216,C03216,Amex,Classic,30000000,ACTIVE
CARD03217,C03217,MasterCard,Infinite,50000000,ACTIVE
CARD03218,C03218,MasterCard,Gold,500000000,ACTIVE
CARD03219,C03219,JCB,Classic,200000000,ACTIVE
CARD03220,C03220,VISA,Platinum,30000000,ACTIVE
CARD03221,C03221,VISA,Classic,20000000,ACTIVE
CARD03222,C03222,MasterCard,Gold,10000000,ACTIVE
CARD03223,C03223,Amex,Infinite,20000000,ACTIVE
CARD03224,C03224,VISA,Classic,20000000,ACTIVE
CARD03225,C03225,Amex,Infinite,20000000,ACTIVE
CARD03226,C03226,MasterCard,Infinite,50000000,ACTIVE
CARD03227,C03227,JCB,Gold,500000000,ACTIVE
CARD03228,C03228,JCB,Infinite,20000000,ACTIVE
CARD03229,C03229,JCB,Platinum,500000000,ACTIVE
CARD03230,C03230,JCB,Platinum,200000000,ACTIVE
CARD03231,C03231,JCB,Platinum,10000000,ACTIVE
CARD03232,C03232,Amex,Infinite,500000000,ACTIVE
CARD03233,C03233,Amex,Classic,20000000,ACTIVE
CARD03234,C03234,VISA,Classic,200000000,ACTIVE
CARD03235,C03235,Amex,Platinum,100000000,ACTIVE
CARD03236,C03236,VISA,Classic,20000000,ACTIVE
CARD03237,C03237,JCB,Classic,200000000,ACTIVE
CARD03238,C03238,JCB,Gold,30000000,ACTIVE
CARD03239,C03239,Amex,Platinum,200000000,ACTIVE
CARD03240,C03240,MasterCard,Classic,30000000,ACTIVE
CARD03241,C03241,VISA,Gold,100000000,ACTIVE
CARD03242,C03242,VISA,Platinum,30000000,ACTIVE
CARD03243,C03243,VISA,Platinum,30000000,ACTIVE
CARD03244,C03244,JCB,Gold,30000000,ACTIVE
CARD03245,C03245,VISA,Platinum,20000000,ACTIVE
CARD03246,C03246,MasterCard,Infinite,500000000,ACTIVE
CARD03247,C03247,MasterCard,Gold,500000000,ACTIVE
CARD03248,C03248,VISA,Platinum,100000000,ACTIVE
CARD03249,C03249,MasterCard,Gold,20000000,ACTIVE
CARD03250,C03250,Amex,Gold,100000000,ACTIVE
CARD03251,C03251,Amex,Gold,30000000,ACTIVE
CARD03252,C03252,Amex,Classic,30000000,ACTIVE
CARD03253,C03253,MasterCard,Gold,200000000,ACTIVE
CARD03254,C03254,MasterCard,Platinum,500000000,ACTIVE
CARD03255,C03255,Amex,Gold,10000000,ACTIVE
CARD03256,C03256,VISA,Classic,100000000,ACTIVE
CARD03257,C03257,JCB,Gold,10000000,ACTIVE
CARD03258,C03258,MasterCard,Classic,50000000,ACTIVE
CARD03259,C03259,JCB,Platinum,20000000,ACTIVE
CARD03260,C03260,JCB,Classic,200000000,ACTIVE
CARD03261,C03261,VISA,Classic,100000000,ACTIVE
CARD03262,C03262,JCB,Classic,10000000,ACTIVE
CARD03263,C03263,Amex,Classic,20000000,ACTIVE
CARD03264,C03264,Amex,Gold,50000000,ACTIVE
CARD03265,C03265,MasterCard,Infinite,50000000,ACTIVE
CARD03266,C03266,JCB,Classic,50000000,ACTIVE
CARD03267,C03267,MasterCard,Gold,20000000,ACTIVE
CARD03268,C03268,VISA,Gold,20000000,ACTIVE
CARD03269,C03269,VISA,Classic,10000000,ACTIVE
CARD03270,C03270,JCB,Gold,200000000,ACTIVE
CARD03271,C03271,Amex,Infinite,100000000,ACTIVE
CARD03272,C03272,Amex,Gold,500000000,ACTIVE
CARD03273,C03273,MasterCard,Classic,20000000,ACTIVE
CARD03274,C03274,VISA,Gold,500000000,ACTIVE
CARD03275,C03275,VISA,Classic,20000000,ACTIVE
CARD03276,C03276,Amex,Classic,100000000,ACTIVE
CARD03277,C03277,MasterCard,Classic,200000000,ACTIVE
CARD03278,C03278,JCB,Platinum,100000000,ACTIVE
CARD03279,C03279,MasterCard,Platinum,100000000,ACTIVE
CARD03280,C03280,JCB,Platinum,30000000,ACTIVE
CARD03281,C03281,VISA,Classic,50000000,ACTIVE
CARD03282,C03282,VISA,Gold,200000000,ACTIVE
CARD03283,C03283,MasterCard,Platinum,100000000,ACTIVE
CARD03284,C03284,MasterCard,Infinite,500000000,ACTIVE
CARD03285,C03285,VISA,Platinum,30000000,ACTIVE
CARD03286,C03286,Amex,Gold,100000000,ACTIVE
CARD03287,C03287,MasterCard,Platinum,20000000,ACTIVE
CARD03288,C03288,JCB,Platinum,100000000,ACTIVE
CARD03289,C03289,JCB,Gold,500000000,ACTIVE
CARD03290,C03290,JCB,Classic,20000000,ACTIVE
CARD03291,C03291,VISA,Classic,10000000,ACTIVE
CARD03292,C03292,MasterCard,Gold,30000000,ACTIVE
CARD03293,C03293,MasterCard,Classic,30000000,BLOCKED
CARD03294,C03294,JCB,Platinum,50000000,ACTIVE
CARD03295,C03295,MasterCard,Gold,10000000,ACTIVE
CARD03296,C03296,JCB,Infinite,30000000,ACTIVE
CARD03297,C03297,MasterCard,Classic,100000000,ACTIVE
CARD03298,C03298,Amex,Infinite,200000000,ACTIVE
CARD03299,C03299,VISA,Infinite,200000000,ACTIVE
CARD03300,C03300,MasterCard,Infinite,500000000,ACTIVE
CARD03301,C03301,MasterCard,Platinum,500000000,ACTIVE
CARD03302,C03302,Amex,Platinum,50000000,ACTIVE
CARD03303,C03303,MasterCard,Platinum,500000000,ACTIVE
CARD03304,C03304,MasterCard,Platinum,500000000,ACTIVE
CARD03305,C03305,Amex,Classic,500000000,ACTIVE
CARD03306,C03306,VISA,Platinum,200000000,ACTIVE
CARD03307,C03307,Amex,Classic,30000000,ACTIVE
CARD03308,C03308,MasterCard,Gold,50000000,ACTIVE
CARD03309,C03309,VISA,Infinite,20000000,ACTIVE
CARD03310,C03310,MasterCard,Infinite,30000000,ACTIVE
CARD03311,C03311,VISA,Infinite,50000000,ACTIVE
CARD03312,C03312,VISA,Platinum,20000000,ACTIVE
CARD03313,C03313,MasterCard,Classic,100000000,ACTIVE
CARD03314,C03314,MasterCard,Platinum,30000000,ACTIVE
CARD03315,C03315,Amex,Platinum,10000000,ACTIVE
CARD03316,C03316,VISA,Infinite,20000000,ACTIVE
CARD03317,C03317,VISA,Classic,10000000,ACTIVE
CARD03318,C03318,VISA,Gold,50000000,ACTIVE
CARD03319,C03319,Amex,Gold,20000000,ACTIVE
CARD03320,C03320,MasterCard,Gold,200000000,ACTIVE
CARD03321,C03321,VISA,Platinum,30000000,ACTIVE
CARD03322,C03322,MasterCard,Classic,200000000,ACTIVE
CARD03323,C03323,Amex,Classic,200000000,ACTIVE
CARD03324,C03324,MasterCard,Gold,20000000,ACTIVE
CARD03325,C03325,MasterCard,Classic,30000000,BLOCKED
CARD03326,C03326,JCB,Classic,30000000,ACTIVE
CARD03327,C03327,Amex,Classic,100000000,ACTIVE
CARD03328,C03328,VISA,Infinite,30000000,ACTIVE
CARD03329,C03329,MasterCard,Platinum,50000000,ACTIVE
CARD03330,C03330,VISA,Platinum,100000000,ACTIVE
CARD03331,C03331,Amex,Infinite,50000000,ACTIVE
CARD03332,C03332,MasterCard,Classic,500000000,ACTIVE
CARD03333,C03333,VISA,Gold,500000000,ACTIVE
CARD03334,C03334,VISA,Gold,50000000,ACTIVE
CARD03335,C03335,MasterCard,Infinite,200000000,ACTIVE
CARD03336,C03336,Amex,Platinum,30000000,ACTIVE
CARD03337,C03337,VISA,Classic,500000000,ACTIVE
CARD03338,C03338,Amex,Platinum,100000000,ACTIVE
CARD03339,C03339,Amex,Classic,10000000,ACTIVE
CARD03340,C03340,JCB,Platinum,30000000,ACTIVE
CARD03341,C03341,JCB,Gold,20000000,ACTIVE
CARD03342,C03342,Amex,Infinite,500000000,ACTIVE
CARD03343,C03343,VISA,Platinum,50000000,ACTIVE
CARD03344,C03344,JCB,Platinum,100000000,ACTIVE
CARD03345,C03345,VISA,Platinum,30000000,ACTIVE
CARD03346,C03346,VISA,Infinite,30000000,ACTIVE
CARD03347,C03347,MasterCard,Platinum,200000000,ACTIVE
CARD03348,C03348,VISA,Infinite,500000000,ACTIVE
CARD03349,C03349,Amex,Platinum,500000000,ACTIVE
CARD03350,C03350,JCB,Gold,500000000,ACTIVE
CARD03351,C03351,Amex,Infinite,500000000,ACTIVE
CARD03352,C03352,MasterCard,Infinite,50000000,ACTIVE
CARD03353,C03353,JCB,Classic,500000000,ACTIVE
CARD03354,C03354,Amex,Platinum,10000000,ACTIVE
CARD03355,C03355,VISA,Classic,30000000,ACTIVE
CARD03356,C03356,Amex,Gold,10000000,ACTIVE
CARD03357,C03357,JCB,Classic,10000000,ACTIVE
CARD03358,C03358,MasterCard,Infinite,10000000,ACTIVE
CARD03359,C03359,Amex,Classic,20000000,ACTIVE
CARD03360,C03360,MasterCard,Gold,20000000,ACTIVE
CARD03361,C03361,Amex,Platinum,10000000,ACTIVE
CARD03362,C03362,Amex,Platinum,100000000,ACTIVE
CARD03363,C03363,VISA,Platinum,200000000,ACTIVE
CARD03364,C03364,JCB,Gold,500000000,ACTIVE
CARD03365,C03365,VISA,Platinum,200000000,ACTIVE
CARD03366,C03366,VISA,Platinum,50000000,ACTIVE
CARD03367,C03367,Amex,Gold,500000000,ACTIVE
CARD03368,C03368,VISA,Infinite,30000000,ACTIVE
CARD03369,C03369,MasterCard,Platinum,20000000,ACTIVE
CARD03370,C03370,JCB,Classic,50000000,BLOCKED
CARD03371,C03371,MasterCard,Infinite,500000000,ACTIVE
CARD03372,C03372,JCB,Infinite,200000000,ACTIVE
CARD03373,C03373,VISA,Platinum,10000000,ACTIVE
CARD03374,C03374,VISA,Gold,20000000,ACTIVE
CARD03375,C03375,Amex,Classic,100000000,ACTIVE
CARD03376,C03376,Amex,Gold,50000000,ACTIVE
CARD03377,C03377,Amex,Platinum,100000000,ACTIVE
CARD03378,C03378,MasterCard,Platinum,50000000,ACTIVE
CARD03379,C03379,Amex,Classic,20000000,ACTIVE
CARD03380,C03380,JCB,Platinum,200000000,ACTIVE
CARD03381,C03381,JCB,Gold,20000000,ACTIVE
CARD03382,C03382,JCB,Gold,10000000,ACTIVE
CARD03383,C03383,VISA,Platinum,50000000,ACTIVE
CARD03384,C03384,Amex,Platinum,100000000,ACTIVE
CARD03385,C03385,VISA,Classic,200000000,ACTIVE
CARD03386,C03386,VISA,Classic,20000000,ACTIVE
CARD03387,C03387,JCB,Platinum,100000000,ACTIVE
CARD03388,C03388,Amex,Gold,200000000,ACTIVE
CARD03389,C03389,Amex,Infinite,50000000,ACTIVE
CARD03390,C03390,MasterCard,Platinum,100000000,ACTIVE
CARD03391,C03391,MasterCard,Platinum,200000000,ACTIVE
CARD03392,C03392,JCB,Infinite,500000000,ACTIVE
CARD03393,C03393,MasterCard,Gold,500000000,ACTIVE
CARD03394,C03394,Amex,Infinite,200000000,ACTIVE
CARD03395,C03395,MasterCard,Gold,500000000,ACTIVE
CARD03396,C03396,VISA,Classic,30000000,ACTIVE
CARD03397,C03397,Amex,Infinite,50000000,ACTIVE
CARD03398,C03398,MasterCard,Infinite,20000000,ACTIVE
CARD03399,C03399,MasterCard,Gold,500000000,ACTIVE
CARD03400,C03400,Amex,Classic,200000000,ACTIVE
CARD03401,C03401,MasterCard,Gold,50000000,BLOCKED
CARD03402,C03402,MasterCard,Infinite,500000000,ACTIVE
CARD03403,C03403,Amex,Classic,200000000,ACTIVE
CARD03404,C03404,VISA,Infinite,50000000,ACTIVE
CARD03405,C03405,Amex,Classic,20000000,ACTIVE
CARD03406,C03406,JCB,Classic,200000000,ACTIVE
CARD03407,C03407,JCB,Platinum,50000000,ACTIVE
CARD03408,C03408,Amex,Gold,50000000,ACTIVE
CARD03409,C03409,Amex,Classic,100000000,ACTIVE
CARD03410,C03410,MasterCard,Infinite,50000000,ACTIVE
CARD03411,C03411,JCB,Platinum,10000000,ACTIVE
CARD03412,C03412,VISA,Gold,20000000,ACTIVE
CARD03413,C03413,VISA,Classic,20000000,ACTIVE
CARD03414,C03414,MasterCard,Classic,200000000,ACTIVE
CARD03415,C03415,MasterCard,Gold,30000000,ACTIVE
CARD03416,C03416,VISA,Gold,30000000,ACTIVE
CARD03417,C03417,JCB,Classic,20000000,ACTIVE
CARD03418,C03418,VISA,Classic,10000000,ACTIVE
CARD03419,C03419,Amex,Gold,100000000,ACTIVE
CARD03420,C03420,JCB,Gold,100000000,ACTIVE
CARD03421,C03421,JCB,Classic,50000000,ACTIVE
CARD03422,C03422,Amex,Platinum,100000000,ACTIVE
CARD03423,C03423,JCB,Classic,10000000,ACTIVE
CARD03424,C03424,JCB,Platinum,100000000,ACTIVE
CARD03425,C03425,VISA,Infinite,50000000,ACTIVE
CARD03426,C03426,VISA,Platinum,200000000,ACTIVE
CARD03427,C03427,VISA,Platinum,200000000,ACTIVE
CARD03428,C03428,VISA,Classic,20000000,ACTIVE
CARD03429,C03429,MasterCard,Infinite,30000000,ACTIVE
CARD03430,C03430,MasterCard,Infinite,200000000,ACTIVE
CARD03431,C03431,VISA,Infinite,10000000,ACTIVE
CARD03432,C03432,JCB,Classic,20000000,ACTIVE
CARD03433,C03433,Amex,Classic,100000000,ACTIVE
CARD03434,C03434,VISA,Classic,200000000,ACTIVE
CARD03435,C03435,MasterCard,Classic,200000000,ACTIVE
CARD03436,C03436,JCB,Infinite,10000000,ACTIVE
CARD03437,C03437,JCB,Infinite,200000000,ACTIVE
CARD03438,C03438,Amex,Infinite,20000000,ACTIVE
CARD03439,C03439,JCB,Gold,20000000,ACTIVE
CARD03440,C03440,MasterCard,Gold,30000000,ACTIVE
CARD03441,C03441,JCB,Platinum,10000000,ACTIVE
CARD03442,C03442,MasterCard,Gold,50000000,ACTIVE
CARD03443,C03443,VISA,Gold,100000000,ACTIVE
CARD03444,C03444,JCB,Gold,10000000,ACTIVE
CARD03445,C03445,JCB,Infinite,20000000,ACTIVE
CARD03446,C03446,JCB,Platinum,30000000,ACTIVE
CARD03447,C03447,VISA,Classic,100000000,ACTIVE
CARD03448,C03448,VISA,Platinum,30000000,ACTIVE
CARD03449,C03449,MasterCard,Gold,20000000,ACTIVE
CARD03450,C03450,JCB,Platinum,20000000,ACTIVE
CARD03451,C03451,VISA,Platinum,500000000,ACTIVE
CARD03452,C03452,JCB,Infinite,10000000,ACTIVE
CARD03453,C03453,JCB,Classic,100000000,ACTIVE
CARD03454,C03454,MasterCard,Platinum,100000000,ACTIVE
CARD03455,C03455,VISA,Gold,500000000,ACTIVE
CARD03456,C03456,VISA,Platinum,50000000,ACTIVE
CARD03457,C03457,Amex,Classic,50000000,ACTIVE
CARD03458,C03458,JCB,Classic,50000000,ACTIVE
CARD03459,C03459,MasterCard,Classic,100000000,ACTIVE
CARD03460,C03460,JCB,Platinum,200000000,ACTIVE
CARD03461,C03461,VISA,Infinite,10000000,ACTIVE
CARD03462,C03462,Amex,Infinite,500000000,ACTIVE
CARD03463,C03463,Amex,Classic,30000000,ACTIVE
CARD03464,C03464,MasterCard,Classic,50000000,ACTIVE
CARD03465,C03465,VISA,Classic,30000000,ACTIVE
CARD03466,C03466,MasterCard,Platinum,20000000,ACTIVE
CARD03467,C03467,Amex,Gold,500000000,ACTIVE
CARD03468,C03468,Amex,Gold,20000000,ACTIVE
CARD03469,C03469,Amex,Platinum,10000000,ACTIVE
CARD03470,C03470,VISA,Gold,50000000,ACTIVE
CARD03471,C03471,MasterCard,Infinite,100000000,ACTIVE
CARD03472,C03472,VISA,Classic,500000000,ACTIVE
CARD03473,C03473,MasterCard,Infinite,200000000,ACTIVE
CARD03474,C03474,JCB,Gold,30000000,ACTIVE
CARD03475,C03475,MasterCard,Gold,50000000,ACTIVE
CARD03476,C03476,MasterCard,Infinite,10000000,ACTIVE
CARD03477,C03477,VISA,Platinum,200000000,ACTIVE
CARD03478,C03478,Amex,Gold,20000000,BLOCKED
CARD03479,C03479,VISA,Infinite,30000000,ACTIVE
CARD03480,C03480,JCB,Platinum,500000000,ACTIVE
CARD03481,C03481,Amex,Gold,200000000,ACTIVE
CARD03482,C03482,VISA,Platinum,30000000,ACTIVE
CARD03483,C03483,JCB,Classic,30000000,ACTIVE
CARD03484,C03484,Amex,Gold,100000000,ACTIVE
CARD03485,C03485,VISA,Gold,200000000,ACTIVE
CARD03486,C03486,Amex,Classic,10000000,ACTIVE
CARD03487,C03487,Amex,Infinite,100000000,ACTIVE
CARD03488,C03488,VISA,Infinite,20000000,ACTIVE
CARD03489,C03489,VISA,Gold,500000000,BLOCKED
CARD03490,C03490,VISA,Classic,30000000,ACTIVE
CARD03491,C03491,Amex,Gold,200000000,ACTIVE
CARD03492,C03492,JCB,Classic,10000000,ACTIVE
CARD03493,C03493,MasterCard,Gold,30000000,ACTIVE
CARD03494,C03494,JCB,Platinum,200000000,ACTIVE
CARD03495,C03495,JCB,Classic,100000000,ACTIVE
CARD03496,C03496,MasterCard,Platinum,10000000,ACTIVE
CARD03497,C03497,VISA,Gold,10000000,ACTIVE
CARD03498,C03498,JCB,Infinite,30000000,ACTIVE
CARD03499,C03499,JCB,Infinite,10000000,ACTIVE
CARD03500,C03500,Amex,Infinite,100000000,ACTIVE
CARD03501,C03501,MasterCard,Gold,500000000,ACTIVE
CARD03502,C03502,JCB,Platinum,50000000,ACTIVE
CARD03503,C03503,Amex,Platinum,500000000,ACTIVE
CARD03504,C03504,VISA,Platinum,100000000,ACTIVE
CARD03505,C03505,MasterCard,Classic,100000000,BLOCKED
CARD03506,C03506,VISA,Gold,30000000,ACTIVE
CARD03507,C03507,VISA,Gold,100000000,ACTIVE
CARD03508,C03508,VISA,Classic,200000000,ACTIVE
CARD03509,C03509,MasterCard,Infinite,30000000,ACTIVE
CARD03510,C03510,VISA,Platinum,100000000,ACTIVE
CARD03511,C03511,Amex,Gold,200000000,ACTIVE
CARD03512,C03512,VISA,Gold,20000000,ACTIVE
CARD03513,C03513,Amex,Infinite,200000000,ACTIVE
CARD03514,C03514,Amex,Classic,50000000,ACTIVE
CARD03515,C03515,JCB,Gold,200000000,ACTIVE
CARD03516,C03516,VISA,Platinum,500000000,ACTIVE
CARD03517,C03517,Amex,Classic,20000000,ACTIVE
CARD03518,C03518,JCB,Infinite,500000000,ACTIVE
CARD03519,C03519,MasterCard,Gold,10000000,ACTIVE
CARD03520,C03520,Amex,Gold,50000000,ACTIVE
CARD03521,C03521,Amex,Classic,500000000,ACTIVE
CARD03522,C03522,Amex,Infinite,20000000,ACTIVE
CARD03523,C03523,JCB,Platinum,30000000,ACTIVE
CARD03524,C03524,Amex,Gold,50000000,ACTIVE
CARD03525,C03525,JCB,Gold,50000000,ACTIVE
CARD03526,C03526,MasterCard,Platinum,50000000,ACTIVE
CARD03527,C03527,MasterCard,Gold,10000000,ACTIVE
CARD03528,C03528,JCB,Gold,50000000,ACTIVE
CARD03529,C03529,JCB,Infinite,100000000,ACTIVE
CARD03530,C03530,JCB,Gold,200000000,ACTIVE
CARD03531,C03531,VISA,Infinite,20000000,ACTIVE
CARD03532,C03532,Amex,Gold,30000000,ACTIVE
CARD03533,C03533,VISA,Infinite,20000000,ACTIVE
CARD03534,C03534,MasterCard,Gold,50000000,ACTIVE
CARD03535,C03535,VISA,Gold,100000000,ACTIVE
CARD03536,C03536,Amex,Gold,500000000,ACTIVE
CARD03537,C03537,Amex,Platinum,50000000,BLOCKED
CARD03538,C03538,Amex,Gold,500000000,ACTIVE
CARD03539,C03539,MasterCard,Infinite,20000000,ACTIVE
CARD03540,C03540,VISA,Infinite,200000000,ACTIVE
CARD03541,C03541,MasterCard,Classic,500000000,BLOCKED
CARD03542,C03542,Amex,Infinite,20000000,ACTIVE
CARD03543,C03543,MasterCard,Classic,50000000,ACTIVE
CARD03544,C03544,Amex,Gold,20000000,ACTIVE
CARD03545,C03545,Amex,Platinum,30000000,ACTIVE
CARD03546,C03546,Amex,Platinum,100000000,BLOCKED
CARD03547,C03547,MasterCard,Classic,500000000,ACTIVE
CARD03548,C03548,JCB,Platinum,100000000,ACTIVE
CARD03549,C03549,VISA,Infinite,10000000,ACTIVE
CARD03550,C03550,MasterCard,Platinum,20000000,ACTIVE
CARD03551,C03551,Amex,Platinum,200000000,ACTIVE
CARD03552,C03552,Amex,Infinite,500000000,ACTIVE
CARD03553,C03553,JCB,Infinite,200000000,ACTIVE
CARD03554,C03554,VISA,Classic,50000000,ACTIVE
CARD03555,C03555,VISA,Gold,20000000,ACTIVE
CARD03556,C03556,JCB,Platinum,10000000,ACTIVE
CARD03557,C03557,Amex,Platinum,10000000,ACTIVE
CARD03558,C03558,Amex,Gold,500000000,ACTIVE
CARD03559,C03559,MasterCard,Platinum,500000000,ACTIVE
CARD03560,C03560,Amex,Platinum,200000000,ACTIVE
CARD03561,C03561,Amex,Infinite,100000000,ACTIVE
CARD03562,C03562,MasterCard,Classic,200000000,ACTIVE
CARD03563,C03563,Amex,Platinum,200000000,ACTIVE
CARD03564,C03564,VISA,Classic,30000000,ACTIVE
CARD03565,C03565,MasterCard,Classic,10000000,ACTIVE
CARD03566,C03566,JCB,Platinum,10000000,ACTIVE
CARD03567,C03567,MasterCard,Classic,500000000,ACTIVE
CARD03568,C03568,VISA,Infinite,10000000,ACTIVE
CARD03569,C03569,VISA,Gold,100000000,ACTIVE
CARD03570,C03570,MasterCard,Classic,30000000,ACTIVE
CARD03571,C03571,MasterCard,Classic,20000000,ACTIVE
CARD03572,C03572,Amex,Classic,100000000,ACTIVE
CARD03573,C03573,Amex,Platinum,200000000,ACTIVE
CARD03574,C03574,Amex,Gold,10000000,ACTIVE
CARD03575,C03575,MasterCard,Platinum,100000000,ACTIVE
CARD03576,C03576,JCB,Infinite,50000000,ACTIVE
CARD03577,C03577,JCB,Platinum,10000000,ACTIVE
CARD03578,C03578,VISA,Infinite,200000000,ACTIVE
CARD03579,C03579,VISA,Gold,30000000,BLOCKED
CARD03580,C03580,MasterCard,Platinum,50000000,BLOCKED
CARD03581,C03581,JCB,Infinite,30000000,ACTIVE
CARD03582,C03582,VISA,Infinite,10000000,ACTIVE
CARD03583,C03583,Amex,Gold,500000000,ACTIVE
CARD03584,C03584,VISA,Gold,100000000,ACTIVE
CARD03585,C03585,JCB,Platinum,30000000,ACTIVE
CARD03586,C03586,JCB,Gold,20000000,ACTIVE
CARD03587,C03587,VISA,Infinite,10000000,ACTIVE
CARD03588,C03588,JCB,Classic,500000000,ACTIVE
CARD03589,C03589,VISA,Gold,20000000,ACTIVE
CARD03590,C03590,MasterCard,Classic,100000000,BLOCKED
CARD03591,C03591,MasterCard,Classic,30000000,ACTIVE
CARD03592,C03592,Amex,Platinum,200000000,ACTIVE
CARD03593,C03593,VISA,Infinite,20000000,ACTIVE
CARD03594,C03594,MasterCard,Gold,20000000,ACTIVE
CARD03595,C03595,Amex,Infinite,10000000,ACTIVE
CARD03596,C03596,VISA,Infinite,10000000,ACTIVE
CARD03597,C03597,JCB,Classic,500000000,ACTIVE
CARD03598,C03598,MasterCard,Gold,200000000,ACTIVE
CARD03599,C03599,JCB,Gold,30000000,ACTIVE
CARD03600,C03600,Amex,Infinite,20000000,ACTIVE
CARD03601,C03601,MasterCard,Infinite,100000000,ACTIVE
CARD03602,C03602,Amex,Classic,100000000,ACTIVE
CARD03603,C03603,JCB,Classic,10000000,ACTIVE
CARD03604,C03604,MasterCard,Gold,200000000,BLOCKED
CARD03605,C03605,Amex,Gold,50000000,ACTIVE
CARD03606,C03606,JCB,Infinite,100000000,ACTIVE
CARD03607,C03607,Amex,Platinum,100000000,ACTIVE
CARD03608,C03608,Amex,Gold,10000000,ACTIVE
CARD03609,C03609,JCB,Gold,200000000,ACTIVE
CARD03610,C03610,MasterCard,Infinite,50000000,ACTIVE
CARD03611,C03611,Amex,Platinum,20000000,ACTIVE
CARD03612,C03612,VISA,Platinum,200000000,BLOCKED
CARD03613,C03613,MasterCard,Gold,100000000,ACTIVE
CARD03614,C03614,VISA,Infinite,100000000,ACTIVE
CARD03615,C03615,VISA,Infinite,10000000,ACTIVE
CARD03616,C03616,JCB,Infinite,10000000,BLOCKED
CARD03617,C03617,JCB,Infinite,10000000,ACTIVE
CARD03618,C03618,VISA,Gold,50000000,BLOCKED
CARD03619,C03619,VISA,Classic,50000000,ACTIVE
CARD03620,C03620,JCB,Platinum,100000000,ACTIVE
CARD03621,C03621,JCB,Gold,20000000,ACTIVE
CARD03622,C03622,MasterCard,Platinum,100000000,ACTIVE
CARD03623,C03623,JCB,Classic,30000000,ACTIVE
CARD03624,C03624,Amex,Classic,30000000,ACTIVE
CARD03625,C03625,VISA,Infinite,500000000,ACTIVE
CARD03626,C03626,JCB,Platinum,30000000,ACTIVE
CARD03627,C03627,VISA,Gold,30000000,BLOCKED
CARD03628,C03628,MasterCard,Infinite,200000000,ACTIVE
CARD03629,C03629,MasterCard,Gold,50000000,ACTIVE
CARD03630,C03630,Amex,Gold,50000000,ACTIVE
CARD03631,C03631,MasterCard,Platinum,10000000,ACTIVE
CARD03632,C03632,MasterCard,Infinite,30000000,ACTIVE
CARD03633,C03633,VISA,Infinite,50000000,ACTIVE
CARD03634,C03634,MasterCard,Infinite,100000000,ACTIVE
CARD03635,C03635,JCB,Platinum,20000000,ACTIVE
CARD03636,C03636,JCB,Infinite,200000000,ACTIVE
CARD03637,C03637,VISA,Gold,30000000,ACTIVE
CARD03638,C03638,JCB,Infinite,50000000,ACTIVE
CARD03639,C03639,VISA,Classic,20000000,ACTIVE
CARD03640,C03640,Amex,Gold,20000000,BLOCKED
CARD03641,C03641,Amex,Platinum,10000000,ACTIVE
CARD03642,C03642,JCB,Classic,50000000,ACTIVE
CARD03643,C03643,VISA,Infinite,100000000,ACTIVE
CARD03644,C03644,MasterCard,Platinum,10000000,ACTIVE
CARD03645,C03645,Amex,Infinite,500000000,ACTIVE
CARD03646,C03646,JCB,Gold,100000000,ACTIVE
CARD03647,C03647,VISA,Infinite,200000000,ACTIVE
CARD03648,C03648,MasterCard,Gold,20000000,ACTIVE
CARD03649,C03649,Amex,Classic,30000000,ACTIVE
CARD03650,C03650,JCB,Platinum,20000000,ACTIVE
CARD03651,C03651,Amex,Infinite,20000000,ACTIVE
CARD03652,C03652,Amex,Platinum,10000000,ACTIVE
CARD03653,C03653,MasterCard,Platinum,20000000,ACTIVE
CARD03654,C03654,MasterCard,Platinum,500000000,ACTIVE
CARD03655,C03655,Amex,Infinite,500000000,ACTIVE
CARD03656,C03656,VISA,Gold,500000000,ACTIVE
CARD03657,C03657,Amex,Platinum,10000000,BLOCKED
CARD03658,C03658,VISA,Infinite,500000000,ACTIVE
CARD03659,C03659,VISA,Classic,50000000,ACTIVE
CARD03660,C03660,VISA,Platinum,30000000,ACTIVE
CARD03661,C03661,Amex,Platinum,30000000,ACTIVE
CARD03662,C03662,JCB,Classic,20000000,ACTIVE
CARD03663,C03663,VISA,Infinite,20000000,ACTIVE
CARD03664,C03664,VISA,Infinite,200000000,ACTIVE
CARD03665,C03665,MasterCard,Gold,50000000,ACTIVE
CARD03666,C03666,JCB,Gold,100000000,ACTIVE
CARD03667,C03667,VISA,Platinum,10000000,ACTIVE
CARD03668,C03668,VISA,Infinite,100000000,ACTIVE
CARD03669,C03669,VISA,Platinum,10000000,ACTIVE
CARD03670,C03670,VISA,Infinite,30000000,ACTIVE
CARD03671,C03671,JCB,Classic,200000000,ACTIVE
CARD03672,C03672,Amex,Classic,50000000,ACTIVE
CARD03673,C03673,MasterCard,Classic,10000000,ACTIVE
CARD03674,C03674,Amex,Classic,200000000,ACTIVE
CARD03675,C03675,JCB,Infinite,500000000,ACTIVE
CARD03676,C03676,VISA,Infinite,30000000,ACTIVE
CARD03677,C03677,Amex,Gold,200000000,ACTIVE
CARD03678,C03678,JCB,Infinite,30000000,ACTIVE
CARD03679,C03679,JCB,Platinum,200000000,ACTIVE
CARD03680,C03680,VISA,Classic,10000000,ACTIVE
CARD03681,C03681,VISA,Gold,10000000,ACTIVE
CARD03682,C03682,MasterCard,Gold,50000000,ACTIVE
CARD03683,C03683,JCB,Infinite,20000000,ACTIVE
CARD03684,C03684,Amex,Infinite,500000000,ACTIVE
CARD03685,C03685,Amex,Platinum,50000000,ACTIVE
CARD03686,C03686,JCB,Gold,50000000,ACTIVE
CARD03687,C03687,MasterCard,Platinum,20000000,ACTIVE
CARD03688,C03688,MasterCard,Infinite,10000000,ACTIVE
CARD03689,C03689,Amex,Gold,200000000,ACTIVE
CARD03690,C03690,Amex,Classic,10000000,ACTIVE
CARD03691,C03691,VISA,Infinite,30000000,ACTIVE
CARD03692,C03692,JCB,Classic,20000000,ACTIVE
CARD03693,C03693,VISA,Platinum,500000000,ACTIVE
CARD03694,C03694,Amex,Infinite,500000000,ACTIVE
CARD03695,C03695,MasterCard,Infinite,500000000,ACTIVE
CARD03696,C03696,Amex,Classic,20000000,ACTIVE
CARD03697,C03697,MasterCard,Gold,20000000,ACTIVE
CARD03698,C03698,JCB,Gold,50000000,ACTIVE
CARD03699,C03699,Amex,Gold,30000000,ACTIVE
CARD03700,C03700,JCB,Classic,500000000,ACTIVE
CARD03701,C03701,MasterCard,Platinum,10000000,ACTIVE
CARD03702,C03702,MasterCard,Infinite,30000000,ACTIVE
CARD03703,C03703,VISA,Gold,500000000,ACTIVE
CARD03704,C03704,MasterCard,Platinum,10000000,ACTIVE
CARD03705,C03705,VISA,Classic,200000000,ACTIVE
CARD03706,C03706,Amex,Infinite,500000000,ACTIVE
CARD03707,C03707,VISA,Gold,200000000,ACTIVE
CARD03708,C03708,VISA,Platinum,500000000,ACTIVE
CARD03709,C03709,JCB,Infinite,500000000,ACTIVE
CARD03710,C03710,JCB,Classic,200000000,ACTIVE
CARD03711,C03711,Amex,Classic,200000000,ACTIVE
CARD03712,C03712,Amex,Gold,20000000,ACTIVE
CARD03713,C03713,VISA,Classic,100000000,ACTIVE
CARD03714,C03714,MasterCard,Gold,30000000,ACTIVE
CARD03715,C03715,Amex,Platinum,50000000,ACTIVE
CARD03716,C03716,VISA,Infinite,500000000,ACTIVE
CARD03717,C03717,Amex,Platinum,50000000,ACTIVE
CARD03718,C03718,Amex,Gold,100000000,ACTIVE
CARD03719,C03719,Amex,Gold,20000000,ACTIVE
CARD03720,C03720,Amex,Infinite,20000000,ACTIVE
CARD03721,C03721,MasterCard,Infinite,10000000,ACTIVE
CARD03722,C03722,VISA,Gold,30000000,ACTIVE
CARD03723,C03723,JCB,Infinite,20000000,ACTIVE
CARD03724,C03724,MasterCard,Platinum,100000000,BLOCKED
CARD03725,C03725,Amex,Infinite,50000000,ACTIVE
CARD03726,C03726,JCB,Gold,200000000,ACTIVE
CARD03727,C03727,MasterCard,Platinum,500000000,BLOCKED
CARD03728,C03728,MasterCard,Gold,20000000,ACTIVE
CARD03729,C03729,JCB,Platinum,50000000,ACTIVE
CARD03730,C03730,Amex,Gold,20000000,ACTIVE
CARD03731,C03731,VISA,Gold,50000000,ACTIVE
CARD03732,C03732,MasterCard,Classic,30000000,ACTIVE
CARD03733,C03733,JCB,Infinite,50000000,ACTIVE
CARD03734,C03734,JCB,Classic,100000000,ACTIVE
CARD03735,C03735,JCB,Classic,50000000,ACTIVE
CARD03736,C03736,Amex,Gold,20000000,ACTIVE
CARD03737,C03737,VISA,Classic,30000000,ACTIVE
CARD03738,C03738,Amex,Platinum,100000000,ACTIVE
CARD03739,C03739,Amex,Classic,20000000,ACTIVE
CARD03740,C03740,MasterCard,Classic,100000000,BLOCKED
CARD03741,C03741,JCB,Classic,200000000,ACTIVE
CARD03742,C03742,MasterCard,Gold,20000000,ACTIVE
CARD03743,C03743,VISA,Gold,200000000,ACTIVE
CARD03744,C03744,JCB,Gold,10000000,ACTIVE
CARD03745,C03745,VISA,Platinum,10000000,ACTIVE
CARD03746,C03746,Amex,Platinum,50000000,ACTIVE
CARD03747,C03747,Amex,Infinite,20000000,ACTIVE
CARD03748,C03748,Amex,Platinum,30000000,ACTIVE
CARD03749,C03749,JCB,Infinite,200000000,ACTIVE
CARD03750,C03750,Amex,Classic,20000000,ACTIVE
CARD03751,C03751,Amex,Classic,200000000,ACTIVE
CARD03752,C03752,MasterCard,Infinite,30000000,ACTIVE
CARD03753,C03753,MasterCard,Platinum,10000000,ACTIVE
CARD03754,C03754,JCB,Platinum,500000000,ACTIVE
CARD03755,C03755,JCB,Infinite,200000000,BLOCKED
CARD03756,C03756,VISA,Platinum,200000000,ACTIVE
CARD03757,C03757,VISA,Gold,100000000,BLOCKED
CARD03758,C03758,VISA,Gold,200000000,ACTIVE
CARD03759,C03759,VISA,Gold,30000000,ACTIVE
CARD03760,C03760,MasterCard,Infinite,500000000,ACTIVE
CARD03761,C03761,JCB,Classic,30000000,ACTIVE
CARD03762,C03762,VISA,Platinum,10000000,ACTIVE
CARD03763,C03763,Amex,Infinite,20000000,ACTIVE
CARD03764,C03764,MasterCard,Infinite,100000000,ACTIVE
CARD03765,C03765,MasterCard,Classic,50000000,ACTIVE
CARD03766,C03766,VISA,Gold,100000000,ACTIVE
CARD03767,C03767,VISA,Infinite,500000000,ACTIVE
CARD03768,C03768,Amex,Platinum,30000000,ACTIVE
CARD03769,C03769,JCB,Platinum,20000000,ACTIVE
CARD03770,C03770,MasterCard,Gold,200000000,ACTIVE
CARD03771,C03771,MasterCard,Platinum,10000000,ACTIVE
CARD03772,C03772,VISA,Gold,10000000,ACTIVE
CARD03773,C03773,JCB,Classic,200000000,ACTIVE
CARD03774,C03774,MasterCard,Gold,30000000,ACTIVE
CARD03775,C03775,JCB,Gold,100000000,ACTIVE
CARD03776,C03776,Amex,Platinum,200000000,ACTIVE
CARD03777,C03777,JCB,Infinite,500000000,ACTIVE
CARD03778,C03778,Amex,Classic,20000000,ACTIVE
CARD03779,C03779,JCB,Classic,200000000,ACTIVE
CARD03780,C03780,VISA,Gold,500000000,ACTIVE
CARD03781,C03781,MasterCard,Platinum,10000000,ACTIVE
CARD03782,C03782,Amex,Gold,200000000,ACTIVE
CARD03783,C03783,MasterCard,Platinum,50000000,ACTIVE
CARD03784,C03784,MasterCard,Classic,10000000,ACTIVE
CARD03785,C03785,JCB,Platinum,100000000,ACTIVE
CARD03786,C03786,JCB,Gold,20000000,BLOCKED
CARD03787,C03787,JCB,Platinum,20000000,ACTIVE
CARD03788,C03788,VISA,Classic,100000000,ACTIVE
CARD03789,C03789,Amex,Platinum,30000000,ACTIVE
CARD03790,C03790,MasterCard,Gold,200000000,ACTIVE
CARD03791,C03791,MasterCard,Classic,50000000,ACTIVE
CARD03792,C03792,VISA,Gold,20000000,ACTIVE
CARD03793,C03793,Amex,Platinum,50000000,ACTIVE
CARD03794,C03794,VISA,Gold,50000000,ACTIVE
CARD03795,C03795,VISA,Gold,50000000,ACTIVE
CARD03796,C03796,VISA,Infinite,20000000,ACTIVE
CARD03797,C03797,Amex,Platinum,10000000,BLOCKED
CARD03798,C03798,VISA,Classic,50000000,ACTIVE
CARD03799,C03799,VISA,Infinite,30000000,BLOCKED
CARD03800,C03800,MasterCard,Gold,50000000,ACTIVE
CARD03801,C03801,VISA,Platinum,20000000,ACTIVE
CARD03802,C03802,VISA,Classic,10000000,ACTIVE
CARD03803,C03803,MasterCard,Infinite,30000000,ACTIVE
CARD03804,C03804,Amex,Classic,30000000,ACTIVE
CARD03805,C03805,VISA,Platinum,500000000,ACTIVE
CARD03806,C03806,JCB,Gold,100000000,ACTIVE
CARD03807,C03807,JCB,Platinum,500000000,ACTIVE
CARD03808,C03808,MasterCard,Platinum,10000000,ACTIVE
CARD03809,C03809,MasterCard,Classic,100000000,ACTIVE
CARD03810,C03810,VISA,Classic,500000000,ACTIVE
CARD03811,C03811,JCB,Gold,50000000,ACTIVE
CARD03812,C03812,JCB,Gold,200000000,ACTIVE
CARD03813,C03813,Amex,Classic,500000000,ACTIVE
CARD03814,C03814,JCB,Classic,20000000,ACTIVE
CARD03815,C03815,JCB,Classic,500000000,ACTIVE
CARD03816,C03816,VISA,Gold,50000000,ACTIVE
CARD03817,C03817,MasterCard,Infinite,20000000,ACTIVE
CARD03818,C03818,JCB,Infinite,500000000,ACTIVE
CARD03819,C03819,JCB,Classic,500000000,ACTIVE
CARD03820,C03820,JCB,Platinum,500000000,ACTIVE
CARD03821,C03821,MasterCard,Infinite,50000000,ACTIVE
CARD03822,C03822,MasterCard,Infinite,30000000,ACTIVE
CARD03823,C03823,VISA,Infinite,50000000,ACTIVE
CARD03824,C03824,MasterCard,Gold,10000000,ACTIVE
CARD03825,C03825,JCB,Classic,30000000,ACTIVE
CARD03826,C03826,Amex,Classic,20000000,ACTIVE
CARD03827,C03827,VISA,Platinum,20000000,ACTIVE
CARD03828,C03828,Amex,Infinite,50000000,ACTIVE
CARD03829,C03829,JCB,Platinum,10000000,BLOCKED
CARD03830,C03830,JCB,Gold,500000000,ACTIVE
CARD03831,C03831,MasterCard,Gold,100000000,ACTIVE
CARD03832,C03832,MasterCard,Classic,500000000,ACTIVE
CARD03833,C03833,Amex,Classic,20000000,ACTIVE
CARD03834,C03834,MasterCard,Infinite,20000000,ACTIVE
CARD03835,C03835,MasterCard,Gold,20000000,ACTIVE
CARD03836,C03836,VISA,Infinite,200000000,ACTIVE
CARD03837,C03837,VISA,Infinite,500000000,ACTIVE
CARD03838,C03838,VISA,Gold,20000000,ACTIVE
CARD03839,C03839,MasterCard,Platinum,100000000,ACTIVE
CARD03840,C03840,JCB,Infinite,200000000,ACTIVE
CARD03841,C03841,JCB,Classic,50000000,ACTIVE
CARD03842,C03842,Amex,Gold,30000000,ACTIVE
CARD03843,C03843,VISA,Platinum,20000000,ACTIVE
CARD03844,C03844,VISA,Classic,50000000,ACTIVE
CARD03845,C03845,VISA,Classic,50000000,ACTIVE
CARD03846,C03846,MasterCard,Platinum,100000000,ACTIVE
CARD03847,C03847,VISA,Platinum,500000000,ACTIVE
CARD03848,C03848,JCB,Platinum,20000000,ACTIVE
CARD03849,C03849,VISA,Platinum,20000000,ACTIVE
CARD03850,C03850,Amex,Infinite,20000000,ACTIVE
CARD03851,C03851,VISA,Infinite,500000000,BLOCKED
CARD03852,C03852,Amex,Gold,50000000,ACTIVE
CARD03853,C03853,JCB,Gold,200000000,ACTIVE
CARD03854,C03854,VISA,Platinum,200000000,ACTIVE
CARD03855,C03855,Amex,Gold,20000000,BLOCKED
CARD03856,C03856,VISA,Classic,10000000,ACTIVE
CARD03857,C03857,MasterCard,Classic,30000000,ACTIVE
CARD03858,C03858,Amex,Classic,20000000,ACTIVE
CARD03859,C03859,JCB,Infinite,100000000,ACTIVE
CARD03860,C03860,VISA,Gold,50000000,ACTIVE
CARD03861,C03861,MasterCard,Gold,100000000,ACTIVE
CARD03862,C03862,JCB,Gold,200000000,ACTIVE
CARD03863,C03863,JCB,Infinite,10000000,ACTIVE
CARD03864,C03864,VISA,Infinite,30000000,ACTIVE
CARD03865,C03865,JCB,Platinum,20000000,ACTIVE
CARD03866,C03866,Amex,Classic,500000000,ACTIVE
CARD03867,C03867,Amex,Infinite,200000000,ACTIVE
CARD03868,C03868,VISA,Platinum,100000000,BLOCKED
CARD03869,C03869,MasterCard,Platinum,20000000,ACTIVE
CARD03870,C03870,JCB,Gold,200000000,ACTIVE
CARD03871,C03871,Amex,Classic,20000000,ACTIVE
CARD03872,C03872,Amex,Infinite,10000000,ACTIVE
CARD03873,C03873,Amex,Classic,100000000,ACTIVE
CARD03874,C03874,Amex,Infinite,20000000,ACTIVE
CARD03875,C03875,MasterCard,Platinum,200000000,ACTIVE
CARD03876,C03876,Amex,Infinite,200000000,ACTIVE
CARD03877,C03877,VISA,Platinum,50000000,ACTIVE
CARD03878,C03878,MasterCard,Classic,200000000,ACTIVE
CARD03879,C03879,Amex,Gold,10000000,ACTIVE
CARD03880,C03880,Amex,Infinite,50000000,ACTIVE
CARD03881,C03881,MasterCard,Classic,10000000,ACTIVE
CARD03882,C03882,MasterCard,Gold,20000000,ACTIVE
CARD03883,C03883,JCB,Classic,50000000,ACTIVE
CARD03884,C03884,Amex,Platinum,30000000,ACTIVE
CARD03885,C03885,JCB,Platinum,200000000,ACTIVE
CARD03886,C03886,VISA,Platinum,50000000,ACTIVE
CARD03887,C03887,VISA,Infinite,50000000,ACTIVE
CARD03888,C03888,Amex,Platinum,20000000,ACTIVE
CARD03889,C03889,MasterCard,Gold,200000000,ACTIVE
CARD03890,C03890,VISA,Infinite,200000000,ACTIVE
CARD03891,C03891,JCB,Platinum,50000000,BLOCKED
CARD03892,C03892,MasterCard,Infinite,20000000,ACTIVE
CARD03893,C03893,MasterCard,Platinum,50000000,ACTIVE
CARD03894,C03894,JCB,Platinum,200000000,ACTIVE
CARD03895,C03895,VISA,Classic,30000000,ACTIVE
CARD03896,C03896,JCB,Classic,20000000,ACTIVE
CARD03897,C03897,VISA,Platinum,50000000,ACTIVE
CARD03898,C03898,VISA,Platinum,50000000,ACTIVE
CARD03899,C03899,VISA,Infinite,50000000,ACTIVE
CARD03900,C03900,MasterCard,Infinite,50000000,ACTIVE
CARD03901,C03901,MasterCard,Classic,50000000,ACTIVE
CARD03902,C03902,MasterCard,Classic,10000000,ACTIVE
CARD03903,C03903,JCB,Infinite,30000000,ACTIVE
CARD03904,C03904,VISA,Classic,50000000,ACTIVE
CARD03905,C03905,JCB,Platinum,10000000,ACTIVE
CARD03906,C03906,JCB,Classic,50000000,ACTIVE
CARD03907,C03907,MasterCard,Classic,10000000,ACTIVE
CARD03908,C03908,VISA,Gold,200000000,ACTIVE
CARD03909,C03909,Amex,Classic,50000000,ACTIVE
CARD03910,C03910,Amex,Infinite,500000000,ACTIVE
CARD03911,C03911,VISA,Gold,20000000,ACTIVE
CARD03912,C03912,MasterCard,Infinite,10000000,ACTIVE
CARD03913,C03913,VISA,Gold,200000000,ACTIVE
CARD03914,C03914,MasterCard,Gold,200000000,ACTIVE
CARD03915,C03915,VISA,Gold,100000000,ACTIVE
CARD03916,C03916,Amex,Platinum,500000000,ACTIVE
CARD03917,C03917,VISA,Platinum,20000000,ACTIVE
CARD03918,C03918,Amex,Platinum,200000000,ACTIVE
CARD03919,C03919,Amex,Infinite,200000000,ACTIVE
CARD03920,C03920,JCB,Classic,200000000,ACTIVE
CARD03921,C03921,MasterCard,Gold,200000000,ACTIVE
CARD03922,C03922,MasterCard,Infinite,500000000,ACTIVE
CARD03923,C03923,MasterCard,Classic,10000000,ACTIVE
CARD03924,C03924,Amex,Gold,10000000,ACTIVE
CARD03925,C03925,Amex,Infinite,10000000,ACTIVE
CARD03926,C03926,MasterCard,Classic,500000000,ACTIVE
CARD03927,C03927,JCB,Classic,50000000,ACTIVE
CARD03928,C03928,MasterCard,Gold,50000000,ACTIVE
CARD03929,C03929,VISA,Classic,20000000,ACTIVE
CARD03930,C03930,VISA,Platinum,500000000,ACTIVE
CARD03931,C03931,VISA,Platinum,30000000,ACTIVE
CARD03932,C03932,Amex,Infinite,10000000,ACTIVE
CARD03933,C03933,VISA,Platinum,30000000,ACTIVE
CARD03934,C03934,VISA,Infinite,100000000,ACTIVE
CARD03935,C03935,MasterCard,Infinite,200000000,ACTIVE
CARD03936,C03936,VISA,Classic,200000000,ACTIVE
CARD03937,C03937,JCB,Gold,100000000,ACTIVE
CARD03938,C03938,JCB,Infinite,100000000,ACTIVE
CARD03939,C03939,MasterCard,Platinum,30000000,ACTIVE
CARD03940,C03940,MasterCard,Platinum,500000000,ACTIVE
CARD03941,C03941,MasterCard,Classic,10000000,ACTIVE
CARD03942,C03942,JCB,Platinum,200000000,ACTIVE
CARD03943,C03943,JCB,Classic,20000000,ACTIVE
CARD03944,C03944,JCB,Infinite,30000000,ACTIVE
CARD03945,C03945,Amex,Classic,100000000,ACTIVE
CARD03946,C03946,VISA,Gold,100000000,ACTIVE
CARD03947,C03947,JCB,Gold,50000000,ACTIVE
CARD03948,C03948,Amex,Platinum,10000000,ACTIVE
CARD03949,C03949,VISA,Classic,200000000,ACTIVE
CARD03950,C03950,Amex,Infinite,20000000,ACTIVE
CARD03951,C03951,Amex,Infinite,30000000,ACTIVE
CARD03952,C03952,Amex,Platinum,500000000,ACTIVE
CARD03953,C03953,VISA,Infinite,50000000,ACTIVE
CARD03954,C03954,VISA,Gold,10000000,ACTIVE
CARD03955,C03955,VISA,Platinum,50000000,ACTIVE
CARD03956,C03956,VISA,Platinum,500000000,ACTIVE
CARD03957,C03957,JCB,Gold,200000000,ACTIVE
CARD03958,C03958,JCB,Classic,10000000,ACTIVE
CARD03959,C03959,Amex,Platinum,20000000,ACTIVE
CARD03960,C03960,MasterCard,Gold,10000000,ACTIVE
CARD03961,C03961,MasterCard,Platinum,10000000,ACTIVE
CARD03962,C03962,JCB,Infinite,200000000,BLOCKED
CARD03963,C03963,Amex,Platinum,500000000,ACTIVE
CARD03964,C03964,MasterCard,Gold,30000000,ACTIVE
CARD03965,C03965,Amex,Classic,10000000,ACTIVE
CARD03966,C03966,MasterCard,Infinite,200000000,ACTIVE
CARD03967,C03967,JCB,Gold,100000000,ACTIVE
CARD03968,C03968,VISA,Platinum,10000000,ACTIVE
CARD03969,C03969,JCB,Infinite,200000000,ACTIVE
CARD03970,C03970,VISA,Infinite,500000000,ACTIVE
CARD03971,C03971,Amex,Classic,10000000,ACTIVE
CARD03972,C03972,JCB,Platinum,100000000,ACTIVE
CARD03973,C03973,Amex,Infinite,100000000,ACTIVE
CARD03974,C03974,Amex,Infinite,500000000,ACTIVE
CARD03975,C03975,Amex,Gold,30000000,ACTIVE
CARD03976,C03976,JCB,Gold,100000000,ACTIVE
CARD03977,C03977,VISA,Infinite,100000000,ACTIVE
CARD03978,C03978,JCB,Infinite,500000000,ACTIVE
CARD03979,C03979,JCB,Classic,200000000,ACTIVE
CARD03980,C03980,Amex,Platinum,500000000,ACTIVE
CARD03981,C03981,VISA,Infinite,20000000,ACTIVE
CARD03982,C03982,JCB,Infinite,200000000,ACTIVE
CARD03983,C03983,VISA,Gold,500000000,ACTIVE
CARD03984,C03984,MasterCard,Infinite,30000000,ACTIVE
CARD03985,C03985,Amex,Gold,20000000,ACTIVE
CARD03986,C03986,MasterCard,Gold,50000000,ACTIVE
CARD03987,C03987,Amex,Infinite,20000000,ACTIVE
CARD03988,C03988,VISA,Platinum,10000000,ACTIVE
CARD03989,C03989,VISA,Infinite,50000000,ACTIVE
CARD03990,C03990,VISA,Classic,500000000,ACTIVE
CARD03991,C03991,JCB,Platinum,500000000,ACTIVE
CARD03992,C03992,VISA,Gold,100000000,BLOCKED
CARD03993,C03993,VISA,Classic,200000000,ACTIVE
CARD03994,C03994,Amex,Platinum,200000000,ACTIVE
CARD03995,C03995,MasterCard,Gold,30000000,ACTIVE
CARD03996,C03996,MasterCard,Infinite,10000000,ACTIVE
CARD03997,C03997,VISA,Gold,20000000,ACTIVE
CARD03998,C03998,JCB,Gold,200000000,ACTIVE
CARD03999,C03999,MasterCard,Infinite,100000000,ACTIVE
CARD04000,C04000,JCB,Platinum,30000000,ACTIVE
CARD04001,C04001,MasterCard,Classic,500000000,ACTIVE
CARD04002,C04002,Amex,Classic,20000000,ACTIVE
CARD04003,C04003,MasterCard,Infinite,200000000,ACTIVE
CARD04004,C04004,MasterCard,Platinum,50000000,ACTIVE
CARD04005,C04005,JCB,Gold,20000000,ACTIVE
CARD04006,C04006,VISA,Classic,30000000,ACTIVE
CARD04007,C04007,MasterCard,Infinite,30000000,ACTIVE
CARD04008,C04008,Amex,Infinite,30000000,ACTIVE
CARD04009,C04009,VISA,Platinum,30000000,ACTIVE
CARD04010,C04010,JCB,Infinite,500000000,ACTIVE
CARD04011,C04011,MasterCard,Infinite,30000000,ACTIVE
CARD04012,C04012,Amex,Classic,20000000,ACTIVE
CARD04013,C04013,Amex,Classic,100000000,ACTIVE
CARD04014,C04014,MasterCard,Gold,100000000,ACTIVE
CARD04015,C04015,VISA,Platinum,100000000,ACTIVE
CARD04016,C04016,Amex,Platinum,100000000,ACTIVE
CARD04017,C04017,VISA,Platinum,30000000,ACTIVE
CARD04018,C04018,Amex,Platinum,20000000,ACTIVE
CARD04019,C04019,VISA,Infinite,100000000,ACTIVE
CARD04020,C04020,VISA,Gold,100000000,ACTIVE
CARD04021,C04021,MasterCard,Platinum,30000000,ACTIVE
CARD04022,C04022,MasterCard,Infinite,20000000,ACTIVE
CARD04023,C04023,MasterCard,Infinite,20000000,ACTIVE
CARD04024,C04024,MasterCard,Platinum,100000000,ACTIVE
CARD04025,C04025,Amex,Gold,200000000,ACTIVE
CARD04026,C04026,JCB,Classic,10000000,ACTIVE
CARD04027,C04027,VISA,Classic,30000000,ACTIVE
CARD04028,C04028,JCB,Gold,20000000,BLOCKED
CARD04029,C04029,JCB,Infinite,500000000,ACTIVE
CARD04030,C04030,MasterCard,Infinite,10000000,ACTIVE
CARD04031,C04031,MasterCard,Gold,10000000,ACTIVE
CARD04032,C04032,JCB,Platinum,200000000,ACTIVE
CARD04033,C04033,Amex,Classic,50000000,ACTIVE
CARD04034,C04034,VISA,Platinum,500000000,ACTIVE
CARD04035,C04035,VISA,Classic,20000000,ACTIVE
CARD04036,C04036,JCB,Platinum,100000000,ACTIVE
CARD04037,C04037,VISA,Classic,10000000,ACTIVE
CARD04038,C04038,JCB,Classic,500000000,ACTIVE
CARD04039,C04039,Amex,Classic,20000000,ACTIVE
CARD04040,C04040,Amex,Platinum,200000000,ACTIVE
CARD04041,C04041,MasterCard,Gold,50000000,ACTIVE
CARD04042,C04042,MasterCard,Classic,30000000,ACTIVE
CARD04043,C04043,Amex,Classic,30000000,ACTIVE
CARD04044,C04044,MasterCard,Classic,50000000,ACTIVE
CARD04045,C04045,Amex,Infinite,10000000,ACTIVE
CARD04046,C04046,JCB,Platinum,10000000,ACTIVE
CARD04047,C04047,JCB,Gold,10000000,ACTIVE
CARD04048,C04048,VISA,Gold,50000000,ACTIVE
CARD04049,C04049,VISA,Classic,500000000,ACTIVE
CARD04050,C04050,MasterCard,Platinum,500000000,ACTIVE
CARD04051,C04051,Amex,Infinite,100000000,ACTIVE
CARD04052,C04052,VISA,Infinite,50000000,ACTIVE
CARD04053,C04053,JCB,Gold,30000000,ACTIVE
CARD04054,C04054,MasterCard,Classic,20000000,ACTIVE
CARD04055,C04055,Amex,Infinite,100000000,ACTIVE
CARD04056,C04056,VISA,Gold,30000000,ACTIVE
CARD04057,C04057,JCB,Infinite,200000000,ACTIVE
CARD04058,C04058,MasterCard,Classic,100000000,ACTIVE
CARD04059,C04059,JCB,Classic,500000000,ACTIVE
CARD04060,C04060,JCB,Gold,10000000,ACTIVE
CARD04061,C04061,JCB,Classic,200000000,ACTIVE
CARD04062,C04062,Amex,Platinum,50000000,ACTIVE
CARD04063,C04063,JCB,Infinite,50000000,ACTIVE
CARD04064,C04064,Amex,Classic,30000000,ACTIVE
CARD04065,C04065,JCB,Infinite,200000000,ACTIVE
CARD04066,C04066,JCB,Classic,500000000,ACTIVE
CARD04067,C04067,VISA,Infinite,20000000,ACTIVE
CARD04068,C04068,VISA,Classic,20000000,ACTIVE
CARD04069,C04069,JCB,Gold,30000000,ACTIVE
CARD04070,C04070,VISA,Classic,200000000,ACTIVE
CARD04071,C04071,MasterCard,Gold,200000000,ACTIVE
CARD04072,C04072,JCB,Gold,100000000,ACTIVE
CARD04073,C04073,VISA,Classic,500000000,ACTIVE
CARD04074,C04074,JCB,Classic,20000000,BLOCKED
CARD04075,C04075,Amex,Classic,50000000,ACTIVE
CARD04076,C04076,VISA,Gold,50000000,ACTIVE
CARD04077,C04077,MasterCard,Infinite,500000000,ACTIVE
CARD04078,C04078,JCB,Infinite,500000000,ACTIVE
CARD04079,C04079,VISA,Platinum,100000000,ACTIVE
CARD04080,C04080,VISA,Classic,50000000,ACTIVE
CARD04081,C04081,MasterCard,Classic,10000000,ACTIVE
CARD04082,C04082,JCB,Infinite,500000000,ACTIVE
CARD04083,C04083,Amex,Classic,200000000,ACTIVE
CARD04084,C04084,MasterCard,Platinum,10000000,BLOCKED
CARD04085,C04085,JCB,Platinum,100000000,BLOCKED
CARD04086,C04086,VISA,Platinum,20000000,ACTIVE
CARD04087,C04087,MasterCard,Gold,30000000,ACTIVE
CARD04088,C04088,JCB,Classic,10000000,ACTIVE
CARD04089,C04089,JCB,Infinite,500000000,ACTIVE
CARD04090,C04090,JCB,Gold,30000000,BLOCKED
CARD04091,C04091,Amex,Infinite,500000000,ACTIVE
CARD04092,C04092,VISA,Infinite,30000000,ACTIVE
CARD04093,C04093,VISA,Gold,20000000,ACTIVE
CARD04094,C04094,VISA,Platinum,500000000,ACTIVE
CARD04095,C04095,JCB,Infinite,500000000,ACTIVE
CARD04096,C04096,MasterCard,Gold,100000000,ACTIVE
CARD04097,C04097,JCB,Platinum,20000000,ACTIVE
CARD04098,C04098,Amex,Infinite,20000000,ACTIVE
CARD04099,C04099,MasterCard,Platinum,10000000,ACTIVE
CARD04100,C04100,JCB,Infinite,500000000,ACTIVE
CARD04101,C04101,JCB,Gold,20000000,ACTIVE
CARD04102,C04102,JCB,Infinite,30000000,ACTIVE
CARD04103,C04103,VISA,Platinum,20000000,ACTIVE
CARD04104,C04104,MasterCard,Classic,500000000,ACTIVE
CARD04105,C04105,VISA,Infinite,30000000,ACTIVE
CARD04106,C04106,VISA,Platinum,200000000,ACTIVE
CARD04107,C04107,JCB,Gold,10000000,ACTIVE
CARD04108,C04108,MasterCard,Gold,200000000,ACTIVE
CARD04109,C04109,JCB,Platinum,30000000,ACTIVE
CARD04110,C04110,VISA,Gold,30000000,ACTIVE
CARD04111,C04111,JCB,Platinum,200000000,ACTIVE
CARD04112,C04112,VISA,Platinum,30000000,BLOCKED
CARD04113,C04113,VISA,Infinite,50000000,ACTIVE
CARD04114,C04114,VISA,Platinum,30000000,ACTIVE
CARD04115,C04115,JCB,Platinum,100000000,ACTIVE
CARD04116,C04116,Amex,Classic,100000000,ACTIVE
CARD04117,C04117,JCB,Classic,30000000,ACTIVE
CARD04118,C04118,VISA,Platinum,500000000,ACTIVE
CARD04119,C04119,JCB,Gold,100000000,ACTIVE
CARD04120,C04120,MasterCard,Infinite,200000000,ACTIVE
CARD04121,C04121,MasterCard,Infinite,500000000,ACTIVE
CARD04122,C04122,MasterCard,Infinite,200000000,ACTIVE
CARD04123,C04123,JCB,Classic,200000000,ACTIVE
CARD04124,C04124,JCB,Gold,50000000,ACTIVE
CARD04125,C04125,Amex,Classic,30000000,ACTIVE
CARD04126,C04126,VISA,Platinum,20000000,ACTIVE
CARD04127,C04127,Amex,Classic,50000000,ACTIVE
CARD04128,C04128,JCB,Classic,200000000,ACTIVE
CARD04129,C04129,VISA,Gold,20000000,ACTIVE
CARD04130,C04130,VISA,Infinite,10000000,ACTIVE
CARD04131,C04131,Amex,Platinum,50000000,ACTIVE
CARD04132,C04132,VISA,Platinum,100000000,BLOCKED
CARD04133,C04133,Amex,Infinite,200000000,ACTIVE
CARD04134,C04134,MasterCard,Platinum,10000000,ACTIVE
CARD04135,C04135,VISA,Infinite,100000000,ACTIVE
CARD04136,C04136,VISA,Infinite,10000000,ACTIVE
CARD04137,C04137,Amex,Platinum,200000000,ACTIVE
CARD04138,C04138,JCB,Classic,10000000,ACTIVE
CARD04139,C04139,JCB,Classic,20000000,ACTIVE
CARD04140,C04140,MasterCard,Infinite,10000000,ACTIVE
CARD04141,C04141,MasterCard,Infinite,200000000,ACTIVE
CARD04142,C04142,VISA,Gold,500000000,ACTIVE
CARD04143,C04143,JCB,Classic,50000000,ACTIVE
CARD04144,C04144,MasterCard,Gold,50000000,ACTIVE
CARD04145,C04145,JCB,Platinum,500000000,ACTIVE
CARD04146,C04146,VISA,Gold,50000000,ACTIVE
CARD04147,C04147,VISA,Classic,50000000,ACTIVE
CARD04148,C04148,MasterCard,Infinite,20000000,ACTIVE
CARD04149,C04149,Amex,Classic,30000000,ACTIVE
CARD04150,C04150,JCB,Platinum,30000000,ACTIVE
CARD04151,C04151,MasterCard,Platinum,500000000,BLOCKED
CARD04152,C04152,Amex,Infinite,20000000,ACTIVE
CARD04153,C04153,JCB,Gold,200000000,ACTIVE
CARD04154,C04154,Amex,Classic,50000000,ACTIVE
CARD04155,C04155,Amex,Classic,500000000,ACTIVE
CARD04156,C04156,MasterCard,Gold,20000000,ACTIVE
CARD04157,C04157,Amex,Infinite,500000000,ACTIVE
CARD04158,C04158,Amex,Gold,50000000,ACTIVE
CARD04159,C04159,JCB,Platinum,500000000,ACTIVE
CARD04160,C04160,MasterCard,Gold,200000000,ACTIVE
CARD04161,C04161,JCB,Classic,200000000,ACTIVE
CARD04162,C04162,Amex,Platinum,50000000,ACTIVE
CARD04163,C04163,Amex,Gold,200000000,ACTIVE
CARD04164,C04164,JCB,Platinum,500000000,ACTIVE
CARD04165,C04165,VISA,Classic,20000000,ACTIVE
CARD04166,C04166,Amex,Gold,100000000,ACTIVE
CARD04167,C04167,Amex,Gold,500000000,ACTIVE
CARD04168,C04168,Amex,Classic,10000000,ACTIVE
CARD04169,C04169,VISA,Infinite,100000000,ACTIVE
CARD04170,C04170,Amex,Gold,30000000,ACTIVE
CARD04171,C04171,MasterCard,Classic,50000000,ACTIVE
CARD04172,C04172,MasterCard,Gold,20000000,ACTIVE
CARD04173,C04173,VISA,Infinite,500000000,ACTIVE
CARD04174,C04174,MasterCard,Platinum,100000000,ACTIVE
CARD04175,C04175,Amex,Platinum,200000000,BLOCKED
CARD04176,C04176,MasterCard,Platinum,30000000,ACTIVE
CARD04177,C04177,VISA,Infinite,200000000,ACTIVE
CARD04178,C04178,Amex,Infinite,10000000,ACTIVE
CARD04179,C04179,MasterCard,Platinum,50000000,ACTIVE
CARD04180,C04180,JCB,Gold,30000000,ACTIVE
CARD04181,C04181,VISA,Classic,100000000,ACTIVE
CARD04182,C04182,JCB,Gold,30000000,ACTIVE
CARD04183,C04183,Amex,Classic,20000000,ACTIVE
CARD04184,C04184,JCB,Classic,200000000,ACTIVE
CARD04185,C04185,MasterCard,Platinum,100000000,ACTIVE
CARD04186,C04186,Amex,Classic,20000000,ACTIVE
CARD04187,C04187,VISA,Infinite,30000000,ACTIVE
CARD04188,C04188,VISA,Platinum,50000000,ACTIVE
CARD04189,C04189,VISA,Classic,30000000,ACTIVE
CARD04190,C04190,VISA,Infinite,100000000,ACTIVE
CARD04191,C04191,VISA,Infinite,500000000,ACTIVE
CARD04192,C04192,MasterCard,Gold,200000000,ACTIVE
CARD04193,C04193,MasterCard,Gold,50000000,ACTIVE
CARD04194,C04194,JCB,Gold,100000000,ACTIVE
CARD04195,C04195,MasterCard,Classic,50000000,ACTIVE
CARD04196,C04196,JCB,Classic,500000000,ACTIVE
CARD04197,C04197,VISA,Platinum,100000000,ACTIVE
CARD04198,C04198,MasterCard,Infinite,20000000,ACTIVE
CARD04199,C04199,Amex,Infinite,20000000,BLOCKED
CARD04200,C04200,MasterCard,Platinum,20000000,ACTIVE
CARD04201,C04201,MasterCard,Gold,50000000,ACTIVE
CARD04202,C04202,MasterCard,Infinite,500000000,ACTIVE
CARD04203,C04203,JCB,Platinum,20000000,ACTIVE
CARD04204,C04204,Amex,Platinum,50000000,ACTIVE
CARD04205,C04205,MasterCard,Classic,50000000,ACTIVE
CARD04206,C04206,JCB,Classic,500000000,ACTIVE
CARD04207,C04207,MasterCard,Platinum,20000000,ACTIVE
CARD04208,C04208,MasterCard,Platinum,500000000,ACTIVE
CARD04209,C04209,JCB,Platinum,100000000,ACTIVE
CARD04210,C04210,JCB,Infinite,20000000,ACTIVE
CARD04211,C04211,Amex,Classic,20000000,ACTIVE
CARD04212,C04212,Amex,Platinum,20000000,BLOCKED
CARD04213,C04213,VISA,Platinum,10000000,ACTIVE
CARD04214,C04214,VISA,Platinum,10000000,ACTIVE
CARD04215,C04215,JCB,Classic,10000000,ACTIVE
CARD04216,C04216,VISA,Platinum,20000000,ACTIVE
CARD04217,C04217,VISA,Infinite,500000000,ACTIVE
CARD04218,C04218,JCB,Gold,100000000,ACTIVE
CARD04219,C04219,JCB,Gold,500000000,ACTIVE
CARD04220,C04220,MasterCard,Classic,10000000,ACTIVE
CARD04221,C04221,MasterCard,Classic,500000000,ACTIVE
CARD04222,C04222,JCB,Gold,100000000,ACTIVE
CARD04223,C04223,JCB,Infinite,30000000,ACTIVE
CARD04224,C04224,VISA,Classic,500000000,ACTIVE
CARD04225,C04225,Amex,Infinite,10000000,ACTIVE
CARD04226,C04226,Amex,Infinite,10000000,ACTIVE
CARD04227,C04227,Amex,Gold,20000000,ACTIVE
CARD04228,C04228,Amex,Classic,100000000,ACTIVE
CARD04229,C04229,JCB,Platinum,10000000,ACTIVE
CARD04230,C04230,JCB,Infinite,500000000,ACTIVE
CARD04231,C04231,VISA,Classic,30000000,ACTIVE
CARD04232,C04232,Amex,Platinum,500000000,ACTIVE
CARD04233,C04233,JCB,Gold,500000000,ACTIVE
CARD04234,C04234,JCB,Infinite,10000000,ACTIVE
CARD04235,C04235,Amex,Classic,30000000,ACTIVE
CARD04236,C04236,VISA,Infinite,500000000,ACTIVE
CARD04237,C04237,JCB,Classic,20000000,ACTIVE
CARD04238,C04238,JCB,Platinum,30000000,ACTIVE
CARD04239,C04239,VISA,Classic,30000000,ACTIVE
CARD04240,C04240,VISA,Gold,100000000,ACTIVE
CARD04241,C04241,MasterCard,Classic,30000000,ACTIVE
CARD04242,C04242,JCB,Classic,30000000,BLOCKED
CARD04243,C04243,JCB,Platinum,100000000,ACTIVE
CARD04244,C04244,Amex,Infinite,10000000,ACTIVE
CARD04245,C04245,Amex,Infinite,20000000,ACTIVE
CARD04246,C04246,VISA,Platinum,200000000,ACTIVE
CARD04247,C04247,JCB,Platinum,200000000,ACTIVE
CARD04248,C04248,VISA,Infinite,10000000,ACTIVE
CARD04249,C04249,MasterCard,Platinum,10000000,ACTIVE
CARD04250,C04250,Amex,Infinite,20000000,ACTIVE
CARD04251,C04251,MasterCard,Infinite,30000000,ACTIVE
CARD04252,C04252,MasterCard,Platinum,30000000,ACTIVE
CARD04253,C04253,JCB,Platinum,500000000,ACTIVE
CARD04254,C04254,MasterCard,Platinum,100000000,ACTIVE
CARD04255,C04255,JCB,Gold,10000000,ACTIVE
CARD04256,C04256,MasterCard,Gold,20000000,ACTIVE
CARD04257,C04257,VISA,Classic,100000000,ACTIVE
CARD04258,C04258,MasterCard,Platinum,100000000,ACTIVE
CARD04259,C04259,MasterCard,Gold,30000000,ACTIVE
CARD04260,C04260,Amex,Classic,20000000,ACTIVE
CARD04261,C04261,Amex,Classic,50000000,ACTIVE
CARD04262,C04262,Amex,Gold,10000000,ACTIVE
CARD04263,C04263,VISA,Platinum,500000000,ACTIVE
CARD04264,C04264,JCB,Infinite,100000000,ACTIVE
CARD04265,C04265,MasterCard,Classic,100000000,ACTIVE
CARD04266,C04266,Amex,Classic,10000000,ACTIVE
CARD04267,C04267,VISA,Classic,200000000,ACTIVE
CARD04268,C04268,JCB,Gold,500000000,ACTIVE
CARD04269,C04269,VISA,Gold,20000000,ACTIVE
CARD04270,C04270,Amex,Classic,200000000,ACTIVE
CARD04271,C04271,Amex,Gold,30000000,ACTIVE
CARD04272,C04272,VISA,Platinum,20000000,ACTIVE
CARD04273,C04273,VISA,Platinum,30000000,ACTIVE
CARD04274,C04274,JCB,Gold,500000000,ACTIVE
CARD04275,C04275,JCB,Gold,10000000,ACTIVE
CARD04276,C04276,JCB,Infinite,30000000,ACTIVE
CARD04277,C04277,Amex,Gold,200000000,ACTIVE
CARD04278,C04278,JCB,Classic,30000000,ACTIVE
CARD04279,C04279,JCB,Classic,30000000,ACTIVE
CARD04280,C04280,MasterCard,Platinum,20000000,ACTIVE
CARD04281,C04281,VISA,Classic,100000000,ACTIVE
CARD04282,C04282,MasterCard,Platinum,20000000,ACTIVE
CARD04283,C04283,VISA,Classic,500000000,ACTIVE
CARD04284,C04284,MasterCard,Platinum,20000000,ACTIVE
CARD04285,C04285,JCB,Infinite,100000000,ACTIVE
CARD04286,C04286,JCB,Classic,100000000,ACTIVE
CARD04287,C04287,Amex,Classic,100000000,ACTIVE
CARD04288,C04288,JCB,Platinum,10000000,ACTIVE
CARD04289,C04289,JCB,Classic,50000000,ACTIVE
CARD04290,C04290,JCB,Classic,20000000,BLOCKED
CARD04291,C04291,MasterCard,Platinum,30000000,ACTIVE
CARD04292,C04292,VISA,Gold,20000000,ACTIVE
CARD04293,C04293,VISA,Classic,10000000,ACTIVE
CARD04294,C04294,MasterCard,Infinite,500000000,ACTIVE
CARD04295,C04295,MasterCard,Classic,20000000,ACTIVE
CARD04296,C04296,Amex,Classic,10000000,ACTIVE
CARD04297,C04297,MasterCard,Infinite,200000000,ACTIVE
CARD04298,C04298,JCB,Platinum,500000000,ACTIVE
CARD04299,C04299,MasterCard,Gold,200000000,ACTIVE
CARD04300,C04300,MasterCard,Platinum,30000000,ACTIVE
CARD04301,C04301,Amex,Platinum,500000000,ACTIVE
CARD04302,C04302,Amex,Gold,50000000,ACTIVE
CARD04303,C04303,VISA,Infinite,30000000,ACTIVE
CARD04304,C04304,VISA,Gold,200000000,ACTIVE
CARD04305,C04305,VISA,Infinite,50000000,ACTIVE
CARD04306,C04306,MasterCard,Gold,20000000,ACTIVE
CARD04307,C04307,Amex,Platinum,200000000,ACTIVE
CARD04308,C04308,JCB,Platinum,100000000,ACTIVE
CARD04309,C04309,VISA,Classic,50000000,ACTIVE
CARD04310,C04310,JCB,Gold,20000000,ACTIVE
CARD04311,C04311,Amex,Classic,500000000,BLOCKED
CARD04312,C04312,JCB,Infinite,100000000,ACTIVE
CARD04313,C04313,VISA,Platinum,50000000,ACTIVE
CARD04314,C04314,MasterCard,Classic,200000000,ACTIVE
CARD04315,C04315,VISA,Platinum,200000000,ACTIVE
CARD04316,C04316,VISA,Classic,30000000,ACTIVE
CARD04317,C04317,JCB,Infinite,100000000,ACTIVE
CARD04318,C04318,VISA,Classic,10000000,ACTIVE
CARD04319,C04319,JCB,Infinite,500000000,ACTIVE
CARD04320,C04320,MasterCard,Classic,10000000,ACTIVE
CARD04321,C04321,JCB,Classic,30000000,ACTIVE
CARD04322,C04322,JCB,Platinum,100000000,BLOCKED
CARD04323,C04323,Amex,Platinum,200000000,ACTIVE
CARD04324,C04324,Amex,Infinite,200000000,ACTIVE
CARD04325,C04325,MasterCard,Platinum,100000000,ACTIVE
CARD04326,C04326,VISA,Infinite,30000000,ACTIVE
CARD04327,C04327,Amex,Platinum,20000000,ACTIVE
CARD04328,C04328,VISA,Infinite,30000000,ACTIVE
CARD04329,C04329,Amex,Gold,500000000,ACTIVE
CARD04330,C04330,Amex,Classic,30000000,ACTIVE
CARD04331,C04331,JCB,Infinite,30000000,ACTIVE
CARD04332,C04332,Amex,Classic,30000000,ACTIVE
CARD04333,C04333,MasterCard,Classic,500000000,ACTIVE
CARD04334,C04334,JCB,Classic,30000000,ACTIVE
CARD04335,C04335,JCB,Classic,100000000,ACTIVE
CARD04336,C04336,MasterCard,Classic,200000000,ACTIVE
CARD04337,C04337,JCB,Platinum,50000000,ACTIVE
CARD04338,C04338,Amex,Gold,500000000,ACTIVE
CARD04339,C04339,MasterCard,Classic,20000000,ACTIVE
CARD04340,C04340,JCB,Infinite,20000000,ACTIVE
CARD04341,C04341,JCB,Gold,20000000,ACTIVE
CARD04342,C04342,MasterCard,Gold,30000000,ACTIVE
CARD04343,C04343,Amex,Infinite,20000000,ACTIVE
CARD04344,C04344,MasterCard,Platinum,50000000,ACTIVE
CARD04345,C04345,VISA,Classic,10000000,ACTIVE
CARD04346,C04346,Amex,Infinite,500000000,ACTIVE
CARD04347,C04347,VISA,Classic,20000000,ACTIVE
CARD04348,C04348,JCB,Gold,100000000,ACTIVE
CARD04349,C04349,MasterCard,Platinum,10000000,ACTIVE
CARD04350,C04350,JCB,Infinite,200000000,ACTIVE
CARD04351,C04351,JCB,Platinum,200000000,ACTIVE
CARD04352,C04352,Amex,Classic,20000000,ACTIVE
CARD04353,C04353,JCB,Platinum,20000000,ACTIVE
CARD04354,C04354,JCB,Platinum,10000000,ACTIVE
CARD04355,C04355,Amex,Gold,20000000,ACTIVE
CARD04356,C04356,VISA,Platinum,50000000,ACTIVE
CARD04357,C04357,VISA,Infinite,500000000,ACTIVE
CARD04358,C04358,MasterCard,Classic,500000000,ACTIVE
CARD04359,C04359,JCB,Gold,20000000,ACTIVE
CARD04360,C04360,JCB,Platinum,20000000,ACTIVE
CARD04361,C04361,JCB,Classic,100000000,ACTIVE
CARD04362,C04362,JCB,Infinite,10000000,ACTIVE
CARD04363,C04363,Amex,Infinite,50000000,ACTIVE
CARD04364,C04364,VISA,Infinite,500000000,ACTIVE
CARD04365,C04365,MasterCard,Gold,100000000,ACTIVE
CARD04366,C04366,JCB,Classic,100000000,ACTIVE
CARD04367,C04367,Amex,Classic,500000000,ACTIVE
CARD04368,C04368,Amex,Classic,10000000,ACTIVE
CARD04369,C04369,Amex,Classic,10000000,ACTIVE
CARD04370,C04370,MasterCard,Gold,500000000,ACTIVE
CARD04371,C04371,Amex,Infinite,10000000,ACTIVE
CARD04372,C04372,VISA,Platinum,100000000,ACTIVE
CARD04373,C04373,Amex,Infinite,200000000,ACTIVE
CARD04374,C04374,MasterCard,Platinum,10000000,ACTIVE
CARD04375,C04375,VISA,Gold,20000000,ACTIVE
CARD04376,C04376,MasterCard,Classic,500000000,ACTIVE
CARD04377,C04377,JCB,Infinite,20000000,ACTIVE
CARD04378,C04378,Amex,Classic,50000000,BLOCKED
CARD04379,C04379,VISA,Infinite,10000000,ACTIVE
CARD04380,C04380,MasterCard,Classic,200000000,ACTIVE
CARD04381,C04381,MasterCard,Platinum,200000000,ACTIVE
CARD04382,C04382,Amex,Classic,500000000,BLOCKED
CARD04383,C04383,JCB,Classic,20000000,ACTIVE
CARD04384,C04384,Amex,Platinum,100000000,ACTIVE
CARD04385,C04385,MasterCard,Platinum,30000000,ACTIVE
CARD04386,C04386,JCB,Gold,20000000,ACTIVE
CARD04387,C04387,Amex,Platinum,10000000,ACTIVE
CARD04388,C04388,VISA,Infinite,200000000,ACTIVE
CARD04389,C04389,JCB,Infinite,50000000,ACTIVE
CARD04390,C04390,JCB,Classic,10000000,ACTIVE
CARD04391,C04391,MasterCard,Classic,30000000,ACTIVE
CARD04392,C04392,Amex,Classic,200000000,ACTIVE
CARD04393,C04393,MasterCard,Platinum,200000000,ACTIVE
CARD04394,C04394,VISA,Infinite,20000000,ACTIVE
CARD04395,C04395,Amex,Gold,10000000,ACTIVE
CARD04396,C04396,VISA,Gold,500000000,ACTIVE
CARD04397,C04397,VISA,Gold,50000000,ACTIVE
CARD04398,C04398,JCB,Classic,10000000,ACTIVE
CARD04399,C04399,JCB,Gold,50000000,ACTIVE
CARD04400,C04400,JCB,Gold,10000000,ACTIVE
CARD04401,C04401,Amex,Infinite,500000000,ACTIVE
CARD04402,C04402,Amex,Platinum,500000000,ACTIVE
CARD04403,C04403,MasterCard,Gold,100000000,ACTIVE
CARD04404,C04404,VISA,Infinite,100000000,ACTIVE
CARD04405,C04405,Amex,Gold,20000000,ACTIVE
CARD04406,C04406,VISA,Infinite,500000000,ACTIVE
CARD04407,C04407,Amex,Platinum,100000000,ACTIVE
CARD04408,C04408,Amex,Classic,10000000,ACTIVE
CARD04409,C04409,JCB,Classic,20000000,ACTIVE
CARD04410,C04410,JCB,Infinite,100000000,ACTIVE
CARD04411,C04411,JCB,Classic,50000000,ACTIVE
CARD04412,C04412,Amex,Platinum,20000000,ACTIVE
CARD04413,C04413,JCB,Gold,50000000,ACTIVE
CARD04414,C04414,JCB,Gold,500000000,ACTIVE
CARD04415,C04415,VISA,Gold,30000000,ACTIVE
CARD04416,C04416,Amex,Platinum,10000000,ACTIVE
CARD04417,C04417,MasterCard,Infinite,10000000,ACTIVE
CARD04418,C04418,MasterCard,Infinite,50000000,ACTIVE
CARD04419,C04419,JCB,Classic,30000000,ACTIVE
CARD04420,C04420,Amex,Infinite,30000000,ACTIVE
CARD04421,C04421,JCB,Classic,10000000,ACTIVE
CARD04422,C04422,JCB,Classic,10000000,ACTIVE
CARD04423,C04423,Amex,Infinite,50000000,ACTIVE
CARD04424,C04424,MasterCard,Gold,30000000,ACTIVE
CARD04425,C04425,Amex,Platinum,200000000,ACTIVE
CARD04426,C04426,VISA,Gold,30000000,ACTIVE
CARD04427,C04427,JCB,Gold,200000000,ACTIVE
CARD04428,C04428,MasterCard,Infinite,100000000,ACTIVE
CARD04429,C04429,Amex,Gold,10000000,ACTIVE
CARD04430,C04430,MasterCard,Infinite,20000000,ACTIVE
CARD04431,C04431,JCB,Platinum,500000000,ACTIVE
CARD04432,C04432,VISA,Gold,100000000,ACTIVE
CARD04433,C04433,Amex,Gold,50000000,ACTIVE
CARD04434,C04434,Amex,Platinum,500000000,ACTIVE
CARD04435,C04435,JCB,Classic,20000000,ACTIVE
CARD04436,C04436,Amex,Platinum,500000000,ACTIVE
CARD04437,C04437,JCB,Gold,50000000,ACTIVE
CARD04438,C04438,MasterCard,Classic,10000000,ACTIVE
CARD04439,C04439,VISA,Classic,50000000,ACTIVE
CARD04440,C04440,MasterCard,Classic,20000000,ACTIVE
CARD04441,C04441,Amex,Gold,50000000,ACTIVE
CARD04442,C04442,Amex,Platinum,30000000,BLOCKED
CARD04443,C04443,JCB,Classic,10000000,ACTIVE
CARD04444,C04444,VISA,Gold,10000000,ACTIVE
CARD04445,C04445,MasterCard,Gold,20000000,BLOCKED
CARD04446,C04446,Amex,Classic,100000000,ACTIVE
CARD04447,C04447,MasterCard,Infinite,200000000,ACTIVE
CARD04448,C04448,MasterCard,Platinum,10000000,BLOCKED
CARD04449,C04449,MasterCard,Gold,30000000,ACTIVE
CARD04450,C04450,Amex,Gold,30000000,ACTIVE
CARD04451,C04451,VISA,Gold,10000000,ACTIVE
CARD04452,C04452,Amex,Classic,20000000,ACTIVE
CARD04453,C04453,MasterCard,Classic,30000000,ACTIVE
CARD04454,C04454,VISA,Gold,100000000,BLOCKED
CARD04455,C04455,JCB,Platinum,50000000,ACTIVE
CARD04456,C04456,VISA,Gold,20000000,ACTIVE
CARD04457,C04457,Amex,Gold,200000000,ACTIVE
CARD04458,C04458,Amex,Platinum,200000000,ACTIVE
CARD04459,C04459,MasterCard,Infinite,30000000,ACTIVE
CARD04460,C04460,VISA,Classic,500000000,ACTIVE
CARD04461,C04461,JCB,Classic,50000000,ACTIVE
CARD04462,C04462,JCB,Infinite,10000000,ACTIVE
CARD04463,C04463,VISA,Infinite,100000000,ACTIVE
CARD04464,C04464,VISA,Platinum,100000000,BLOCKED
CARD04465,C04465,JCB,Gold,50000000,ACTIVE
CARD04466,C04466,VISA,Classic,50000000,ACTIVE
CARD04467,C04467,Amex,Infinite,200000000,ACTIVE
CARD04468,C04468,MasterCard,Classic,500000000,ACTIVE
CARD04469,C04469,VISA,Infinite,50000000,ACTIVE
CARD04470,C04470,JCB,Infinite,500000000,ACTIVE
CARD04471,C04471,JCB,Platinum,500000000,ACTIVE
CARD04472,C04472,VISA,Gold,500000000,ACTIVE
CARD04473,C04473,JCB,Classic,200000000,BLOCKED
CARD04474,C04474,Amex,Classic,30000000,ACTIVE
CARD04475,C04475,JCB,Platinum,10000000,ACTIVE
CARD04476,C04476,Amex,Infinite,200000000,ACTIVE
CARD04477,C04477,VISA,Gold,100000000,ACTIVE
CARD04478,C04478,JCB,Platinum,500000000,ACTIVE
CARD04479,C04479,MasterCard,Gold,200000000,ACTIVE
CARD04480,C04480,MasterCard,Classic,20000000,ACTIVE
CARD04481,C04481,JCB,Platinum,200000000,ACTIVE
CARD04482,C04482,MasterCard,Classic,200000000,ACTIVE
CARD04483,C04483,MasterCard,Classic,20000000,ACTIVE
CARD04484,C04484,JCB,Gold,10000000,ACTIVE
CARD04485,C04485,JCB,Infinite,200000000,ACTIVE
CARD04486,C04486,MasterCard,Platinum,30000000,ACTIVE
CARD04487,C04487,JCB,Platinum,100000000,ACTIVE
CARD04488,C04488,Amex,Infinite,20000000,ACTIVE
CARD04489,C04489,MasterCard,Platinum,30000000,ACTIVE
CARD04490,C04490,Amex,Gold,30000000,ACTIVE
CARD04491,C04491,Amex,Infinite,20000000,ACTIVE
CARD04492,C04492,JCB,Gold,10000000,ACTIVE
CARD04493,C04493,VISA,Infinite,10000000,ACTIVE
CARD04494,C04494,MasterCard,Platinum,10000000,ACTIVE
CARD04495,C04495,Amex,Infinite,50000000,ACTIVE
CARD04496,C04496,Amex,Infinite,10000000,ACTIVE
CARD04497,C04497,MasterCard,Infinite,50000000,ACTIVE
CARD04498,C04498,JCB,Gold,50000000,ACTIVE
CARD04499,C04499,JCB,Infinite,10000000,ACTIVE
CARD04500,C04500,JCB,Platinum,50000000,ACTIVE
CARD04501,C04501,Amex,Classic,200000000,ACTIVE
CARD04502,C04502,Amex,Classic,200000000,ACTIVE
CARD04503,C04503,Amex,Classic,200000000,ACTIVE
CARD04504,C04504,JCB,Platinum,50000000,ACTIVE
CARD04505,C04505,VISA,Gold,200000000,ACTIVE
CARD04506,C04506,Amex,Platinum,50000000,ACTIVE
CARD04507,C04507,Amex,Gold,100000000,ACTIVE
CARD04508,C04508,Amex,Platinum,50000000,ACTIVE
CARD04509,C04509,MasterCard,Platinum,200000000,ACTIVE
CARD04510,C04510,MasterCard,Gold,50000000,ACTIVE
CARD04511,C04511,MasterCard,Gold,100000000,ACTIVE
CARD04512,C04512,MasterCard,Infinite,10000000,ACTIVE
CARD04513,C04513,JCB,Classic,20000000,ACTIVE
CARD04514,C04514,MasterCard,Platinum,50000000,ACTIVE
CARD04515,C04515,JCB,Infinite,500000000,ACTIVE
CARD04516,C04516,MasterCard,Gold,50000000,ACTIVE
CARD04517,C04517,Amex,Classic,20000000,ACTIVE
CARD04518,C04518,VISA,Infinite,20000000,ACTIVE
CARD04519,C04519,VISA,Platinum,200000000,ACTIVE
CARD04520,C04520,Amex,Classic,500000000,ACTIVE
CARD04521,C04521,JCB,Gold,500000000,ACTIVE
CARD04522,C04522,Amex,Platinum,30000000,ACTIVE
CARD04523,C04523,JCB,Infinite,20000000,ACTIVE
CARD04524,C04524,Amex,Gold,200000000,ACTIVE
CARD04525,C04525,JCB,Infinite,30000000,ACTIVE
CARD04526,C04526,Amex,Gold,20000000,ACTIVE
CARD04527,C04527,Amex,Platinum,30000000,ACTIVE
CARD04528,C04528,JCB,Platinum,50000000,ACTIVE
CARD04529,C04529,VISA,Gold,20000000,ACTIVE
CARD04530,C04530,Amex,Gold,20000000,ACTIVE
CARD04531,C04531,MasterCard,Infinite,10000000,ACTIVE
CARD04532,C04532,MasterCard,Classic,10000000,ACTIVE
CARD04533,C04533,JCB,Infinite,500000000,ACTIVE
CARD04534,C04534,VISA,Platinum,500000000,ACTIVE
CARD04535,C04535,VISA,Infinite,10000000,ACTIVE
CARD04536,C04536,VISA,Gold,100000000,ACTIVE
CARD04537,C04537,Amex,Platinum,200000000,ACTIVE
CARD04538,C04538,MasterCard,Platinum,100000000,ACTIVE
CARD04539,C04539,MasterCard,Classic,200000000,ACTIVE
CARD04540,C04540,VISA,Platinum,50000000,ACTIVE
CARD04541,C04541,Amex,Classic,30000000,BLOCKED
CARD04542,C04542,MasterCard,Infinite,50000000,ACTIVE
CARD04543,C04543,MasterCard,Gold,50000000,ACTIVE
CARD04544,C04544,MasterCard,Infinite,50000000,ACTIVE
CARD04545,C04545,MasterCard,Gold,50000000,ACTIVE
CARD04546,C04546,MasterCard,Gold,50000000,ACTIVE
CARD04547,C04547,Amex,Infinite,30000000,ACTIVE
CARD04548,C04548,JCB,Infinite,500000000,ACTIVE
CARD04549,C04549,MasterCard,Gold,10000000,ACTIVE
CARD04550,C04550,JCB,Gold,50000000,ACTIVE
CARD04551,C04551,JCB,Classic,20000000,ACTIVE
CARD04552,C04552,Amex,Infinite,100000000,ACTIVE
CARD04553,C04553,Amex,Classic,20000000,ACTIVE
CARD04554,C04554,MasterCard,Gold,200000000,ACTIVE
CARD04555,C04555,Amex,Infinite,20000000,ACTIVE
CARD04556,C04556,Amex,Platinum,500000000,ACTIVE
CARD04557,C04557,Amex,Platinum,200000000,ACTIVE
CARD04558,C04558,MasterCard,Platinum,200000000,BLOCKED
CARD04559,C04559,MasterCard,Platinum,10000000,ACTIVE
CARD04560,C04560,VISA,Infinite,100000000,ACTIVE
CARD04561,C04561,MasterCard,Platinum,50000000,ACTIVE
CARD04562,C04562,Amex,Infinite,200000000,ACTIVE
CARD04563,C04563,Amex,Infinite,10000000,ACTIVE
CARD04564,C04564,Amex,Infinite,50000000,ACTIVE
CARD04565,C04565,MasterCard,Infinite,200000000,ACTIVE
CARD04566,C04566,JCB,Classic,100000000,ACTIVE
CARD04567,C04567,VISA,Classic,10000000,ACTIVE
CARD04568,C04568,VISA,Infinite,100000000,ACTIVE
CARD04569,C04569,Amex,Gold,500000000,ACTIVE
CARD04570,C04570,Amex,Classic,200000000,ACTIVE
CARD04571,C04571,MasterCard,Platinum,500000000,ACTIVE
CARD04572,C04572,JCB,Gold,10000000,ACTIVE
CARD04573,C04573,MasterCard,Classic,10000000,ACTIVE
CARD04574,C04574,MasterCard,Classic,20000000,ACTIVE
CARD04575,C04575,JCB,Classic,10000000,ACTIVE
CARD04576,C04576,VISA,Platinum,20000000,ACTIVE
CARD04577,C04577,JCB,Platinum,10000000,ACTIVE
CARD04578,C04578,JCB,Classic,100000000,ACTIVE
CARD04579,C04579,VISA,Infinite,10000000,ACTIVE
CARD04580,C04580,Amex,Infinite,100000000,ACTIVE
CARD04581,C04581,Amex,Gold,20000000,BLOCKED
CARD04582,C04582,MasterCard,Infinite,50000000,ACTIVE
CARD04583,C04583,MasterCard,Infinite,10000000,ACTIVE
CARD04584,C04584,JCB,Platinum,500000000,ACTIVE
CARD04585,C04585,MasterCard,Classic,500000000,ACTIVE
CARD04586,C04586,Amex,Infinite,50000000,ACTIVE
CARD04587,C04587,Amex,Classic,30000000,ACTIVE
CARD04588,C04588,VISA,Classic,500000000,ACTIVE
CARD04589,C04589,MasterCard,Infinite,30000000,ACTIVE
CARD04590,C04590,VISA,Gold,50000000,ACTIVE
CARD04591,C04591,JCB,Gold,50000000,ACTIVE
CARD04592,C04592,VISA,Platinum,200000000,ACTIVE
CARD04593,C04593,MasterCard,Infinite,100000000,ACTIVE
CARD04594,C04594,Amex,Classic,200000000,ACTIVE
CARD04595,C04595,VISA,Infinite,500000000,ACTIVE
CARD04596,C04596,JCB,Platinum,100000000,ACTIVE
CARD04597,C04597,MasterCard,Gold,10000000,ACTIVE
CARD04598,C04598,MasterCard,Platinum,100000000,BLOCKED
CARD04599,C04599,VISA,Platinum,500000000,ACTIVE
CARD04600,C04600,Amex,Classic,20000000,ACTIVE
CARD04601,C04601,JCB,Platinum,10000000,ACTIVE
CARD04602,C04602,MasterCard,Classic,30000000,ACTIVE
CARD04603,C04603,VISA,Classic,500000000,ACTIVE
CARD04604,C04604,Amex,Platinum,30000000,BLOCKED
CARD04605,C04605,VISA,Platinum,20000000,ACTIVE
CARD04606,C04606,Amex,Platinum,10000000,ACTIVE
CARD04607,C04607,Amex,Gold,20000000,ACTIVE
CARD04608,C04608,MasterCard,Platinum,10000000,ACTIVE
CARD04609,C04609,Amex,Platinum,10000000,ACTIVE
CARD04610,C04610,Amex,Gold,500000000,ACTIVE
CARD04611,C04611,MasterCard,Platinum,50000000,ACTIVE
CARD04612,C04612,VISA,Classic,50000000,ACTIVE
CARD04613,C04613,JCB,Gold,100000000,ACTIVE
CARD04614,C04614,VISA,Gold,20000000,ACTIVE
CARD04615,C04615,Amex,Gold,100000000,ACTIVE
CARD04616,C04616,JCB,Infinite,20000000,ACTIVE
CARD04617,C04617,Amex,Infinite,500000000,ACTIVE
CARD04618,C04618,MasterCard,Platinum,50000000,ACTIVE
CARD04619,C04619,Amex,Gold,20000000,ACTIVE
CARD04620,C04620,MasterCard,Classic,10000000,ACTIVE
CARD04621,C04621,MasterCard,Infinite,500000000,ACTIVE
CARD04622,C04622,JCB,Gold,500000000,ACTIVE
CARD04623,C04623,JCB,Infinite,50000000,ACTIVE
CARD04624,C04624,Amex,Platinum,10000000,ACTIVE
CARD04625,C04625,VISA,Gold,200000000,ACTIVE
CARD04626,C04626,MasterCard,Platinum,500000000,BLOCKED
CARD04627,C04627,JCB,Classic,20000000,ACTIVE
CARD04628,C04628,VISA,Classic,500000000,ACTIVE
CARD04629,C04629,MasterCard,Gold,20000000,ACTIVE
CARD04630,C04630,Amex,Infinite,30000000,ACTIVE
CARD04631,C04631,JCB,Gold,30000000,ACTIVE
CARD04632,C04632,MasterCard,Classic,100000000,ACTIVE
CARD04633,C04633,VISA,Platinum,10000000,ACTIVE
CARD04634,C04634,MasterCard,Infinite,30000000,ACTIVE
CARD04635,C04635,MasterCard,Infinite,20000000,ACTIVE
CARD04636,C04636,JCB,Classic,500000000,ACTIVE
CARD04637,C04637,Amex,Platinum,10000000,ACTIVE
CARD04638,C04638,MasterCard,Classic,200000000,ACTIVE
CARD04639,C04639,MasterCard,Classic,30000000,ACTIVE
CARD04640,C04640,MasterCard,Gold,30000000,ACTIVE
CARD04641,C04641,VISA,Platinum,100000000,ACTIVE
CARD04642,C04642,Amex,Infinite,20000000,ACTIVE
CARD04643,C04643,JCB,Gold,50000000,ACTIVE
CARD04644,C04644,JCB,Gold,10000000,ACTIVE
CARD04645,C04645,Amex,Gold,100000000,ACTIVE
CARD04646,C04646,VISA,Platinum,30000000,ACTIVE
CARD04647,C04647,MasterCard,Classic,200000000,ACTIVE
CARD04648,C04648,JCB,Platinum,20000000,ACTIVE
CARD04649,C04649,MasterCard,Platinum,50000000,ACTIVE
CARD04650,C04650,Amex,Classic,100000000,ACTIVE
CARD04651,C04651,JCB,Classic,30000000,BLOCKED
CARD04652,C04652,JCB,Classic,500000000,ACTIVE
CARD04653,C04653,MasterCard,Gold,20000000,ACTIVE
CARD04654,C04654,Amex,Gold,20000000,ACTIVE
CARD04655,C04655,MasterCard,Gold,500000000,ACTIVE
CARD04656,C04656,MasterCard,Infinite,50000000,BLOCKED
CARD04657,C04657,VISA,Classic,200000000,ACTIVE
CARD04658,C04658,JCB,Infinite,30000000,ACTIVE
CARD04659,C04659,VISA,Classic,20000000,BLOCKED
CARD04660,C04660,MasterCard,Gold,30000000,ACTIVE
CARD04661,C04661,JCB,Platinum,200000000,ACTIVE
CARD04662,C04662,JCB,Platinum,200000000,ACTIVE
CARD04663,C04663,JCB,Infinite,100000000,ACTIVE
CARD04664,C04664,MasterCard,Classic,50000000,ACTIVE
CARD04665,C04665,VISA,Gold,50000000,BLOCKED
CARD04666,C04666,MasterCard,Platinum,30000000,ACTIVE
CARD04667,C04667,MasterCard,Gold,10000000,BLOCKED
CARD04668,C04668,VISA,Platinum,200000000,ACTIVE
CARD04669,C04669,Amex,Gold,500000000,ACTIVE
CARD04670,C04670,JCB,Infinite,200000000,ACTIVE
CARD04671,C04671,Amex,Platinum,200000000,ACTIVE
CARD04672,C04672,JCB,Classic,200000000,ACTIVE
CARD04673,C04673,JCB,Gold,10000000,ACTIVE
CARD04674,C04674,JCB,Gold,50000000,ACTIVE
CARD04675,C04675,JCB,Gold,50000000,ACTIVE
CARD04676,C04676,JCB,Classic,200000000,ACTIVE
CARD04677,C04677,VISA,Gold,50000000,ACTIVE
CARD04678,C04678,JCB,Classic,100000000,ACTIVE
CARD04679,C04679,Amex,Gold,100000000,ACTIVE
CARD04680,C04680,VISA,Infinite,200000000,ACTIVE
CARD04681,C04681,JCB,Platinum,30000000,ACTIVE
CARD04682,C04682,MasterCard,Gold,10000000,ACTIVE
CARD04683,C04683,MasterCard,Classic,500000000,ACTIVE
CARD04684,C04684,VISA,Infinite,200000000,ACTIVE
CARD04685,C04685,MasterCard,Infinite,500000000,ACTIVE
CARD04686,C04686,VISA,Infinite,10000000,ACTIVE
CARD04687,C04687,Amex,Gold,50000000,ACTIVE
CARD04688,C04688,JCB,Platinum,10000000,ACTIVE
CARD04689,C04689,Amex,Gold,100000000,ACTIVE
CARD04690,C04690,Amex,Platinum,500000000,ACTIVE
CARD04691,C04691,Amex,Platinum,30000000,ACTIVE
CARD04692,C04692,Amex,Classic,30000000,ACTIVE
CARD04693,C04693,MasterCard,Infinite,50000000,ACTIVE
CARD04694,C04694,VISA,Infinite,200000000,ACTIVE
CARD04695,C04695,JCB,Classic,200000000,ACTIVE
CARD04696,C04696,JCB,Infinite,50000000,ACTIVE
CARD04697,C04697,Amex,Classic,500000000,ACTIVE
CARD04698,C04698,VISA,Platinum,50000000,ACTIVE
CARD04699,C04699,JCB,Gold,200000000,ACTIVE
CARD04700,C04700,MasterCard,Infinite,50000000,ACTIVE
CARD04701,C04701,MasterCard,Gold,500000000,ACTIVE
CARD04702,C04702,MasterCard,Classic,200000000,ACTIVE
CARD04703,C04703,JCB,Gold,30000000,ACTIVE
CARD04704,C04704,Amex,Infinite,200000000,ACTIVE
CARD04705,C04705,Amex,Classic,500000000,ACTIVE
CARD04706,C04706,VISA,Classic,200000000,ACTIVE
CARD04707,C04707,MasterCard,Infinite,10000000,ACTIVE
CARD04708,C04708,JCB,Platinum,100000000,BLOCKED
CARD04709,C04709,MasterCard,Platinum,500000000,ACTIVE
CARD04710,C04710,VISA,Classic,500000000,ACTIVE
CARD04711,C04711,VISA,Infinite,100000000,ACTIVE
CARD04712,C04712,MasterCard,Platinum,10000000,ACTIVE
CARD04713,C04713,JCB,Infinite,50000000,ACTIVE
CARD04714,C04714,MasterCard,Gold,200000000,ACTIVE
CARD04715,C04715,MasterCard,Infinite,50000000,ACTIVE
CARD04716,C04716,MasterCard,Classic,10000000,ACTIVE
CARD04717,C04717,JCB,Gold,20000000,ACTIVE
CARD04718,C04718,MasterCard,Platinum,50000000,ACTIVE
CARD04719,C04719,VISA,Classic,200000000,ACTIVE
CARD04720,C04720,MasterCard,Platinum,20000000,ACTIVE
CARD04721,C04721,JCB,Classic,500000000,ACTIVE
CARD04722,C04722,Amex,Classic,10000000,ACTIVE
CARD04723,C04723,Amex,Classic,50000000,ACTIVE
CARD04724,C04724,JCB,Infinite,20000000,ACTIVE
CARD04725,C04725,VISA,Platinum,10000000,ACTIVE
CARD04726,C04726,JCB,Classic,30000000,ACTIVE
CARD04727,C04727,Amex,Gold,500000000,ACTIVE
CARD04728,C04728,Amex,Gold,200000000,ACTIVE
CARD04729,C04729,JCB,Gold,100000000,ACTIVE
CARD04730,C04730,VISA,Platinum,100000000,ACTIVE
CARD04731,C04731,VISA,Platinum,200000000,ACTIVE
CARD04732,C04732,MasterCard,Platinum,50000000,ACTIVE
CARD04733,C04733,MasterCard,Classic,50000000,ACTIVE
CARD04734,C04734,MasterCard,Gold,500000000,ACTIVE
CARD04735,C04735,VISA,Classic,20000000,ACTIVE
CARD04736,C04736,VISA,Infinite,10000000,BLOCKED
CARD04737,C04737,VISA,Classic,200000000,ACTIVE
CARD04738,C04738,JCB,Infinite,50000000,ACTIVE
CARD04739,C04739,Amex,Classic,200000000,ACTIVE
CARD04740,C04740,MasterCard,Classic,100000000,ACTIVE
CARD04741,C04741,VISA,Platinum,200000000,ACTIVE
CARD04742,C04742,MasterCard,Classic,20000000,ACTIVE
CARD04743,C04743,Amex,Platinum,500000000,ACTIVE
CARD04744,C04744,JCB,Platinum,500000000,ACTIVE
CARD04745,C04745,JCB,Infinite,50000000,ACTIVE
CARD04746,C04746,MasterCard,Infinite,200000000,ACTIVE
CARD04747,C04747,JCB,Gold,200000000,ACTIVE
CARD04748,C04748,JCB,Classic,200000000,ACTIVE
CARD04749,C04749,MasterCard,Classic,20000000,ACTIVE
CARD04750,C04750,JCB,Gold,10000000,ACTIVE
CARD04751,C04751,Amex,Classic,200000000,ACTIVE
CARD04752,C04752,JCB,Gold,20000000,ACTIVE
CARD04753,C04753,JCB,Classic,50000000,ACTIVE
CARD04754,C04754,JCB,Classic,20000000,ACTIVE
CARD04755,C04755,JCB,Infinite,10000000,ACTIVE
CARD04756,C04756,Amex,Gold,50000000,ACTIVE
CARD04757,C04757,JCB,Platinum,50000000,ACTIVE
CARD04758,C04758,Amex,Classic,30000000,ACTIVE
CARD04759,C04759,VISA,Classic,20000000,ACTIVE
CARD04760,C04760,Amex,Platinum,20000000,ACTIVE
CARD04761,C04761,MasterCard,Classic,10000000,ACTIVE
CARD04762,C04762,Amex,Infinite,200000000,BLOCKED
CARD04763,C04763,Amex,Platinum,30000000,ACTIVE
CARD04764,C04764,VISA,Platinum,500000000,ACTIVE
CARD04765,C04765,JCB,Platinum,200000000,ACTIVE
CARD04766,C04766,VISA,Infinite,100000000,ACTIVE
CARD04767,C04767,Amex,Infinite,100000000,ACTIVE
CARD04768,C04768,Amex,Infinite,200000000,ACTIVE
CARD04769,C04769,JCB,Infinite,30000000,ACTIVE
CARD04770,C04770,JCB,Gold,10000000,ACTIVE
CARD04771,C04771,JCB,Platinum,50000000,ACTIVE
CARD04772,C04772,Amex,Platinum,10000000,ACTIVE
CARD04773,C04773,MasterCard,Gold,30000000,ACTIVE
CARD04774,C04774,JCB,Classic,100000000,ACTIVE
CARD04775,C04775,JCB,Infinite,200000000,ACTIVE
CARD04776,C04776,VISA,Gold,10000000,ACTIVE
CARD04777,C04777,Amex,Infinite,50000000,ACTIVE
CARD04778,C04778,MasterCard,Gold,50000000,ACTIVE
CARD04779,C04779,JCB,Gold,500000000,ACTIVE
CARD04780,C04780,Amex,Gold,100000000,ACTIVE
CARD04781,C04781,MasterCard,Infinite,100000000,ACTIVE
CARD04782,C04782,MasterCard,Platinum,100000000,ACTIVE
CARD04783,C04783,Amex,Infinite,500000000,ACTIVE
CARD04784,C04784,JCB,Platinum,30000000,ACTIVE
CARD04785,C04785,VISA,Gold,100000000,ACTIVE
CARD04786,C04786,MasterCard,Infinite,20000000,ACTIVE
CARD04787,C04787,JCB,Platinum,30000000,ACTIVE
CARD04788,C04788,JCB,Gold,500000000,ACTIVE
CARD04789,C04789,JCB,Gold,100000000,ACTIVE
CARD04790,C04790,Amex,Infinite,20000000,ACTIVE
CARD04791,C04791,VISA,Gold,200000000,ACTIVE
CARD04792,C04792,MasterCard,Gold,50000000,ACTIVE
CARD04793,C04793,VISA,Classic,50000000,ACTIVE
CARD04794,C04794,JCB,Infinite,10000000,ACTIVE
CARD04795,C04795,JCB,Gold,200000000,ACTIVE
CARD04796,C04796,VISA,Gold,200000000,ACTIVE
CARD04797,C04797,MasterCard,Classic,30000000,ACTIVE
CARD04798,C04798,VISA,Classic,500000000,ACTIVE
CARD04799,C04799,Amex,Infinite,20000000,ACTIVE
CARD04800,C04800,MasterCard,Infinite,200000000,ACTIVE
CARD04801,C04801,JCB,Platinum,10000000,ACTIVE
CARD04802,C04802,JCB,Gold,30000000,ACTIVE
CARD04803,C04803,VISA,Gold,30000000,ACTIVE
CARD04804,C04804,Amex,Gold,500000000,ACTIVE
CARD04805,C04805,Amex,Platinum,10000000,BLOCKED
CARD04806,C04806,MasterCard,Gold,30000000,ACTIVE
CARD04807,C04807,MasterCard,Gold,10000000,ACTIVE
CARD04808,C04808,VISA,Gold,100000000,ACTIVE
CARD04809,C04809,VISA,Gold,100000000,ACTIVE
CARD04810,C04810,VISA,Platinum,10000000,ACTIVE
CARD04811,C04811,JCB,Infinite,10000000,ACTIVE
CARD04812,C04812,JCB,Classic,100000000,ACTIVE
CARD04813,C04813,Amex,Infinite,500000000,ACTIVE
CARD04814,C04814,JCB,Platinum,200000000,BLOCKED
CARD04815,C04815,VISA,Gold,500000000,ACTIVE
CARD04816,C04816,MasterCard,Classic,100000000,ACTIVE
CARD04817,C04817,Amex,Classic,50000000,ACTIVE
CARD04818,C04818,Amex,Platinum,50000000,ACTIVE
CARD04819,C04819,JCB,Classic,500000000,ACTIVE
CARD04820,C04820,JCB,Platinum,30000000,ACTIVE
CARD04821,C04821,MasterCard,Classic,10000000,ACTIVE
CARD04822,C04822,MasterCard,Classic,100000000,ACTIVE
CARD04823,C04823,JCB,Gold,100000000,ACTIVE
CARD04824,C04824,JCB,Classic,30000000,BLOCKED
CARD04825,C04825,VISA,Infinite,500000000,ACTIVE
CARD04826,C04826,JCB,Gold,500000000,ACTIVE
CARD04827,C04827,MasterCard,Platinum,20000000,ACTIVE
CARD04828,C04828,Amex,Classic,30000000,ACTIVE
CARD04829,C04829,JCB,Classic,30000000,ACTIVE
CARD04830,C04830,Amex,Gold,20000000,ACTIVE
CARD04831,C04831,MasterCard,Infinite,10000000,ACTIVE
CARD04832,C04832,MasterCard,Gold,20000000,ACTIVE
CARD04833,C04833,MasterCard,Infinite,10000000,ACTIVE
CARD04834,C04834,Amex,Classic,200000000,ACTIVE
CARD04835,C04835,Amex,Gold,50000000,ACTIVE
CARD04836,C04836,Amex,Classic,200000000,ACTIVE
CARD04837,C04837,JCB,Platinum,200000000,ACTIVE
CARD04838,C04838,Amex,Classic,10000000,ACTIVE
CARD04839,C04839,MasterCard,Classic,10000000,ACTIVE
CARD04840,C04840,JCB,Classic,30000000,ACTIVE
CARD04841,C04841,JCB,Gold,100000000,ACTIVE
CARD04842,C04842,JCB,Gold,100000000,ACTIVE
CARD04843,C04843,VISA,Gold,20000000,ACTIVE
CARD04844,C04844,Amex,Infinite,10000000,ACTIVE
CARD04845,C04845,VISA,Gold,10000000,ACTIVE
CARD04846,C04846,JCB,Gold,50000000,ACTIVE
CARD04847,C04847,VISA,Platinum,20000000,ACTIVE
CARD04848,C04848,MasterCard,Platinum,10000000,ACTIVE
CARD04849,C04849,JCB,Classic,100000000,ACTIVE
CARD04850,C04850,JCB,Classic,200000000,ACTIVE
CARD04851,C04851,Amex,Gold,30000000,ACTIVE
CARD04852,C04852,JCB,Classic,100000000,ACTIVE
CARD04853,C04853,MasterCard,Platinum,50000000,ACTIVE
CARD04854,C04854,MasterCard,Classic,50000000,ACTIVE
CARD04855,C04855,JCB,Classic,50000000,ACTIVE
CARD04856,C04856,MasterCard,Platinum,30000000,ACTIVE
CARD04857,C04857,VISA,Gold,20000000,ACTIVE
CARD04858,C04858,JCB,Platinum,50000000,ACTIVE
CARD04859,C04859,MasterCard,Classic,30000000,ACTIVE
CARD04860,C04860,MasterCard,Infinite,200000000,ACTIVE
CARD04861,C04861,VISA,Infinite,50000000,ACTIVE
CARD04862,C04862,MasterCard,Gold,500000000,ACTIVE
CARD04863,C04863,MasterCard,Infinite,10000000,ACTIVE
CARD04864,C04864,MasterCard,Gold,100000000,ACTIVE
CARD04865,C04865,VISA,Infinite,100000000,ACTIVE
CARD04866,C04866,VISA,Infinite,10000000,ACTIVE
CARD04867,C04867,VISA,Classic,100000000,ACTIVE
CARD04868,C04868,JCB,Platinum,200000000,ACTIVE
CARD04869,C04869,MasterCard,Platinum,500000000,ACTIVE
CARD04870,C04870,MasterCard,Infinite,500000000,BLOCKED
CARD04871,C04871,MasterCard,Platinum,30000000,ACTIVE
CARD04872,C04872,JCB,Platinum,20000000,ACTIVE
CARD04873,C04873,MasterCard,Classic,30000000,ACTIVE
CARD04874,C04874,VISA,Gold,100000000,ACTIVE
CARD04875,C04875,Amex,Classic,30000000,ACTIVE
CARD04876,C04876,MasterCard,Classic,100000000,ACTIVE
CARD04877,C04877,MasterCard,Classic,30000000,ACTIVE
CARD04878,C04878,JCB,Gold,50000000,ACTIVE
CARD04879,C04879,MasterCard,Platinum,200000000,ACTIVE
CARD04880,C04880,Amex,Platinum,500000000,ACTIVE
CARD04881,C04881,MasterCard,Gold,500000000,ACTIVE
CARD04882,C04882,MasterCard,Classic,50000000,ACTIVE
CARD04883,C04883,MasterCard,Classic,50000000,ACTIVE
CARD04884,C04884,MasterCard,Classic,20000000,ACTIVE
CARD04885,C04885,MasterCard,Platinum,20000000,ACTIVE
CARD04886,C04886,Amex,Gold,30000000,ACTIVE
CARD04887,C04887,Amex,Classic,500000000,ACTIVE
CARD04888,C04888,Amex,Gold,500000000,ACTIVE
CARD04889,C04889,Amex,Infinite,500000000,ACTIVE
CARD04890,C04890,VISA,Classic,30000000,ACTIVE
CARD04891,C04891,MasterCard,Classic,50000000,ACTIVE
CARD04892,C04892,MasterCard,Classic,100000000,ACTIVE
CARD04893,C04893,JCB,Gold,30000000,ACTIVE
CARD04894,C04894,MasterCard,Gold,10000000,ACTIVE
CARD04895,C04895,Amex,Platinum,30000000,ACTIVE
CARD04896,C04896,VISA,Infinite,30000000,ACTIVE
CARD04897,C04897,MasterCard,Infinite,10000000,ACTIVE
CARD04898,C04898,VISA,Classic,500000000,ACTIVE
CARD04899,C04899,VISA,Gold,30000000,ACTIVE
CARD04900,C04900,VISA,Classic,20000000,ACTIVE
CARD04901,C04901,Amex,Infinite,20000000,ACTIVE
CARD04902,C04902,MasterCard,Classic,10000000,ACTIVE
CARD04903,C04903,JCB,Classic,30000000,ACTIVE
CARD04904,C04904,Amex,Infinite,10000000,ACTIVE
CARD04905,C04905,JCB,Platinum,50000000,ACTIVE
CARD04906,C04906,JCB,Gold,30000000,ACTIVE
CARD04907,C04907,MasterCard,Infinite,50000000,ACTIVE
CARD04908,C04908,JCB,Classic,30000000,ACTIVE
CARD04909,C04909,JCB,Platinum,50000000,ACTIVE
CARD04910,C04910,Amex,Classic,50000000,ACTIVE
CARD04911,C04911,JCB,Classic,500000000,ACTIVE
CARD04912,C04912,VISA,Classic,10000000,ACTIVE
CARD04913,C04913,VISA,Platinum,100000000,ACTIVE
CARD04914,C04914,VISA,Classic,100000000,ACTIVE
CARD04915,C04915,JCB,Classic,10000000,BLOCKED
CARD04916,C04916,JCB,Platinum,50000000,ACTIVE
CARD04917,C04917,MasterCard,Platinum,50000000,ACTIVE
CARD04918,C04918,MasterCard,Gold,10000000,ACTIVE
CARD04919,C04919,VISA,Classic,30000000,ACTIVE
CARD04920,C04920,JCB,Infinite,100000000,ACTIVE
CARD04921,C04921,JCB,Infinite,200000000,ACTIVE
CARD04922,C04922,MasterCard,Platinum,50000000,ACTIVE
CARD04923,C04923,MasterCard,Infinite,10000000,ACTIVE
CARD04924,C04924,Amex,Classic,100000000,ACTIVE
CARD04925,C04925,VISA,Platinum,30000000,ACTIVE
CARD04926,C04926,MasterCard,Platinum,30000000,ACTIVE
CARD04927,C04927,MasterCard,Platinum,20000000,ACTIVE
CARD04928,C04928,Amex,Infinite,10000000,BLOCKED
CARD04929,C04929,VISA,Classic,10000000,ACTIVE
CARD04930,C04930,Amex,Platinum,50000000,ACTIVE
CARD04931,C04931,JCB,Classic,50000000,ACTIVE
CARD04932,C04932,JCB,Infinite,200000000,ACTIVE
CARD04933,C04933,VISA,Infinite,200000000,ACTIVE
CARD04934,C04934,VISA,Classic,100000000,ACTIVE
CARD04935,C04935,MasterCard,Infinite,200000000,ACTIVE
CARD04936,C04936,JCB,Infinite,50000000,ACTIVE
CARD04937,C04937,JCB,Platinum,10000000,ACTIVE
CARD04938,C04938,Amex,Platinum,20000000,ACTIVE
CARD04939,C04939,JCB,Gold,200000000,ACTIVE
CARD04940,C04940,VISA,Infinite,20000000,ACTIVE
CARD04941,C04941,JCB,Classic,30000000,ACTIVE
CARD04942,C04942,Amex,Platinum,30000000,ACTIVE
CARD04943,C04943,MasterCard,Platinum,10000000,ACTIVE
CARD04944,C04944,Amex,Platinum,50000000,ACTIVE
CARD04945,C04945,MasterCard,Classic,200000000,ACTIVE
CARD04946,C04946,Amex,Gold,500000000,ACTIVE
CARD04947,C04947,JCB,Platinum,200000000,ACTIVE
CARD04948,C04948,MasterCard,Classic,100000000,BLOCKED
CARD04949,C04949,Amex,Classic,200000000,ACTIVE
CARD04950,C04950,JCB,Platinum,20000000,ACTIVE
CARD04951,C04951,VISA,Platinum,20000000,ACTIVE
CARD04952,C04952,JCB,Infinite,500000000,ACTIVE
CARD04953,C04953,MasterCard,Platinum,100000000,ACTIVE
CARD04954,C04954,Amex,Classic,30000000,ACTIVE
CARD04955,C04955,JCB,Infinite,50000000,ACTIVE
CARD04956,C04956,MasterCard,Platinum,100000000,ACTIVE
CARD04957,C04957,JCB,Classic,50000000,ACTIVE
CARD04958,C04958,JCB,Gold,50000000,ACTIVE
CARD04959,C04959,Amex,Gold,10000000,ACTIVE
CARD04960,C04960,MasterCard,Classic,200000000,ACTIVE
CARD04961,C04961,VISA,Classic,30000000,ACTIVE
CARD04962,C04962,Amex,Gold,30000000,ACTIVE
CARD04963,C04963,JCB,Platinum,30000000,ACTIVE
CARD04964,C04964,Amex,Platinum,500000000,ACTIVE
CARD04965,C04965,JCB,Classic,10000000,ACTIVE
CARD04966,C04966,VISA,Classic,50000000,ACTIVE
CARD04967,C04967,VISA,Platinum,200000000,ACTIVE
CARD04968,C04968,JCB,Infinite,30000000,ACTIVE
CARD04969,C04969,JCB,Gold,20000000,ACTIVE
CARD04970,C04970,VISA,Gold,200000000,ACTIVE
CARD04971,C04971,MasterCard,Gold,100000000,ACTIVE
CARD04972,C04972,MasterCard,Platinum,10000000,ACTIVE
CARD04973,C04973,VISA,Gold,20000000,ACTIVE
CARD04974,C04974,Amex,Classic,200000000,ACTIVE
CARD04975,C04975,MasterCard,Infinite,500000000,ACTIVE
CARD04976,C04976,Amex,Infinite,20000000,ACTIVE
CARD04977,C04977,JCB,Classic,10000000,ACTIVE
CARD04978,C04978,Amex,Gold,200000000,ACTIVE
CARD04979,C04979,JCB,Gold,100000000,ACTIVE
CARD04980,C04980,MasterCard,Platinum,200000000,BLOCKED
CARD04981,C04981,MasterCard,Gold,200000000,BLOCKED
CARD04982,C04982,VISA,Infinite,20000000,ACTIVE
CARD04983,C04983,VISA,Infinite,10000000,ACTIVE
CARD04984,C04984,VISA,Infinite,20000000,ACTIVE
CARD04985,C04985,MasterCard,Infinite,20000000,ACTIVE
CARD04986,C04986,VISA,Infinite,500000000,ACTIVE
CARD04987,C04987,Amex,Classic,30000000,ACTIVE
CARD04988,C04988,MasterCard,Gold,200000000,ACTIVE
CARD04989,C04989,JCB,Gold,100000000,ACTIVE
CARD04990,C04990,JCB,Infinite,20000000,ACTIVE
CARD04991,C04991,Amex,Classic,200000000,ACTIVE
CARD04992,C04992,Amex,Infinite,10000000,ACTIVE
CARD04993,C04993,VISA,Gold,30000000,ACTIVE
CARD04994,C04994,JCB,Platinum,200000000,ACTIVE
CARD04995,C04995,MasterCard,Platinum,50000000,ACTIVE
CARD04996,C04996,JCB,Infinite,50000000,ACTIVE
CARD04997,C04997,Amex,Platinum,500000000,ACTIVE
CARD04998,C04998,Amex,Infinite,30000000,ACTIVE
CARD04999,C04999,Amex,Infinite,20000000,ACTIVE
CARD05000,C05000,JCB,Infinite,500000000,ACTIVE
CARD05001,C05001,VISA,Infinite,50000000,ACTIVE
CARD05002,C05002,JCB,Gold,200000000,ACTIVE
CARD05003,C05003,VISA,Platinum,20000000,ACTIVE
CARD05004,C05004,JCB,Classic,30000000,ACTIVE
CARD05005,C05005,JCB,Infinite,200000000,ACTIVE
CARD05006,C05006,JCB,Platinum,50000000,ACTIVE
CARD05007,C05007,Amex,Platinum,500000000,ACTIVE
CARD05008,C05008,Amex,Gold,10000000,ACTIVE
CARD05009,C05009,MasterCard,Platinum,20000000,ACTIVE
CARD05010,C05010,MasterCard,Platinum,100000000,ACTIVE
CARD05011,C05011,JCB,Platinum,200000000,ACTIVE
CARD05012,C05012,VISA,Infinite,50000000,ACTIVE
CARD05013,C05013,Amex,Gold,100000000,ACTIVE
CARD05014,C05014,VISA,Classic,200000000,ACTIVE
CARD05015,C05015,Amex,Gold,200000000,ACTIVE
CARD05016,C05016,JCB,Gold,50000000,ACTIVE
CARD05017,C05017,JCB,Classic,50000000,ACTIVE
CARD05018,C05018,VISA,Platinum,10000000,ACTIVE
CARD05019,C05019,MasterCard,Gold,200000000,ACTIVE
CARD05020,C05020,MasterCard,Gold,50000000,ACTIVE
CARD05021,C05021,JCB,Gold,10000000,ACTIVE
CARD05022,C05022,Amex,Infinite,30000000,ACTIVE
CARD05023,C05023,VISA,Classic,100000000,ACTIVE
CARD05024,C05024,VISA,Gold,200000000,ACTIVE
CARD05025,C05025,Amex,Classic,50000000,ACTIVE
CARD05026,C05026,MasterCard,Platinum,100000000,ACTIVE
CARD05027,C05027,VISA,Infinite,10000000,ACTIVE
CARD05028,C05028,VISA,Classic,50000000,ACTIVE
CARD05029,C05029,VISA,Classic,200000000,BLOCKED
CARD05030,C05030,VISA,Infinite,20000000,ACTIVE
CARD05031,C05031,MasterCard,Platinum,200000000,ACTIVE
CARD05032,C05032,JCB,Classic,200000000,ACTIVE
CARD05033,C05033,MasterCard,Infinite,20000000,ACTIVE
CARD05034,C05034,VISA,Classic,10000000,ACTIVE
CARD05035,C05035,MasterCard,Gold,30000000,ACTIVE
CARD05036,C05036,VISA,Classic,10000000,ACTIVE
CARD05037,C05037,MasterCard,Gold,30000000,ACTIVE
CARD05038,C05038,JCB,Platinum,20000000,ACTIVE
CARD05039,C05039,JCB,Infinite,100000000,ACTIVE
CARD05040,C05040,JCB,Platinum,200000000,ACTIVE
CARD05041,C05041,VISA,Classic,500000000,BLOCKED
CARD05042,C05042,Amex,Classic,30000000,ACTIVE
CARD05043,C05043,MasterCard,Gold,20000000,ACTIVE
CARD05044,C05044,VISA,Gold,200000000,ACTIVE
CARD05045,C05045,JCB,Infinite,200000000,ACTIVE
CARD05046,C05046,JCB,Platinum,30000000,ACTIVE
CARD05047,C05047,VISA,Gold,20000000,ACTIVE
CARD05048,C05048,MasterCard,Gold,100000000,ACTIVE
CARD05049,C05049,MasterCard,Classic,30000000,BLOCKED
CARD05050,C05050,Amex,Infinite,100000000,ACTIVE
CARD05051,C05051,VISA,Classic,50000000,ACTIVE
CARD05052,C05052,JCB,Platinum,500000000,ACTIVE
CARD05053,C05053,Amex,Infinite,200000000,ACTIVE
CARD05054,C05054,Amex,Gold,50000000,ACTIVE
CARD05055,C05055,MasterCard,Platinum,30000000,ACTIVE
CARD05056,C05056,MasterCard,Infinite,500000000,ACTIVE
CARD05057,C05057,VISA,Gold,500000000,ACTIVE
CARD05058,C05058,MasterCard,Infinite,100000000,ACTIVE
CARD05059,C05059,Amex,Classic,10000000,ACTIVE
CARD05060,C05060,JCB,Infinite,20000000,ACTIVE
CARD05061,C05061,VISA,Classic,30000000,ACTIVE
CARD05062,C05062,VISA,Gold,20000000,BLOCKED
CARD05063,C05063,VISA,Gold,10000000,ACTIVE
CARD05064,C05064,MasterCard,Platinum,30000000,ACTIVE
CARD05065,C05065,MasterCard,Platinum,200000000,ACTIVE
CARD05066,C05066,JCB,Gold,30000000,ACTIVE
CARD05067,C05067,JCB,Platinum,200000000,ACTIVE
CARD05068,C05068,MasterCard,Classic,200000000,ACTIVE
CARD05069,C05069,JCB,Gold,200000000,ACTIVE
CARD05070,C05070,MasterCard,Infinite,20000000,BLOCKED
CARD05071,C05071,JCB,Infinite,10000000,ACTIVE
CARD05072,C05072,Amex,Infinite,100000000,BLOCKED
CARD05073,C05073,JCB,Platinum,20000000,ACTIVE
CARD05074,C05074,MasterCard,Gold,50000000,ACTIVE
CARD05075,C05075,MasterCard,Infinite,200000000,ACTIVE
CARD05076,C05076,JCB,Platinum,20000000,BLOCKED
CARD05077,C05077,VISA,Platinum,200000000,ACTIVE
CARD05078,C05078,VISA,Classic,200000000,ACTIVE
CARD05079,C05079,MasterCard,Gold,10000000,ACTIVE
CARD05080,C05080,MasterCard,Gold,30000000,ACTIVE
CARD05081,C05081,VISA,Gold,20000000,ACTIVE
CARD05082,C05082,JCB,Infinite,200000000,ACTIVE
CARD05083,C05083,Amex,Gold,50000000,ACTIVE
CARD05084,C05084,VISA,Infinite,100000000,ACTIVE
CARD05085,C05085,Amex,Platinum,100000000,ACTIVE
CARD05086,C05086,JCB,Platinum,30000000,ACTIVE
CARD05087,C05087,VISA,Classic,30000000,ACTIVE
CARD05088,C05088,Amex,Classic,30000000,ACTIVE
CARD05089,C05089,Amex,Infinite,200000000,ACTIVE
CARD05090,C05090,Amex,Gold,20000000,ACTIVE
CARD05091,C05091,VISA,Platinum,20000000,ACTIVE
CARD05092,C05092,JCB,Gold,30000000,ACTIVE
CARD05093,C05093,JCB,Classic,50000000,ACTIVE
CARD05094,C05094,Amex,Platinum,10000000,ACTIVE
CARD05095,C05095,Amex,Platinum,500000000,ACTIVE
CARD05096,C05096,VISA,Infinite,500000000,BLOCKED
CARD05097,C05097,VISA,Infinite,500000000,ACTIVE
CARD05098,C05098,VISA,Classic,30000000,ACTIVE
CARD05099,C05099,Amex,Gold,100000000,ACTIVE
CARD05100,C05100,VISA,Infinite,500000000,ACTIVE
CARD05101,C05101,JCB,Infinite,500000000,ACTIVE
CARD05102,C05102,Amex,Classic,200000000,ACTIVE
CARD05103,C05103,MasterCard,Classic,10000000,BLOCKED
CARD05104,C05104,VISA,Platinum,30000000,ACTIVE
CARD05105,C05105,MasterCard,Gold,30000000,ACTIVE
CARD05106,C05106,Amex,Gold,10000000,ACTIVE
CARD05107,C05107,MasterCard,Gold,100000000,ACTIVE
CARD05108,C05108,VISA,Classic,50000000,ACTIVE
CARD05109,C05109,Amex,Classic,20000000,BLOCKED
CARD05110,C05110,VISA,Infinite,30000000,ACTIVE
CARD05111,C05111,Amex,Classic,20000000,ACTIVE
CARD05112,C05112,JCB,Gold,50000000,ACTIVE
CARD05113,C05113,MasterCard,Classic,10000000,ACTIVE
CARD05114,C05114,Amex,Infinite,20000000,ACTIVE
CARD05115,C05115,JCB,Classic,200000000,ACTIVE
CARD05116,C05116,JCB,Gold,30000000,ACTIVE
CARD05117,C05117,MasterCard,Gold,30000000,ACTIVE
CARD05118,C05118,Amex,Platinum,100000000,ACTIVE
CARD05119,C05119,JCB,Classic,200000000,ACTIVE
CARD05120,C05120,MasterCard,Classic,500000000,ACTIVE
CARD05121,C05121,VISA,Gold,100000000,ACTIVE
CARD05122,C05122,MasterCard,Platinum,10000000,ACTIVE
CARD05123,C05123,VISA,Gold,20000000,ACTIVE
CARD05124,C05124,VISA,Classic,50000000,ACTIVE
CARD05125,C05125,JCB,Classic,100000000,ACTIVE
CARD05126,C05126,VISA,Classic,30000000,ACTIVE
CARD05127,C05127,Amex,Gold,50000000,ACTIVE
CARD05128,C05128,JCB,Gold,100000000,ACTIVE
CARD05129,C05129,VISA,Infinite,100000000,ACTIVE
CARD05130,C05130,VISA,Infinite,100000000,ACTIVE
CARD05131,C05131,VISA,Classic,10000000,ACTIVE
CARD05132,C05132,MasterCard,Gold,30000000,ACTIVE
CARD05133,C05133,MasterCard,Infinite,500000000,ACTIVE
CARD05134,C05134,MasterCard,Gold,10000000,ACTIVE
CARD05135,C05135,Amex,Platinum,50000000,ACTIVE
CARD05136,C05136,JCB,Gold,10000000,ACTIVE
CARD05137,C05137,VISA,Gold,200000000,ACTIVE
CARD05138,C05138,MasterCard,Infinite,30000000,ACTIVE
CARD05139,C05139,MasterCard,Gold,100000000,ACTIVE
CARD05140,C05140,VISA,Platinum,30000000,ACTIVE
CARD05141,C05141,MasterCard,Gold,10000000,ACTIVE
CARD05142,C05142,VISA,Classic,100000000,ACTIVE
CARD05143,C05143,Amex,Classic,10000000,ACTIVE
CARD05144,C05144,MasterCard,Gold,20000000,ACTIVE
CARD05145,C05145,MasterCard,Classic,20000000,ACTIVE
CARD05146,C05146,Amex,Gold,30000000,ACTIVE
CARD05147,C05147,MasterCard,Platinum,20000000,ACTIVE
CARD05148,C05148,JCB,Classic,200000000,ACTIVE
CARD05149,C05149,JCB,Gold,200000000,ACTIVE
CARD05150,C05150,VISA,Infinite,30000000,ACTIVE
CARD05151,C05151,MasterCard,Gold,20000000,ACTIVE
CARD05152,C05152,JCB,Classic,10000000,ACTIVE
CARD05153,C05153,VISA,Platinum,10000000,ACTIVE
CARD05154,C05154,Amex,Gold,200000000,ACTIVE
CARD05155,C05155,JCB,Classic,30000000,ACTIVE
CARD05156,C05156,MasterCard,Classic,10000000,ACTIVE
CARD05157,C05157,MasterCard,Platinum,10000000,ACTIVE
CARD05158,C05158,Amex,Gold,50000000,ACTIVE
CARD05159,C05159,MasterCard,Gold,10000000,ACTIVE
CARD05160,C05160,JCB,Classic,50000000,ACTIVE
CARD05161,C05161,VISA,Gold,20000000,ACTIVE
CARD05162,C05162,JCB,Classic,20000000,ACTIVE
CARD05163,C05163,VISA,Platinum,50000000,ACTIVE
CARD05164,C05164,MasterCard,Infinite,50000000,ACTIVE
CARD05165,C05165,VISA,Classic,30000000,ACTIVE
CARD05166,C05166,MasterCard,Infinite,500000000,ACTIVE
CARD05167,C05167,VISA,Platinum,200000000,ACTIVE
CARD05168,C05168,MasterCard,Gold,20000000,ACTIVE
CARD05169,C05169,MasterCard,Gold,50000000,ACTIVE
CARD05170,C05170,MasterCard,Infinite,50000000,ACTIVE
CARD05171,C05171,MasterCard,Platinum,200000000,ACTIVE
CARD05172,C05172,JCB,Infinite,500000000,ACTIVE
CARD05173,C05173,VISA,Infinite,500000000,ACTIVE
CARD05174,C05174,Amex,Classic,10000000,ACTIVE
CARD05175,C05175,VISA,Classic,500000000,ACTIVE
CARD05176,C05176,MasterCard,Gold,100000000,ACTIVE
CARD05177,C05177,Amex,Platinum,50000000,ACTIVE
CARD05178,C05178,MasterCard,Platinum,500000000,ACTIVE
CARD05179,C05179,VISA,Classic,500000000,ACTIVE
CARD05180,C05180,Amex,Gold,100000000,ACTIVE
CARD05181,C05181,MasterCard,Platinum,200000000,ACTIVE
CARD05182,C05182,Amex,Platinum,200000000,ACTIVE
CARD05183,C05183,Amex,Infinite,20000000,ACTIVE
CARD05184,C05184,JCB,Gold,20000000,BLOCKED
CARD05185,C05185,VISA,Platinum,50000000,ACTIVE
CARD05186,C05186,JCB,Classic,200000000,ACTIVE
CARD05187,C05187,Amex,Gold,20000000,ACTIVE
CARD05188,C05188,VISA,Infinite,10000000,ACTIVE
CARD05189,C05189,MasterCard,Infinite,50000000,ACTIVE
CARD05190,C05190,VISA,Gold,50000000,ACTIVE
CARD05191,C05191,Amex,Classic,500000000,ACTIVE
CARD05192,C05192,MasterCard,Platinum,30000000,ACTIVE
CARD05193,C05193,JCB,Platinum,20000000,ACTIVE
CARD05194,C05194,JCB,Gold,20000000,ACTIVE
CARD05195,C05195,VISA,Classic,500000000,ACTIVE
CARD05196,C05196,MasterCard,Platinum,50000000,ACTIVE
CARD05197,C05197,MasterCard,Classic,30000000,ACTIVE
CARD05198,C05198,JCB,Platinum,200000000,ACTIVE
CARD05199,C05199,VISA,Classic,200000000,ACTIVE
CARD05200,C05200,Amex,Classic,10000000,ACTIVE
CARD05201,C05201,VISA,Infinite,30000000,ACTIVE
CARD05202,C05202,JCB,Gold,30000000,ACTIVE
CARD05203,C05203,VISA,Classic,20000000,ACTIVE
CARD05204,C05204,VISA,Classic,200000000,ACTIVE
CARD05205,C05205,VISA,Classic,20000000,ACTIVE
CARD05206,C05206,JCB,Platinum,10000000,ACTIVE
CARD05207,C05207,MasterCard,Classic,20000000,ACTIVE
CARD05208,C05208,VISA,Platinum,50000000,ACTIVE
CARD05209,C05209,Amex,Gold,20000000,ACTIVE
CARD05210,C05210,VISA,Platinum,50000000,ACTIVE
CARD05211,C05211,VISA,Classic,50000000,ACTIVE
CARD05212,C05212,JCB,Platinum,10000000,ACTIVE
CARD05213,C05213,MasterCard,Gold,10000000,ACTIVE
CARD05214,C05214,JCB,Gold,30000000,ACTIVE
CARD05215,C05215,JCB,Classic,500000000,ACTIVE
CARD05216,C05216,JCB,Gold,200000000,ACTIVE
CARD05217,C05217,Amex,Platinum,20000000,ACTIVE
CARD05218,C05218,JCB,Platinum,100000000,ACTIVE
CARD05219,C05219,MasterCard,Infinite,100000000,ACTIVE
CARD05220,C05220,JCB,Classic,500000000,ACTIVE
CARD05221,C05221,MasterCard,Gold,30000000,ACTIVE
CARD05222,C05222,MasterCard,Infinite,100000000,ACTIVE
CARD05223,C05223,MasterCard,Platinum,20000000,ACTIVE
CARD05224,C05224,MasterCard,Platinum,200000000,ACTIVE
CARD05225,C05225,MasterCard,Gold,50000000,BLOCKED
CARD05226,C05226,Amex,Gold,500000000,ACTIVE
CARD05227,C05227,Amex,Platinum,30000000,ACTIVE
CARD05228,C05228,VISA,Gold,100000000,ACTIVE
CARD05229,C05229,JCB,Classic,50000000,ACTIVE
CARD05230,C05230,Amex,Gold,50000000,ACTIVE
CARD05231,C05231,MasterCard,Platinum,10000000,ACTIVE
CARD05232,C05232,JCB,Classic,10000000,ACTIVE
CARD05233,C05233,VISA,Classic,50000000,ACTIVE
CARD05234,C05234,Amex,Platinum,20000000,ACTIVE
CARD05235,C05235,Amex,Platinum,20000000,ACTIVE
CARD05236,C05236,VISA,Platinum,30000000,ACTIVE
CARD05237,C05237,Amex,Platinum,50000000,ACTIVE
CARD05238,C05238,Amex,Gold,30000000,ACTIVE
CARD05239,C05239,JCB,Infinite,200000000,ACTIVE
CARD05240,C05240,JCB,Classic,200000000,ACTIVE
CARD05241,C05241,Amex,Infinite,10000000,ACTIVE
CARD05242,C05242,VISA,Infinite,50000000,ACTIVE
CARD05243,C05243,JCB,Classic,500000000,ACTIVE
CARD05244,C05244,Amex,Gold,10000000,ACTIVE
CARD05245,C05245,Amex,Platinum,500000000,ACTIVE
CARD05246,C05246,VISA,Infinite,50000000,ACTIVE
CARD05247,C05247,MasterCard,Platinum,200000000,ACTIVE
CARD05248,C05248,VISA,Infinite,30000000,BLOCKED
CARD05249,C05249,VISA,Platinum,50000000,ACTIVE
CARD05250,C05250,MasterCard,Gold,20000000,ACTIVE
CARD05251,C05251,Amex,Infinite,50000000,ACTIVE
CARD05252,C05252,JCB,Platinum,100000000,ACTIVE
CARD05253,C05253,Amex,Gold,100000000,ACTIVE
CARD05254,C05254,JCB,Platinum,20000000,ACTIVE
CARD05255,C05255,JCB,Infinite,30000000,ACTIVE
CARD05256,C05256,Amex,Gold,100000000,ACTIVE
CARD05257,C05257,Amex,Infinite,500000000,ACTIVE
CARD05258,C05258,MasterCard,Platinum,30000000,ACTIVE
CARD05259,C05259,Amex,Infinite,50000000,BLOCKED
CARD05260,C05260,VISA,Gold,50000000,ACTIVE
CARD05261,C05261,Amex,Platinum,20000000,ACTIVE
CARD05262,C05262,MasterCard,Gold,30000000,BLOCKED
CARD05263,C05263,VISA,Platinum,500000000,ACTIVE
CARD05264,C05264,MasterCard,Infinite,100000000,ACTIVE
CARD05265,C05265,MasterCard,Infinite,30000000,ACTIVE
CARD05266,C05266,JCB,Gold,20000000,ACTIVE
CARD05267,C05267,Amex,Gold,50000000,ACTIVE
CARD05268,C05268,VISA,Infinite,50000000,ACTIVE
CARD05269,C05269,MasterCard,Classic,200000000,ACTIVE
CARD05270,C05270,JCB,Gold,20000000,ACTIVE
CARD05271,C05271,JCB,Gold,20000000,ACTIVE
CARD05272,C05272,VISA,Gold,20000000,ACTIVE
CARD05273,C05273,VISA,Classic,20000000,ACTIVE
CARD05274,C05274,JCB,Classic,200000000,ACTIVE
CARD05275,C05275,VISA,Classic,50000000,ACTIVE
CARD05276,C05276,Amex,Platinum,30000000,ACTIVE
CARD05277,C05277,JCB,Gold,200000000,ACTIVE
CARD05278,C05278,MasterCard,Platinum,200000000,ACTIVE
CARD05279,C05279,MasterCard,Infinite,500000000,ACTIVE
CARD05280,C05280,JCB,Classic,10000000,ACTIVE
CARD05281,C05281,JCB,Infinite,20000000,ACTIVE
CARD05282,C05282,VISA,Gold,10000000,ACTIVE
CARD05283,C05283,Amex,Gold,200000000,ACTIVE
CARD05284,C05284,JCB,Platinum,100000000,ACTIVE
CARD05285,C05285,MasterCard,Gold,200000000,ACTIVE
CARD05286,C05286,Amex,Infinite,30000000,ACTIVE
CARD05287,C05287,MasterCard,Gold,500000000,ACTIVE
CARD05288,C05288,MasterCard,Infinite,30000000,ACTIVE
CARD05289,C05289,VISA,Classic,100000000,ACTIVE
CARD05290,C05290,JCB,Platinum,100000000,ACTIVE
CARD05291,C05291,VISA,Infinite,20000000,ACTIVE
CARD05292,C05292,MasterCard,Gold,100000000,ACTIVE
CARD05293,C05293,Amex,Infinite,10000000,ACTIVE
CARD05294,C05294,MasterCard,Infinite,10000000,ACTIVE
CARD05295,C05295,VISA,Gold,10000000,ACTIVE
CARD05296,C05296,JCB,Classic,500000000,ACTIVE
CARD05297,C05297,VISA,Classic,500000000,ACTIVE
CARD05298,C05298,Amex,Infinite,500000000,ACTIVE
CARD05299,C05299,Amex,Infinite,500000000,ACTIVE
CARD05300,C05300,VISA,Infinite,20000000,ACTIVE
CARD05301,C05301,VISA,Platinum,30000000,BLOCKED
CARD05302,C05302,Amex,Platinum,10000000,ACTIVE
CARD05303,C05303,JCB,Platinum,100000000,ACTIVE
CARD05304,C05304,MasterCard,Platinum,30000000,ACTIVE
CARD05305,C05305,JCB,Platinum,500000000,ACTIVE
CARD05306,C05306,MasterCard,Infinite,50000000,ACTIVE
CARD05307,C05307,MasterCard,Platinum,200000000,ACTIVE
CARD05308,C05308,JCB,Classic,200000000,ACTIVE
CARD05309,C05309,MasterCard,Infinite,100000000,ACTIVE
CARD05310,C05310,Amex,Gold,30000000,ACTIVE
CARD05311,C05311,JCB,Classic,10000000,ACTIVE
CARD05312,C05312,VISA,Platinum,20000000,ACTIVE
CARD05313,C05313,Amex,Gold,10000000,ACTIVE
CARD05314,C05314,JCB,Gold,500000000,ACTIVE
CARD05315,C05315,VISA,Gold,50000000,ACTIVE
CARD05316,C05316,JCB,Infinite,50000000,ACTIVE
CARD05317,C05317,MasterCard,Platinum,20000000,ACTIVE
CARD05318,C05318,VISA,Classic,20000000,ACTIVE
CARD05319,C05319,VISA,Classic,100000000,ACTIVE
CARD05320,C05320,MasterCard,Platinum,10000000,ACTIVE
CARD05321,C05321,Amex,Infinite,20000000,ACTIVE
CARD05322,C05322,MasterCard,Platinum,50000000,ACTIVE
CARD05323,C05323,JCB,Infinite,10000000,BLOCKED
CARD05324,C05324,JCB,Gold,50000000,ACTIVE
CARD05325,C05325,JCB,Gold,200000000,ACTIVE
CARD05326,C05326,VISA,Platinum,50000000,ACTIVE
CARD05327,C05327,JCB,Platinum,500000000,ACTIVE
CARD05328,C05328,MasterCard,Gold,30000000,ACTIVE
CARD05329,C05329,MasterCard,Infinite,50000000,ACTIVE
CARD05330,C05330,VISA,Infinite,100000000,ACTIVE
CARD05331,C05331,JCB,Infinite,30000000,ACTIVE
CARD05332,C05332,JCB,Infinite,500000000,ACTIVE
CARD05333,C05333,Amex,Gold,10000000,ACTIVE
CARD05334,C05334,Amex,Gold,100000000,ACTIVE
CARD05335,C05335,VISA,Platinum,50000000,ACTIVE
CARD05336,C05336,JCB,Classic,50000000,ACTIVE
CARD05337,C05337,Amex,Infinite,500000000,ACTIVE
CARD05338,C05338,Amex,Gold,200000000,ACTIVE
CARD05339,C05339,VISA,Gold,20000000,ACTIVE
CARD05340,C05340,VISA,Infinite,50000000,ACTIVE
CARD05341,C05341,JCB,Gold,20000000,ACTIVE
CARD05342,C05342,VISA,Gold,200000000,ACTIVE
CARD05343,C05343,JCB,Infinite,50000000,ACTIVE
CARD05344,C05344,MasterCard,Gold,20000000,ACTIVE
CARD05345,C05345,JCB,Gold,100000000,ACTIVE
CARD05346,C05346,MasterCard,Gold,10000000,ACTIVE
CARD05347,C05347,MasterCard,Gold,100000000,ACTIVE
CARD05348,C05348,VISA,Platinum,50000000,ACTIVE
CARD05349,C05349,Amex,Platinum,30000000,BLOCKED
CARD05350,C05350,MasterCard,Classic,200000000,ACTIVE
CARD05351,C05351,JCB,Platinum,50000000,ACTIVE
CARD05352,C05352,Amex,Gold,500000000,ACTIVE
CARD05353,C05353,VISA,Gold,30000000,ACTIVE
CARD05354,C05354,Amex,Infinite,30000000,ACTIVE
CARD05355,C05355,MasterCard,Infinite,10000000,ACTIVE
CARD05356,C05356,MasterCard,Platinum,500000000,ACTIVE
CARD05357,C05357,MasterCard,Infinite,100000000,ACTIVE
CARD05358,C05358,MasterCard,Platinum,10000000,ACTIVE
CARD05359,C05359,JCB,Platinum,10000000,ACTIVE
CARD05360,C05360,MasterCard,Classic,30000000,BLOCKED
CARD05361,C05361,VISA,Classic,10000000,ACTIVE
CARD05362,C05362,Amex,Infinite,500000000,ACTIVE
CARD05363,C05363,MasterCard,Gold,10000000,ACTIVE
CARD05364,C05364,MasterCard,Gold,500000000,ACTIVE
CARD05365,C05365,VISA,Platinum,30000000,ACTIVE
CARD05366,C05366,VISA,Platinum,200000000,ACTIVE
CARD05367,C05367,VISA,Gold,500000000,ACTIVE
CARD05368,C05368,JCB,Infinite,200000000,ACTIVE
CARD05369,C05369,MasterCard,Infinite,500000000,ACTIVE
CARD05370,C05370,Amex,Classic,30000000,ACTIVE
CARD05371,C05371,MasterCard,Classic,50000000,ACTIVE
CARD05372,C05372,JCB,Infinite,30000000,ACTIVE
CARD05373,C05373,MasterCard,Infinite,500000000,ACTIVE
CARD05374,C05374,MasterCard,Infinite,100000000,ACTIVE
CARD05375,C05375,VISA,Classic,20000000,ACTIVE
CARD05376,C05376,JCB,Gold,200000000,ACTIVE
CARD05377,C05377,VISA,Classic,20000000,ACTIVE
CARD05378,C05378,MasterCard,Classic,100000000,ACTIVE
CARD05379,C05379,VISA,Classic,200000000,ACTIVE
CARD05380,C05380,VISA,Gold,500000000,ACTIVE
CARD05381,C05381,JCB,Platinum,500000000,ACTIVE
CARD05382,C05382,MasterCard,Infinite,200000000,ACTIVE
CARD05383,C05383,Amex,Gold,200000000,ACTIVE
CARD05384,C05384,MasterCard,Infinite,10000000,ACTIVE
CARD05385,C05385,MasterCard,Infinite,100000000,ACTIVE
CARD05386,C05386,MasterCard,Infinite,50000000,ACTIVE
CARD05387,C05387,JCB,Infinite,200000000,ACTIVE
CARD05388,C05388,MasterCard,Gold,50000000,ACTIVE
CARD05389,C05389,JCB,Classic,50000000,ACTIVE
CARD05390,C05390,Amex,Platinum,100000000,ACTIVE
CARD05391,C05391,Amex,Infinite,30000000,ACTIVE
CARD05392,C05392,MasterCard,Gold,30000000,ACTIVE
CARD05393,C05393,JCB,Gold,100000000,ACTIVE
CARD05394,C05394,VISA,Classic,50000000,ACTIVE
CARD05395,C05395,Amex,Gold,10000000,BLOCKED
CARD05396,C05396,MasterCard,Platinum,30000000,ACTIVE
CARD05397,C05397,Amex,Gold,30000000,ACTIVE
CARD05398,C05398,MasterCard,Classic,100000000,ACTIVE
CARD05399,C05399,Amex,Platinum,10000000,ACTIVE
CARD05400,C05400,VISA,Classic,30000000,ACTIVE
CARD05401,C05401,VISA,Platinum,500000000,ACTIVE
CARD05402,C05402,MasterCard,Platinum,50000000,ACTIVE
CARD05403,C05403,Amex,Gold,500000000,ACTIVE
CARD05404,C05404,VISA,Gold,200000000,ACTIVE
CARD05405,C05405,VISA,Infinite,100000000,ACTIVE
CARD05406,C05406,MasterCard,Platinum,30000000,BLOCKED
CARD05407,C05407,MasterCard,Platinum,20000000,ACTIVE
CARD05408,C05408,JCB,Classic,100000000,ACTIVE
CARD05409,C05409,Amex,Platinum,200000000,ACTIVE
CARD05410,C05410,Amex,Classic,20000000,BLOCKED
CARD05411,C05411,VISA,Infinite,200000000,ACTIVE
CARD05412,C05412,VISA,Gold,500000000,ACTIVE
CARD05413,C05413,MasterCard,Gold,200000000,ACTIVE
CARD05414,C05414,Amex,Classic,200000000,ACTIVE
CARD05415,C05415,JCB,Gold,50000000,ACTIVE
CARD05416,C05416,Amex,Gold,20000000,BLOCKED
CARD05417,C05417,JCB,Gold,30000000,ACTIVE
CARD05418,C05418,VISA,Gold,20000000,ACTIVE
CARD05419,C05419,MasterCard,Infinite,100000000,ACTIVE
CARD05420,C05420,VISA,Gold,30000000,ACTIVE
CARD05421,C05421,JCB,Classic,10000000,ACTIVE
CARD05422,C05422,Amex,Gold,10000000,ACTIVE
CARD05423,C05423,JCB,Infinite,20000000,ACTIVE
CARD05424,C05424,MasterCard,Classic,500000000,ACTIVE
CARD05425,C05425,VISA,Platinum,30000000,ACTIVE
CARD05426,C05426,JCB,Infinite,50000000,ACTIVE
CARD05427,C05427,VISA,Platinum,200000000,ACTIVE
CARD05428,C05428,MasterCard,Infinite,20000000,ACTIVE
CARD05429,C05429,Amex,Platinum,500000000,ACTIVE
CARD05430,C05430,MasterCard,Platinum,50000000,ACTIVE
CARD05431,C05431,Amex,Platinum,30000000,ACTIVE
CARD05432,C05432,Amex,Platinum,20000000,ACTIVE
CARD05433,C05433,MasterCard,Gold,500000000,ACTIVE
CARD05434,C05434,MasterCard,Classic,200000000,ACTIVE
CARD05435,C05435,Amex,Gold,10000000,ACTIVE
CARD05436,C05436,MasterCard,Infinite,20000000,ACTIVE
CARD05437,C05437,VISA,Infinite,20000000,BLOCKED
CARD05438,C05438,JCB,Gold,50000000,ACTIVE
CARD05439,C05439,VISA,Infinite,10000000,ACTIVE
CARD05440,C05440,Amex,Gold,20000000,ACTIVE
CARD05441,C05441,JCB,Platinum,500000000,ACTIVE
CARD05442,C05442,MasterCard,Classic,10000000,ACTIVE
CARD05443,C05443,VISA,Gold,30000000,ACTIVE
CARD05444,C05444,VISA,Gold,20000000,ACTIVE
CARD05445,C05445,VISA,Gold,500000000,ACTIVE
CARD05446,C05446,MasterCard,Gold,200000000,ACTIVE
CARD05447,C05447,MasterCard,Classic,20000000,ACTIVE
CARD05448,C05448,MasterCard,Platinum,100000000,ACTIVE
CARD05449,C05449,Amex,Infinite,200000000,ACTIVE
CARD05450,C05450,MasterCard,Infinite,30000000,ACTIVE
CARD05451,C05451,MasterCard,Platinum,20000000,ACTIVE
CARD05452,C05452,VISA,Classic,100000000,BLOCKED
CARD05453,C05453,VISA,Gold,200000000,ACTIVE
CARD05454,C05454,Amex,Classic,500000000,ACTIVE
CARD05455,C05455,VISA,Infinite,20000000,ACTIVE
CARD05456,C05456,MasterCard,Infinite,20000000,ACTIVE
CARD05457,C05457,MasterCard,Platinum,100000000,ACTIVE
CARD05458,C05458,MasterCard,Classic,100000000,ACTIVE
CARD05459,C05459,Amex,Gold,30000000,ACTIVE
CARD05460,C05460,MasterCard,Gold,10000000,ACTIVE
CARD05461,C05461,MasterCard,Infinite,500000000,ACTIVE
CARD05462,C05462,VISA,Platinum,30000000,BLOCKED
CARD05463,C05463,MasterCard,Platinum,30000000,ACTIVE
CARD05464,C05464,MasterCard,Classic,100000000,ACTIVE
CARD05465,C05465,MasterCard,Platinum,500000000,ACTIVE
CARD05466,C05466,JCB,Infinite,100000000,ACTIVE
CARD05467,C05467,VISA,Gold,50000000,ACTIVE
CARD05468,C05468,Amex,Infinite,500000000,ACTIVE
CARD05469,C05469,MasterCard,Gold,30000000,ACTIVE
CARD05470,C05470,Amex,Infinite,10000000,ACTIVE
CARD05471,C05471,VISA,Platinum,10000000,ACTIVE
CARD05472,C05472,MasterCard,Infinite,50000000,ACTIVE
CARD05473,C05473,VISA,Infinite,500000000,ACTIVE
CARD05474,C05474,JCB,Infinite,20000000,ACTIVE
CARD05475,C05475,MasterCard,Gold,500000000,ACTIVE
CARD05476,C05476,JCB,Infinite,30000000,ACTIVE
CARD05477,C05477,VISA,Gold,50000000,ACTIVE
CARD05478,C05478,JCB,Infinite,50000000,ACTIVE
CARD05479,C05479,VISA,Platinum,500000000,ACTIVE
CARD05480,C05480,Amex,Platinum,100000000,ACTIVE
CARD05481,C05481,VISA,Gold,500000000,ACTIVE
CARD05482,C05482,MasterCard,Infinite,20000000,BLOCKED
CARD05483,C05483,JCB,Classic,500000000,ACTIVE
CARD05484,C05484,Amex,Gold,500000000,ACTIVE
CARD05485,C05485,Amex,Platinum,20000000,ACTIVE
CARD05486,C05486,VISA,Gold,50000000,ACTIVE
CARD05487,C05487,Amex,Classic,10000000,ACTIVE
CARD05488,C05488,MasterCard,Platinum,500000000,ACTIVE
CARD05489,C05489,VISA,Gold,10000000,ACTIVE
CARD05490,C05490,JCB,Infinite,10000000,ACTIVE
CARD05491,C05491,MasterCard,Infinite,500000000,ACTIVE
CARD05492,C05492,MasterCard,Platinum,100000000,ACTIVE
CARD05493,C05493,MasterCard,Infinite,10000000,ACTIVE
CARD05494,C05494,MasterCard,Classic,50000000,ACTIVE
CARD05495,C05495,MasterCard,Infinite,200000000,ACTIVE
CARD05496,C05496,JCB,Classic,200000000,ACTIVE
CARD05497,C05497,VISA,Platinum,100000000,ACTIVE
CARD05498,C05498,Amex,Gold,10000000,ACTIVE
CARD05499,C05499,Amex,Platinum,20000000,ACTIVE
CARD05500,C05500,JCB,Classic,30000000,ACTIVE
CARD05501,C05501,JCB,Infinite,10000000,ACTIVE
CARD05502,C05502,MasterCard,Platinum,10000000,ACTIVE
CARD05503,C05503,MasterCard,Classic,50000000,ACTIVE
CARD05504,C05504,Amex,Gold,200000000,ACTIVE
CARD05505,C05505,JCB,Gold,100000000,ACTIVE
CARD05506,C05506,MasterCard,Platinum,200000000,ACTIVE
CARD05507,C05507,MasterCard,Infinite,30000000,ACTIVE
CARD05508,C05508,JCB,Infinite,30000000,ACTIVE
CARD05509,C05509,Amex,Platinum,50000000,ACTIVE
CARD05510,C05510,JCB,Infinite,500000000,ACTIVE
CARD05511,C05511,VISA,Gold,500000000,ACTIVE
CARD05512,C05512,VISA,Gold,200000000,ACTIVE
CARD05513,C05513,VISA,Infinite,20000000,ACTIVE
CARD05514,C05514,Amex,Infinite,10000000,ACTIVE
CARD05515,C05515,MasterCard,Infinite,20000000,ACTIVE
CARD05516,C05516,JCB,Gold,50000000,ACTIVE
CARD05517,C05517,Amex,Classic,200000000,ACTIVE
CARD05518,C05518,JCB,Gold,200000000,ACTIVE
CARD05519,C05519,Amex,Infinite,50000000,ACTIVE
CARD05520,C05520,Amex,Infinite,50000000,BLOCKED
CARD05521,C05521,MasterCard,Infinite,50000000,ACTIVE
CARD05522,C05522,Amex,Classic,500000000,ACTIVE
CARD05523,C05523,MasterCard,Platinum,50000000,ACTIVE
CARD05524,C05524,VISA,Infinite,20000000,ACTIVE
CARD05525,C05525,Amex,Infinite,50000000,ACTIVE
CARD05526,C05526,VISA,Gold,50000000,ACTIVE
CARD05527,C05527,MasterCard,Infinite,30000000,BLOCKED
CARD05528,C05528,Amex,Infinite,30000000,ACTIVE
CARD05529,C05529,MasterCard,Classic,200000000,ACTIVE
CARD05530,C05530,VISA,Platinum,10000000,BLOCKED
CARD05531,C05531,VISA,Gold,20000000,ACTIVE
CARD05532,C05532,VISA,Platinum,200000000,ACTIVE
CARD05533,C05533,MasterCard,Gold,20000000,ACTIVE
CARD05534,C05534,Amex,Platinum,30000000,ACTIVE
CARD05535,C05535,Amex,Platinum,200000000,ACTIVE
CARD05536,C05536,Amex,Platinum,100000000,ACTIVE
CARD05537,C05537,Amex,Platinum,50000000,ACTIVE
CARD05538,C05538,JCB,Infinite,100000000,ACTIVE
CARD05539,C05539,MasterCard,Platinum,10000000,ACTIVE
CARD05540,C05540,MasterCard,Platinum,100000000,ACTIVE
CARD05541,C05541,MasterCard,Infinite,50000000,BLOCKED
CARD05542,C05542,MasterCard,Infinite,30000000,ACTIVE
CARD05543,C05543,MasterCard,Platinum,500000000,ACTIVE
CARD05544,C05544,VISA,Infinite,200000000,ACTIVE
CARD05545,C05545,JCB,Classic,200000000,ACTIVE
CARD05546,C05546,VISA,Gold,20000000,ACTIVE
CARD05547,C05547,Amex,Platinum,30000000,ACTIVE
CARD05548,C05548,JCB,Infinite,200000000,ACTIVE
CARD05549,C05549,VISA,Infinite,100000000,ACTIVE
CARD05550,C05550,VISA,Classic,10000000,ACTIVE
CARD05551,C05551,VISA,Classic,500000000,ACTIVE
CARD05552,C05552,VISA,Gold,10000000,BLOCKED
CARD05553,C05553,MasterCard,Gold,200000000,ACTIVE
CARD05554,C05554,MasterCard,Platinum,200000000,ACTIVE
CARD05555,C05555,JCB,Infinite,100000000,ACTIVE
CARD05556,C05556,VISA,Infinite,50000000,ACTIVE
CARD05557,C05557,VISA,Platinum,500000000,ACTIVE
CARD05558,C05558,VISA,Infinite,10000000,ACTIVE
CARD05559,C05559,MasterCard,Platinum,50000000,ACTIVE
CARD05560,C05560,JCB,Classic,30000000,ACTIVE
CARD05561,C05561,VISA,Platinum,100000000,ACTIVE
CARD05562,C05562,JCB,Infinite,100000000,BLOCKED
CARD05563,C05563,VISA,Infinite,200000000,ACTIVE
CARD05564,C05564,Amex,Classic,100000000,ACTIVE
CARD05565,C05565,MasterCard,Platinum,50000000,ACTIVE
CARD05566,C05566,MasterCard,Gold,30000000,ACTIVE
CARD05567,C05567,Amex,Gold,30000000,ACTIVE
CARD05568,C05568,Amex,Infinite,50000000,ACTIVE
CARD05569,C05569,MasterCard,Platinum,500000000,ACTIVE
CARD05570,C05570,MasterCard,Gold,30000000,ACTIVE
CARD05571,C05571,Amex,Infinite,500000000,ACTIVE
CARD05572,C05572,Amex,Platinum,30000000,ACTIVE
CARD05573,C05573,VISA,Gold,10000000,ACTIVE
CARD05574,C05574,JCB,Platinum,200000000,ACTIVE
CARD05575,C05575,VISA,Platinum,50000000,ACTIVE
CARD05576,C05576,JCB,Gold,100000000,ACTIVE
CARD05577,C05577,Amex,Classic,200000000,ACTIVE
CARD05578,C05578,VISA,Platinum,100000000,ACTIVE
CARD05579,C05579,MasterCard,Classic,50000000,ACTIVE
CARD05580,C05580,MasterCard,Classic,100000000,ACTIVE
CARD05581,C05581,Amex,Infinite,500000000,ACTIVE
CARD05582,C05582,JCB,Infinite,10000000,ACTIVE
CARD05583,C05583,VISA,Platinum,200000000,BLOCKED
CARD05584,C05584,Amex,Infinite,30000000,ACTIVE
CARD05585,C05585,Amex,Infinite,100000000,ACTIVE
CARD05586,C05586,MasterCard,Classic,30000000,ACTIVE
CARD05587,C05587,MasterCard,Infinite,20000000,BLOCKED
CARD05588,C05588,MasterCard,Classic,200000000,ACTIVE
CARD05589,C05589,MasterCard,Classic,100000000,ACTIVE
CARD05590,C05590,MasterCard,Infinite,10000000,ACTIVE
CARD05591,C05591,Amex,Gold,30000000,ACTIVE
CARD05592,C05592,MasterCard,Infinite,20000000,ACTIVE
CARD05593,C05593,Amex,Infinite,200000000,ACTIVE
CARD05594,C05594,VISA,Platinum,10000000,ACTIVE
CARD05595,C05595,VISA,Platinum,30000000,ACTIVE
CARD05596,C05596,MasterCard,Platinum,500000000,ACTIVE
CARD05597,C05597,VISA,Gold,30000000,ACTIVE
CARD05598,C05598,JCB,Infinite,50000000,ACTIVE
CARD05599,C05599,Amex,Classic,20000000,ACTIVE
CARD05600,C05600,MasterCard,Infinite,10000000,ACTIVE
CARD05601,C05601,MasterCard,Classic,20000000,ACTIVE
CARD05602,C05602,VISA,Classic,50000000,ACTIVE
CARD05603,C05603,Amex,Classic,200000000,ACTIVE
CARD05604,C05604,JCB,Infinite,200000000,ACTIVE
CARD05605,C05605,MasterCard,Gold,30000000,ACTIVE
CARD05606,C05606,VISA,Classic,30000000,ACTIVE
CARD05607,C05607,MasterCard,Infinite,100000000,ACTIVE
CARD05608,C05608,JCB,Infinite,50000000,ACTIVE
CARD05609,C05609,VISA,Infinite,10000000,ACTIVE
CARD05610,C05610,MasterCard,Classic,20000000,ACTIVE
CARD05611,C05611,MasterCard,Classic,20000000,ACTIVE
CARD05612,C05612,Amex,Classic,10000000,ACTIVE
CARD05613,C05613,VISA,Infinite,30000000,ACTIVE
CARD05614,C05614,MasterCard,Infinite,100000000,ACTIVE
CARD05615,C05615,JCB,Gold,20000000,ACTIVE
CARD05616,C05616,VISA,Gold,100000000,ACTIVE
CARD05617,C05617,JCB,Infinite,50000000,ACTIVE
CARD05618,C05618,JCB,Classic,200000000,ACTIVE
CARD05619,C05619,MasterCard,Gold,100000000,ACTIVE
CARD05620,C05620,JCB,Classic,20000000,ACTIVE
CARD05621,C05621,JCB,Classic,30000000,ACTIVE
CARD05622,C05622,Amex,Classic,30000000,BLOCKED
CARD05623,C05623,MasterCard,Gold,500000000,ACTIVE
CARD05624,C05624,MasterCard,Infinite,200000000,BLOCKED
CARD05625,C05625,JCB,Platinum,500000000,ACTIVE
CARD05626,C05626,JCB,Platinum,200000000,ACTIVE
CARD05627,C05627,VISA,Classic,50000000,ACTIVE
CARD05628,C05628,Amex,Platinum,50000000,ACTIVE
CARD05629,C05629,VISA,Infinite,500000000,ACTIVE
CARD05630,C05630,Amex,Gold,500000000,ACTIVE
CARD05631,C05631,VISA,Infinite,50000000,ACTIVE
CARD05632,C05632,Amex,Platinum,200000000,ACTIVE
CARD05633,C05633,VISA,Classic,500000000,ACTIVE
CARD05634,C05634,JCB,Platinum,30000000,ACTIVE
CARD05635,C05635,VISA,Platinum,10000000,ACTIVE
CARD05636,C05636,VISA,Classic,100000000,ACTIVE
CARD05637,C05637,VISA,Classic,30000000,ACTIVE
CARD05638,C05638,JCB,Classic,50000000,ACTIVE
CARD05639,C05639,Amex,Platinum,10000000,ACTIVE
CARD05640,C05640,MasterCard,Platinum,100000000,ACTIVE
CARD05641,C05641,VISA,Classic,10000000,ACTIVE
CARD05642,C05642,JCB,Gold,50000000,ACTIVE
CARD05643,C05643,Amex,Gold,10000000,ACTIVE
CARD05644,C05644,JCB,Gold,500000000,ACTIVE
CARD05645,C05645,Amex,Classic,20000000,ACTIVE
CARD05646,C05646,MasterCard,Classic,50000000,ACTIVE
CARD05647,C05647,JCB,Gold,30000000,ACTIVE
CARD05648,C05648,JCB,Classic,20000000,ACTIVE
CARD05649,C05649,MasterCard,Classic,500000000,ACTIVE
CARD05650,C05650,Amex,Infinite,100000000,ACTIVE
CARD05651,C05651,VISA,Platinum,20000000,ACTIVE
CARD05652,C05652,VISA,Infinite,50000000,ACTIVE
CARD05653,C05653,VISA,Classic,30000000,ACTIVE
CARD05654,C05654,MasterCard,Gold,500000000,ACTIVE
CARD05655,C05655,JCB,Infinite,500000000,ACTIVE
CARD05656,C05656,JCB,Infinite,500000000,ACTIVE
CARD05657,C05657,JCB,Infinite,20000000,ACTIVE
CARD05658,C05658,Amex,Gold,30000000,ACTIVE
CARD05659,C05659,MasterCard,Gold,20000000,ACTIVE
CARD05660,C05660,Amex,Gold,200000000,ACTIVE
CARD05661,C05661,JCB,Platinum,10000000,ACTIVE
CARD05662,C05662,MasterCard,Gold,30000000,ACTIVE
CARD05663,C05663,MasterCard,Infinite,30000000,ACTIVE
CARD05664,C05664,Amex,Platinum,10000000,BLOCKED
CARD05665,C05665,JCB,Platinum,30000000,ACTIVE
CARD05666,C05666,Amex,Infinite,500000000,ACTIVE
CARD05667,C05667,JCB,Gold,200000000,BLOCKED
CARD05668,C05668,JCB,Infinite,500000000,ACTIVE
CARD05669,C05669,VISA,Classic,500000000,ACTIVE
CARD05670,C05670,JCB,Platinum,20000000,ACTIVE
CARD05671,C05671,Amex,Classic,50000000,ACTIVE
CARD05672,C05672,Amex,Classic,10000000,ACTIVE
CARD05673,C05673,Amex,Infinite,10000000,ACTIVE
CARD05674,C05674,Amex,Classic,200000000,BLOCKED
CARD05675,C05675,JCB,Classic,50000000,ACTIVE
CARD05676,C05676,JCB,Gold,10000000,ACTIVE
CARD05677,C05677,JCB,Classic,500000000,ACTIVE
CARD05678,C05678,VISA,Infinite,20000000,ACTIVE
CARD05679,C05679,JCB,Platinum,50000000,ACTIVE
CARD05680,C05680,JCB,Infinite,20000000,ACTIVE
CARD05681,C05681,VISA,Platinum,200000000,ACTIVE
CARD05682,C05682,MasterCard,Infinite,10000000,ACTIVE
CARD05683,C05683,Amex,Platinum,500000000,ACTIVE
CARD05684,C05684,Amex,Gold,100000000,ACTIVE
CARD05685,C05685,JCB,Infinite,200000000,ACTIVE
CARD05686,C05686,JCB,Gold,20000000,ACTIVE
CARD05687,C05687,MasterCard,Platinum,200000000,ACTIVE
CARD05688,C05688,MasterCard,Platinum,20000000,ACTIVE
CARD05689,C05689,Amex,Gold,500000000,ACTIVE
CARD05690,C05690,VISA,Infinite,100000000,ACTIVE
CARD05691,C05691,JCB,Classic,20000000,ACTIVE
CARD05692,C05692,MasterCard,Classic,500000000,ACTIVE
CARD05693,C05693,Amex,Classic,50000000,ACTIVE
CARD05694,C05694,JCB,Infinite,100000000,ACTIVE
CARD05695,C05695,MasterCard,Classic,20000000,ACTIVE
CARD05696,C05696,JCB,Platinum,200000000,ACTIVE
CARD05697,C05697,MasterCard,Platinum,30000000,ACTIVE
CARD05698,C05698,JCB,Platinum,500000000,ACTIVE
CARD05699,C05699,VISA,Infinite,100000000,ACTIVE
CARD05700,C05700,JCB,Classic,200000000,ACTIVE
CARD05701,C05701,VISA,Classic,50000000,ACTIVE
CARD05702,C05702,JCB,Classic,200000000,ACTIVE
CARD05703,C05703,VISA,Infinite,100000000,ACTIVE
CARD05704,C05704,Amex,Infinite,30000000,ACTIVE
CARD05705,C05705,VISA,Gold,100000000,ACTIVE
CARD05706,C05706,Amex,Gold,50000000,ACTIVE
CARD05707,C05707,VISA,Gold,50000000,ACTIVE
CARD05708,C05708,MasterCard,Gold,20000000,ACTIVE
CARD05709,C05709,MasterCard,Classic,10000000,ACTIVE
CARD05710,C05710,MasterCard,Infinite,20000000,ACTIVE
CARD05711,C05711,MasterCard,Platinum,10000000,ACTIVE
CARD05712,C05712,JCB,Gold,10000000,ACTIVE
CARD05713,C05713,VISA,Classic,20000000,ACTIVE
CARD05714,C05714,VISA,Platinum,20000000,ACTIVE
CARD05715,C05715,MasterCard,Platinum,100000000,ACTIVE
CARD05716,C05716,Amex,Infinite,10000000,ACTIVE
CARD05717,C05717,VISA,Classic,100000000,ACTIVE
CARD05718,C05718,JCB,Classic,200000000,ACTIVE
CARD05719,C05719,VISA,Infinite,100000000,ACTIVE
CARD05720,C05720,VISA,Classic,500000000,ACTIVE
CARD05721,C05721,MasterCard,Gold,20000000,ACTIVE
CARD05722,C05722,MasterCard,Platinum,500000000,ACTIVE
CARD05723,C05723,Amex,Gold,20000000,ACTIVE
CARD05724,C05724,Amex,Classic,10000000,ACTIVE
CARD05725,C05725,Amex,Gold,50000000,ACTIVE
CARD05726,C05726,Amex,Classic,20000000,ACTIVE
CARD05727,C05727,JCB,Classic,10000000,ACTIVE
CARD05728,C05728,VISA,Gold,10000000,ACTIVE
CARD05729,C05729,JCB,Platinum,200000000,ACTIVE
CARD05730,C05730,Amex,Gold,30000000,BLOCKED
CARD05731,C05731,MasterCard,Gold,50000000,ACTIVE
CARD05732,C05732,MasterCard,Gold,20000000,ACTIVE
CARD05733,C05733,MasterCard,Platinum,10000000,ACTIVE
CARD05734,C05734,VISA,Classic,30000000,ACTIVE
CARD05735,C05735,Amex,Platinum,100000000,ACTIVE
CARD05736,C05736,VISA,Classic,20000000,ACTIVE
CARD05737,C05737,JCB,Platinum,200000000,ACTIVE
CARD05738,C05738,VISA,Infinite,30000000,ACTIVE
CARD05739,C05739,JCB,Gold,500000000,ACTIVE
CARD05740,C05740,VISA,Infinite,100000000,ACTIVE
CARD05741,C05741,Amex,Platinum,10000000,ACTIVE
CARD05742,C05742,MasterCard,Classic,50000000,ACTIVE
CARD05743,C05743,Amex,Classic,50000000,ACTIVE
CARD05744,C05744,MasterCard,Gold,200000000,ACTIVE
CARD05745,C05745,VISA,Platinum,30000000,ACTIVE
CARD05746,C05746,MasterCard,Gold,50000000,ACTIVE
CARD05747,C05747,MasterCard,Gold,30000000,ACTIVE
CARD05748,C05748,Amex,Infinite,30000000,ACTIVE
CARD05749,C05749,Amex,Classic,500000000,ACTIVE
CARD05750,C05750,VISA,Infinite,50000000,ACTIVE
CARD05751,C05751,JCB,Gold,200000000,ACTIVE
CARD05752,C05752,MasterCard,Gold,100000000,ACTIVE
CARD05753,C05753,JCB,Classic,50000000,ACTIVE
CARD05754,C05754,VISA,Infinite,10000000,ACTIVE
CARD05755,C05755,MasterCard,Platinum,50000000,ACTIVE
CARD05756,C05756,JCB,Infinite,50000000,ACTIVE
CARD05757,C05757,VISA,Classic,200000000,ACTIVE
CARD05758,C05758,MasterCard,Infinite,200000000,ACTIVE
CARD05759,C05759,JCB,Platinum,10000000,ACTIVE
CARD05760,C05760,Amex,Platinum,100000000,ACTIVE
CARD05761,C05761,JCB,Classic,10000000,ACTIVE
CARD05762,C05762,JCB,Classic,100000000,ACTIVE
CARD05763,C05763,Amex,Infinite,10000000,ACTIVE
CARD05764,C05764,MasterCard,Classic,10000000,ACTIVE
CARD05765,C05765,Amex,Infinite,500000000,ACTIVE
CARD05766,C05766,Amex,Gold,30000000,ACTIVE
CARD05767,C05767,VISA,Classic,20000000,ACTIVE
CARD05768,C05768,JCB,Gold,20000000,ACTIVE
CARD05769,C05769,JCB,Infinite,500000000,ACTIVE
CARD05770,C05770,VISA,Infinite,200000000,ACTIVE
CARD05771,C05771,VISA,Classic,500000000,ACTIVE
CARD05772,C05772,MasterCard,Platinum,30000000,BLOCKED
CARD05773,C05773,Amex,Classic,500000000,ACTIVE
CARD05774,C05774,Amex,Infinite,20000000,ACTIVE
CARD05775,C05775,MasterCard,Gold,50000000,ACTIVE
CARD05776,C05776,Amex,Classic,10000000,ACTIVE
CARD05777,C05777,JCB,Classic,500000000,ACTIVE
CARD05778,C05778,VISA,Gold,20000000,ACTIVE
CARD05779,C05779,JCB,Gold,20000000,ACTIVE
CARD05780,C05780,MasterCard,Infinite,20000000,ACTIVE
CARD05781,C05781,VISA,Infinite,500000000,ACTIVE
CARD05782,C05782,MasterCard,Gold,500000000,ACTIVE
CARD05783,C05783,Amex,Gold,50000000,ACTIVE
CARD05784,C05784,VISA,Gold,200000000,ACTIVE
CARD05785,C05785,JCB,Gold,30000000,ACTIVE
CARD05786,C05786,Amex,Classic,500000000,ACTIVE
CARD05787,C05787,JCB,Platinum,50000000,ACTIVE
CARD05788,C05788,JCB,Platinum,30000000,ACTIVE
CARD05789,C05789,MasterCard,Platinum,10000000,ACTIVE
CARD05790,C05790,JCB,Gold,30000000,ACTIVE
CARD05791,C05791,JCB,Platinum,10000000,ACTIVE
CARD05792,C05792,JCB,Classic,500000000,ACTIVE
CARD05793,C05793,JCB,Gold,200000000,ACTIVE
CARD05794,C05794,VISA,Gold,10000000,BLOCKED
CARD05795,C05795,VISA,Platinum,20000000,ACTIVE
CARD05796,C05796,MasterCard,Classic,20000000,BLOCKED
CARD05797,C05797,JCB,Classic,100000000,BLOCKED
CARD05798,C05798,MasterCard,Gold,50000000,ACTIVE
CARD05799,C05799,MasterCard,Infinite,30000000,ACTIVE
CARD05800,C05800,Amex,Infinite,20000000,ACTIVE
CARD05801,C05801,JCB,Infinite,500000000,ACTIVE
CARD05802,C05802,MasterCard,Classic,100000000,ACTIVE
CARD05803,C05803,JCB,Classic,10000000,ACTIVE
CARD05804,C05804,JCB,Classic,100000000,ACTIVE
CARD05805,C05805,VISA,Infinite,30000000,ACTIVE
CARD05806,C05806,JCB,Classic,200000000,BLOCKED
CARD05807,C05807,Amex,Gold,10000000,ACTIVE
CARD05808,C05808,VISA,Classic,500000000,ACTIVE
CARD05809,C05809,VISA,Platinum,50000000,ACTIVE
CARD05810,C05810,MasterCard,Infinite,50000000,ACTIVE
CARD05811,C05811,JCB,Gold,20000000,ACTIVE
CARD05812,C05812,JCB,Platinum,20000000,ACTIVE
CARD05813,C05813,VISA,Platinum,500000000,ACTIVE
CARD05814,C05814,Amex,Infinite,200000000,ACTIVE
CARD05815,C05815,VISA,Classic,20000000,ACTIVE
CARD05816,C05816,VISA,Infinite,10000000,ACTIVE
CARD05817,C05817,VISA,Platinum,50000000,ACTIVE
CARD05818,C05818,MasterCard,Infinite,100000000,ACTIVE
CARD05819,C05819,JCB,Classic,30000000,ACTIVE
CARD05820,C05820,JCB,Infinite,30000000,ACTIVE
CARD05821,C05821,MasterCard,Platinum,100000000,ACTIVE
CARD05822,C05822,Amex,Platinum,10000000,ACTIVE
CARD05823,C05823,MasterCard,Gold,500000000,ACTIVE
CARD05824,C05824,VISA,Platinum,30000000,ACTIVE
CARD05825,C05825,VISA,Gold,500000000,ACTIVE
CARD05826,C05826,MasterCard,Gold,10000000,ACTIVE
CARD05827,C05827,VISA,Platinum,20000000,ACTIVE
CARD05828,C05828,Amex,Platinum,20000000,ACTIVE
CARD05829,C05829,Amex,Infinite,200000000,ACTIVE
CARD05830,C05830,VISA,Gold,50000000,ACTIVE
CARD05831,C05831,VISA,Infinite,500000000,ACTIVE
CARD05832,C05832,MasterCard,Gold,10000000,ACTIVE
CARD05833,C05833,VISA,Gold,200000000,ACTIVE
CARD05834,C05834,Amex,Platinum,100000000,ACTIVE
CARD05835,C05835,Amex,Classic,100000000,ACTIVE
CARD05836,C05836,MasterCard,Platinum,200000000,ACTIVE
CARD05837,C05837,VISA,Gold,500000000,ACTIVE
CARD05838,C05838,VISA,Gold,500000000,ACTIVE
CARD05839,C05839,MasterCard,Platinum,200000000,ACTIVE
CARD05840,C05840,Amex,Gold,20000000,ACTIVE
CARD05841,C05841,VISA,Infinite,10000000,ACTIVE
CARD05842,C05842,VISA,Gold,20000000,ACTIVE
CARD05843,C05843,JCB,Gold,100000000,ACTIVE
CARD05844,C05844,VISA,Classic,200000000,ACTIVE
CARD05845,C05845,VISA,Gold,30000000,ACTIVE
CARD05846,C05846,Amex,Platinum,30000000,ACTIVE
CARD05847,C05847,MasterCard,Infinite,20000000,ACTIVE
CARD05848,C05848,JCB,Infinite,10000000,ACTIVE
CARD05849,C05849,MasterCard,Platinum,200000000,ACTIVE
CARD05850,C05850,JCB,Infinite,500000000,ACTIVE
CARD05851,C05851,VISA,Gold,20000000,ACTIVE
CARD05852,C05852,Amex,Gold,100000000,ACTIVE
CARD05853,C05853,Amex,Gold,20000000,ACTIVE
CARD05854,C05854,Amex,Classic,20000000,ACTIVE
CARD05855,C05855,VISA,Gold,500000000,BLOCKED
CARD05856,C05856,VISA,Platinum,10000000,ACTIVE
CARD05857,C05857,Amex,Gold,200000000,ACTIVE
CARD05858,C05858,Amex,Classic,100000000,ACTIVE
CARD05859,C05859,VISA,Classic,50000000,ACTIVE
CARD05860,C05860,Amex,Classic,200000000,ACTIVE
CARD05861,C05861,JCB,Gold,100000000,ACTIVE
CARD05862,C05862,VISA,Classic,100000000,ACTIVE
CARD05863,C05863,JCB,Classic,20000000,ACTIVE
CARD05864,C05864,MasterCard,Platinum,20000000,ACTIVE
CARD05865,C05865,JCB,Gold,20000000,ACTIVE
CARD05866,C05866,JCB,Gold,10000000,ACTIVE
CARD05867,C05867,JCB,Platinum,100000000,ACTIVE
CARD05868,C05868,MasterCard,Classic,30000000,ACTIVE
CARD05869,C05869,MasterCard,Infinite,50000000,ACTIVE
CARD05870,C05870,Amex,Gold,10000000,ACTIVE
CARD05871,C05871,VISA,Classic,100000000,ACTIVE
CARD05872,C05872,JCB,Infinite,30000000,ACTIVE
CARD05873,C05873,MasterCard,Infinite,500000000,ACTIVE
CARD05874,C05874,MasterCard,Platinum,30000000,ACTIVE
CARD05875,C05875,JCB,Gold,100000000,ACTIVE
CARD05876,C05876,MasterCard,Gold,200000000,ACTIVE
CARD05877,C05877,JCB,Platinum,100000000,ACTIVE
CARD05878,C05878,JCB,Infinite,500000000,ACTIVE
CARD05879,C05879,JCB,Classic,200000000,ACTIVE
CARD05880,C05880,VISA,Platinum,10000000,ACTIVE
CARD05881,C05881,Amex,Infinite,100000000,BLOCKED
CARD05882,C05882,VISA,Gold,200000000,ACTIVE
CARD05883,C05883,Amex,Gold,50000000,ACTIVE
CARD05884,C05884,VISA,Platinum,50000000,ACTIVE
CARD05885,C05885,VISA,Platinum,500000000,ACTIVE
CARD05886,C05886,VISA,Gold,50000000,ACTIVE
CARD05887,C05887,MasterCard,Gold,500000000,ACTIVE
CARD05888,C05888,MasterCard,Classic,10000000,ACTIVE
CARD05889,C05889,VISA,Platinum,20000000,BLOCKED
CARD05890,C05890,Amex,Gold,100000000,ACTIVE
CARD05891,C05891,MasterCard,Gold,500000000,ACTIVE
CARD05892,C05892,VISA,Infinite,100000000,ACTIVE
CARD05893,C05893,Amex,Classic,500000000,ACTIVE
CARD05894,C05894,Amex,Classic,500000000,BLOCKED
CARD05895,C05895,MasterCard,Infinite,10000000,ACTIVE
CARD05896,C05896,MasterCard,Classic,100000000,ACTIVE
CARD05897,C05897,MasterCard,Platinum,50000000,ACTIVE
CARD05898,C05898,MasterCard,Gold,100000000,ACTIVE
CARD05899,C05899,Amex,Gold,20000000,ACTIVE
CARD05900,C05900,VISA,Infinite,20000000,ACTIVE
CARD05901,C05901,VISA,Gold,30000000,ACTIVE
CARD05902,C05902,Amex,Classic,100000000,ACTIVE
CARD05903,C05903,VISA,Classic,10000000,ACTIVE
CARD05904,C05904,JCB,Gold,200000000,ACTIVE
CARD05905,C05905,JCB,Classic,500000000,ACTIVE
CARD05906,C05906,VISA,Gold,20000000,BLOCKED
CARD05907,C05907,JCB,Gold,100000000,ACTIVE
CARD05908,C05908,VISA,Platinum,200000000,ACTIVE
CARD05909,C05909,Amex,Infinite,10000000,ACTIVE
CARD05910,C05910,Amex,Gold,20000000,ACTIVE
CARD05911,C05911,JCB,Infinite,30000000,ACTIVE
CARD05912,C05912,MasterCard,Gold,30000000,ACTIVE
CARD05913,C05913,JCB,Gold,200000000,ACTIVE
CARD05914,C05914,JCB,Classic,500000000,ACTIVE
CARD05915,C05915,Amex,Platinum,100000000,ACTIVE
CARD05916,C05916,MasterCard,Platinum,500000000,ACTIVE
CARD05917,C05917,JCB,Classic,500000000,ACTIVE
CARD05918,C05918,Amex,Infinite,200000000,BLOCKED
CARD05919,C05919,MasterCard,Infinite,20000000,ACTIVE
CARD05920,C05920,Amex,Classic,500000000,ACTIVE
CARD05921,C05921,JCB,Platinum,30000000,ACTIVE
CARD05922,C05922,MasterCard,Classic,30000000,ACTIVE
CARD05923,C05923,VISA,Platinum,50000000,ACTIVE
CARD05924,C05924,VISA,Infinite,200000000,ACTIVE
CARD05925,C05925,JCB,Infinite,50000000,ACTIVE
CARD05926,C05926,MasterCard,Classic,200000000,ACTIVE
CARD05927,C05927,MasterCard,Classic,50000000,ACTIVE
CARD05928,C05928,Amex,Classic,500000000,ACTIVE
CARD05929,C05929,VISA,Infinite,50000000,ACTIVE
CARD05930,C05930,VISA,Classic,200000000,ACTIVE
CARD05931,C05931,MasterCard,Classic,10000000,ACTIVE
CARD05932,C05932,MasterCard,Gold,200000000,ACTIVE
CARD05933,C05933,VISA,Classic,50000000,ACTIVE
CARD05934,C05934,VISA,Classic,500000000,ACTIVE
CARD05935,C05935,Amex,Classic,100000000,ACTIVE
CARD05936,C05936,VISA,Gold,30000000,ACTIVE
CARD05937,C05937,MasterCard,Infinite,30000000,ACTIVE
CARD05938,C05938,Amex,Infinite,500000000,ACTIVE
CARD05939,C05939,Amex,Infinite,100000000,ACTIVE
CARD05940,C05940,JCB,Classic,100000000,ACTIVE
CARD05941,C05941,JCB,Platinum,10000000,ACTIVE
CARD05942,C05942,VISA,Gold,50000000,ACTIVE
CARD05943,C05943,VISA,Gold,10000000,ACTIVE
CARD05944,C05944,MasterCard,Gold,200000000,ACTIVE
CARD05945,C05945,Amex,Infinite,500000000,ACTIVE
CARD05946,C05946,JCB,Classic,500000000,ACTIVE
CARD05947,C05947,JCB,Platinum,500000000,ACTIVE
CARD05948,C05948,MasterCard,Infinite,30000000,ACTIVE
CARD05949,C05949,VISA,Infinite,20000000,ACTIVE
CARD05950,C05950,MasterCard,Platinum,30000000,ACTIVE
CARD05951,C05951,MasterCard,Classic,30000000,BLOCKED
CARD05952,C05952,VISA,Infinite,200000000,ACTIVE
CARD05953,C05953,Amex,Gold,30000000,ACTIVE
CARD05954,C05954,VISA,Infinite,30000000,ACTIVE
CARD05955,C05955,JCB,Infinite,10000000,ACTIVE
CARD05956,C05956,MasterCard,Platinum,10000000,ACTIVE
CARD05957,C05957,VISA,Platinum,100000000,ACTIVE
CARD05958,C05958,VISA,Platinum,30000000,ACTIVE
CARD05959,C05959,MasterCard,Gold,500000000,ACTIVE
CARD05960,C05960,Amex,Gold,10000000,ACTIVE
CARD05961,C05961,JCB,Platinum,20000000,ACTIVE
CARD05962,C05962,MasterCard,Classic,50000000,ACTIVE
CARD05963,C05963,JCB,Gold,100000000,BLOCKED
CARD05964,C05964,JCB,Classic,30000000,ACTIVE
CARD05965,C05965,JCB,Infinite,500000000,ACTIVE
CARD05966,C05966,VISA,Platinum,50000000,ACTIVE
CARD05967,C05967,VISA,Platinum,200000000,ACTIVE
CARD05968,C05968,Amex,Gold,100000000,ACTIVE
CARD05969,C05969,MasterCard,Infinite,100000000,ACTIVE
CARD05970,C05970,Amex,Infinite,500000000,ACTIVE
CARD05971,C05971,MasterCard,Infinite,20000000,ACTIVE
CARD05972,C05972,JCB,Platinum,10000000,ACTIVE
CARD05973,C05973,JCB,Gold,100000000,ACTIVE
CARD05974,C05974,Amex,Platinum,100000000,ACTIVE
CARD05975,C05975,Amex,Gold,10000000,ACTIVE
CARD05976,C05976,VISA,Infinite,500000000,ACTIVE
CARD05977,C05977,JCB,Classic,20000000,ACTIVE
CARD05978,C05978,MasterCard,Infinite,100000000,ACTIVE
CARD05979,C05979,MasterCard,Classic,30000000,ACTIVE
CARD05980,C05980,Amex,Platinum,200000000,BLOCKED
CARD05981,C05981,JCB,Platinum,200000000,ACTIVE
CARD05982,C05982,VISA,Infinite,50000000,ACTIVE
CARD05983,C05983,MasterCard,Gold,20000000,ACTIVE
CARD05984,C05984,JCB,Gold,500000000,ACTIVE
CARD05985,C05985,MasterCard,Platinum,200000000,ACTIVE
CARD05986,C05986,JCB,Platinum,500000000,ACTIVE
CARD05987,C05987,Amex,Classic,20000000,ACTIVE
CARD05988,C05988,VISA,Platinum,50000000,ACTIVE
CARD05989,C05989,MasterCard,Platinum,100000000,ACTIVE
CARD05990,C05990,VISA,Gold,200000000,ACTIVE
CARD05991,C05991,VISA,Platinum,500000000,ACTIVE
CARD05992,C05992,MasterCard,Infinite,20000000,ACTIVE
CARD05993,C05993,MasterCard,Platinum,20000000,ACTIVE
CARD05994,C05994,JCB,Classic,20000000,ACTIVE
CARD05995,C05995,MasterCard,Infinite,10000000,ACTIVE
CARD05996,C05996,MasterCard,Gold,30000000,ACTIVE
CARD05997,C05997,JCB,Classic,50000000,ACTIVE
CARD05998,C05998,Amex,Infinite,500000000,ACTIVE
CARD05999,C05999,Amex,Classic,10000000,ACTIVE
CARD06000,C06000,MasterCard,Classic,200000000,BLOCKED
CARD06001,C06001,MasterCard,Gold,30000000,ACTIVE
CARD06002,C06002,MasterCard,Classic,30000000,ACTIVE
CARD06003,C06003,MasterCard,Gold,50000000,ACTIVE
CARD06004,C06004,JCB,Classic,100000000,ACTIVE
CARD06005,C06005,MasterCard,Platinum,10000000,ACTIVE
CARD06006,C06006,Amex,Infinite,200000000,ACTIVE
CARD06007,C06007,VISA,Platinum,50000000,BLOCKED
CARD06008,C06008,Amex,Platinum,10000000,ACTIVE
CARD06009,C06009,VISA,Classic,50000000,ACTIVE
CARD06010,C06010,MasterCard,Infinite,100000000,ACTIVE
CARD06011,C06011,VISA,Gold,200000000,ACTIVE
CARD06012,C06012,JCB,Classic,10000000,ACTIVE
CARD06013,C06013,JCB,Gold,100000000,ACTIVE
CARD06014,C06014,JCB,Platinum,30000000,ACTIVE
CARD06015,C06015,JCB,Infinite,50000000,ACTIVE
CARD06016,C06016,Amex,Platinum,50000000,ACTIVE
CARD06017,C06017,JCB,Infinite,200000000,ACTIVE
CARD06018,C06018,Amex,Gold,500000000,ACTIVE
CARD06019,C06019,VISA,Gold,200000000,ACTIVE
CARD06020,C06020,MasterCard,Gold,100000000,ACTIVE
CARD06021,C06021,MasterCard,Platinum,50000000,ACTIVE
CARD06022,C06022,MasterCard,Platinum,100000000,ACTIVE
CARD06023,C06023,Amex,Classic,50000000,ACTIVE
CARD06024,C06024,MasterCard,Classic,10000000,ACTIVE
CARD06025,C06025,MasterCard,Platinum,50000000,ACTIVE
CARD06026,C06026,JCB,Platinum,30000000,ACTIVE
CARD06027,C06027,MasterCard,Classic,20000000,ACTIVE
CARD06028,C06028,MasterCard,Classic,100000000,ACTIVE
CARD06029,C06029,VISA,Infinite,30000000,ACTIVE
CARD06030,C06030,Amex,Infinite,50000000,ACTIVE
CARD06031,C06031,MasterCard,Infinite,30000000,ACTIVE
CARD06032,C06032,VISA,Platinum,10000000,ACTIVE
CARD06033,C06033,JCB,Infinite,30000000,ACTIVE
CARD06034,C06034,MasterCard,Platinum,500000000,ACTIVE
CARD06035,C06035,VISA,Gold,100000000,ACTIVE
CARD06036,C06036,VISA,Gold,200000000,ACTIVE
CARD06037,C06037,JCB,Platinum,500000000,ACTIVE
CARD06038,C06038,MasterCard,Platinum,500000000,ACTIVE
CARD06039,C06039,JCB,Platinum,100000000,ACTIVE
CARD06040,C06040,VISA,Infinite,20000000,ACTIVE
CARD06041,C06041,JCB,Gold,20000000,ACTIVE
CARD06042,C06042,MasterCard,Classic,30000000,ACTIVE
CARD06043,C06043,Amex,Classic,20000000,ACTIVE
CARD06044,C06044,MasterCard,Infinite,20000000,ACTIVE
CARD06045,C06045,Amex,Classic,100000000,ACTIVE
CARD06046,C06046,MasterCard,Infinite,10000000,ACTIVE
CARD06047,C06047,JCB,Classic,200000000,ACTIVE
CARD06048,C06048,Amex,Platinum,200000000,ACTIVE
CARD06049,C06049,JCB,Gold,50000000,ACTIVE
CARD06050,C06050,MasterCard,Gold,200000000,ACTIVE
CARD06051,C06051,MasterCard,Platinum,20000000,ACTIVE
CARD06052,C06052,JCB,Platinum,20000000,ACTIVE
CARD06053,C06053,Amex,Classic,50000000,ACTIVE
CARD06054,C06054,JCB,Infinite,30000000,ACTIVE
CARD06055,C06055,MasterCard,Gold,20000000,ACTIVE
CARD06056,C06056,VISA,Gold,10000000,ACTIVE
CARD06057,C06057,Amex,Infinite,20000000,ACTIVE
CARD06058,C06058,VISA,Platinum,50000000,ACTIVE
CARD06059,C06059,MasterCard,Gold,20000000,BLOCKED
CARD06060,C06060,VISA,Gold,100000000,ACTIVE
CARD06061,C06061,Amex,Infinite,100000000,BLOCKED
CARD06062,C06062,VISA,Platinum,10000000,ACTIVE
CARD06063,C06063,JCB,Infinite,10000000,ACTIVE
CARD06064,C06064,JCB,Gold,20000000,ACTIVE
CARD06065,C06065,VISA,Infinite,30000000,ACTIVE
CARD06066,C06066,VISA,Gold,100000000,ACTIVE
CARD06067,C06067,VISA,Infinite,500000000,ACTIVE
CARD06068,C06068,MasterCard,Infinite,500000000,ACTIVE
CARD06069,C06069,JCB,Platinum,100000000,ACTIVE
CARD06070,C06070,Amex,Platinum,10000000,ACTIVE
CARD06071,C06071,JCB,Classic,200000000,ACTIVE
CARD06072,C06072,Amex,Platinum,500000000,ACTIVE
CARD06073,C06073,Amex,Gold,30000000,ACTIVE
CARD06074,C06074,JCB,Infinite,50000000,ACTIVE
CARD06075,C06075,MasterCard,Classic,200000000,ACTIVE
CARD06076,C06076,VISA,Platinum,30000000,ACTIVE
CARD06077,C06077,Amex,Platinum,100000000,ACTIVE
CARD06078,C06078,MasterCard,Platinum,500000000,ACTIVE
CARD06079,C06079,MasterCard,Classic,30000000,ACTIVE
CARD06080,C06080,JCB,Infinite,200000000,ACTIVE
CARD06081,C06081,MasterCard,Platinum,10000000,ACTIVE
CARD06082,C06082,VISA,Infinite,50000000,ACTIVE
CARD06083,C06083,Amex,Gold,500000000,ACTIVE
CARD06084,C06084,JCB,Gold,30000000,ACTIVE
CARD06085,C06085,VISA,Platinum,10000000,ACTIVE
CARD06086,C06086,Amex,Platinum,20000000,ACTIVE
CARD06087,C06087,Amex,Gold,500000000,ACTIVE
CARD06088,C06088,Amex,Infinite,10000000,ACTIVE
CARD06089,C06089,Amex,Gold,50000000,ACTIVE
CARD06090,C06090,Amex,Gold,100000000,ACTIVE
CARD06091,C06091,VISA,Classic,10000000,ACTIVE
CARD06092,C06092,Amex,Gold,10000000,ACTIVE
CARD06093,C06093,VISA,Gold,200000000,ACTIVE
CARD06094,C06094,MasterCard,Infinite,30000000,ACTIVE
CARD06095,C06095,VISA,Platinum,10000000,ACTIVE
CARD06096,C06096,Amex,Platinum,200000000,ACTIVE
CARD06097,C06097,MasterCard,Classic,30000000,ACTIVE
CARD06098,C06098,VISA,Platinum,10000000,ACTIVE
CARD06099,C06099,VISA,Infinite,30000000,ACTIVE
CARD06100,C06100,Amex,Classic,20000000,ACTIVE
CARD06101,C06101,VISA,Classic,10000000,ACTIVE
CARD06102,C06102,JCB,Classic,20000000,ACTIVE
CARD06103,C06103,MasterCard,Gold,10000000,ACTIVE
CARD06104,C06104,Amex,Platinum,500000000,BLOCKED
CARD06105,C06105,JCB,Platinum,50000000,ACTIVE
CARD06106,C06106,MasterCard,Platinum,20000000,ACTIVE
CARD06107,C06107,MasterCard,Gold,100000000,ACTIVE
CARD06108,C06108,JCB,Platinum,30000000,ACTIVE
CARD06109,C06109,MasterCard,Classic,500000000,ACTIVE
CARD06110,C06110,Amex,Platinum,30000000,ACTIVE
CARD06111,C06111,MasterCard,Infinite,20000000,ACTIVE
CARD06112,C06112,JCB,Gold,10000000,ACTIVE
CARD06113,C06113,VISA,Infinite,50000000,ACTIVE
CARD06114,C06114,JCB,Gold,100000000,ACTIVE
CARD06115,C06115,VISA,Gold,500000000,ACTIVE
CARD06116,C06116,JCB,Platinum,20000000,ACTIVE
CARD06117,C06117,JCB,Classic,20000000,ACTIVE
CARD06118,C06118,Amex,Gold,30000000,ACTIVE
CARD06119,C06119,Amex,Platinum,500000000,ACTIVE
CARD06120,C06120,MasterCard,Gold,500000000,ACTIVE
CARD06121,C06121,Amex,Infinite,10000000,ACTIVE
CARD06122,C06122,MasterCard,Gold,200000000,ACTIVE
CARD06123,C06123,MasterCard,Infinite,50000000,ACTIVE
CARD06124,C06124,JCB,Platinum,500000000,ACTIVE
CARD06125,C06125,Amex,Infinite,30000000,ACTIVE
CARD06126,C06126,Amex,Gold,100000000,ACTIVE
CARD06127,C06127,MasterCard,Platinum,50000000,ACTIVE
CARD06128,C06128,JCB,Platinum,30000000,ACTIVE
CARD06129,C06129,JCB,Classic,200000000,ACTIVE
CARD06130,C06130,Amex,Classic,100000000,ACTIVE
CARD06131,C06131,Amex,Classic,500000000,ACTIVE
CARD06132,C06132,VISA,Classic,10000000,ACTIVE
CARD06133,C06133,VISA,Classic,500000000,ACTIVE
CARD06134,C06134,Amex,Classic,200000000,ACTIVE
CARD06135,C06135,VISA,Gold,500000000,ACTIVE
CARD06136,C06136,Amex,Platinum,10000000,ACTIVE
CARD06137,C06137,JCB,Classic,500000000,ACTIVE
CARD06138,C06138,VISA,Classic,20000000,ACTIVE
CARD06139,C06139,VISA,Gold,100000000,ACTIVE
CARD06140,C06140,JCB,Classic,50000000,ACTIVE
CARD06141,C06141,MasterCard,Infinite,50000000,ACTIVE
CARD06142,C06142,Amex,Classic,200000000,ACTIVE
CARD06143,C06143,JCB,Platinum,500000000,ACTIVE
CARD06144,C06144,Amex,Infinite,20000000,ACTIVE
CARD06145,C06145,Amex,Platinum,500000000,ACTIVE
CARD06146,C06146,MasterCard,Classic,50000000,ACTIVE
CARD06147,C06147,JCB,Platinum,30000000,ACTIVE
CARD06148,C06148,Amex,Classic,50000000,BLOCKED
CARD06149,C06149,Amex,Gold,10000000,ACTIVE
CARD06150,C06150,JCB,Infinite,100000000,ACTIVE
CARD06151,C06151,JCB,Platinum,500000000,BLOCKED
CARD06152,C06152,Amex,Classic,200000000,ACTIVE
CARD06153,C06153,MasterCard,Classic,500000000,ACTIVE
CARD06154,C06154,MasterCard,Gold,50000000,ACTIVE
CARD06155,C06155,VISA,Platinum,10000000,ACTIVE
CARD06156,C06156,MasterCard,Infinite,100000000,BLOCKED
CARD06157,C06157,VISA,Gold,200000000,ACTIVE
CARD06158,C06158,VISA,Platinum,20000000,ACTIVE
CARD06159,C06159,VISA,Gold,200000000,ACTIVE
CARD06160,C06160,JCB,Gold,200000000,ACTIVE
CARD06161,C06161,JCB,Classic,10000000,ACTIVE
CARD06162,C06162,JCB,Platinum,30000000,ACTIVE
CARD06163,C06163,JCB,Gold,30000000,ACTIVE
CARD06164,C06164,JCB,Gold,20000000,ACTIVE
CARD06165,C06165,MasterCard,Platinum,100000000,ACTIVE
CARD06166,C06166,Amex,Platinum,500000000,ACTIVE
CARD06167,C06167,Amex,Gold,30000000,ACTIVE
CARD06168,C06168,JCB,Gold,100000000,ACTIVE
CARD06169,C06169,VISA,Infinite,30000000,ACTIVE
CARD06170,C06170,JCB,Platinum,200000000,ACTIVE
CARD06171,C06171,JCB,Gold,500000000,ACTIVE
CARD06172,C06172,Amex,Platinum,200000000,ACTIVE
CARD06173,C06173,Amex,Platinum,30000000,BLOCKED
CARD06174,C06174,MasterCard,Infinite,20000000,ACTIVE
CARD06175,C06175,VISA,Platinum,30000000,ACTIVE
CARD06176,C06176,Amex,Classic,30000000,ACTIVE
CARD06177,C06177,JCB,Platinum,10000000,ACTIVE
CARD06178,C06178,Amex,Platinum,500000000,ACTIVE
CARD06179,C06179,MasterCard,Gold,30000000,ACTIVE
CARD06180,C06180,Amex,Infinite,50000000,ACTIVE
CARD06181,C06181,Amex,Infinite,500000000,ACTIVE
CARD06182,C06182,VISA,Gold,200000000,ACTIVE
CARD06183,C06183,VISA,Gold,50000000,ACTIVE
CARD06184,C06184,MasterCard,Gold,100000000,ACTIVE
CARD06185,C06185,JCB,Platinum,100000000,ACTIVE
CARD06186,C06186,VISA,Gold,500000000,ACTIVE
CARD06187,C06187,MasterCard,Infinite,100000000,ACTIVE
CARD06188,C06188,Amex,Gold,200000000,ACTIVE
CARD06189,C06189,Amex,Infinite,200000000,BLOCKED
CARD06190,C06190,Amex,Gold,500000000,ACTIVE
CARD06191,C06191,JCB,Platinum,30000000,ACTIVE
CARD06192,C06192,VISA,Classic,20000000,ACTIVE
CARD06193,C06193,MasterCard,Gold,200000000,ACTIVE
CARD06194,C06194,JCB,Gold,200000000,BLOCKED
CARD06195,C06195,JCB,Platinum,100000000,ACTIVE
CARD06196,C06196,MasterCard,Platinum,20000000,ACTIVE
CARD06197,C06197,MasterCard,Infinite,500000000,ACTIVE
CARD06198,C06198,JCB,Gold,200000000,ACTIVE
CARD06199,C06199,VISA,Gold,30000000,ACTIVE
CARD06200,C06200,MasterCard,Classic,500000000,ACTIVE
CARD06201,C06201,VISA,Infinite,100000000,ACTIVE
CARD06202,C06202,VISA,Platinum,20000000,ACTIVE
CARD06203,C06203,MasterCard,Gold,100000000,ACTIVE
CARD06204,C06204,Amex,Infinite,50000000,ACTIVE
CARD06205,C06205,MasterCard,Infinite,30000000,ACTIVE
CARD06206,C06206,JCB,Classic,500000000,ACTIVE
CARD06207,C06207,JCB,Platinum,200000000,BLOCKED
CARD06208,C06208,MasterCard,Infinite,30000000,ACTIVE
CARD06209,C06209,Amex,Gold,200000000,ACTIVE
CARD06210,C06210,VISA,Platinum,500000000,ACTIVE
CARD06211,C06211,VISA,Classic,20000000,ACTIVE
CARD06212,C06212,JCB,Gold,20000000,ACTIVE
CARD06213,C06213,MasterCard,Gold,50000000,ACTIVE
CARD06214,C06214,JCB,Platinum,500000000,ACTIVE
CARD06215,C06215,Amex,Infinite,30000000,ACTIVE
CARD06216,C06216,VISA,Gold,30000000,ACTIVE
CARD06217,C06217,JCB,Infinite,20000000,ACTIVE
CARD06218,C06218,Amex,Platinum,30000000,ACTIVE
CARD06219,C06219,JCB,Classic,500000000,BLOCKED
CARD06220,C06220,Amex,Platinum,200000000,ACTIVE
CARD06221,C06221,Amex,Classic,500000000,ACTIVE
CARD06222,C06222,VISA,Platinum,200000000,ACTIVE
CARD06223,C06223,Amex,Classic,50000000,ACTIVE
CARD06224,C06224,VISA,Gold,10000000,ACTIVE
CARD06225,C06225,VISA,Gold,500000000,ACTIVE
CARD06226,C06226,JCB,Platinum,200000000,ACTIVE
CARD06227,C06227,JCB,Infinite,500000000,ACTIVE
CARD06228,C06228,JCB,Platinum,30000000,ACTIVE
CARD06229,C06229,MasterCard,Platinum,100000000,ACTIVE
CARD06230,C06230,MasterCard,Infinite,200000000,ACTIVE
CARD06231,C06231,VISA,Platinum,30000000,ACTIVE
CARD06232,C06232,Amex,Gold,50000000,ACTIVE
CARD06233,C06233,Amex,Platinum,20000000,ACTIVE
CARD06234,C06234,VISA,Infinite,500000000,ACTIVE
CARD06235,C06235,Amex,Gold,200000000,ACTIVE
CARD06236,C06236,MasterCard,Platinum,10000000,ACTIVE
CARD06237,C06237,Amex,Classic,500000000,ACTIVE
CARD06238,C06238,JCB,Infinite,10000000,ACTIVE
CARD06239,C06239,JCB,Infinite,200000000,ACTIVE
CARD06240,C06240,JCB,Classic,10000000,BLOCKED
CARD06241,C06241,Amex,Classic,100000000,ACTIVE
CARD06242,C06242,Amex,Infinite,30000000,ACTIVE
CARD06243,C06243,Amex,Platinum,10000000,ACTIVE
CARD06244,C06244,MasterCard,Gold,500000000,ACTIVE
CARD06245,C06245,Amex,Platinum,20000000,ACTIVE
CARD06246,C06246,Amex,Infinite,200000000,ACTIVE
CARD06247,C06247,JCB,Infinite,10000000,ACTIVE
CARD06248,C06248,Amex,Platinum,30000000,ACTIVE
CARD06249,C06249,VISA,Classic,30000000,BLOCKED
CARD06250,C06250,MasterCard,Gold,100000000,ACTIVE
CARD06251,C06251,MasterCard,Platinum,20000000,ACTIVE
CARD06252,C06252,MasterCard,Classic,10000000,ACTIVE
CARD06253,C06253,JCB,Infinite,10000000,ACTIVE
CARD06254,C06254,VISA,Classic,100000000,ACTIVE
CARD06255,C06255,VISA,Platinum,10000000,ACTIVE
CARD06256,C06256,VISA,Gold,50000000,BLOCKED
CARD06257,C06257,VISA,Gold,200000000,ACTIVE
CARD06258,C06258,VISA,Classic,100000000,ACTIVE
CARD06259,C06259,Amex,Platinum,500000000,ACTIVE
CARD06260,C06260,VISA,Platinum,30000000,ACTIVE
CARD06261,C06261,JCB,Infinite,500000000,ACTIVE
CARD06262,C06262,MasterCard,Infinite,10000000,ACTIVE
CARD06263,C06263,Amex,Gold,500000000,ACTIVE
CARD06264,C06264,Amex,Gold,100000000,ACTIVE
CARD06265,C06265,MasterCard,Platinum,100000000,ACTIVE
CARD06266,C06266,MasterCard,Classic,10000000,ACTIVE
CARD06267,C06267,Amex,Classic,10000000,ACTIVE
CARD06268,C06268,Amex,Classic,50000000,ACTIVE
CARD06269,C06269,VISA,Infinite,100000000,ACTIVE
CARD06270,C06270,MasterCard,Classic,500000000,ACTIVE
CARD06271,C06271,Amex,Platinum,500000000,ACTIVE
CARD06272,C06272,JCB,Gold,200000000,ACTIVE
CARD06273,C06273,JCB,Gold,30000000,ACTIVE
CARD06274,C06274,Amex,Classic,20000000,ACTIVE
CARD06275,C06275,VISA,Gold,10000000,ACTIVE
CARD06276,C06276,MasterCard,Platinum,200000000,ACTIVE
CARD06277,C06277,Amex,Gold,30000000,ACTIVE
CARD06278,C06278,Amex,Infinite,10000000,ACTIVE
CARD06279,C06279,Amex,Classic,200000000,ACTIVE
CARD06280,C06280,MasterCard,Platinum,500000000,ACTIVE
CARD06281,C06281,VISA,Infinite,50000000,ACTIVE
CARD06282,C06282,VISA,Gold,100000000,ACTIVE
CARD06283,C06283,VISA,Classic,500000000,ACTIVE
CARD06284,C06284,Amex,Classic,500000000,ACTIVE
CARD06285,C06285,VISA,Gold,20000000,ACTIVE
CARD06286,C06286,VISA,Infinite,200000000,ACTIVE
CARD06287,C06287,MasterCard,Platinum,50000000,BLOCKED
CARD06288,C06288,JCB,Infinite,30000000,ACTIVE
CARD06289,C06289,MasterCard,Gold,20000000,ACTIVE
CARD06290,C06290,JCB,Platinum,20000000,ACTIVE
CARD06291,C06291,VISA,Classic,10000000,ACTIVE
CARD06292,C06292,Amex,Infinite,10000000,ACTIVE
CARD06293,C06293,VISA,Platinum,20000000,ACTIVE
CARD06294,C06294,MasterCard,Infinite,20000000,ACTIVE
CARD06295,C06295,MasterCard,Gold,500000000,ACTIVE
CARD06296,C06296,JCB,Infinite,100000000,ACTIVE
CARD06297,C06297,MasterCard,Gold,200000000,ACTIVE
CARD06298,C06298,JCB,Infinite,10000000,ACTIVE
CARD06299,C06299,JCB,Classic,500000000,ACTIVE
CARD06300,C06300,VISA,Gold,30000000,ACTIVE
CARD06301,C06301,JCB,Classic,20000000,ACTIVE
CARD06302,C06302,MasterCard,Platinum,200000000,ACTIVE
CARD06303,C06303,Amex,Infinite,10000000,ACTIVE
CARD06304,C06304,Amex,Platinum,30000000,ACTIVE
CARD06305,C06305,VISA,Platinum,50000000,ACTIVE
CARD06306,C06306,Amex,Classic,20000000,ACTIVE
CARD06307,C06307,Amex,Gold,30000000,ACTIVE
CARD06308,C06308,MasterCard,Infinite,50000000,ACTIVE
CARD06309,C06309,JCB,Classic,50000000,ACTIVE
CARD06310,C06310,JCB,Gold,20000000,ACTIVE
CARD06311,C06311,VISA,Gold,100000000,ACTIVE
CARD06312,C06312,JCB,Infinite,10000000,ACTIVE
CARD06313,C06313,JCB,Platinum,20000000,ACTIVE
CARD06314,C06314,JCB,Classic,500000000,ACTIVE
CARD06315,C06315,MasterCard,Classic,50000000,ACTIVE
CARD06316,C06316,MasterCard,Classic,100000000,ACTIVE
CARD06317,C06317,VISA,Platinum,500000000,ACTIVE
CARD06318,C06318,MasterCard,Infinite,50000000,ACTIVE
CARD06319,C06319,Amex,Gold,500000000,ACTIVE
CARD06320,C06320,VISA,Classic,500000000,ACTIVE
CARD06321,C06321,MasterCard,Classic,30000000,ACTIVE
CARD06322,C06322,Amex,Platinum,200000000,ACTIVE
CARD06323,C06323,MasterCard,Infinite,200000000,ACTIVE
CARD06324,C06324,JCB,Gold,10000000,ACTIVE
CARD06325,C06325,Amex,Classic,30000000,ACTIVE
CARD06326,C06326,JCB,Infinite,100000000,ACTIVE
CARD06327,C06327,MasterCard,Classic,200000000,ACTIVE
CARD06328,C06328,VISA,Classic,30000000,ACTIVE
CARD06329,C06329,MasterCard,Infinite,30000000,ACTIVE
CARD06330,C06330,JCB,Platinum,500000000,ACTIVE
CARD06331,C06331,MasterCard,Classic,20000000,ACTIVE
CARD06332,C06332,Amex,Gold,50000000,ACTIVE
CARD06333,C06333,Amex,Classic,20000000,ACTIVE
CARD06334,C06334,VISA,Gold,100000000,ACTIVE
CARD06335,C06335,JCB,Classic,200000000,ACTIVE
CARD06336,C06336,VISA,Infinite,200000000,ACTIVE
CARD06337,C06337,JCB,Infinite,200000000,ACTIVE
CARD06338,C06338,Amex,Platinum,10000000,ACTIVE
CARD06339,C06339,MasterCard,Gold,200000000,ACTIVE
CARD06340,C06340,JCB,Classic,200000000,ACTIVE
CARD06341,C06341,JCB,Platinum,50000000,ACTIVE
CARD06342,C06342,VISA,Platinum,200000000,ACTIVE
CARD06343,C06343,VISA,Classic,30000000,ACTIVE
CARD06344,C06344,JCB,Platinum,30000000,ACTIVE
CARD06345,C06345,JCB,Gold,100000000,ACTIVE
CARD06346,C06346,JCB,Platinum,10000000,BLOCKED
CARD06347,C06347,MasterCard,Classic,20000000,ACTIVE
CARD06348,C06348,Amex,Gold,200000000,ACTIVE
CARD06349,C06349,MasterCard,Infinite,30000000,ACTIVE
CARD06350,C06350,VISA,Platinum,50000000,ACTIVE
CARD06351,C06351,Amex,Infinite,30000000,ACTIVE
CARD06352,C06352,JCB,Platinum,100000000,ACTIVE
CARD06353,C06353,JCB,Gold,30000000,ACTIVE
CARD06354,C06354,JCB,Classic,50000000,ACTIVE
CARD06355,C06355,VISA,Infinite,200000000,ACTIVE
CARD06356,C06356,VISA,Classic,500000000,ACTIVE
CARD06357,C06357,Amex,Infinite,20000000,ACTIVE
CARD06358,C06358,Amex,Platinum,200000000,ACTIVE
CARD06359,C06359,MasterCard,Classic,200000000,ACTIVE
CARD06360,C06360,Amex,Infinite,30000000,ACTIVE
CARD06361,C06361,Amex,Infinite,200000000,ACTIVE
CARD06362,C06362,Amex,Infinite,20000000,ACTIVE
CARD06363,C06363,JCB,Platinum,50000000,ACTIVE
CARD06364,C06364,Amex,Infinite,30000000,ACTIVE
CARD06365,C06365,JCB,Platinum,30000000,ACTIVE
CARD06366,C06366,Amex,Classic,20000000,ACTIVE
CARD06367,C06367,JCB,Gold,500000000,ACTIVE
CARD06368,C06368,VISA,Platinum,20000000,ACTIVE
CARD06369,C06369,Amex,Infinite,10000000,ACTIVE
CARD06370,C06370,JCB,Gold,10000000,ACTIVE
CARD06371,C06371,JCB,Platinum,200000000,ACTIVE
CARD06372,C06372,MasterCard,Platinum,30000000,ACTIVE
CARD06373,C06373,MasterCard,Platinum,100000000,ACTIVE
CARD06374,C06374,MasterCard,Classic,200000000,ACTIVE
CARD06375,C06375,Amex,Gold,200000000,ACTIVE
CARD06376,C06376,JCB,Gold,500000000,ACTIVE
CARD06377,C06377,JCB,Classic,50000000,ACTIVE
CARD06378,C06378,JCB,Classic,50000000,ACTIVE
CARD06379,C06379,VISA,Platinum,10000000,ACTIVE
CARD06380,C06380,MasterCard,Classic,10000000,ACTIVE
CARD06381,C06381,JCB,Classic,30000000,ACTIVE
CARD06382,C06382,JCB,Classic,10000000,ACTIVE
CARD06383,C06383,MasterCard,Platinum,200000000,ACTIVE
CARD06384,C06384,JCB,Classic,30000000,ACTIVE
CARD06385,C06385,VISA,Classic,500000000,ACTIVE
CARD06386,C06386,Amex,Infinite,100000000,ACTIVE
CARD06387,C06387,VISA,Classic,500000000,ACTIVE
CARD06388,C06388,VISA,Infinite,30000000,ACTIVE
CARD06389,C06389,MasterCard,Infinite,100000000,ACTIVE
CARD06390,C06390,JCB,Classic,20000000,ACTIVE
CARD06391,C06391,JCB,Infinite,500000000,ACTIVE
CARD06392,C06392,JCB,Platinum,20000000,ACTIVE
CARD06393,C06393,JCB,Classic,200000000,ACTIVE
CARD06394,C06394,JCB,Infinite,10000000,BLOCKED
CARD06395,C06395,MasterCard,Classic,100000000,ACTIVE
CARD06396,C06396,MasterCard,Gold,50000000,ACTIVE
CARD06397,C06397,MasterCard,Infinite,10000000,ACTIVE
CARD06398,C06398,JCB,Classic,30000000,ACTIVE
CARD06399,C06399,VISA,Gold,500000000,ACTIVE
CARD06400,C06400,Amex,Classic,500000000,ACTIVE
CARD06401,C06401,JCB,Gold,30000000,ACTIVE
CARD06402,C06402,JCB,Infinite,20000000,ACTIVE
CARD06403,C06403,VISA,Platinum,50000000,BLOCKED
CARD06404,C06404,JCB,Classic,20000000,ACTIVE
CARD06405,C06405,Amex,Classic,100000000,ACTIVE
CARD06406,C06406,Amex,Gold,100000000,ACTIVE
CARD06407,C06407,VISA,Infinite,200000000,ACTIVE
CARD06408,C06408,Amex,Infinite,200000000,ACTIVE
CARD06409,C06409,VISA,Classic,20000000,ACTIVE
CARD06410,C06410,JCB,Infinite,500000000,ACTIVE
CARD06411,C06411,VISA,Classic,30000000,ACTIVE
CARD06412,C06412,Amex,Gold,50000000,ACTIVE
CARD06413,C06413,Amex,Classic,10000000,ACTIVE
CARD06414,C06414,MasterCard,Gold,10000000,ACTIVE
CARD06415,C06415,VISA,Gold,50000000,ACTIVE
CARD06416,C06416,MasterCard,Infinite,30000000,ACTIVE
CARD06417,C06417,MasterCard,Gold,50000000,ACTIVE
CARD06418,C06418,JCB,Platinum,20000000,ACTIVE
CARD06419,C06419,Amex,Infinite,500000000,ACTIVE
CARD06420,C06420,Amex,Gold,200000000,ACTIVE
CARD06421,C06421,VISA,Infinite,200000000,ACTIVE
CARD06422,C06422,VISA,Classic,20000000,ACTIVE
CARD06423,C06423,Amex,Classic,20000000,ACTIVE
CARD06424,C06424,JCB,Infinite,100000000,ACTIVE
CARD06425,C06425,JCB,Gold,30000000,ACTIVE
CARD06426,C06426,JCB,Platinum,10000000,ACTIVE
CARD06427,C06427,JCB,Gold,10000000,ACTIVE
CARD06428,C06428,MasterCard,Gold,50000000,ACTIVE
CARD06429,C06429,JCB,Classic,10000000,ACTIVE
CARD06430,C06430,Amex,Gold,100000000,ACTIVE
CARD06431,C06431,Amex,Infinite,200000000,BLOCKED
CARD06432,C06432,MasterCard,Gold,30000000,ACTIVE
CARD06433,C06433,JCB,Classic,20000000,ACTIVE
CARD06434,C06434,JCB,Infinite,20000000,ACTIVE
CARD06435,C06435,JCB,Classic,50000000,ACTIVE
CARD06436,C06436,VISA,Infinite,10000000,ACTIVE
CARD06437,C06437,MasterCard,Gold,500000000,ACTIVE
CARD06438,C06438,VISA,Infinite,10000000,ACTIVE
CARD06439,C06439,VISA,Classic,100000000,ACTIVE
CARD06440,C06440,Amex,Infinite,50000000,ACTIVE
CARD06441,C06441,JCB,Classic,500000000,ACTIVE
CARD06442,C06442,Amex,Infinite,50000000,ACTIVE
CARD06443,C06443,MasterCard,Gold,20000000,ACTIVE
CARD06444,C06444,VISA,Platinum,500000000,ACTIVE
CARD06445,C06445,Amex,Platinum,20000000,ACTIVE
CARD06446,C06446,JCB,Classic,20000000,ACTIVE
CARD06447,C06447,VISA,Infinite,100000000,ACTIVE
CARD06448,C06448,Amex,Classic,20000000,ACTIVE
CARD06449,C06449,MasterCard,Classic,10000000,ACTIVE
CARD06450,C06450,Amex,Classic,30000000,ACTIVE
CARD06451,C06451,JCB,Gold,100000000,ACTIVE
CARD06452,C06452,JCB,Platinum,30000000,ACTIVE
CARD06453,C06453,VISA,Classic,100000000,ACTIVE
CARD06454,C06454,JCB,Platinum,200000000,ACTIVE
CARD06455,C06455,MasterCard,Gold,50000000,ACTIVE
CARD06456,C06456,MasterCard,Infinite,200000000,ACTIVE
CARD06457,C06457,JCB,Classic,30000000,ACTIVE
CARD06458,C06458,MasterCard,Gold,20000000,ACTIVE
CARD06459,C06459,VISA,Infinite,30000000,ACTIVE
CARD06460,C06460,Amex,Gold,500000000,ACTIVE
CARD06461,C06461,JCB,Gold,20000000,ACTIVE
CARD06462,C06462,Amex,Gold,20000000,ACTIVE
CARD06463,C06463,Amex,Classic,30000000,ACTIVE
CARD06464,C06464,VISA,Gold,20000000,ACTIVE
CARD06465,C06465,Amex,Gold,100000000,ACTIVE
CARD06466,C06466,VISA,Classic,500000000,ACTIVE
CARD06467,C06467,JCB,Classic,50000000,ACTIVE
CARD06468,C06468,JCB,Gold,200000000,ACTIVE
CARD06469,C06469,Amex,Infinite,10000000,ACTIVE
CARD06470,C06470,Amex,Gold,500000000,ACTIVE
CARD06471,C06471,MasterCard,Gold,100000000,ACTIVE
CARD06472,C06472,MasterCard,Platinum,20000000,ACTIVE
CARD06473,C06473,MasterCard,Classic,10000000,ACTIVE
CARD06474,C06474,Amex,Platinum,200000000,ACTIVE
CARD06475,C06475,JCB,Infinite,30000000,ACTIVE
CARD06476,C06476,Amex,Gold,500000000,ACTIVE
CARD06477,C06477,Amex,Infinite,10000000,ACTIVE
CARD06478,C06478,MasterCard,Classic,100000000,ACTIVE
CARD06479,C06479,MasterCard,Classic,20000000,ACTIVE
CARD06480,C06480,VISA,Gold,30000000,ACTIVE
CARD06481,C06481,VISA,Infinite,50000000,ACTIVE
CARD06482,C06482,MasterCard,Infinite,100000000,ACTIVE
CARD06483,C06483,JCB,Classic,10000000,ACTIVE
CARD06484,C06484,VISA,Classic,20000000,ACTIVE
CARD06485,C06485,Amex,Gold,20000000,ACTIVE
CARD06486,C06486,Amex,Platinum,50000000,ACTIVE
CARD06487,C06487,VISA,Infinite,30000000,ACTIVE
CARD06488,C06488,VISA,Classic,10000000,ACTIVE
CARD06489,C06489,JCB,Gold,30000000,ACTIVE
CARD06490,C06490,JCB,Classic,10000000,ACTIVE
CARD06491,C06491,JCB,Infinite,200000000,BLOCKED
CARD06492,C06492,JCB,Classic,30000000,ACTIVE
CARD06493,C06493,Amex,Platinum,100000000,ACTIVE
CARD06494,C06494,VISA,Infinite,100000000,ACTIVE
CARD06495,C06495,VISA,Classic,30000000,ACTIVE
CARD06496,C06496,Amex,Gold,200000000,ACTIVE
CARD06497,C06497,VISA,Infinite,50000000,ACTIVE
CARD06498,C06498,JCB,Classic,100000000,ACTIVE
CARD06499,C06499,JCB,Platinum,30000000,ACTIVE
CARD06500,C06500,Amex,Platinum,500000000,ACTIVE
CARD06501,C06501,JCB,Infinite,200000000,ACTIVE
CARD06502,C06502,Amex,Platinum,20000000,BLOCKED
CARD06503,C06503,VISA,Gold,200000000,ACTIVE
CARD06504,C06504,JCB,Classic,20000000,ACTIVE
CARD06505,C06505,MasterCard,Platinum,20000000,ACTIVE
CARD06506,C06506,VISA,Classic,20000000,ACTIVE
CARD06507,C06507,VISA,Platinum,30000000,ACTIVE
CARD06508,C06508,Amex,Infinite,20000000,ACTIVE
CARD06509,C06509,VISA,Classic,20000000,ACTIVE
CARD06510,C06510,VISA,Classic,50000000,ACTIVE
CARD06511,C06511,Amex,Platinum,30000000,ACTIVE
CARD06512,C06512,JCB,Classic,10000000,ACTIVE
CARD06513,C06513,JCB,Gold,50000000,ACTIVE
CARD06514,C06514,Amex,Classic,20000000,ACTIVE
CARD06515,C06515,Amex,Platinum,10000000,ACTIVE
CARD06516,C06516,JCB,Gold,500000000,ACTIVE
CARD06517,C06517,VISA,Classic,20000000,ACTIVE
CARD06518,C06518,MasterCard,Platinum,30000000,ACTIVE
CARD06519,C06519,MasterCard,Platinum,30000000,ACTIVE
CARD06520,C06520,MasterCard,Platinum,50000000,ACTIVE
CARD06521,C06521,Amex,Platinum,100000000,ACTIVE
CARD06522,C06522,JCB,Classic,500000000,ACTIVE
CARD06523,C06523,Amex,Classic,10000000,ACTIVE
CARD06524,C06524,Amex,Infinite,30000000,BLOCKED
CARD06525,C06525,VISA,Platinum,10000000,ACTIVE
CARD06526,C06526,MasterCard,Platinum,500000000,ACTIVE
CARD06527,C06527,JCB,Classic,200000000,ACTIVE
CARD06528,C06528,VISA,Classic,50000000,ACTIVE
CARD06529,C06529,MasterCard,Infinite,10000000,ACTIVE
CARD06530,C06530,MasterCard,Infinite,10000000,ACTIVE
CARD06531,C06531,VISA,Classic,200000000,ACTIVE
CARD06532,C06532,MasterCard,Gold,500000000,ACTIVE
CARD06533,C06533,Amex,Gold,10000000,ACTIVE
CARD06534,C06534,VISA,Classic,10000000,ACTIVE
CARD06535,C06535,VISA,Gold,100000000,ACTIVE
CARD06536,C06536,JCB,Classic,30000000,ACTIVE
CARD06537,C06537,Amex,Gold,500000000,ACTIVE
CARD06538,C06538,VISA,Gold,20000000,ACTIVE
CARD06539,C06539,VISA,Infinite,50000000,ACTIVE
CARD06540,C06540,JCB,Platinum,100000000,ACTIVE
CARD06541,C06541,JCB,Gold,20000000,ACTIVE
CARD06542,C06542,VISA,Classic,10000000,ACTIVE
CARD06543,C06543,VISA,Gold,50000000,ACTIVE
CARD06544,C06544,MasterCard,Platinum,30000000,ACTIVE
CARD06545,C06545,JCB,Infinite,10000000,ACTIVE
CARD06546,C06546,Amex,Platinum,30000000,ACTIVE
CARD06547,C06547,JCB,Classic,20000000,ACTIVE
CARD06548,C06548,VISA,Platinum,200000000,ACTIVE
CARD06549,C06549,JCB,Classic,500000000,ACTIVE
CARD06550,C06550,JCB,Infinite,10000000,ACTIVE
CARD06551,C06551,MasterCard,Gold,50000000,ACTIVE
CARD06552,C06552,VISA,Infinite,500000000,ACTIVE
CARD06553,C06553,VISA,Infinite,30000000,ACTIVE
CARD06554,C06554,MasterCard,Infinite,20000000,ACTIVE
CARD06555,C06555,MasterCard,Gold,20000000,ACTIVE
CARD06556,C06556,MasterCard,Gold,10000000,ACTIVE
CARD06557,C06557,VISA,Classic,500000000,ACTIVE
CARD06558,C06558,Amex,Classic,50000000,ACTIVE
CARD06559,C06559,MasterCard,Infinite,10000000,ACTIVE
CARD06560,C06560,VISA,Infinite,20000000,ACTIVE
CARD06561,C06561,VISA,Infinite,100000000,ACTIVE
CARD06562,C06562,VISA,Gold,500000000,ACTIVE
CARD06563,C06563,Amex,Platinum,200000000,ACTIVE
CARD06564,C06564,MasterCard,Infinite,30000000,ACTIVE
CARD06565,C06565,JCB,Infinite,500000000,ACTIVE
CARD06566,C06566,VISA,Infinite,30000000,ACTIVE
CARD06567,C06567,JCB,Classic,200000000,ACTIVE
CARD06568,C06568,Amex,Gold,10000000,ACTIVE
CARD06569,C06569,MasterCard,Gold,30000000,ACTIVE
CARD06570,C06570,MasterCard,Infinite,30000000,ACTIVE
CARD06571,C06571,Amex,Infinite,100000000,ACTIVE
CARD06572,C06572,JCB,Gold,20000000,ACTIVE
CARD06573,C06573,Amex,Gold,50000000,ACTIVE
CARD06574,C06574,MasterCard,Classic,200000000,ACTIVE
CARD06575,C06575,JCB,Infinite,30000000,ACTIVE
CARD06576,C06576,JCB,Classic,50000000,ACTIVE
CARD06577,C06577,VISA,Platinum,50000000,ACTIVE
CARD06578,C06578,MasterCard,Classic,10000000,ACTIVE
CARD06579,C06579,VISA,Gold,100000000,ACTIVE
CARD06580,C06580,VISA,Classic,100000000,ACTIVE
CARD06581,C06581,MasterCard,Infinite,500000000,ACTIVE
CARD06582,C06582,MasterCard,Infinite,500000000,ACTIVE
CARD06583,C06583,JCB,Platinum,500000000,ACTIVE
CARD06584,C06584,VISA,Infinite,500000000,ACTIVE
CARD06585,C06585,VISA,Gold,10000000,ACTIVE
CARD06586,C06586,Amex,Infinite,100000000,ACTIVE
CARD06587,C06587,Amex,Platinum,30000000,ACTIVE
CARD06588,C06588,Amex,Classic,50000000,ACTIVE
CARD06589,C06589,JCB,Infinite,200000000,ACTIVE
CARD06590,C06590,Amex,Classic,200000000,ACTIVE
CARD06591,C06591,VISA,Gold,20000000,ACTIVE
CARD06592,C06592,JCB,Platinum,100000000,ACTIVE
CARD06593,C06593,MasterCard,Gold,20000000,ACTIVE
CARD06594,C06594,VISA,Platinum,50000000,ACTIVE
CARD06595,C06595,JCB,Classic,200000000,ACTIVE
CARD06596,C06596,JCB,Platinum,30000000,ACTIVE
CARD06597,C06597,MasterCard,Infinite,500000000,ACTIVE
CARD06598,C06598,JCB,Infinite,30000000,ACTIVE
CARD06599,C06599,VISA,Infinite,100000000,ACTIVE
CARD06600,C06600,Amex,Platinum,20000000,ACTIVE
CARD06601,C06601,VISA,Gold,50000000,ACTIVE
CARD06602,C06602,VISA,Classic,50000000,ACTIVE
CARD06603,C06603,Amex,Infinite,500000000,ACTIVE
CARD06604,C06604,JCB,Platinum,10000000,ACTIVE
CARD06605,C06605,Amex,Infinite,30000000,ACTIVE
CARD06606,C06606,Amex,Platinum,20000000,ACTIVE
CARD06607,C06607,VISA,Infinite,10000000,ACTIVE
CARD06608,C06608,JCB,Platinum,200000000,ACTIVE
CARD06609,C06609,VISA,Gold,50000000,BLOCKED
CARD06610,C06610,MasterCard,Infinite,50000000,ACTIVE
CARD06611,C06611,Amex,Platinum,10000000,ACTIVE
CARD06612,C06612,Amex,Classic,10000000,ACTIVE
CARD06613,C06613,JCB,Infinite,30000000,ACTIVE
CARD06614,C06614,JCB,Infinite,200000000,BLOCKED
CARD06615,C06615,VISA,Classic,100000000,ACTIVE
CARD06616,C06616,JCB,Gold,200000000,ACTIVE
CARD06617,C06617,JCB,Classic,100000000,ACTIVE
CARD06618,C06618,VISA,Gold,30000000,ACTIVE
CARD06619,C06619,Amex,Gold,100000000,ACTIVE
CARD06620,C06620,Amex,Platinum,20000000,ACTIVE
CARD06621,C06621,Amex,Infinite,200000000,ACTIVE
CARD06622,C06622,VISA,Gold,500000000,ACTIVE
CARD06623,C06623,MasterCard,Classic,500000000,ACTIVE
CARD06624,C06624,Amex,Classic,30000000,ACTIVE
CARD06625,C06625,MasterCard,Platinum,200000000,ACTIVE
CARD06626,C06626,VISA,Infinite,500000000,ACTIVE
CARD06627,C06627,JCB,Gold,50000000,ACTIVE
CARD06628,C06628,MasterCard,Classic,50000000,ACTIVE
CARD06629,C06629,VISA,Infinite,500000000,ACTIVE
CARD06630,C06630,JCB,Gold,20000000,ACTIVE
CARD06631,C06631,VISA,Infinite,200000000,ACTIVE
CARD06632,C06632,Amex,Infinite,500000000,ACTIVE
CARD06633,C06633,VISA,Classic,50000000,ACTIVE
CARD06634,C06634,Amex,Infinite,50000000,ACTIVE
CARD06635,C06635,JCB,Infinite,10000000,ACTIVE
CARD06636,C06636,MasterCard,Classic,100000000,ACTIVE
CARD06637,C06637,VISA,Gold,10000000,BLOCKED
CARD06638,C06638,JCB,Classic,20000000,ACTIVE
CARD06639,C06639,JCB,Gold,200000000,ACTIVE
CARD06640,C06640,JCB,Gold,10000000,ACTIVE
CARD06641,C06641,Amex,Classic,200000000,ACTIVE
CARD06642,C06642,MasterCard,Infinite,30000000,ACTIVE
CARD06643,C06643,Amex,Platinum,100000000,ACTIVE
CARD06644,C06644,Amex,Infinite,200000000,ACTIVE
CARD06645,C06645,VISA,Infinite,10000000,ACTIVE
CARD06646,C06646,VISA,Classic,50000000,ACTIVE
CARD06647,C06647,JCB,Gold,100000000,ACTIVE
CARD06648,C06648,MasterCard,Gold,500000000,ACTIVE
CARD06649,C06649,JCB,Infinite,10000000,ACTIVE
CARD06650,C06650,JCB,Classic,200000000,ACTIVE
CARD06651,C06651,VISA,Infinite,10000000,ACTIVE
CARD06652,C06652,MasterCard,Gold,30000000,ACTIVE
CARD06653,C06653,JCB,Gold,10000000,BLOCKED
CARD06654,C06654,JCB,Classic,20000000,ACTIVE
CARD06655,C06655,JCB,Infinite,20000000,ACTIVE
CARD06656,C06656,Amex,Infinite,20000000,ACTIVE
CARD06657,C06657,VISA,Classic,10000000,ACTIVE
CARD06658,C06658,MasterCard,Classic,500000000,ACTIVE
CARD06659,C06659,MasterCard,Platinum,10000000,ACTIVE
CARD06660,C06660,VISA,Classic,200000000,ACTIVE
CARD06661,C06661,MasterCard,Classic,30000000,ACTIVE
CARD06662,C06662,JCB,Platinum,50000000,ACTIVE
CARD06663,C06663,JCB,Classic,20000000,ACTIVE
CARD06664,C06664,MasterCard,Infinite,200000000,ACTIVE
CARD06665,C06665,MasterCard,Classic,500000000,ACTIVE
CARD06666,C06666,JCB,Infinite,500000000,ACTIVE
CARD06667,C06667,Amex,Platinum,500000000,ACTIVE
CARD06668,C06668,MasterCard,Classic,100000000,ACTIVE
CARD06669,C06669,VISA,Classic,20000000,ACTIVE
CARD06670,C06670,JCB,Classic,200000000,ACTIVE
CARD06671,C06671,JCB,Platinum,10000000,ACTIVE
CARD06672,C06672,JCB,Classic,20000000,ACTIVE
CARD06673,C06673,VISA,Classic,100000000,ACTIVE
CARD06674,C06674,MasterCard,Platinum,20000000,ACTIVE
CARD06675,C06675,JCB,Gold,100000000,ACTIVE
CARD06676,C06676,MasterCard,Classic,200000000,ACTIVE
CARD06677,C06677,JCB,Gold,50000000,ACTIVE
CARD06678,C06678,VISA,Infinite,10000000,ACTIVE
CARD06679,C06679,JCB,Infinite,100000000,ACTIVE
CARD06680,C06680,MasterCard,Gold,100000000,ACTIVE
CARD06681,C06681,JCB,Infinite,20000000,ACTIVE
CARD06682,C06682,Amex,Platinum,200000000,ACTIVE
CARD06683,C06683,JCB,Infinite,30000000,ACTIVE
CARD06684,C06684,JCB,Platinum,20000000,ACTIVE
CARD06685,C06685,MasterCard,Infinite,20000000,ACTIVE
CARD06686,C06686,MasterCard,Platinum,200000000,ACTIVE
CARD06687,C06687,MasterCard,Classic,30000000,ACTIVE
CARD06688,C06688,JCB,Classic,100000000,ACTIVE
CARD06689,C06689,Amex,Classic,30000000,ACTIVE
CARD06690,C06690,Amex,Gold,100000000,ACTIVE
CARD06691,C06691,Amex,Gold,50000000,ACTIVE
CARD06692,C06692,JCB,Platinum,20000000,ACTIVE
CARD06693,C06693,VISA,Classic,20000000,ACTIVE
CARD06694,C06694,MasterCard,Classic,30000000,ACTIVE
CARD06695,C06695,Amex,Gold,20000000,ACTIVE
CARD06696,C06696,Amex,Gold,30000000,ACTIVE
CARD06697,C06697,Amex,Platinum,10000000,ACTIVE
CARD06698,C06698,JCB,Gold,50000000,ACTIVE
CARD06699,C06699,MasterCard,Classic,10000000,ACTIVE
CARD06700,C06700,JCB,Platinum,500000000,ACTIVE
CARD06701,C06701,JCB,Classic,200000000,ACTIVE
CARD06702,C06702,JCB,Gold,10000000,ACTIVE
CARD06703,C06703,JCB,Infinite,100000000,ACTIVE
CARD06704,C06704,JCB,Classic,100000000,ACTIVE
CARD06705,C06705,Amex,Gold,20000000,ACTIVE
CARD06706,C06706,Amex,Classic,100000000,ACTIVE
CARD06707,C06707,JCB,Classic,100000000,ACTIVE
CARD06708,C06708,JCB,Platinum,200000000,ACTIVE
CARD06709,C06709,MasterCard,Platinum,200000000,ACTIVE
CARD06710,C06710,VISA,Infinite,50000000,ACTIVE
CARD06711,C06711,JCB,Platinum,500000000,ACTIVE
CARD06712,C06712,MasterCard,Platinum,500000000,ACTIVE
CARD06713,C06713,VISA,Platinum,200000000,ACTIVE
CARD06714,C06714,VISA,Infinite,30000000,ACTIVE
CARD06715,C06715,MasterCard,Classic,10000000,ACTIVE
CARD06716,C06716,VISA,Gold,200000000,ACTIVE
CARD06717,C06717,MasterCard,Infinite,100000000,ACTIVE
CARD06718,C06718,Amex,Infinite,200000000,ACTIVE
CARD06719,C06719,JCB,Gold,10000000,ACTIVE
CARD06720,C06720,MasterCard,Gold,50000000,ACTIVE
CARD06721,C06721,Amex,Infinite,50000000,ACTIVE
CARD06722,C06722,Amex,Infinite,10000000,ACTIVE
CARD06723,C06723,MasterCard,Classic,200000000,ACTIVE
CARD06724,C06724,JCB,Gold,100000000,ACTIVE
CARD06725,C06725,MasterCard,Infinite,50000000,ACTIVE
CARD06726,C06726,Amex,Gold,50000000,ACTIVE
CARD06727,C06727,MasterCard,Classic,20000000,ACTIVE
CARD06728,C06728,Amex,Classic,30000000,ACTIVE
CARD06729,C06729,MasterCard,Classic,200000000,ACTIVE
CARD06730,C06730,VISA,Platinum,50000000,ACTIVE
CARD06731,C06731,Amex,Gold,30000000,ACTIVE
CARD06732,C06732,VISA,Infinite,200000000,ACTIVE
CARD06733,C06733,VISA,Gold,10000000,ACTIVE
CARD06734,C06734,MasterCard,Gold,500000000,ACTIVE
CARD06735,C06735,MasterCard,Classic,500000000,ACTIVE
CARD06736,C06736,MasterCard,Gold,500000000,ACTIVE
CARD06737,C06737,MasterCard,Classic,200000000,ACTIVE
CARD06738,C06738,JCB,Classic,30000000,ACTIVE
CARD06739,C06739,MasterCard,Infinite,10000000,ACTIVE
CARD06740,C06740,MasterCard,Infinite,30000000,ACTIVE
CARD06741,C06741,Amex,Infinite,50000000,ACTIVE
CARD06742,C06742,JCB,Classic,200000000,ACTIVE
CARD06743,C06743,Amex,Platinum,500000000,ACTIVE
CARD06744,C06744,MasterCard,Classic,200000000,ACTIVE
CARD06745,C06745,VISA,Platinum,10000000,ACTIVE
CARD06746,C06746,VISA,Classic,10000000,ACTIVE
CARD06747,C06747,VISA,Classic,200000000,ACTIVE
CARD06748,C06748,VISA,Classic,10000000,ACTIVE
CARD06749,C06749,Amex,Infinite,100000000,ACTIVE
CARD06750,C06750,MasterCard,Platinum,50000000,ACTIVE
CARD06751,C06751,MasterCard,Gold,30000000,ACTIVE
CARD06752,C06752,VISA,Gold,200000000,ACTIVE
CARD06753,C06753,VISA,Infinite,10000000,ACTIVE
CARD06754,C06754,JCB,Infinite,20000000,ACTIVE
CARD06755,C06755,VISA,Infinite,10000000,ACTIVE
CARD06756,C06756,VISA,Platinum,50000000,ACTIVE
CARD06757,C06757,Amex,Classic,200000000,ACTIVE
CARD06758,C06758,Amex,Gold,10000000,ACTIVE
CARD06759,C06759,MasterCard,Platinum,200000000,ACTIVE
CARD06760,C06760,MasterCard,Classic,100000000,ACTIVE
CARD06761,C06761,VISA,Platinum,30000000,ACTIVE
CARD06762,C06762,MasterCard,Gold,30000000,ACTIVE
CARD06763,C06763,VISA,Platinum,20000000,ACTIVE
CARD06764,C06764,Amex,Infinite,10000000,ACTIVE
CARD06765,C06765,VISA,Classic,50000000,ACTIVE
CARD06766,C06766,JCB,Gold,200000000,ACTIVE
CARD06767,C06767,MasterCard,Infinite,10000000,ACTIVE
CARD06768,C06768,VISA,Infinite,500000000,ACTIVE
CARD06769,C06769,VISA,Classic,100000000,ACTIVE
CARD06770,C06770,VISA,Infinite,10000000,ACTIVE
CARD06771,C06771,JCB,Platinum,30000000,ACTIVE
CARD06772,C06772,Amex,Gold,10000000,ACTIVE
CARD06773,C06773,JCB,Gold,200000000,ACTIVE
CARD06774,C06774,JCB,Infinite,200000000,ACTIVE
CARD06775,C06775,Amex,Classic,20000000,ACTIVE
CARD06776,C06776,JCB,Classic,500000000,ACTIVE
CARD06777,C06777,VISA,Classic,20000000,ACTIVE
CARD06778,C06778,MasterCard,Classic,200000000,ACTIVE
CARD06779,C06779,Amex,Infinite,50000000,ACTIVE
CARD06780,C06780,JCB,Infinite,50000000,ACTIVE
CARD06781,C06781,VISA,Infinite,10000000,ACTIVE
CARD06782,C06782,Amex,Classic,50000000,ACTIVE
CARD06783,C06783,JCB,Infinite,20000000,ACTIVE
CARD06784,C06784,MasterCard,Platinum,10000000,ACTIVE
CARD06785,C06785,VISA,Infinite,10000000,ACTIVE
CARD06786,C06786,VISA,Infinite,200000000,ACTIVE
CARD06787,C06787,VISA,Infinite,20000000,ACTIVE
CARD06788,C06788,MasterCard,Gold,10000000,ACTIVE
CARD06789,C06789,MasterCard,Infinite,500000000,ACTIVE
CARD06790,C06790,VISA,Infinite,500000000,ACTIVE
CARD06791,C06791,VISA,Gold,100000000,ACTIVE
CARD06792,C06792,Amex,Platinum,50000000,ACTIVE
CARD06793,C06793,VISA,Gold,30000000,ACTIVE
CARD06794,C06794,MasterCard,Infinite,500000000,ACTIVE
CARD06795,C06795,JCB,Gold,500000000,ACTIVE
CARD06796,C06796,Amex,Infinite,100000000,ACTIVE
CARD06797,C06797,Amex,Infinite,10000000,ACTIVE
CARD06798,C06798,Amex,Gold,20000000,ACTIVE
CARD06799,C06799,Amex,Classic,100000000,BLOCKED
CARD06800,C06800,Amex,Infinite,50000000,ACTIVE
CARD06801,C06801,MasterCard,Gold,10000000,ACTIVE
CARD06802,C06802,JCB,Classic,100000000,ACTIVE
CARD06803,C06803,Amex,Classic,50000000,ACTIVE
CARD06804,C06804,VISA,Classic,10000000,ACTIVE
CARD06805,C06805,VISA,Platinum,10000000,ACTIVE
CARD06806,C06806,VISA,Infinite,100000000,ACTIVE
CARD06807,C06807,MasterCard,Infinite,200000000,ACTIVE
CARD06808,C06808,JCB,Classic,200000000,ACTIVE
CARD06809,C06809,VISA,Classic,500000000,ACTIVE
CARD06810,C06810,VISA,Gold,30000000,ACTIVE
CARD06811,C06811,Amex,Classic,20000000,ACTIVE
CARD06812,C06812,JCB,Classic,500000000,ACTIVE
CARD06813,C06813,VISA,Platinum,50000000,ACTIVE
CARD06814,C06814,JCB,Gold,50000000,ACTIVE
CARD06815,C06815,JCB,Infinite,100000000,ACTIVE
CARD06816,C06816,Amex,Infinite,10000000,BLOCKED
CARD06817,C06817,JCB,Gold,10000000,ACTIVE
CARD06818,C06818,VISA,Gold,20000000,ACTIVE
CARD06819,C06819,JCB,Platinum,20000000,ACTIVE
CARD06820,C06820,VISA,Platinum,200000000,ACTIVE
CARD06821,C06821,Amex,Classic,30000000,ACTIVE
CARD06822,C06822,JCB,Infinite,100000000,ACTIVE
CARD06823,C06823,VISA,Platinum,50000000,ACTIVE
CARD06824,C06824,MasterCard,Classic,30000000,ACTIVE
CARD06825,C06825,JCB,Classic,500000000,ACTIVE
CARD06826,C06826,JCB,Gold,10000000,ACTIVE
CARD06827,C06827,Amex,Gold,500000000,ACTIVE
CARD06828,C06828,MasterCard,Infinite,100000000,BLOCKED
CARD06829,C06829,VISA,Infinite,500000000,ACTIVE
CARD06830,C06830,Amex,Gold,100000000,ACTIVE
CARD06831,C06831,VISA,Classic,50000000,ACTIVE
CARD06832,C06832,MasterCard,Gold,100000000,ACTIVE
CARD06833,C06833,Amex,Gold,10000000,ACTIVE
CARD06834,C06834,JCB,Platinum,10000000,ACTIVE
CARD06835,C06835,JCB,Classic,30000000,ACTIVE
CARD06836,C06836,Amex,Gold,200000000,ACTIVE
CARD06837,C06837,MasterCard,Classic,20000000,ACTIVE
CARD06838,C06838,MasterCard,Classic,200000000,ACTIVE
CARD06839,C06839,VISA,Platinum,100000000,ACTIVE
CARD06840,C06840,VISA,Classic,30000000,ACTIVE
CARD06841,C06841,VISA,Infinite,100000000,ACTIVE
CARD06842,C06842,Amex,Classic,500000000,ACTIVE
CARD06843,C06843,MasterCard,Classic,100000000,ACTIVE
CARD06844,C06844,JCB,Infinite,200000000,ACTIVE
CARD06845,C06845,VISA,Platinum,100000000,ACTIVE
CARD06846,C06846,JCB,Gold,30000000,ACTIVE
CARD06847,C06847,MasterCard,Gold,500000000,ACTIVE
CARD06848,C06848,Amex,Gold,200000000,ACTIVE
CARD06849,C06849,JCB,Classic,200000000,ACTIVE
CARD06850,C06850,Amex,Classic,10000000,ACTIVE
CARD06851,C06851,JCB,Classic,100000000,ACTIVE
CARD06852,C06852,JCB,Classic,20000000,ACTIVE
CARD06853,C06853,VISA,Infinite,50000000,ACTIVE
CARD06854,C06854,Amex,Platinum,100000000,ACTIVE
CARD06855,C06855,MasterCard,Infinite,200000000,ACTIVE
CARD06856,C06856,VISA,Infinite,10000000,ACTIVE
CARD06857,C06857,MasterCard,Classic,20000000,ACTIVE
CARD06858,C06858,Amex,Infinite,20000000,ACTIVE
CARD06859,C06859,MasterCard,Classic,100000000,ACTIVE
CARD06860,C06860,VISA,Classic,50000000,ACTIVE
CARD06861,C06861,Amex,Infinite,50000000,ACTIVE
CARD06862,C06862,MasterCard,Classic,10000000,ACTIVE
CARD06863,C06863,Amex,Platinum,50000000,ACTIVE
CARD06864,C06864,VISA,Platinum,30000000,ACTIVE
CARD06865,C06865,MasterCard,Infinite,200000000,ACTIVE
CARD06866,C06866,VISA,Platinum,10000000,ACTIVE
CARD06867,C06867,Amex,Infinite,20000000,ACTIVE
CARD06868,C06868,VISA,Infinite,100000000,ACTIVE
CARD06869,C06869,JCB,Infinite,10000000,ACTIVE
CARD06870,C06870,Amex,Classic,100000000,ACTIVE
CARD06871,C06871,VISA,Gold,100000000,ACTIVE
CARD06872,C06872,VISA,Classic,30000000,ACTIVE
CARD06873,C06873,VISA,Platinum,10000000,ACTIVE
CARD06874,C06874,JCB,Platinum,20000000,ACTIVE
CARD06875,C06875,VISA,Gold,30000000,ACTIVE
CARD06876,C06876,JCB,Platinum,500000000,ACTIVE
CARD06877,C06877,Amex,Infinite,500000000,ACTIVE
CARD06878,C06878,JCB,Infinite,200000000,ACTIVE
CARD06879,C06879,MasterCard,Platinum,100000000,ACTIVE
CARD06880,C06880,VISA,Gold,100000000,ACTIVE
CARD06881,C06881,VISA,Classic,100000000,ACTIVE
CARD06882,C06882,MasterCard,Infinite,50000000,ACTIVE
CARD06883,C06883,Amex,Gold,30000000,ACTIVE
CARD06884,C06884,MasterCard,Classic,500000000,BLOCKED
CARD06885,C06885,MasterCard,Infinite,20000000,ACTIVE
CARD06886,C06886,MasterCard,Classic,50000000,ACTIVE
CARD06887,C06887,MasterCard,Platinum,200000000,BLOCKED
CARD06888,C06888,Amex,Infinite,10000000,ACTIVE
CARD06889,C06889,VISA,Gold,50000000,ACTIVE
CARD06890,C06890,VISA,Infinite,50000000,ACTIVE
CARD06891,C06891,Amex,Gold,500000000,ACTIVE
CARD06892,C06892,MasterCard,Platinum,10000000,ACTIVE
CARD06893,C06893,JCB,Infinite,20000000,ACTIVE
CARD06894,C06894,VISA,Platinum,10000000,ACTIVE
CARD06895,C06895,Amex,Infinite,30000000,ACTIVE
CARD06896,C06896,JCB,Gold,30000000,ACTIVE
CARD06897,C06897,VISA,Infinite,30000000,ACTIVE
CARD06898,C06898,JCB,Platinum,500000000,ACTIVE
CARD06899,C06899,VISA,Gold,50000000,ACTIVE
CARD06900,C06900,MasterCard,Classic,20000000,ACTIVE
CARD06901,C06901,Amex,Gold,500000000,ACTIVE
CARD06902,C06902,JCB,Platinum,20000000,ACTIVE
CARD06903,C06903,VISA,Platinum,50000000,ACTIVE
CARD06904,C06904,Amex,Classic,50000000,ACTIVE
CARD06905,C06905,JCB,Gold,20000000,ACTIVE
CARD06906,C06906,JCB,Platinum,500000000,ACTIVE
CARD06907,C06907,JCB,Gold,20000000,ACTIVE
CARD06908,C06908,Amex,Gold,10000000,ACTIVE
CARD06909,C06909,JCB,Classic,200000000,ACTIVE
CARD06910,C06910,Amex,Gold,200000000,ACTIVE
CARD06911,C06911,Amex,Platinum,10000000,ACTIVE
CARD06912,C06912,JCB,Classic,200000000,ACTIVE
CARD06913,C06913,VISA,Gold,30000000,ACTIVE
CARD06914,C06914,JCB,Infinite,20000000,ACTIVE
CARD06915,C06915,MasterCard,Gold,500000000,ACTIVE
CARD06916,C06916,JCB,Infinite,20000000,ACTIVE
CARD06917,C06917,Amex,Gold,30000000,ACTIVE
CARD06918,C06918,MasterCard,Platinum,20000000,ACTIVE
CARD06919,C06919,MasterCard,Platinum,100000000,BLOCKED
CARD06920,C06920,VISA,Infinite,50000000,ACTIVE
CARD06921,C06921,Amex,Classic,10000000,ACTIVE
CARD06922,C06922,Amex,Infinite,100000000,ACTIVE
CARD06923,C06923,Amex,Infinite,100000000,ACTIVE
CARD06924,C06924,MasterCard,Platinum,30000000,ACTIVE
CARD06925,C06925,JCB,Platinum,100000000,ACTIVE
CARD06926,C06926,MasterCard,Classic,200000000,ACTIVE
CARD06927,C06927,JCB,Platinum,10000000,ACTIVE
CARD06928,C06928,JCB,Platinum,30000000,ACTIVE
CARD06929,C06929,MasterCard,Infinite,500000000,ACTIVE
CARD06930,C06930,Amex,Classic,30000000,ACTIVE
CARD06931,C06931,JCB,Gold,20000000,ACTIVE
CARD06932,C06932,JCB,Gold,30000000,BLOCKED
CARD06933,C06933,MasterCard,Platinum,30000000,BLOCKED
CARD06934,C06934,VISA,Classic,30000000,ACTIVE
CARD06935,C06935,Amex,Classic,200000000,ACTIVE
CARD06936,C06936,JCB,Platinum,100000000,ACTIVE
CARD06937,C06937,JCB,Gold,30000000,ACTIVE
CARD06938,C06938,VISA,Classic,100000000,ACTIVE
CARD06939,C06939,VISA,Gold,50000000,ACTIVE
CARD06940,C06940,Amex,Classic,500000000,ACTIVE
CARD06941,C06941,JCB,Platinum,100000000,ACTIVE
CARD06942,C06942,VISA,Platinum,50000000,ACTIVE
CARD06943,C06943,Amex,Classic,100000000,ACTIVE
CARD06944,C06944,Amex,Infinite,20000000,ACTIVE
CARD06945,C06945,JCB,Platinum,10000000,ACTIVE
CARD06946,C06946,VISA,Classic,500000000,ACTIVE
CARD06947,C06947,JCB,Classic,20000000,ACTIVE
CARD06948,C06948,JCB,Platinum,500000000,ACTIVE
CARD06949,C06949,Amex,Gold,20000000,ACTIVE
CARD06950,C06950,JCB,Platinum,10000000,ACTIVE
CARD06951,C06951,Amex,Classic,20000000,BLOCKED
CARD06952,C06952,MasterCard,Gold,20000000,ACTIVE
CARD06953,C06953,Amex,Gold,30000000,ACTIVE
CARD06954,C06954,MasterCard,Classic,100000000,ACTIVE
CARD06955,C06955,MasterCard,Platinum,500000000,ACTIVE
CARD06956,C06956,VISA,Classic,50000000,ACTIVE
CARD06957,C06957,VISA,Infinite,30000000,ACTIVE
CARD06958,C06958,VISA,Gold,50000000,ACTIVE
CARD06959,C06959,Amex,Platinum,30000000,ACTIVE
CARD06960,C06960,Amex,Platinum,30000000,ACTIVE
CARD06961,C06961,VISA,Classic,30000000,ACTIVE
CARD06962,C06962,Amex,Platinum,20000000,ACTIVE
CARD06963,C06963,Amex,Infinite,50000000,ACTIVE
CARD06964,C06964,MasterCard,Classic,30000000,ACTIVE
CARD06965,C06965,Amex,Platinum,200000000,ACTIVE
CARD06966,C06966,JCB,Platinum,100000000,ACTIVE
CARD06967,C06967,JCB,Platinum,100000000,ACTIVE
CARD06968,C06968,Amex,Classic,500000000,ACTIVE
CARD06969,C06969,Amex,Infinite,200000000,ACTIVE
CARD06970,C06970,MasterCard,Classic,10000000,ACTIVE
CARD06971,C06971,JCB,Gold,500000000,ACTIVE
CARD06972,C06972,VISA,Platinum,20000000,ACTIVE
CARD06973,C06973,MasterCard,Gold,100000000,ACTIVE
CARD06974,C06974,VISA,Infinite,30000000,ACTIVE
CARD06975,C06975,VISA,Gold,50000000,ACTIVE
CARD06976,C06976,JCB,Classic,10000000,ACTIVE
CARD06977,C06977,Amex,Platinum,500000000,ACTIVE
CARD06978,C06978,Amex,Infinite,10000000,ACTIVE
CARD06979,C06979,MasterCard,Gold,10000000,ACTIVE
CARD06980,C06980,JCB,Classic,30000000,ACTIVE
CARD06981,C06981,VISA,Classic,500000000,ACTIVE
CARD06982,C06982,Amex,Infinite,50000000,ACTIVE
CARD06983,C06983,VISA,Gold,500000000,ACTIVE
CARD06984,C06984,MasterCard,Platinum,20000000,ACTIVE
CARD06985,C06985,JCB,Classic,20000000,ACTIVE
CARD06986,C06986,JCB,Classic,50000000,ACTIVE
CARD06987,C06987,VISA,Platinum,30000000,ACTIVE
CARD06988,C06988,VISA,Platinum,30000000,ACTIVE
CARD06989,C06989,MasterCard,Infinite,20000000,ACTIVE
CARD06990,C06990,MasterCard,Platinum,50000000,ACTIVE
CARD06991,C06991,JCB,Platinum,100000000,BLOCKED
CARD06992,C06992,VISA,Gold,200000000,ACTIVE
CARD06993,C06993,JCB,Gold,200000000,ACTIVE
CARD06994,C06994,JCB,Platinum,200000000,ACTIVE
CARD06995,C06995,JCB,Platinum,50000000,ACTIVE
CARD06996,C06996,Amex,Gold,10000000,ACTIVE
CARD06997,C06997,VISA,Classic,10000000,ACTIVE
CARD06998,C06998,Amex,Infinite,200000000,ACTIVE
CARD06999,C06999,VISA,Gold,500000000,ACTIVE
CARD07000,C07000,VISA,Classic,50000000,ACTIVE
CARD07001,C07001,MasterCard,Platinum,30000000,ACTIVE
CARD07002,C07002,Amex,Infinite,50000000,ACTIVE
CARD07003,C07003,JCB,Infinite,50000000,BLOCKED
CARD07004,C07004,JCB,Gold,10000000,ACTIVE
CARD07005,C07005,JCB,Infinite,200000000,ACTIVE
CARD07006,C07006,MasterCard,Platinum,100000000,ACTIVE
CARD07007,C07007,MasterCard,Classic,500000000,ACTIVE
CARD07008,C07008,VISA,Platinum,30000000,ACTIVE
CARD07009,C07009,VISA,Classic,50000000,BLOCKED
CARD07010,C07010,JCB,Platinum,200000000,ACTIVE
CARD07011,C07011,Amex,Gold,500000000,ACTIVE
CARD07012,C07012,MasterCard,Classic,20000000,ACTIVE
CARD07013,C07013,JCB,Infinite,100000000,ACTIVE
CARD07014,C07014,JCB,Infinite,10000000,ACTIVE
CARD07015,C07015,JCB,Classic,10000000,ACTIVE
CARD07016,C07016,MasterCard,Gold,10000000,BLOCKED
CARD07017,C07017,Amex,Classic,200000000,ACTIVE
CARD07018,C07018,JCB,Gold,30000000,ACTIVE
CARD07019,C07019,JCB,Platinum,20000000,ACTIVE
CARD07020,C07020,JCB,Infinite,50000000,ACTIVE
CARD07021,C07021,VISA,Infinite,30000000,ACTIVE
CARD07022,C07022,MasterCard,Classic,200000000,ACTIVE
CARD07023,C07023,MasterCard,Infinite,100000000,ACTIVE
CARD07024,C07024,Amex,Gold,20000000,ACTIVE
CARD07025,C07025,JCB,Classic,50000000,ACTIVE
CARD07026,C07026,Amex,Platinum,30000000,ACTIVE
CARD07027,C07027,JCB,Infinite,500000000,ACTIVE
CARD07028,C07028,MasterCard,Platinum,50000000,ACTIVE
CARD07029,C07029,MasterCard,Platinum,30000000,ACTIVE
CARD07030,C07030,JCB,Infinite,500000000,ACTIVE
CARD07031,C07031,MasterCard,Classic,500000000,ACTIVE
CARD07032,C07032,JCB,Platinum,200000000,ACTIVE
CARD07033,C07033,MasterCard,Platinum,30000000,ACTIVE
CARD07034,C07034,Amex,Gold,30000000,ACTIVE
CARD07035,C07035,Amex,Gold,500000000,ACTIVE
CARD07036,C07036,VISA,Classic,500000000,ACTIVE
CARD07037,C07037,JCB,Platinum,100000000,ACTIVE
CARD07038,C07038,Amex,Infinite,10000000,ACTIVE
CARD07039,C07039,Amex,Classic,10000000,ACTIVE
CARD07040,C07040,VISA,Classic,200000000,ACTIVE
CARD07041,C07041,Amex,Classic,10000000,ACTIVE
CARD07042,C07042,MasterCard,Infinite,30000000,ACTIVE
CARD07043,C07043,Amex,Platinum,200000000,ACTIVE
CARD07044,C07044,MasterCard,Infinite,500000000,ACTIVE
CARD07045,C07045,Amex,Gold,200000000,ACTIVE
CARD07046,C07046,JCB,Classic,500000000,ACTIVE
CARD07047,C07047,VISA,Classic,200000000,ACTIVE
CARD07048,C07048,MasterCard,Infinite,10000000,ACTIVE
CARD07049,C07049,MasterCard,Classic,10000000,ACTIVE
CARD07050,C07050,VISA,Infinite,50000000,ACTIVE
CARD07051,C07051,JCB,Infinite,20000000,ACTIVE
CARD07052,C07052,JCB,Infinite,50000000,ACTIVE
CARD07053,C07053,JCB,Infinite,100000000,ACTIVE
CARD07054,C07054,Amex,Platinum,500000000,ACTIVE
CARD07055,C07055,JCB,Gold,100000000,ACTIVE
CARD07056,C07056,VISA,Gold,20000000,ACTIVE
CARD07057,C07057,MasterCard,Platinum,10000000,ACTIVE
CARD07058,C07058,VISA,Infinite,500000000,ACTIVE
CARD07059,C07059,JCB,Infinite,50000000,ACTIVE
CARD07060,C07060,Amex,Infinite,100000000,ACTIVE
CARD07061,C07061,Amex,Infinite,500000000,ACTIVE
CARD07062,C07062,MasterCard,Infinite,20000000,ACTIVE
CARD07063,C07063,Amex,Classic,10000000,ACTIVE
CARD07064,C07064,JCB,Platinum,20000000,ACTIVE
CARD07065,C07065,JCB,Gold,50000000,ACTIVE
CARD07066,C07066,JCB,Platinum,30000000,ACTIVE
CARD07067,C07067,Amex,Classic,200000000,BLOCKED
CARD07068,C07068,VISA,Classic,10000000,ACTIVE
CARD07069,C07069,Amex,Platinum,10000000,ACTIVE
CARD07070,C07070,JCB,Platinum,30000000,ACTIVE
CARD07071,C07071,Amex,Gold,500000000,ACTIVE
CARD07072,C07072,MasterCard,Platinum,30000000,ACTIVE
CARD07073,C07073,Amex,Infinite,500000000,ACTIVE
CARD07074,C07074,MasterCard,Platinum,10000000,ACTIVE
CARD07075,C07075,MasterCard,Classic,50000000,ACTIVE
CARD07076,C07076,VISA,Platinum,20000000,ACTIVE
CARD07077,C07077,Amex,Platinum,200000000,ACTIVE
CARD07078,C07078,Amex,Gold,10000000,ACTIVE
CARD07079,C07079,VISA,Gold,20000000,ACTIVE
CARD07080,C07080,MasterCard,Platinum,500000000,ACTIVE
CARD07081,C07081,VISA,Gold,50000000,ACTIVE
CARD07082,C07082,VISA,Platinum,100000000,ACTIVE
CARD07083,C07083,Amex,Gold,30000000,ACTIVE
CARD07084,C07084,Amex,Gold,100000000,ACTIVE
CARD07085,C07085,JCB,Infinite,30000000,ACTIVE
CARD07086,C07086,VISA,Infinite,100000000,ACTIVE
CARD07087,C07087,JCB,Gold,50000000,ACTIVE
CARD07088,C07088,MasterCard,Gold,500000000,ACTIVE
CARD07089,C07089,JCB,Classic,50000000,ACTIVE
CARD07090,C07090,MasterCard,Infinite,30000000,ACTIVE
CARD07091,C07091,VISA,Platinum,100000000,ACTIVE
CARD07092,C07092,Amex,Classic,10000000,ACTIVE
CARD07093,C07093,VISA,Classic,100000000,ACTIVE
CARD07094,C07094,VISA,Gold,50000000,ACTIVE
CARD07095,C07095,VISA,Classic,30000000,ACTIVE
CARD07096,C07096,VISA,Gold,30000000,ACTIVE
CARD07097,C07097,JCB,Infinite,30000000,ACTIVE
CARD07098,C07098,VISA,Gold,500000000,ACTIVE
CARD07099,C07099,JCB,Platinum,500000000,BLOCKED
CARD07100,C07100,Amex,Infinite,200000000,ACTIVE
CARD07101,C07101,Amex,Infinite,50000000,ACTIVE
CARD07102,C07102,Amex,Platinum,500000000,ACTIVE
CARD07103,C07103,MasterCard,Gold,100000000,ACTIVE
CARD07104,C07104,Amex,Infinite,20000000,ACTIVE
CARD07105,C07105,Amex,Infinite,10000000,ACTIVE
CARD07106,C07106,Amex,Infinite,100000000,ACTIVE
CARD07107,C07107,VISA,Gold,100000000,ACTIVE
CARD07108,C07108,Amex,Classic,200000000,ACTIVE
CARD07109,C07109,Amex,Classic,200000000,ACTIVE
CARD07110,C07110,JCB,Infinite,30000000,ACTIVE
CARD07111,C07111,VISA,Gold,100000000,ACTIVE
CARD07112,C07112,JCB,Infinite,100000000,ACTIVE
CARD07113,C07113,VISA,Classic,30000000,ACTIVE
CARD07114,C07114,Amex,Gold,100000000,ACTIVE
CARD07115,C07115,VISA,Infinite,30000000,ACTIVE
CARD07116,C07116,Amex,Platinum,10000000,ACTIVE
CARD07117,C07117,JCB,Gold,30000000,ACTIVE
CARD07118,C07118,MasterCard,Platinum,500000000,ACTIVE
CARD07119,C07119,MasterCard,Infinite,30000000,ACTIVE
CARD07120,C07120,JCB,Infinite,500000000,ACTIVE
CARD07121,C07121,VISA,Infinite,500000000,ACTIVE
CARD07122,C07122,MasterCard,Platinum,500000000,ACTIVE
CARD07123,C07123,VISA,Platinum,30000000,ACTIVE
CARD07124,C07124,JCB,Infinite,20000000,ACTIVE
CARD07125,C07125,MasterCard,Gold,500000000,ACTIVE
CARD07126,C07126,MasterCard,Infinite,500000000,ACTIVE
CARD07127,C07127,Amex,Classic,20000000,ACTIVE
CARD07128,C07128,MasterCard,Classic,100000000,ACTIVE
CARD07129,C07129,MasterCard,Gold,30000000,ACTIVE
CARD07130,C07130,JCB,Platinum,100000000,ACTIVE
CARD07131,C07131,MasterCard,Infinite,100000000,ACTIVE
CARD07132,C07132,MasterCard,Infinite,200000000,ACTIVE
CARD07133,C07133,Amex,Infinite,100000000,ACTIVE
CARD07134,C07134,MasterCard,Gold,200000000,ACTIVE
CARD07135,C07135,VISA,Platinum,30000000,ACTIVE
CARD07136,C07136,MasterCard,Infinite,500000000,ACTIVE
CARD07137,C07137,VISA,Classic,10000000,ACTIVE
CARD07138,C07138,JCB,Platinum,20000000,ACTIVE
CARD07139,C07139,MasterCard,Classic,200000000,BLOCKED
CARD07140,C07140,MasterCard,Gold,30000000,ACTIVE
CARD07141,C07141,VISA,Gold,20000000,ACTIVE
CARD07142,C07142,MasterCard,Infinite,20000000,ACTIVE
CARD07143,C07143,VISA,Classic,200000000,ACTIVE
CARD07144,C07144,VISA,Classic,200000000,ACTIVE
CARD07145,C07145,VISA,Gold,500000000,ACTIVE
CARD07146,C07146,VISA,Platinum,100000000,ACTIVE
CARD07147,C07147,VISA,Infinite,10000000,ACTIVE
CARD07148,C07148,MasterCard,Gold,20000000,ACTIVE
CARD07149,C07149,Amex,Infinite,500000000,ACTIVE
CARD07150,C07150,MasterCard,Classic,200000000,ACTIVE
CARD07151,C07151,Amex,Platinum,100000000,ACTIVE
CARD07152,C07152,MasterCard,Infinite,50000000,ACTIVE
CARD07153,C07153,JCB,Gold,30000000,ACTIVE
CARD07154,C07154,Amex,Platinum,10000000,ACTIVE
CARD07155,C07155,Amex,Infinite,50000000,ACTIVE
CARD07156,C07156,JCB,Gold,100000000,ACTIVE
CARD07157,C07157,JCB,Classic,30000000,ACTIVE
CARD07158,C07158,VISA,Gold,200000000,ACTIVE
CARD07159,C07159,VISA,Gold,200000000,ACTIVE
CARD07160,C07160,JCB,Infinite,100000000,ACTIVE
CARD07161,C07161,MasterCard,Infinite,500000000,ACTIVE
CARD07162,C07162,Amex,Infinite,100000000,ACTIVE
CARD07163,C07163,Amex,Platinum,500000000,BLOCKED
CARD07164,C07164,VISA,Infinite,50000000,ACTIVE
CARD07165,C07165,Amex,Gold,30000000,ACTIVE
CARD07166,C07166,JCB,Platinum,20000000,ACTIVE
CARD07167,C07167,Amex,Infinite,500000000,ACTIVE
CARD07168,C07168,VISA,Gold,50000000,ACTIVE
CARD07169,C07169,JCB,Platinum,200000000,ACTIVE
CARD07170,C07170,Amex,Platinum,50000000,ACTIVE
CARD07171,C07171,Amex,Gold,10000000,ACTIVE
CARD07172,C07172,VISA,Platinum,10000000,ACTIVE
CARD07173,C07173,Amex,Classic,100000000,ACTIVE
CARD07174,C07174,JCB,Classic,500000000,BLOCKED
CARD07175,C07175,JCB,Classic,50000000,ACTIVE
CARD07176,C07176,MasterCard,Gold,500000000,ACTIVE
CARD07177,C07177,VISA,Platinum,30000000,ACTIVE
CARD07178,C07178,JCB,Platinum,200000000,ACTIVE
CARD07179,C07179,MasterCard,Classic,20000000,ACTIVE
CARD07180,C07180,JCB,Gold,20000000,ACTIVE
CARD07181,C07181,JCB,Infinite,20000000,ACTIVE
CARD07182,C07182,Amex,Infinite,30000000,ACTIVE
CARD07183,C07183,JCB,Gold,200000000,ACTIVE
CARD07184,C07184,Amex,Infinite,100000000,ACTIVE
CARD07185,C07185,MasterCard,Gold,10000000,ACTIVE
CARD07186,C07186,VISA,Infinite,30000000,ACTIVE
CARD07187,C07187,Amex,Platinum,50000000,ACTIVE
CARD07188,C07188,Amex,Classic,100000000,ACTIVE
CARD07189,C07189,MasterCard,Platinum,20000000,ACTIVE
CARD07190,C07190,Amex,Infinite,10000000,ACTIVE
CARD07191,C07191,MasterCard,Infinite,500000000,ACTIVE
CARD07192,C07192,JCB,Infinite,200000000,ACTIVE
CARD07193,C07193,MasterCard,Platinum,500000000,ACTIVE
CARD07194,C07194,Amex,Platinum,10000000,ACTIVE
CARD07195,C07195,MasterCard,Classic,100000000,ACTIVE
CARD07196,C07196,Amex,Classic,50000000,ACTIVE
CARD07197,C07197,JCB,Platinum,20000000,ACTIVE
CARD07198,C07198,MasterCard,Platinum,30000000,ACTIVE
CARD07199,C07199,JCB,Gold,30000000,ACTIVE
CARD07200,C07200,Amex,Gold,10000000,ACTIVE
CARD07201,C07201,JCB,Gold,500000000,ACTIVE
CARD07202,C07202,MasterCard,Infinite,500000000,ACTIVE
CARD07203,C07203,VISA,Infinite,50000000,ACTIVE
CARD07204,C07204,Amex,Infinite,30000000,BLOCKED
CARD07205,C07205,JCB,Classic,10000000,ACTIVE
CARD07206,C07206,MasterCard,Classic,200000000,ACTIVE
CARD07207,C07207,Amex,Classic,500000000,ACTIVE
CARD07208,C07208,MasterCard,Platinum,20000000,ACTIVE
CARD07209,C07209,Amex,Classic,500000000,ACTIVE
CARD07210,C07210,MasterCard,Classic,200000000,BLOCKED
CARD07211,C07211,JCB,Platinum,100000000,ACTIVE
CARD07212,C07212,Amex,Platinum,50000000,ACTIVE
CARD07213,C07213,JCB,Infinite,50000000,ACTIVE
CARD07214,C07214,VISA,Gold,30000000,ACTIVE
CARD07215,C07215,MasterCard,Gold,100000000,ACTIVE
CARD07216,C07216,VISA,Infinite,20000000,ACTIVE
CARD07217,C07217,VISA,Classic,20000000,ACTIVE
CARD07218,C07218,MasterCard,Classic,200000000,ACTIVE
CARD07219,C07219,VISA,Gold,30000000,ACTIVE
CARD07220,C07220,Amex,Infinite,100000000,ACTIVE
CARD07221,C07221,JCB,Classic,500000000,ACTIVE
CARD07222,C07222,JCB,Gold,30000000,ACTIVE
CARD07223,C07223,MasterCard,Platinum,100000000,ACTIVE
CARD07224,C07224,Amex,Classic,500000000,ACTIVE
CARD07225,C07225,VISA,Infinite,100000000,ACTIVE
CARD07226,C07226,Amex,Infinite,500000000,ACTIVE
CARD07227,C07227,VISA,Infinite,100000000,ACTIVE
CARD07228,C07228,MasterCard,Infinite,10000000,ACTIVE
CARD07229,C07229,JCB,Gold,500000000,ACTIVE
CARD07230,C07230,MasterCard,Infinite,50000000,ACTIVE
CARD07231,C07231,JCB,Classic,50000000,ACTIVE
CARD07232,C07232,VISA,Infinite,200000000,ACTIVE
CARD07233,C07233,JCB,Infinite,50000000,ACTIVE
CARD07234,C07234,JCB,Infinite,500000000,ACTIVE
CARD07235,C07235,JCB,Gold,500000000,ACTIVE
CARD07236,C07236,Amex,Classic,200000000,ACTIVE
CARD07237,C07237,VISA,Classic,100000000,ACTIVE
CARD07238,C07238,MasterCard,Classic,100000000,ACTIVE
CARD07239,C07239,MasterCard,Classic,500000000,ACTIVE
CARD07240,C07240,MasterCard,Gold,10000000,ACTIVE
CARD07241,C07241,JCB,Platinum,200000000,ACTIVE
CARD07242,C07242,Amex,Gold,50000000,ACTIVE
CARD07243,C07243,JCB,Infinite,500000000,ACTIVE
CARD07244,C07244,MasterCard,Gold,10000000,ACTIVE
CARD07245,C07245,Amex,Gold,20000000,ACTIVE
CARD07246,C07246,MasterCard,Gold,10000000,ACTIVE
CARD07247,C07247,VISA,Classic,500000000,ACTIVE
CARD07248,C07248,MasterCard,Classic,50000000,ACTIVE
CARD07249,C07249,Amex,Classic,30000000,ACTIVE
CARD07250,C07250,MasterCard,Platinum,100000000,ACTIVE
CARD07251,C07251,Amex,Infinite,200000000,ACTIVE
CARD07252,C07252,VISA,Infinite,10000000,ACTIVE
CARD07253,C07253,JCB,Infinite,10000000,ACTIVE
CARD07254,C07254,JCB,Gold,10000000,BLOCKED
CARD07255,C07255,MasterCard,Infinite,20000000,ACTIVE
CARD07256,C07256,MasterCard,Classic,200000000,ACTIVE
CARD07257,C07257,VISA,Infinite,30000000,ACTIVE
CARD07258,C07258,MasterCard,Gold,500000000,ACTIVE
CARD07259,C07259,VISA,Classic,10000000,ACTIVE
CARD07260,C07260,JCB,Classic,200000000,ACTIVE
CARD07261,C07261,Amex,Infinite,10000000,ACTIVE
CARD07262,C07262,MasterCard,Platinum,10000000,ACTIVE
CARD07263,C07263,JCB,Platinum,500000000,ACTIVE
CARD07264,C07264,MasterCard,Gold,100000000,ACTIVE
CARD07265,C07265,VISA,Infinite,50000000,ACTIVE
CARD07266,C07266,VISA,Gold,10000000,ACTIVE
CARD07267,C07267,Amex,Infinite,200000000,ACTIVE
CARD07268,C07268,Amex,Gold,200000000,BLOCKED
CARD07269,C07269,JCB,Classic,100000000,ACTIVE
CARD07270,C07270,JCB,Platinum,200000000,ACTIVE
CARD07271,C07271,Amex,Platinum,50000000,ACTIVE
CARD07272,C07272,MasterCard,Infinite,10000000,ACTIVE
CARD07273,C07273,Amex,Platinum,100000000,ACTIVE
CARD07274,C07274,VISA,Gold,30000000,ACTIVE
CARD07275,C07275,Amex,Platinum,100000000,ACTIVE
CARD07276,C07276,JCB,Gold,50000000,ACTIVE
CARD07277,C07277,Amex,Gold,500000000,ACTIVE
CARD07278,C07278,Amex,Infinite,30000000,ACTIVE
CARD07279,C07279,MasterCard,Gold,30000000,ACTIVE
CARD07280,C07280,Amex,Infinite,50000000,ACTIVE
CARD07281,C07281,JCB,Classic,100000000,ACTIVE
CARD07282,C07282,Amex,Platinum,30000000,ACTIVE
CARD07283,C07283,JCB,Classic,50000000,ACTIVE
CARD07284,C07284,JCB,Gold,30000000,ACTIVE
CARD07285,C07285,JCB,Infinite,20000000,ACTIVE
CARD07286,C07286,Amex,Gold,30000000,ACTIVE
CARD07287,C07287,MasterCard,Infinite,10000000,ACTIVE
CARD07288,C07288,Amex,Classic,100000000,ACTIVE
CARD07289,C07289,Amex,Gold,20000000,ACTIVE
CARD07290,C07290,JCB,Platinum,50000000,ACTIVE
CARD07291,C07291,JCB,Classic,10000000,ACTIVE
CARD07292,C07292,Amex,Gold,20000000,BLOCKED
CARD07293,C07293,VISA,Gold,10000000,ACTIVE
CARD07294,C07294,MasterCard,Platinum,100000000,ACTIVE
CARD07295,C07295,JCB,Classic,200000000,ACTIVE
CARD07296,C07296,MasterCard,Gold,500000000,ACTIVE
CARD07297,C07297,Amex,Infinite,10000000,ACTIVE
CARD07298,C07298,Amex,Platinum,500000000,ACTIVE
CARD07299,C07299,JCB,Gold,30000000,ACTIVE
CARD07300,C07300,JCB,Gold,10000000,ACTIVE
CARD07301,C07301,Amex,Infinite,100000000,ACTIVE
CARD07302,C07302,MasterCard,Platinum,500000000,ACTIVE
CARD07303,C07303,JCB,Classic,20000000,ACTIVE
CARD07304,C07304,MasterCard,Gold,50000000,ACTIVE
CARD07305,C07305,VISA,Platinum,50000000,ACTIVE
CARD07306,C07306,JCB,Platinum,10000000,ACTIVE
CARD07307,C07307,VISA,Gold,20000000,ACTIVE
CARD07308,C07308,Amex,Infinite,100000000,ACTIVE
CARD07309,C07309,VISA,Gold,20000000,ACTIVE
CARD07310,C07310,VISA,Platinum,200000000,ACTIVE
CARD07311,C07311,JCB,Gold,30000000,ACTIVE
CARD07312,C07312,MasterCard,Classic,100000000,ACTIVE
CARD07313,C07313,Amex,Platinum,50000000,ACTIVE
CARD07314,C07314,Amex,Gold,200000000,ACTIVE
CARD07315,C07315,Amex,Classic,20000000,ACTIVE
CARD07316,C07316,MasterCard,Gold,10000000,ACTIVE
CARD07317,C07317,VISA,Classic,30000000,ACTIVE
CARD07318,C07318,VISA,Infinite,500000000,ACTIVE
CARD07319,C07319,JCB,Infinite,30000000,ACTIVE
CARD07320,C07320,JCB,Gold,20000000,ACTIVE
CARD07321,C07321,VISA,Gold,10000000,ACTIVE
CARD07322,C07322,JCB,Platinum,500000000,ACTIVE
CARD07323,C07323,JCB,Gold,100000000,ACTIVE
CARD07324,C07324,Amex,Gold,100000000,BLOCKED
CARD07325,C07325,VISA,Gold,200000000,BLOCKED
CARD07326,C07326,JCB,Gold,500000000,ACTIVE
CARD07327,C07327,MasterCard,Classic,100000000,ACTIVE
CARD07328,C07328,VISA,Infinite,200000000,ACTIVE
CARD07329,C07329,MasterCard,Gold,10000000,ACTIVE
CARD07330,C07330,VISA,Platinum,50000000,ACTIVE
CARD07331,C07331,JCB,Gold,50000000,ACTIVE
CARD07332,C07332,MasterCard,Platinum,500000000,ACTIVE
CARD07333,C07333,MasterCard,Classic,100000000,ACTIVE
CARD07334,C07334,Amex,Platinum,200000000,ACTIVE
CARD07335,C07335,MasterCard,Gold,200000000,ACTIVE
CARD07336,C07336,Amex,Infinite,10000000,ACTIVE
CARD07337,C07337,Amex,Infinite,10000000,ACTIVE
CARD07338,C07338,Amex,Classic,10000000,ACTIVE
CARD07339,C07339,VISA,Classic,10000000,ACTIVE
CARD07340,C07340,MasterCard,Classic,500000000,ACTIVE
CARD07341,C07341,Amex,Platinum,500000000,ACTIVE
CARD07342,C07342,VISA,Platinum,30000000,ACTIVE
CARD07343,C07343,VISA,Classic,30000000,ACTIVE
CARD07344,C07344,Amex,Platinum,20000000,ACTIVE
CARD07345,C07345,JCB,Classic,500000000,ACTIVE
CARD07346,C07346,Amex,Platinum,30000000,ACTIVE
CARD07347,C07347,Amex,Classic,10000000,ACTIVE
CARD07348,C07348,VISA,Infinite,50000000,ACTIVE
CARD07349,C07349,Amex,Classic,200000000,ACTIVE
CARD07350,C07350,VISA,Infinite,10000000,ACTIVE
CARD07351,C07351,Amex,Classic,20000000,ACTIVE
CARD07352,C07352,MasterCard,Infinite,50000000,ACTIVE
CARD07353,C07353,VISA,Infinite,200000000,ACTIVE
CARD07354,C07354,Amex,Platinum,30000000,BLOCKED
CARD07355,C07355,MasterCard,Infinite,100000000,ACTIVE
CARD07356,C07356,JCB,Platinum,500000000,ACTIVE
CARD07357,C07357,MasterCard,Infinite,100000000,ACTIVE
CARD07358,C07358,Amex,Platinum,50000000,BLOCKED
CARD07359,C07359,VISA,Gold,20000000,ACTIVE
CARD07360,C07360,VISA,Gold,200000000,ACTIVE
CARD07361,C07361,JCB,Platinum,10000000,ACTIVE
CARD07362,C07362,MasterCard,Classic,100000000,ACTIVE
CARD07363,C07363,VISA,Platinum,10000000,ACTIVE
CARD07364,C07364,Amex,Classic,100000000,ACTIVE
CARD07365,C07365,Amex,Infinite,10000000,ACTIVE
CARD07366,C07366,MasterCard,Platinum,50000000,ACTIVE
CARD07367,C07367,JCB,Gold,500000000,ACTIVE
CARD07368,C07368,MasterCard,Classic,30000000,ACTIVE
CARD07369,C07369,MasterCard,Platinum,50000000,ACTIVE
CARD07370,C07370,VISA,Gold,50000000,ACTIVE
CARD07371,C07371,MasterCard,Platinum,50000000,ACTIVE
CARD07372,C07372,VISA,Classic,30000000,ACTIVE
CARD07373,C07373,Amex,Infinite,100000000,ACTIVE
CARD07374,C07374,JCB,Classic,20000000,ACTIVE
CARD07375,C07375,VISA,Classic,200000000,ACTIVE
CARD07376,C07376,Amex,Classic,20000000,ACTIVE
CARD07377,C07377,JCB,Gold,100000000,ACTIVE
CARD07378,C07378,MasterCard,Gold,30000000,ACTIVE
CARD07379,C07379,MasterCard,Platinum,20000000,ACTIVE
CARD07380,C07380,JCB,Platinum,100000000,BLOCKED
CARD07381,C07381,MasterCard,Classic,100000000,ACTIVE
CARD07382,C07382,VISA,Gold,500000000,ACTIVE
CARD07383,C07383,Amex,Classic,100000000,ACTIVE
CARD07384,C07384,Amex,Classic,200000000,ACTIVE
CARD07385,C07385,MasterCard,Platinum,200000000,ACTIVE
CARD07386,C07386,VISA,Gold,30000000,BLOCKED
CARD07387,C07387,MasterCard,Classic,20000000,ACTIVE
CARD07388,C07388,JCB,Classic,100000000,ACTIVE
CARD07389,C07389,VISA,Infinite,500000000,ACTIVE
CARD07390,C07390,VISA,Gold,100000000,ACTIVE
CARD07391,C07391,VISA,Classic,50000000,ACTIVE
CARD07392,C07392,VISA,Platinum,200000000,ACTIVE
CARD07393,C07393,MasterCard,Gold,10000000,ACTIVE
CARD07394,C07394,VISA,Classic,50000000,ACTIVE
CARD07395,C07395,JCB,Infinite,50000000,ACTIVE
CARD07396,C07396,JCB,Infinite,30000000,ACTIVE
CARD07397,C07397,JCB,Classic,20000000,ACTIVE
CARD07398,C07398,JCB,Infinite,20000000,ACTIVE
CARD07399,C07399,VISA,Platinum,200000000,ACTIVE
CARD07400,C07400,JCB,Platinum,30000000,ACTIVE
CARD07401,C07401,Amex,Infinite,10000000,ACTIVE
CARD07402,C07402,VISA,Gold,500000000,ACTIVE
CARD07403,C07403,VISA,Infinite,20000000,ACTIVE
CARD07404,C07404,Amex,Classic,30000000,ACTIVE
CARD07405,C07405,JCB,Platinum,50000000,ACTIVE
CARD07406,C07406,VISA,Gold,100000000,ACTIVE
CARD07407,C07407,JCB,Gold,20000000,ACTIVE
CARD07408,C07408,VISA,Gold,20000000,ACTIVE
CARD07409,C07409,VISA,Classic,10000000,ACTIVE
CARD07410,C07410,VISA,Platinum,30000000,ACTIVE
CARD07411,C07411,Amex,Classic,20000000,ACTIVE
CARD07412,C07412,JCB,Classic,30000000,ACTIVE
CARD07413,C07413,MasterCard,Platinum,100000000,ACTIVE
CARD07414,C07414,MasterCard,Platinum,10000000,ACTIVE
CARD07415,C07415,MasterCard,Infinite,100000000,ACTIVE
CARD07416,C07416,VISA,Platinum,10000000,ACTIVE
CARD07417,C07417,JCB,Platinum,100000000,ACTIVE
CARD07418,C07418,MasterCard,Platinum,30000000,ACTIVE
CARD07419,C07419,Amex,Platinum,500000000,ACTIVE
CARD07420,C07420,Amex,Classic,30000000,ACTIVE
CARD07421,C07421,JCB,Classic,500000000,ACTIVE
CARD07422,C07422,MasterCard,Gold,50000000,ACTIVE
CARD07423,C07423,Amex,Platinum,500000000,ACTIVE
CARD07424,C07424,Amex,Platinum,50000000,ACTIVE
CARD07425,C07425,MasterCard,Classic,10000000,ACTIVE
CARD07426,C07426,Amex,Gold,500000000,ACTIVE
CARD07427,C07427,MasterCard,Gold,200000000,ACTIVE
CARD07428,C07428,MasterCard,Classic,200000000,ACTIVE
CARD07429,C07429,MasterCard,Classic,200000000,ACTIVE
CARD07430,C07430,Amex,Gold,200000000,ACTIVE
CARD07431,C07431,JCB,Infinite,10000000,ACTIVE
CARD07432,C07432,VISA,Classic,500000000,ACTIVE
CARD07433,C07433,MasterCard,Platinum,10000000,ACTIVE
CARD07434,C07434,VISA,Infinite,20000000,ACTIVE
CARD07435,C07435,JCB,Platinum,200000000,ACTIVE
CARD07436,C07436,MasterCard,Platinum,200000000,ACTIVE
CARD07437,C07437,MasterCard,Classic,500000000,ACTIVE
CARD07438,C07438,Amex,Classic,50000000,ACTIVE
CARD07439,C07439,MasterCard,Infinite,50000000,ACTIVE
CARD07440,C07440,VISA,Gold,200000000,BLOCKED
CARD07441,C07441,VISA,Classic,10000000,ACTIVE
CARD07442,C07442,Amex,Infinite,20000000,ACTIVE
CARD07443,C07443,Amex,Classic,200000000,ACTIVE
CARD07444,C07444,JCB,Platinum,30000000,ACTIVE
CARD07445,C07445,MasterCard,Gold,100000000,ACTIVE
CARD07446,C07446,Amex,Infinite,20000000,ACTIVE
CARD07447,C07447,VISA,Classic,10000000,ACTIVE
CARD07448,C07448,VISA,Gold,20000000,ACTIVE
CARD07449,C07449,JCB,Infinite,20000000,BLOCKED
CARD07450,C07450,MasterCard,Gold,30000000,ACTIVE
CARD07451,C07451,JCB,Platinum,20000000,ACTIVE
CARD07452,C07452,Amex,Platinum,200000000,ACTIVE
CARD07453,C07453,MasterCard,Platinum,50000000,ACTIVE
CARD07454,C07454,JCB,Infinite,30000000,ACTIVE
CARD07455,C07455,VISA,Infinite,30000000,ACTIVE
CARD07456,C07456,Amex,Infinite,50000000,ACTIVE
CARD07457,C07457,JCB,Platinum,10000000,ACTIVE
CARD07458,C07458,VISA,Classic,10000000,ACTIVE
CARD07459,C07459,Amex,Gold,50000000,ACTIVE
CARD07460,C07460,MasterCard,Gold,200000000,ACTIVE
CARD07461,C07461,MasterCard,Infinite,100000000,ACTIVE
CARD07462,C07462,Amex,Classic,20000000,ACTIVE
CARD07463,C07463,JCB,Infinite,200000000,ACTIVE
CARD07464,C07464,VISA,Classic,50000000,ACTIVE
CARD07465,C07465,Amex,Classic,50000000,ACTIVE
CARD07466,C07466,VISA,Platinum,50000000,ACTIVE
CARD07467,C07467,VISA,Infinite,100000000,ACTIVE
CARD07468,C07468,MasterCard,Gold,500000000,ACTIVE
CARD07469,C07469,Amex,Classic,10000000,ACTIVE
CARD07470,C07470,Amex,Classic,50000000,ACTIVE
CARD07471,C07471,VISA,Classic,20000000,ACTIVE
CARD07472,C07472,MasterCard,Classic,500000000,ACTIVE
CARD07473,C07473,VISA,Platinum,50000000,ACTIVE
CARD07474,C07474,MasterCard,Platinum,50000000,BLOCKED
CARD07475,C07475,Amex,Platinum,20000000,ACTIVE
CARD07476,C07476,Amex,Classic,10000000,ACTIVE
CARD07477,C07477,VISA,Platinum,500000000,ACTIVE
CARD07478,C07478,JCB,Classic,500000000,ACTIVE
CARD07479,C07479,VISA,Gold,10000000,BLOCKED
CARD07480,C07480,Amex,Gold,30000000,ACTIVE
CARD07481,C07481,JCB,Classic,20000000,ACTIVE
CARD07482,C07482,JCB,Infinite,100000000,ACTIVE
CARD07483,C07483,VISA,Classic,100000000,ACTIVE
CARD07484,C07484,Amex,Platinum,30000000,ACTIVE
CARD07485,C07485,MasterCard,Platinum,50000000,ACTIVE
CARD07486,C07486,MasterCard,Infinite,500000000,ACTIVE
CARD07487,C07487,Amex,Infinite,500000000,ACTIVE
CARD07488,C07488,VISA,Gold,10000000,ACTIVE
CARD07489,C07489,JCB,Infinite,200000000,ACTIVE
CARD07490,C07490,JCB,Classic,10000000,ACTIVE
CARD07491,C07491,Amex,Infinite,500000000,BLOCKED
CARD07492,C07492,JCB,Classic,200000000,ACTIVE
CARD07493,C07493,JCB,Classic,20000000,ACTIVE
CARD07494,C07494,JCB,Infinite,20000000,ACTIVE
CARD07495,C07495,VISA,Infinite,50000000,ACTIVE
CARD07496,C07496,MasterCard,Classic,10000000,ACTIVE
CARD07497,C07497,VISA,Platinum,100000000,ACTIVE
CARD07498,C07498,JCB,Gold,100000000,ACTIVE
CARD07499,C07499,Amex,Platinum,200000000,ACTIVE
CARD07500,C07500,MasterCard,Gold,10000000,ACTIVE
CARD07501,C07501,Amex,Infinite,100000000,ACTIVE
CARD07502,C07502,VISA,Infinite,10000000,ACTIVE
CARD07503,C07503,MasterCard,Infinite,20000000,ACTIVE
CARD07504,C07504,Amex,Gold,10000000,ACTIVE
CARD07505,C07505,JCB,Platinum,500000000,ACTIVE
CARD07506,C07506,MasterCard,Infinite,50000000,ACTIVE
CARD07507,C07507,MasterCard,Classic,200000000,ACTIVE
CARD07508,C07508,Amex,Platinum,200000000,ACTIVE
CARD07509,C07509,Amex,Gold,50000000,ACTIVE
CARD07510,C07510,VISA,Gold,20000000,ACTIVE
CARD07511,C07511,VISA,Infinite,50000000,ACTIVE
CARD07512,C07512,JCB,Infinite,20000000,ACTIVE
CARD07513,C07513,VISA,Gold,30000000,ACTIVE
CARD07514,C07514,MasterCard,Platinum,50000000,ACTIVE
CARD07515,C07515,MasterCard,Infinite,10000000,ACTIVE
CARD07516,C07516,Amex,Classic,10000000,ACTIVE
CARD07517,C07517,Amex,Gold,10000000,ACTIVE
CARD07518,C07518,MasterCard,Classic,200000000,ACTIVE
CARD07519,C07519,Amex,Platinum,30000000,ACTIVE
CARD07520,C07520,MasterCard,Gold,30000000,ACTIVE
CARD07521,C07521,MasterCard,Platinum,50000000,ACTIVE
CARD07522,C07522,JCB,Classic,500000000,ACTIVE
CARD07523,C07523,Amex,Classic,10000000,ACTIVE
CARD07524,C07524,MasterCard,Infinite,500000000,BLOCKED
CARD07525,C07525,JCB,Infinite,10000000,ACTIVE
CARD07526,C07526,Amex,Gold,20000000,ACTIVE
CARD07527,C07527,Amex,Platinum,50000000,ACTIVE
CARD07528,C07528,MasterCard,Infinite,500000000,ACTIVE
CARD07529,C07529,Amex,Gold,500000000,ACTIVE
CARD07530,C07530,VISA,Gold,10000000,ACTIVE
CARD07531,C07531,MasterCard,Infinite,500000000,ACTIVE
CARD07532,C07532,JCB,Gold,100000000,ACTIVE
CARD07533,C07533,VISA,Gold,200000000,ACTIVE
CARD07534,C07534,Amex,Classic,100000000,ACTIVE
CARD07535,C07535,Amex,Gold,200000000,ACTIVE
CARD07536,C07536,Amex,Classic,500000000,ACTIVE
CARD07537,C07537,Amex,Platinum,100000000,ACTIVE
CARD07538,C07538,VISA,Classic,100000000,ACTIVE
CARD07539,C07539,Amex,Platinum,200000000,ACTIVE
CARD07540,C07540,JCB,Classic,10000000,ACTIVE
CARD07541,C07541,MasterCard,Infinite,30000000,ACTIVE
CARD07542,C07542,VISA,Platinum,500000000,ACTIVE
CARD07543,C07543,MasterCard,Infinite,100000000,ACTIVE
CARD07544,C07544,Amex,Platinum,200000000,ACTIVE
CARD07545,C07545,MasterCard,Classic,10000000,ACTIVE
CARD07546,C07546,VISA,Platinum,200000000,ACTIVE
CARD07547,C07547,Amex,Classic,200000000,ACTIVE
CARD07548,C07548,Amex,Infinite,500000000,ACTIVE
CARD07549,C07549,VISA,Infinite,30000000,ACTIVE
CARD07550,C07550,Amex,Platinum,20000000,ACTIVE
CARD07551,C07551,MasterCard,Classic,100000000,ACTIVE
CARD07552,C07552,VISA,Platinum,20000000,ACTIVE
CARD07553,C07553,JCB,Platinum,200000000,ACTIVE
CARD07554,C07554,VISA,Infinite,500000000,ACTIVE
CARD07555,C07555,VISA,Classic,20000000,ACTIVE
CARD07556,C07556,VISA,Gold,50000000,ACTIVE
CARD07557,C07557,MasterCard,Classic,30000000,ACTIVE
CARD07558,C07558,VISA,Platinum,500000000,ACTIVE
CARD07559,C07559,MasterCard,Platinum,100000000,ACTIVE
CARD07560,C07560,Amex,Infinite,100000000,ACTIVE
CARD07561,C07561,JCB,Gold,500000000,ACTIVE
CARD07562,C07562,MasterCard,Classic,500000000,ACTIVE
CARD07563,C07563,JCB,Gold,20000000,ACTIVE
CARD07564,C07564,VISA,Platinum,30000000,ACTIVE
CARD07565,C07565,MasterCard,Infinite,20000000,ACTIVE
CARD07566,C07566,VISA,Gold,30000000,ACTIVE
CARD07567,C07567,MasterCard,Gold,10000000,ACTIVE
CARD07568,C07568,MasterCard,Classic,10000000,ACTIVE
CARD07569,C07569,JCB,Classic,500000000,ACTIVE
CARD07570,C07570,JCB,Gold,50000000,ACTIVE
CARD07571,C07571,VISA,Platinum,30000000,ACTIVE
CARD07572,C07572,VISA,Classic,200000000,ACTIVE
CARD07573,C07573,MasterCard,Gold,200000000,ACTIVE
CARD07574,C07574,VISA,Gold,50000000,ACTIVE
CARD07575,C07575,JCB,Classic,200000000,ACTIVE
CARD07576,C07576,MasterCard,Classic,200000000,ACTIVE
CARD07577,C07577,Amex,Gold,20000000,ACTIVE
CARD07578,C07578,JCB,Platinum,100000000,ACTIVE
CARD07579,C07579,MasterCard,Gold,200000000,ACTIVE
CARD07580,C07580,JCB,Classic,200000000,ACTIVE
CARD07581,C07581,MasterCard,Gold,200000000,ACTIVE
CARD07582,C07582,JCB,Platinum,20000000,ACTIVE
CARD07583,C07583,JCB,Gold,200000000,ACTIVE
CARD07584,C07584,Amex,Gold,500000000,ACTIVE
CARD07585,C07585,Amex,Platinum,500000000,ACTIVE
CARD07586,C07586,Amex,Infinite,10000000,ACTIVE
CARD07587,C07587,MasterCard,Infinite,20000000,ACTIVE
CARD07588,C07588,JCB,Platinum,30000000,ACTIVE
CARD07589,C07589,MasterCard,Infinite,30000000,ACTIVE
CARD07590,C07590,MasterCard,Gold,30000000,ACTIVE
CARD07591,C07591,Amex,Gold,100000000,ACTIVE
CARD07592,C07592,Amex,Classic,30000000,ACTIVE
CARD07593,C07593,MasterCard,Infinite,50000000,ACTIVE
CARD07594,C07594,JCB,Platinum,50000000,ACTIVE
CARD07595,C07595,MasterCard,Gold,50000000,ACTIVE
CARD07596,C07596,Amex,Classic,200000000,ACTIVE
CARD07597,C07597,Amex,Infinite,50000000,ACTIVE
CARD07598,C07598,Amex,Gold,20000000,ACTIVE
CARD07599,C07599,VISA,Classic,100000000,ACTIVE
CARD07600,C07600,MasterCard,Infinite,500000000,ACTIVE
CARD07601,C07601,JCB,Classic,500000000,ACTIVE
CARD07602,C07602,VISA,Platinum,10000000,ACTIVE
CARD07603,C07603,JCB,Classic,30000000,ACTIVE
CARD07604,C07604,MasterCard,Platinum,200000000,ACTIVE
CARD07605,C07605,VISA,Classic,20000000,ACTIVE
CARD07606,C07606,VISA,Gold,30000000,ACTIVE
CARD07607,C07607,VISA,Gold,500000000,ACTIVE
CARD07608,C07608,VISA,Infinite,10000000,ACTIVE
CARD07609,C07609,Amex,Infinite,10000000,ACTIVE
CARD07610,C07610,VISA,Classic,10000000,ACTIVE
CARD07611,C07611,VISA,Platinum,20000000,ACTIVE
CARD07612,C07612,JCB,Infinite,50000000,ACTIVE
CARD07613,C07613,VISA,Platinum,500000000,ACTIVE
CARD07614,C07614,MasterCard,Platinum,500000000,ACTIVE
CARD07615,C07615,VISA,Platinum,100000000,ACTIVE
CARD07616,C07616,JCB,Infinite,100000000,BLOCKED
CARD07617,C07617,VISA,Gold,200000000,ACTIVE
CARD07618,C07618,Amex,Classic,500000000,ACTIVE
CARD07619,C07619,JCB,Platinum,100000000,ACTIVE
CARD07620,C07620,MasterCard,Infinite,50000000,ACTIVE
CARD07621,C07621,Amex,Infinite,50000000,ACTIVE
CARD07622,C07622,MasterCard,Infinite,20000000,ACTIVE
CARD07623,C07623,JCB,Infinite,50000000,ACTIVE
CARD07624,C07624,JCB,Gold,200000000,ACTIVE
CARD07625,C07625,JCB,Gold,20000000,ACTIVE
CARD07626,C07626,MasterCard,Gold,200000000,ACTIVE
CARD07627,C07627,Amex,Gold,500000000,BLOCKED
CARD07628,C07628,MasterCard,Platinum,100000000,ACTIVE
CARD07629,C07629,VISA,Gold,500000000,ACTIVE
CARD07630,C07630,Amex,Gold,30000000,ACTIVE
CARD07631,C07631,Amex,Infinite,500000000,ACTIVE
CARD07632,C07632,VISA,Gold,30000000,ACTIVE
CARD07633,C07633,Amex,Classic,50000000,ACTIVE
CARD07634,C07634,MasterCard,Infinite,50000000,ACTIVE
CARD07635,C07635,MasterCard,Infinite,50000000,ACTIVE
CARD07636,C07636,JCB,Gold,500000000,ACTIVE
CARD07637,C07637,MasterCard,Platinum,500000000,ACTIVE
CARD07638,C07638,MasterCard,Platinum,500000000,ACTIVE
CARD07639,C07639,MasterCard,Classic,500000000,ACTIVE
CARD07640,C07640,JCB,Gold,100000000,ACTIVE
CARD07641,C07641,VISA,Gold,30000000,ACTIVE
CARD07642,C07642,Amex,Classic,50000000,ACTIVE
CARD07643,C07643,VISA,Platinum,500000000,BLOCKED
CARD07644,C07644,JCB,Gold,50000000,ACTIVE
CARD07645,C07645,MasterCard,Platinum,500000000,ACTIVE
CARD07646,C07646,VISA,Classic,20000000,ACTIVE
CARD07647,C07647,VISA,Platinum,50000000,ACTIVE
CARD07648,C07648,Amex,Classic,500000000,ACTIVE
CARD07649,C07649,MasterCard,Platinum,10000000,ACTIVE
CARD07650,C07650,MasterCard,Infinite,100000000,ACTIVE
CARD07651,C07651,VISA,Gold,50000000,ACTIVE
CARD07652,C07652,Amex,Classic,500000000,ACTIVE
CARD07653,C07653,Amex,Classic,20000000,ACTIVE
CARD07654,C07654,MasterCard,Platinum,100000000,ACTIVE
CARD07655,C07655,MasterCard,Classic,30000000,ACTIVE
CARD07656,C07656,MasterCard,Infinite,10000000,ACTIVE
CARD07657,C07657,VISA,Platinum,20000000,ACTIVE
CARD07658,C07658,JCB,Classic,10000000,ACTIVE
CARD07659,C07659,VISA,Gold,30000000,ACTIVE
CARD07660,C07660,Amex,Classic,500000000,ACTIVE
CARD07661,C07661,JCB,Infinite,20000000,ACTIVE
CARD07662,C07662,MasterCard,Gold,20000000,ACTIVE
CARD07663,C07663,JCB,Infinite,30000000,ACTIVE
CARD07664,C07664,JCB,Gold,30000000,ACTIVE
CARD07665,C07665,Amex,Classic,20000000,ACTIVE
CARD07666,C07666,MasterCard,Platinum,100000000,ACTIVE
CARD07667,C07667,MasterCard,Infinite,200000000,ACTIVE
CARD07668,C07668,JCB,Platinum,100000000,ACTIVE
CARD07669,C07669,MasterCard,Platinum,10000000,ACTIVE
CARD07670,C07670,MasterCard,Infinite,50000000,ACTIVE
CARD07671,C07671,VISA,Infinite,100000000,ACTIVE
CARD07672,C07672,Amex,Platinum,100000000,BLOCKED
CARD07673,C07673,MasterCard,Platinum,10000000,ACTIVE
CARD07674,C07674,MasterCard,Gold,200000000,ACTIVE
CARD07675,C07675,Amex,Classic,10000000,ACTIVE
CARD07676,C07676,Amex,Gold,500000000,BLOCKED
CARD07677,C07677,JCB,Gold,20000000,ACTIVE
CARD07678,C07678,MasterCard,Gold,30000000,ACTIVE
CARD07679,C07679,VISA,Infinite,500000000,ACTIVE
CARD07680,C07680,Amex,Gold,200000000,ACTIVE
CARD07681,C07681,VISA,Classic,100000000,ACTIVE
CARD07682,C07682,MasterCard,Classic,30000000,ACTIVE
CARD07683,C07683,Amex,Platinum,10000000,ACTIVE
CARD07684,C07684,MasterCard,Gold,20000000,ACTIVE
CARD07685,C07685,MasterCard,Classic,200000000,ACTIVE
CARD07686,C07686,VISA,Classic,100000000,ACTIVE
CARD07687,C07687,Amex,Classic,100000000,ACTIVE
CARD07688,C07688,VISA,Infinite,200000000,ACTIVE
CARD07689,C07689,MasterCard,Classic,30000000,ACTIVE
CARD07690,C07690,Amex,Gold,100000000,ACTIVE
CARD07691,C07691,MasterCard,Infinite,200000000,ACTIVE
CARD07692,C07692,Amex,Platinum,200000000,ACTIVE
CARD07693,C07693,JCB,Infinite,30000000,ACTIVE
CARD07694,C07694,VISA,Infinite,20000000,ACTIVE
CARD07695,C07695,VISA,Gold,30000000,ACTIVE
CARD07696,C07696,Amex,Platinum,200000000,ACTIVE
CARD07697,C07697,JCB,Platinum,200000000,ACTIVE
CARD07698,C07698,MasterCard,Infinite,20000000,ACTIVE
CARD07699,C07699,JCB,Classic,100000000,ACTIVE
CARD07700,C07700,VISA,Gold,10000000,ACTIVE
CARD07701,C07701,VISA,Classic,500000000,ACTIVE
CARD07702,C07702,MasterCard,Platinum,100000000,ACTIVE
CARD07703,C07703,MasterCard,Platinum,200000000,ACTIVE
CARD07704,C07704,MasterCard,Classic,200000000,ACTIVE
CARD07705,C07705,JCB,Infinite,30000000,ACTIVE
CARD07706,C07706,VISA,Classic,50000000,ACTIVE
CARD07707,C07707,Amex,Platinum,500000000,ACTIVE
CARD07708,C07708,Amex,Platinum,50000000,ACTIVE
CARD07709,C07709,JCB,Gold,10000000,ACTIVE
CARD07710,C07710,Amex,Infinite,200000000,ACTIVE
CARD07711,C07711,JCB,Infinite,200000000,ACTIVE
CARD07712,C07712,MasterCard,Infinite,200000000,ACTIVE
CARD07713,C07713,JCB,Gold,20000000,ACTIVE
CARD07714,C07714,Amex,Gold,200000000,ACTIVE
CARD07715,C07715,Amex,Classic,20000000,ACTIVE
CARD07716,C07716,VISA,Platinum,10000000,ACTIVE
CARD07717,C07717,MasterCard,Infinite,100000000,ACTIVE
CARD07718,C07718,MasterCard,Platinum,100000000,ACTIVE
CARD07719,C07719,JCB,Platinum,50000000,ACTIVE
CARD07720,C07720,Amex,Gold,200000000,ACTIVE
CARD07721,C07721,JCB,Gold,10000000,ACTIVE
CARD07722,C07722,VISA,Infinite,50000000,BLOCKED
CARD07723,C07723,VISA,Classic,200000000,BLOCKED
CARD07724,C07724,Amex,Gold,500000000,ACTIVE
CARD07725,C07725,JCB,Platinum,200000000,ACTIVE
CARD07726,C07726,MasterCard,Platinum,10000000,ACTIVE
CARD07727,C07727,MasterCard,Infinite,500000000,ACTIVE
CARD07728,C07728,Amex,Platinum,100000000,ACTIVE
CARD07729,C07729,VISA,Gold,20000000,ACTIVE
CARD07730,C07730,VISA,Classic,10000000,ACTIVE
CARD07731,C07731,VISA,Infinite,200000000,ACTIVE
CARD07732,C07732,VISA,Infinite,30000000,ACTIVE
CARD07733,C07733,VISA,Gold,50000000,BLOCKED
CARD07734,C07734,MasterCard,Platinum,30000000,ACTIVE
CARD07735,C07735,VISA,Infinite,20000000,ACTIVE
CARD07736,C07736,MasterCard,Gold,10000000,ACTIVE
CARD07737,C07737,MasterCard,Classic,30000000,ACTIVE
CARD07738,C07738,JCB,Gold,50000000,ACTIVE
CARD07739,C07739,JCB,Classic,100000000,ACTIVE
CARD07740,C07740,JCB,Infinite,30000000,BLOCKED
CARD07741,C07741,JCB,Gold,20000000,BLOCKED
CARD07742,C07742,VISA,Classic,200000000,ACTIVE
CARD07743,C07743,Amex,Classic,100000000,ACTIVE
CARD07744,C07744,VISA,Infinite,50000000,ACTIVE
CARD07745,C07745,VISA,Infinite,100000000,ACTIVE
CARD07746,C07746,MasterCard,Gold,20000000,ACTIVE
CARD07747,C07747,MasterCard,Infinite,20000000,ACTIVE
CARD07748,C07748,MasterCard,Gold,100000000,ACTIVE
CARD07749,C07749,Amex,Gold,50000000,ACTIVE
CARD07750,C07750,MasterCard,Platinum,50000000,ACTIVE
CARD07751,C07751,Amex,Classic,100000000,ACTIVE
CARD07752,C07752,MasterCard,Infinite,10000000,ACTIVE
CARD07753,C07753,VISA,Classic,10000000,ACTIVE
CARD07754,C07754,VISA,Platinum,50000000,ACTIVE
CARD07755,C07755,Amex,Classic,50000000,ACTIVE
CARD07756,C07756,Amex,Infinite,200000000,ACTIVE
CARD07757,C07757,MasterCard,Platinum,200000000,ACTIVE
CARD07758,C07758,Amex,Gold,500000000,ACTIVE
CARD07759,C07759,VISA,Classic,200000000,ACTIVE
CARD07760,C07760,MasterCard,Infinite,30000000,ACTIVE
CARD07761,C07761,Amex,Infinite,10000000,ACTIVE
CARD07762,C07762,VISA,Infinite,10000000,ACTIVE
CARD07763,C07763,Amex,Platinum,30000000,ACTIVE
CARD07764,C07764,Amex,Infinite,100000000,ACTIVE
CARD07765,C07765,VISA,Infinite,50000000,ACTIVE
CARD07766,C07766,VISA,Platinum,500000000,ACTIVE
CARD07767,C07767,MasterCard,Gold,30000000,BLOCKED
CARD07768,C07768,Amex,Classic,20000000,ACTIVE
CARD07769,C07769,Amex,Gold,200000000,ACTIVE
CARD07770,C07770,MasterCard,Platinum,20000000,ACTIVE
CARD07771,C07771,VISA,Classic,50000000,ACTIVE
CARD07772,C07772,MasterCard,Platinum,20000000,ACTIVE
CARD07773,C07773,VISA,Gold,200000000,ACTIVE
CARD07774,C07774,MasterCard,Gold,30000000,ACTIVE
CARD07775,C07775,VISA,Classic,30000000,ACTIVE
CARD07776,C07776,MasterCard,Platinum,20000000,ACTIVE
CARD07777,C07777,VISA,Infinite,30000000,ACTIVE
CARD07778,C07778,JCB,Classic,200000000,ACTIVE
CARD07779,C07779,VISA,Platinum,20000000,ACTIVE
CARD07780,C07780,JCB,Classic,30000000,ACTIVE
CARD07781,C07781,Amex,Platinum,50000000,BLOCKED
CARD07782,C07782,VISA,Infinite,30000000,ACTIVE
CARD07783,C07783,MasterCard,Gold,200000000,ACTIVE
CARD07784,C07784,VISA,Infinite,20000000,ACTIVE
CARD07785,C07785,MasterCard,Platinum,100000000,BLOCKED
CARD07786,C07786,VISA,Infinite,50000000,ACTIVE
CARD07787,C07787,MasterCard,Gold,30000000,ACTIVE
CARD07788,C07788,JCB,Gold,30000000,ACTIVE
CARD07789,C07789,VISA,Gold,30000000,ACTIVE
CARD07790,C07790,VISA,Gold,500000000,BLOCKED
CARD07791,C07791,MasterCard,Classic,20000000,ACTIVE
CARD07792,C07792,MasterCard,Classic,200000000,ACTIVE
CARD07793,C07793,MasterCard,Infinite,50000000,ACTIVE
CARD07794,C07794,Amex,Gold,50000000,ACTIVE
CARD07795,C07795,VISA,Platinum,100000000,ACTIVE
CARD07796,C07796,JCB,Platinum,50000000,ACTIVE
CARD07797,C07797,VISA,Platinum,10000000,ACTIVE
CARD07798,C07798,Amex,Gold,20000000,ACTIVE
CARD07799,C07799,MasterCard,Gold,10000000,ACTIVE
CARD07800,C07800,Amex,Infinite,20000000,ACTIVE
CARD07801,C07801,MasterCard,Infinite,500000000,ACTIVE
CARD07802,C07802,Amex,Platinum,200000000,ACTIVE
CARD07803,C07803,JCB,Classic,500000000,ACTIVE
CARD07804,C07804,MasterCard,Infinite,20000000,ACTIVE
CARD07805,C07805,JCB,Infinite,10000000,ACTIVE
CARD07806,C07806,Amex,Classic,30000000,ACTIVE
CARD07807,C07807,MasterCard,Gold,100000000,ACTIVE
CARD07808,C07808,MasterCard,Classic,10000000,ACTIVE
CARD07809,C07809,JCB,Gold,100000000,ACTIVE
CARD07810,C07810,MasterCard,Gold,10000000,ACTIVE
CARD07811,C07811,JCB,Platinum,30000000,ACTIVE
CARD07812,C07812,VISA,Infinite,500000000,ACTIVE
CARD07813,C07813,VISA,Platinum,50000000,ACTIVE
CARD07814,C07814,Amex,Platinum,20000000,ACTIVE
CARD07815,C07815,MasterCard,Platinum,30000000,ACTIVE
CARD07816,C07816,Amex,Infinite,50000000,ACTIVE
CARD07817,C07817,Amex,Infinite,20000000,ACTIVE
CARD07818,C07818,VISA,Gold,200000000,ACTIVE
CARD07819,C07819,VISA,Gold,200000000,ACTIVE
CARD07820,C07820,Amex,Gold,500000000,ACTIVE
CARD07821,C07821,VISA,Gold,200000000,ACTIVE
CARD07822,C07822,VISA,Gold,100000000,ACTIVE
CARD07823,C07823,MasterCard,Classic,50000000,ACTIVE
CARD07824,C07824,Amex,Classic,10000000,ACTIVE
CARD07825,C07825,JCB,Classic,10000000,ACTIVE
CARD07826,C07826,Amex,Infinite,10000000,ACTIVE
CARD07827,C07827,JCB,Gold,10000000,ACTIVE
CARD07828,C07828,VISA,Gold,200000000,ACTIVE
CARD07829,C07829,MasterCard,Infinite,10000000,ACTIVE
CARD07830,C07830,MasterCard,Gold,20000000,ACTIVE
CARD07831,C07831,Amex,Classic,20000000,ACTIVE
CARD07832,C07832,VISA,Classic,500000000,ACTIVE
CARD07833,C07833,MasterCard,Gold,50000000,ACTIVE
CARD07834,C07834,JCB,Infinite,10000000,ACTIVE
CARD07835,C07835,VISA,Infinite,20000000,ACTIVE
CARD07836,C07836,Amex,Infinite,30000000,BLOCKED
CARD07837,C07837,Amex,Platinum,10000000,BLOCKED
CARD07838,C07838,MasterCard,Gold,20000000,ACTIVE
CARD07839,C07839,JCB,Classic,500000000,ACTIVE
CARD07840,C07840,Amex,Gold,10000000,ACTIVE
CARD07841,C07841,VISA,Gold,20000000,ACTIVE
CARD07842,C07842,Amex,Platinum,20000000,ACTIVE
CARD07843,C07843,MasterCard,Infinite,200000000,ACTIVE
CARD07844,C07844,JCB,Infinite,10000000,ACTIVE
CARD07845,C07845,MasterCard,Platinum,20000000,ACTIVE
CARD07846,C07846,Amex,Platinum,30000000,ACTIVE
CARD07847,C07847,Amex,Gold,200000000,ACTIVE
CARD07848,C07848,VISA,Classic,200000000,ACTIVE
CARD07849,C07849,VISA,Infinite,200000000,ACTIVE
CARD07850,C07850,VISA,Classic,50000000,ACTIVE
CARD07851,C07851,MasterCard,Infinite,200000000,ACTIVE
CARD07852,C07852,Amex,Gold,500000000,ACTIVE
CARD07853,C07853,VISA,Platinum,30000000,ACTIVE
CARD07854,C07854,JCB,Classic,30000000,ACTIVE
CARD07855,C07855,VISA,Infinite,200000000,ACTIVE
CARD07856,C07856,JCB,Classic,200000000,ACTIVE
CARD07857,C07857,Amex,Classic,200000000,ACTIVE
CARD07858,C07858,JCB,Classic,20000000,ACTIVE
CARD07859,C07859,Amex,Infinite,20000000,ACTIVE
CARD07860,C07860,Amex,Infinite,100000000,ACTIVE
CARD07861,C07861,MasterCard,Platinum,500000000,ACTIVE
CARD07862,C07862,VISA,Gold,50000000,ACTIVE
CARD07863,C07863,Amex,Gold,200000000,BLOCKED
CARD07864,C07864,VISA,Gold,50000000,ACTIVE
CARD07865,C07865,VISA,Infinite,500000000,ACTIVE
CARD07866,C07866,VISA,Gold,100000000,BLOCKED
CARD07867,C07867,MasterCard,Infinite,20000000,ACTIVE
CARD07868,C07868,VISA,Platinum,50000000,ACTIVE
CARD07869,C07869,VISA,Infinite,100000000,ACTIVE
CARD07870,C07870,Amex,Classic,20000000,ACTIVE
CARD07871,C07871,VISA,Classic,500000000,ACTIVE
CARD07872,C07872,JCB,Platinum,20000000,ACTIVE
CARD07873,C07873,Amex,Classic,500000000,ACTIVE
CARD07874,C07874,MasterCard,Gold,50000000,ACTIVE
CARD07875,C07875,VISA,Gold,10000000,ACTIVE
CARD07876,C07876,MasterCard,Platinum,10000000,ACTIVE
CARD07877,C07877,MasterCard,Infinite,30000000,ACTIVE
CARD07878,C07878,Amex,Classic,500000000,ACTIVE
CARD07879,C07879,Amex,Platinum,10000000,BLOCKED
CARD07880,C07880,VISA,Infinite,100000000,ACTIVE
CARD07881,C07881,JCB,Classic,100000000,ACTIVE
CARD07882,C07882,Amex,Gold,20000000,ACTIVE
CARD07883,C07883,Amex,Classic,30000000,ACTIVE
CARD07884,C07884,Amex,Gold,50000000,ACTIVE
CARD07885,C07885,MasterCard,Platinum,200000000,ACTIVE
CARD07886,C07886,JCB,Classic,500000000,ACTIVE
CARD07887,C07887,JCB,Gold,20000000,ACTIVE
CARD07888,C07888,VISA,Platinum,500000000,ACTIVE
CARD07889,C07889,JCB,Infinite,200000000,ACTIVE
CARD07890,C07890,VISA,Platinum,10000000,ACTIVE
CARD07891,C07891,Amex,Platinum,200000000,ACTIVE
CARD07892,C07892,VISA,Classic,200000000,ACTIVE
CARD07893,C07893,JCB,Classic,20000000,ACTIVE
CARD07894,C07894,MasterCard,Classic,50000000,ACTIVE
CARD07895,C07895,MasterCard,Gold,200000000,ACTIVE
CARD07896,C07896,MasterCard,Platinum,50000000,ACTIVE
CARD07897,C07897,MasterCard,Infinite,30000000,ACTIVE
CARD07898,C07898,Amex,Infinite,10000000,ACTIVE
CARD07899,C07899,JCB,Infinite,500000000,ACTIVE
CARD07900,C07900,VISA,Gold,500000000,ACTIVE
CARD07901,C07901,Amex,Platinum,30000000,ACTIVE
CARD07902,C07902,MasterCard,Platinum,50000000,ACTIVE
CARD07903,C07903,MasterCard,Gold,200000000,ACTIVE
CARD07904,C07904,Amex,Platinum,500000000,ACTIVE
CARD07905,C07905,JCB,Infinite,20000000,ACTIVE
CARD07906,C07906,JCB,Classic,20000000,ACTIVE
CARD07907,C07907,JCB,Platinum,50000000,ACTIVE
CARD07908,C07908,VISA,Platinum,500000000,ACTIVE
CARD07909,C07909,Amex,Infinite,200000000,ACTIVE
CARD07910,C07910,VISA,Platinum,50000000,ACTIVE
CARD07911,C07911,MasterCard,Gold,500000000,ACTIVE
CARD07912,C07912,VISA,Classic,20000000,ACTIVE
CARD07913,C07913,Amex,Platinum,200000000,ACTIVE
CARD07914,C07914,JCB,Gold,500000000,ACTIVE
CARD07915,C07915,Amex,Classic,30000000,ACTIVE
CARD07916,C07916,Amex,Infinite,20000000,ACTIVE
CARD07917,C07917,MasterCard,Gold,200000000,ACTIVE
CARD07918,C07918,MasterCard,Platinum,50000000,ACTIVE
CARD07919,C07919,Amex,Gold,10000000,ACTIVE
CARD07920,C07920,MasterCard,Classic,500000000,ACTIVE
CARD07921,C07921,VISA,Infinite,30000000,ACTIVE
CARD07922,C07922,MasterCard,Platinum,50000000,ACTIVE
CARD07923,C07923,Amex,Platinum,50000000,ACTIVE
CARD07924,C07924,JCB,Infinite,50000000,ACTIVE
CARD07925,C07925,JCB,Classic,30000000,ACTIVE
CARD07926,C07926,VISA,Platinum,10000000,ACTIVE
CARD07927,C07927,VISA,Classic,10000000,ACTIVE
CARD07928,C07928,VISA,Infinite,200000000,ACTIVE
CARD07929,C07929,VISA,Classic,200000000,ACTIVE
CARD07930,C07930,Amex,Platinum,100000000,ACTIVE
CARD07931,C07931,JCB,Classic,30000000,ACTIVE
CARD07932,C07932,Amex,Classic,100000000,ACTIVE
CARD07933,C07933,VISA,Gold,500000000,ACTIVE
CARD07934,C07934,Amex,Classic,50000000,ACTIVE
CARD07935,C07935,VISA,Infinite,500000000,ACTIVE
CARD07936,C07936,Amex,Gold,50000000,ACTIVE
CARD07937,C07937,Amex,Classic,500000000,ACTIVE
CARD07938,C07938,JCB,Platinum,200000000,ACTIVE
CARD07939,C07939,VISA,Platinum,20000000,ACTIVE
CARD07940,C07940,VISA,Platinum,10000000,ACTIVE
CARD07941,C07941,JCB,Platinum,10000000,ACTIVE
CARD07942,C07942,JCB,Infinite,100000000,ACTIVE
CARD07943,C07943,JCB,Gold,20000000,ACTIVE
CARD07944,C07944,MasterCard,Classic,50000000,ACTIVE
CARD07945,C07945,MasterCard,Gold,20000000,ACTIVE
CARD07946,C07946,VISA,Classic,50000000,ACTIVE
CARD07947,C07947,JCB,Platinum,30000000,ACTIVE
CARD07948,C07948,JCB,Platinum,500000000,ACTIVE
CARD07949,C07949,MasterCard,Platinum,20000000,ACTIVE
CARD07950,C07950,Amex,Classic,200000000,ACTIVE
CARD07951,C07951,Amex,Gold,500000000,ACTIVE
CARD07952,C07952,VISA,Platinum,50000000,ACTIVE
CARD07953,C07953,MasterCard,Classic,10000000,ACTIVE
CARD07954,C07954,VISA,Gold,30000000,BLOCKED
CARD07955,C07955,JCB,Classic,50000000,ACTIVE
CARD07956,C07956,MasterCard,Infinite,200000000,ACTIVE
CARD07957,C07957,VISA,Classic,500000000,ACTIVE
CARD07958,C07958,MasterCard,Gold,30000000,ACTIVE
CARD07959,C07959,MasterCard,Platinum,50000000,ACTIVE
CARD07960,C07960,VISA,Classic,20000000,ACTIVE
CARD07961,C07961,VISA,Platinum,500000000,BLOCKED
CARD07962,C07962,JCB,Infinite,30000000,ACTIVE
CARD07963,C07963,MasterCard,Classic,10000000,ACTIVE
CARD07964,C07964,JCB,Infinite,100000000,ACTIVE
CARD07965,C07965,Amex,Platinum,500000000,ACTIVE
CARD07966,C07966,MasterCard,Gold,30000000,ACTIVE
CARD07967,C07967,JCB,Gold,50000000,ACTIVE
CARD07968,C07968,MasterCard,Classic,50000000,ACTIVE
CARD07969,C07969,MasterCard,Platinum,500000000,ACTIVE
CARD07970,C07970,Amex,Platinum,50000000,ACTIVE
CARD07971,C07971,Amex,Gold,10000000,ACTIVE
CARD07972,C07972,MasterCard,Platinum,50000000,ACTIVE
CARD07973,C07973,JCB,Gold,500000000,BLOCKED
CARD07974,C07974,VISA,Gold,10000000,ACTIVE
CARD07975,C07975,MasterCard,Infinite,500000000,ACTIVE
CARD07976,C07976,Amex,Platinum,30000000,BLOCKED
CARD07977,C07977,MasterCard,Gold,200000000,ACTIVE
CARD07978,C07978,JCB,Classic,100000000,ACTIVE
CARD07979,C07979,Amex,Platinum,500000000,BLOCKED
CARD07980,C07980,Amex,Classic,200000000,ACTIVE
CARD07981,C07981,JCB,Gold,100000000,ACTIVE
CARD07982,C07982,JCB,Infinite,50000000,ACTIVE
CARD07983,C07983,Amex,Gold,50000000,ACTIVE
CARD07984,C07984,Amex,Platinum,30000000,ACTIVE
CARD07985,C07985,MasterCard,Classic,10000000,ACTIVE
CARD07986,C07986,Amex,Classic,10000000,ACTIVE
CARD07987,C07987,JCB,Infinite,30000000,ACTIVE
CARD07988,C07988,VISA,Platinum,20000000,ACTIVE
CARD07989,C07989,MasterCard,Gold,10000000,ACTIVE
CARD07990,C07990,Amex,Classic,100000000,ACTIVE
CARD07991,C07991,JCB,Platinum,500000000,ACTIVE
CARD07992,C07992,VISA,Platinum,30000000,ACTIVE
CARD07993,C07993,MasterCard,Classic,100000000,ACTIVE
CARD07994,C07994,MasterCard,Infinite,20000000,ACTIVE
CARD07995,C07995,Amex,Platinum,20000000,BLOCKED
CARD07996,C07996,MasterCard,Platinum,200000000,ACTIVE
CARD07997,C07997,Amex,Infinite,30000000,ACTIVE
CARD07998,C07998,MasterCard,Infinite,50000000,ACTIVE
CARD07999,C07999,VISA,Infinite,500000000,ACTIVE
CARD08000,C08000,JCB,Gold,10000000,ACTIVE
CARD08001,C08001,VISA,Classic,200000000,ACTIVE
CARD08002,C08002,JCB,Classic,10000000,BLOCKED
CARD08003,C08003,Amex,Platinum,10000000,ACTIVE
CARD08004,C08004,MasterCard,Infinite,20000000,ACTIVE
CARD08005,C08005,Amex,Platinum,50000000,ACTIVE
CARD08006,C08006,MasterCard,Gold,100000000,ACTIVE
CARD08007,C08007,Amex,Infinite,100000000,ACTIVE
CARD08008,C08008,JCB,Gold,500000000,ACTIVE
CARD08009,C08009,VISA,Infinite,30000000,ACTIVE
CARD08010,C08010,VISA,Gold,10000000,ACTIVE
CARD08011,C08011,JCB,Infinite,20000000,ACTIVE
CARD08012,C08012,MasterCard,Gold,200000000,ACTIVE
CARD08013,C08013,JCB,Platinum,50000000,ACTIVE
CARD08014,C08014,MasterCard,Classic,20000000,ACTIVE
CARD08015,C08015,JCB,Platinum,30000000,ACTIVE
CARD08016,C08016,MasterCard,Gold,200000000,ACTIVE
CARD08017,C08017,VISA,Platinum,10000000,ACTIVE
CARD08018,C08018,VISA,Platinum,200000000,BLOCKED
CARD08019,C08019,JCB,Infinite,500000000,ACTIVE
CARD08020,C08020,MasterCard,Classic,200000000,ACTIVE
CARD08021,C08021,Amex,Gold,50000000,ACTIVE
CARD08022,C08022,MasterCard,Infinite,50000000,ACTIVE
CARD08023,C08023,MasterCard,Gold,500000000,ACTIVE
CARD08024,C08024,Amex,Gold,10000000,ACTIVE
CARD08025,C08025,Amex,Infinite,30000000,ACTIVE
CARD08026,C08026,VISA,Platinum,100000000,ACTIVE
CARD08027,C08027,VISA,Gold,500000000,ACTIVE
CARD08028,C08028,MasterCard,Infinite,30000000,ACTIVE
CARD08029,C08029,VISA,Gold,500000000,ACTIVE
CARD08030,C08030,JCB,Platinum,30000000,ACTIVE
CARD08031,C08031,MasterCard,Infinite,500000000,ACTIVE
CARD08032,C08032,JCB,Infinite,20000000,ACTIVE
CARD08033,C08033,JCB,Gold,30000000,ACTIVE
CARD08034,C08034,Amex,Infinite,100000000,BLOCKED
CARD08035,C08035,VISA,Infinite,100000000,ACTIVE
CARD08036,C08036,JCB,Platinum,500000000,ACTIVE
CARD08037,C08037,JCB,Gold,500000000,ACTIVE
CARD08038,C08038,VISA,Infinite,50000000,ACTIVE
CARD08039,C08039,JCB,Platinum,20000000,ACTIVE
CARD08040,C08040,MasterCard,Infinite,100000000,ACTIVE
CARD08041,C08041,MasterCard,Infinite,30000000,ACTIVE
CARD08042,C08042,Amex,Platinum,50000000,BLOCKED
CARD08043,C08043,VISA,Infinite,100000000,ACTIVE
CARD08044,C08044,JCB,Classic,10000000,ACTIVE
CARD08045,C08045,Amex,Gold,10000000,ACTIVE
CARD08046,C08046,JCB,Gold,30000000,ACTIVE
CARD08047,C08047,VISA,Classic,500000000,ACTIVE
CARD08048,C08048,Amex,Gold,50000000,ACTIVE
CARD08049,C08049,JCB,Gold,20000000,ACTIVE
CARD08050,C08050,JCB,Classic,50000000,ACTIVE
CARD08051,C08051,JCB,Infinite,50000000,ACTIVE
CARD08052,C08052,JCB,Gold,500000000,ACTIVE
CARD08053,C08053,JCB,Platinum,10000000,ACTIVE
CARD08054,C08054,JCB,Gold,10000000,ACTIVE
CARD08055,C08055,VISA,Gold,500000000,ACTIVE
CARD08056,C08056,Amex,Platinum,10000000,ACTIVE
CARD08057,C08057,MasterCard,Classic,500000000,ACTIVE
CARD08058,C08058,MasterCard,Gold,200000000,ACTIVE
CARD08059,C08059,MasterCard,Gold,200000000,ACTIVE
CARD08060,C08060,VISA,Classic,50000000,ACTIVE
CARD08061,C08061,Amex,Platinum,500000000,ACTIVE
CARD08062,C08062,VISA,Infinite,200000000,ACTIVE
CARD08063,C08063,MasterCard,Gold,20000000,ACTIVE
CARD08064,C08064,VISA,Gold,30000000,ACTIVE
CARD08065,C08065,JCB,Classic,10000000,ACTIVE
CARD08066,C08066,VISA,Gold,30000000,ACTIVE
CARD08067,C08067,MasterCard,Infinite,500000000,ACTIVE
CARD08068,C08068,Amex,Classic,20000000,ACTIVE
CARD08069,C08069,MasterCard,Platinum,500000000,ACTIVE
CARD08070,C08070,JCB,Classic,100000000,ACTIVE
CARD08071,C08071,Amex,Platinum,50000000,ACTIVE
CARD08072,C08072,Amex,Platinum,30000000,ACTIVE
CARD08073,C08073,Amex,Platinum,10000000,ACTIVE
CARD08074,C08074,JCB,Platinum,100000000,ACTIVE
CARD08075,C08075,JCB,Gold,200000000,ACTIVE
CARD08076,C08076,VISA,Gold,200000000,ACTIVE
CARD08077,C08077,MasterCard,Infinite,50000000,ACTIVE
CARD08078,C08078,MasterCard,Infinite,200000000,ACTIVE
CARD08079,C08079,Amex,Gold,50000000,ACTIVE
CARD08080,C08080,VISA,Infinite,30000000,ACTIVE
CARD08081,C08081,VISA,Gold,50000000,ACTIVE
CARD08082,C08082,JCB,Platinum,100000000,ACTIVE
CARD08083,C08083,MasterCard,Gold,200000000,ACTIVE
CARD08084,C08084,VISA,Gold,20000000,ACTIVE
CARD08085,C08085,JCB,Platinum,10000000,BLOCKED
CARD08086,C08086,JCB,Gold,50000000,ACTIVE
CARD08087,C08087,VISA,Infinite,20000000,ACTIVE
CARD08088,C08088,Amex,Classic,200000000,ACTIVE
CARD08089,C08089,Amex,Platinum,100000000,ACTIVE
CARD08090,C08090,VISA,Classic,30000000,ACTIVE
CARD08091,C08091,VISA,Platinum,30000000,ACTIVE
CARD08092,C08092,Amex,Classic,500000000,ACTIVE
CARD08093,C08093,VISA,Infinite,200000000,ACTIVE
CARD08094,C08094,VISA,Platinum,200000000,ACTIVE
CARD08095,C08095,MasterCard,Classic,500000000,ACTIVE
CARD08096,C08096,VISA,Platinum,50000000,ACTIVE
CARD08097,C08097,Amex,Classic,30000000,ACTIVE
CARD08098,C08098,JCB,Infinite,20000000,ACTIVE
CARD08099,C08099,VISA,Gold,10000000,ACTIVE
CARD08100,C08100,VISA,Classic,100000000,ACTIVE
CARD08101,C08101,JCB,Infinite,50000000,ACTIVE
CARD08102,C08102,JCB,Gold,500000000,ACTIVE
CARD08103,C08103,MasterCard,Gold,500000000,ACTIVE
CARD08104,C08104,MasterCard,Gold,500000000,ACTIVE
CARD08105,C08105,JCB,Classic,500000000,ACTIVE
CARD08106,C08106,Amex,Gold,30000000,ACTIVE
CARD08107,C08107,MasterCard,Infinite,200000000,ACTIVE
CARD08108,C08108,VISA,Infinite,200000000,ACTIVE
CARD08109,C08109,MasterCard,Gold,30000000,ACTIVE
CARD08110,C08110,VISA,Infinite,500000000,ACTIVE
CARD08111,C08111,JCB,Infinite,200000000,BLOCKED
CARD08112,C08112,Amex,Gold,500000000,ACTIVE
CARD08113,C08113,VISA,Infinite,500000000,ACTIVE
CARD08114,C08114,MasterCard,Platinum,30000000,ACTIVE
CARD08115,C08115,JCB,Infinite,500000000,ACTIVE
CARD08116,C08116,JCB,Gold,20000000,ACTIVE
CARD08117,C08117,Amex,Infinite,500000000,ACTIVE
CARD08118,C08118,Amex,Platinum,50000000,ACTIVE
CARD08119,C08119,MasterCard,Gold,10000000,ACTIVE
CARD08120,C08120,VISA,Infinite,30000000,ACTIVE
CARD08121,C08121,Amex,Gold,30000000,ACTIVE
CARD08122,C08122,Amex,Gold,50000000,ACTIVE
CARD08123,C08123,Amex,Platinum,10000000,ACTIVE
CARD08124,C08124,JCB,Platinum,200000000,ACTIVE
CARD08125,C08125,JCB,Classic,100000000,ACTIVE
CARD08126,C08126,VISA,Gold,30000000,ACTIVE
CARD08127,C08127,JCB,Classic,100000000,ACTIVE
CARD08128,C08128,MasterCard,Gold,100000000,ACTIVE
CARD08129,C08129,MasterCard,Infinite,100000000,BLOCKED
CARD08130,C08130,MasterCard,Platinum,100000000,ACTIVE
CARD08131,C08131,VISA,Infinite,50000000,ACTIVE
CARD08132,C08132,VISA,Platinum,30000000,ACTIVE
CARD08133,C08133,MasterCard,Infinite,50000000,ACTIVE
CARD08134,C08134,VISA,Gold,500000000,ACTIVE
CARD08135,C08135,MasterCard,Classic,30000000,ACTIVE
CARD08136,C08136,Amex,Classic,20000000,ACTIVE
CARD08137,C08137,JCB,Platinum,30000000,ACTIVE
CARD08138,C08138,VISA,Gold,200000000,ACTIVE
CARD08139,C08139,VISA,Gold,100000000,ACTIVE
CARD08140,C08140,MasterCard,Platinum,100000000,ACTIVE
CARD08141,C08141,Amex,Infinite,200000000,ACTIVE
CARD08142,C08142,VISA,Gold,100000000,ACTIVE
CARD08143,C08143,Amex,Gold,50000000,ACTIVE
CARD08144,C08144,Amex,Platinum,500000000,ACTIVE
CARD08145,C08145,MasterCard,Gold,10000000,ACTIVE
CARD08146,C08146,Amex,Platinum,50000000,ACTIVE
CARD08147,C08147,MasterCard,Platinum,30000000,ACTIVE
CARD08148,C08148,MasterCard,Classic,50000000,ACTIVE
CARD08149,C08149,MasterCard,Infinite,100000000,ACTIVE
CARD08150,C08150,JCB,Classic,30000000,ACTIVE
CARD08151,C08151,JCB,Infinite,500000000,BLOCKED
CARD08152,C08152,MasterCard,Gold,50000000,ACTIVE
CARD08153,C08153,VISA,Platinum,10000000,ACTIVE
CARD08154,C08154,VISA,Gold,100000000,ACTIVE
CARD08155,C08155,JCB,Platinum,30000000,ACTIVE
CARD08156,C08156,VISA,Classic,100000000,ACTIVE
CARD08157,C08157,MasterCard,Classic,50000000,ACTIVE
CARD08158,C08158,MasterCard,Gold,100000000,ACTIVE
CARD08159,C08159,Amex,Classic,10000000,ACTIVE
CARD08160,C08160,Amex,Infinite,500000000,ACTIVE
CARD08161,C08161,VISA,Platinum,10000000,ACTIVE
CARD08162,C08162,JCB,Gold,30000000,ACTIVE
CARD08163,C08163,MasterCard,Platinum,500000000,ACTIVE
CARD08164,C08164,MasterCard,Gold,500000000,ACTIVE
CARD08165,C08165,MasterCard,Infinite,500000000,ACTIVE
CARD08166,C08166,VISA,Infinite,30000000,ACTIVE
CARD08167,C08167,Amex,Gold,10000000,ACTIVE
CARD08168,C08168,JCB,Classic,200000000,ACTIVE
CARD08169,C08169,MasterCard,Gold,100000000,ACTIVE
CARD08170,C08170,JCB,Platinum,100000000,ACTIVE
CARD08171,C08171,Amex,Infinite,20000000,ACTIVE
CARD08172,C08172,VISA,Gold,30000000,ACTIVE
CARD08173,C08173,JCB,Gold,50000000,ACTIVE
CARD08174,C08174,MasterCard,Gold,30000000,ACTIVE
CARD08175,C08175,Amex,Classic,20000000,ACTIVE
CARD08176,C08176,VISA,Gold,100000000,ACTIVE
CARD08177,C08177,Amex,Classic,10000000,ACTIVE
CARD08178,C08178,MasterCard,Platinum,20000000,ACTIVE
CARD08179,C08179,Amex,Platinum,100000000,ACTIVE
CARD08180,C08180,JCB,Classic,10000000,ACTIVE
CARD08181,C08181,VISA,Classic,20000000,ACTIVE
CARD08182,C08182,VISA,Infinite,50000000,ACTIVE
CARD08183,C08183,MasterCard,Classic,20000000,ACTIVE
CARD08184,C08184,JCB,Classic,10000000,ACTIVE
CARD08185,C08185,Amex,Classic,500000000,ACTIVE
CARD08186,C08186,JCB,Gold,10000000,ACTIVE
CARD08187,C08187,MasterCard,Classic,100000000,ACTIVE
CARD08188,C08188,JCB,Gold,100000000,BLOCKED
CARD08189,C08189,Amex,Classic,200000000,ACTIVE
CARD08190,C08190,JCB,Infinite,200000000,ACTIVE
CARD08191,C08191,JCB,Infinite,100000000,ACTIVE
CARD08192,C08192,MasterCard,Gold,100000000,ACTIVE
CARD08193,C08193,MasterCard,Infinite,500000000,BLOCKED
CARD08194,C08194,VISA,Classic,200000000,ACTIVE
CARD08195,C08195,Amex,Classic,20000000,ACTIVE
CARD08196,C08196,JCB,Classic,200000000,ACTIVE
CARD08197,C08197,Amex,Classic,200000000,ACTIVE
CARD08198,C08198,Amex,Infinite,30000000,ACTIVE
CARD08199,C08199,JCB,Infinite,50000000,ACTIVE
CARD08200,C08200,Amex,Classic,100000000,ACTIVE
CARD08201,C08201,MasterCard,Platinum,100000000,ACTIVE
CARD08202,C08202,MasterCard,Classic,10000000,ACTIVE
CARD08203,C08203,MasterCard,Platinum,500000000,ACTIVE
CARD08204,C08204,MasterCard,Infinite,500000000,ACTIVE
CARD08205,C08205,JCB,Classic,50000000,ACTIVE
CARD08206,C08206,VISA,Platinum,30000000,ACTIVE
CARD08207,C08207,JCB,Classic,10000000,ACTIVE
CARD08208,C08208,VISA,Gold,200000000,ACTIVE
CARD08209,C08209,MasterCard,Infinite,20000000,ACTIVE
CARD08210,C08210,VISA,Platinum,10000000,ACTIVE
CARD08211,C08211,MasterCard,Classic,10000000,ACTIVE
CARD08212,C08212,Amex,Classic,100000000,ACTIVE
CARD08213,C08213,JCB,Classic,100000000,ACTIVE
CARD08214,C08214,VISA,Infinite,100000000,BLOCKED
CARD08215,C08215,MasterCard,Gold,50000000,ACTIVE
CARD08216,C08216,JCB,Classic,10000000,BLOCKED
CARD08217,C08217,VISA,Gold,100000000,ACTIVE
CARD08218,C08218,VISA,Platinum,30000000,ACTIVE
CARD08219,C08219,Amex,Platinum,10000000,ACTIVE
CARD08220,C08220,VISA,Classic,100000000,ACTIVE
CARD08221,C08221,VISA,Infinite,20000000,ACTIVE
CARD08222,C08222,JCB,Gold,200000000,ACTIVE
CARD08223,C08223,MasterCard,Platinum,20000000,ACTIVE
CARD08224,C08224,JCB,Classic,30000000,ACTIVE
CARD08225,C08225,MasterCard,Platinum,10000000,ACTIVE
CARD08226,C08226,Amex,Platinum,20000000,ACTIVE
CARD08227,C08227,MasterCard,Platinum,50000000,ACTIVE
CARD08228,C08228,MasterCard,Infinite,200000000,ACTIVE
CARD08229,C08229,VISA,Platinum,500000000,ACTIVE
CARD08230,C08230,Amex,Classic,20000000,ACTIVE
CARD08231,C08231,MasterCard,Gold,500000000,ACTIVE
CARD08232,C08232,MasterCard,Platinum,50000000,ACTIVE
CARD08233,C08233,VISA,Gold,30000000,ACTIVE
CARD08234,C08234,MasterCard,Platinum,30000000,ACTIVE
CARD08235,C08235,VISA,Infinite,500000000,ACTIVE
CARD08236,C08236,MasterCard,Platinum,500000000,ACTIVE
CARD08237,C08237,MasterCard,Infinite,500000000,ACTIVE
CARD08238,C08238,JCB,Classic,10000000,ACTIVE
CARD08239,C08239,VISA,Classic,500000000,ACTIVE
CARD08240,C08240,Amex,Classic,20000000,ACTIVE
CARD08241,C08241,VISA,Gold,20000000,ACTIVE
CARD08242,C08242,VISA,Gold,10000000,ACTIVE
CARD08243,C08243,VISA,Gold,500000000,ACTIVE
CARD08244,C08244,MasterCard,Infinite,50000000,ACTIVE
CARD08245,C08245,JCB,Platinum,30000000,ACTIVE
CARD08246,C08246,MasterCard,Gold,200000000,ACTIVE
CARD08247,C08247,MasterCard,Classic,20000000,ACTIVE
CARD08248,C08248,JCB,Classic,500000000,ACTIVE
CARD08249,C08249,Amex,Classic,50000000,ACTIVE
CARD08250,C08250,MasterCard,Platinum,20000000,ACTIVE
CARD08251,C08251,VISA,Gold,20000000,ACTIVE
CARD08252,C08252,VISA,Classic,20000000,ACTIVE
CARD08253,C08253,VISA,Gold,10000000,ACTIVE
CARD08254,C08254,MasterCard,Gold,20000000,ACTIVE
CARD08255,C08255,VISA,Infinite,20000000,BLOCKED
CARD08256,C08256,Amex,Infinite,30000000,ACTIVE
CARD08257,C08257,Amex,Gold,200000000,ACTIVE
CARD08258,C08258,JCB,Platinum,20000000,ACTIVE
CARD08259,C08259,Amex,Infinite,100000000,ACTIVE
CARD08260,C08260,MasterCard,Platinum,20000000,ACTIVE
CARD08261,C08261,VISA,Platinum,100000000,ACTIVE
CARD08262,C08262,MasterCard,Infinite,20000000,ACTIVE
CARD08263,C08263,Amex,Gold,10000000,ACTIVE
CARD08264,C08264,MasterCard,Infinite,500000000,ACTIVE
CARD08265,C08265,VISA,Classic,20000000,ACTIVE
CARD08266,C08266,JCB,Classic,100000000,ACTIVE
CARD08267,C08267,VISA,Platinum,200000000,ACTIVE
CARD08268,C08268,MasterCard,Platinum,30000000,ACTIVE
CARD08269,C08269,Amex,Classic,500000000,ACTIVE
CARD08270,C08270,Amex,Classic,20000000,ACTIVE
CARD08271,C08271,VISA,Gold,50000000,ACTIVE
CARD08272,C08272,Amex,Platinum,10000000,ACTIVE
CARD08273,C08273,Amex,Platinum,200000000,ACTIVE
CARD08274,C08274,MasterCard,Gold,500000000,ACTIVE
CARD08275,C08275,Amex,Classic,20000000,ACTIVE
CARD08276,C08276,VISA,Classic,200000000,ACTIVE
CARD08277,C08277,JCB,Infinite,100000000,ACTIVE
CARD08278,C08278,VISA,Gold,200000000,ACTIVE
CARD08279,C08279,VISA,Classic,10000000,ACTIVE
CARD08280,C08280,MasterCard,Classic,200000000,ACTIVE
CARD08281,C08281,MasterCard,Platinum,20000000,ACTIVE
CARD08282,C08282,VISA,Platinum,20000000,ACTIVE
CARD08283,C08283,JCB,Platinum,20000000,ACTIVE
CARD08284,C08284,JCB,Gold,50000000,ACTIVE
CARD08285,C08285,JCB,Classic,10000000,ACTIVE
CARD08286,C08286,VISA,Infinite,30000000,ACTIVE
CARD08287,C08287,VISA,Gold,20000000,ACTIVE
CARD08288,C08288,Amex,Platinum,500000000,ACTIVE
CARD08289,C08289,Amex,Platinum,30000000,ACTIVE
CARD08290,C08290,MasterCard,Gold,30000000,ACTIVE
CARD08291,C08291,Amex,Infinite,100000000,BLOCKED
CARD08292,C08292,JCB,Classic,500000000,ACTIVE
CARD08293,C08293,JCB,Classic,50000000,ACTIVE
CARD08294,C08294,JCB,Gold,100000000,ACTIVE
CARD08295,C08295,JCB,Gold,10000000,ACTIVE
CARD08296,C08296,VISA,Platinum,50000000,ACTIVE
CARD08297,C08297,JCB,Classic,100000000,ACTIVE
CARD08298,C08298,JCB,Gold,500000000,ACTIVE
CARD08299,C08299,JCB,Infinite,30000000,ACTIVE
CARD08300,C08300,MasterCard,Classic,30000000,ACTIVE
CARD08301,C08301,JCB,Classic,200000000,ACTIVE
CARD08302,C08302,VISA,Classic,200000000,ACTIVE
CARD08303,C08303,JCB,Gold,30000000,ACTIVE
CARD08304,C08304,Amex,Gold,10000000,ACTIVE
CARD08305,C08305,MasterCard,Infinite,100000000,ACTIVE
CARD08306,C08306,MasterCard,Gold,100000000,ACTIVE
CARD08307,C08307,MasterCard,Classic,10000000,ACTIVE
CARD08308,C08308,VISA,Classic,10000000,ACTIVE
CARD08309,C08309,MasterCard,Platinum,20000000,ACTIVE
CARD08310,C08310,VISA,Platinum,50000000,ACTIVE
CARD08311,C08311,VISA,Infinite,200000000,ACTIVE
CARD08312,C08312,Amex,Platinum,20000000,ACTIVE
CARD08313,C08313,VISA,Gold,50000000,ACTIVE
CARD08314,C08314,MasterCard,Platinum,50000000,ACTIVE
CARD08315,C08315,JCB,Infinite,30000000,ACTIVE
CARD08316,C08316,Amex,Gold,10000000,ACTIVE
CARD08317,C08317,VISA,Infinite,100000000,ACTIVE
CARD08318,C08318,MasterCard,Classic,10000000,ACTIVE
CARD08319,C08319,VISA,Infinite,30000000,ACTIVE
CARD08320,C08320,Amex,Classic,20000000,ACTIVE
CARD08321,C08321,VISA,Platinum,500000000,ACTIVE
CARD08322,C08322,JCB,Infinite,50000000,BLOCKED
CARD08323,C08323,MasterCard,Infinite,30000000,ACTIVE
CARD08324,C08324,Amex,Infinite,20000000,ACTIVE
CARD08325,C08325,VISA,Infinite,500000000,ACTIVE
CARD08326,C08326,JCB,Classic,50000000,ACTIVE
CARD08327,C08327,JCB,Gold,200000000,ACTIVE
CARD08328,C08328,VISA,Platinum,20000000,ACTIVE
CARD08329,C08329,MasterCard,Infinite,30000000,ACTIVE
CARD08330,C08330,VISA,Classic,500000000,ACTIVE
CARD08331,C08331,Amex,Platinum,50000000,BLOCKED
CARD08332,C08332,Amex,Infinite,30000000,ACTIVE
CARD08333,C08333,VISA,Classic,200000000,ACTIVE
CARD08334,C08334,MasterCard,Infinite,50000000,ACTIVE
CARD08335,C08335,MasterCard,Platinum,30000000,ACTIVE
CARD08336,C08336,JCB,Platinum,10000000,ACTIVE
CARD08337,C08337,Amex,Infinite,100000000,ACTIVE
CARD08338,C08338,Amex,Classic,30000000,ACTIVE
CARD08339,C08339,Amex,Infinite,30000000,ACTIVE
CARD08340,C08340,JCB,Gold,200000000,ACTIVE
CARD08341,C08341,MasterCard,Classic,30000000,ACTIVE
CARD08342,C08342,JCB,Platinum,50000000,ACTIVE
CARD08343,C08343,VISA,Gold,30000000,ACTIVE
CARD08344,C08344,JCB,Classic,500000000,ACTIVE
CARD08345,C08345,MasterCard,Infinite,10000000,ACTIVE
CARD08346,C08346,MasterCard,Gold,30000000,ACTIVE
CARD08347,C08347,VISA,Platinum,50000000,ACTIVE
CARD08348,C08348,Amex,Classic,100000000,ACTIVE
CARD08349,C08349,VISA,Platinum,500000000,ACTIVE
CARD08350,C08350,Amex,Platinum,500000000,ACTIVE
CARD08351,C08351,JCB,Platinum,30000000,ACTIVE
CARD08352,C08352,JCB,Infinite,200000000,ACTIVE
CARD08353,C08353,VISA,Platinum,10000000,BLOCKED
CARD08354,C08354,MasterCard,Gold,30000000,ACTIVE
CARD08355,C08355,JCB,Classic,500000000,ACTIVE
CARD08356,C08356,VISA,Platinum,500000000,ACTIVE
CARD08357,C08357,JCB,Gold,100000000,ACTIVE
CARD08358,C08358,JCB,Platinum,200000000,ACTIVE
CARD08359,C08359,VISA,Platinum,30000000,ACTIVE
CARD08360,C08360,JCB,Classic,200000000,ACTIVE
CARD08361,C08361,JCB,Classic,100000000,ACTIVE
CARD08362,C08362,MasterCard,Gold,30000000,ACTIVE
CARD08363,C08363,VISA,Infinite,500000000,ACTIVE
CARD08364,C08364,VISA,Classic,30000000,ACTIVE
CARD08365,C08365,JCB,Platinum,100000000,ACTIVE
CARD08366,C08366,Amex,Classic,30000000,ACTIVE
CARD08367,C08367,JCB,Infinite,100000000,ACTIVE
CARD08368,C08368,Amex,Gold,200000000,ACTIVE
CARD08369,C08369,Amex,Gold,20000000,ACTIVE
CARD08370,C08370,Amex,Gold,20000000,ACTIVE
CARD08371,C08371,VISA,Classic,200000000,ACTIVE
CARD08372,C08372,Amex,Infinite,500000000,ACTIVE
CARD08373,C08373,Amex,Classic,30000000,ACTIVE
CARD08374,C08374,Amex,Gold,50000000,ACTIVE
CARD08375,C08375,MasterCard,Classic,100000000,ACTIVE
CARD08376,C08376,MasterCard,Gold,10000000,ACTIVE
CARD08377,C08377,Amex,Classic,100000000,ACTIVE
CARD08378,C08378,JCB,Gold,20000000,ACTIVE
CARD08379,C08379,JCB,Classic,50000000,ACTIVE
CARD08380,C08380,VISA,Infinite,500000000,ACTIVE
CARD08381,C08381,MasterCard,Classic,500000000,BLOCKED
CARD08382,C08382,JCB,Platinum,200000000,ACTIVE
CARD08383,C08383,Amex,Classic,500000000,ACTIVE
CARD08384,C08384,MasterCard,Gold,500000000,ACTIVE
CARD08385,C08385,JCB,Classic,30000000,ACTIVE
CARD08386,C08386,JCB,Classic,500000000,ACTIVE
CARD08387,C08387,VISA,Gold,200000000,ACTIVE
CARD08388,C08388,JCB,Classic,200000000,ACTIVE
CARD08389,C08389,MasterCard,Infinite,10000000,ACTIVE
CARD08390,C08390,JCB,Infinite,500000000,ACTIVE
CARD08391,C08391,JCB,Classic,500000000,ACTIVE
CARD08392,C08392,JCB,Classic,30000000,BLOCKED
CARD08393,C08393,Amex,Classic,500000000,ACTIVE
CARD08394,C08394,JCB,Platinum,500000000,ACTIVE
CARD08395,C08395,Amex,Gold,30000000,ACTIVE
CARD08396,C08396,VISA,Gold,10000000,ACTIVE
CARD08397,C08397,MasterCard,Platinum,30000000,ACTIVE
CARD08398,C08398,JCB,Platinum,20000000,ACTIVE
CARD08399,C08399,MasterCard,Platinum,10000000,BLOCKED
CARD08400,C08400,VISA,Infinite,20000000,ACTIVE
CARD08401,C08401,VISA,Platinum,30000000,ACTIVE
CARD08402,C08402,JCB,Classic,100000000,ACTIVE
CARD08403,C08403,Amex,Platinum,500000000,ACTIVE
CARD08404,C08404,MasterCard,Infinite,200000000,ACTIVE
CARD08405,C08405,MasterCard,Platinum,100000000,ACTIVE
CARD08406,C08406,JCB,Classic,200000000,ACTIVE
CARD08407,C08407,Amex,Gold,30000000,ACTIVE
CARD08408,C08408,MasterCard,Infinite,10000000,ACTIVE
CARD08409,C08409,VISA,Classic,500000000,ACTIVE
CARD08410,C08410,Amex,Infinite,200000000,ACTIVE
CARD08411,C08411,Amex,Classic,30000000,ACTIVE
CARD08412,C08412,JCB,Gold,20000000,ACTIVE
CARD08413,C08413,MasterCard,Gold,50000000,ACTIVE
CARD08414,C08414,JCB,Infinite,30000000,ACTIVE
CARD08415,C08415,VISA,Gold,20000000,ACTIVE
CARD08416,C08416,VISA,Platinum,500000000,ACTIVE
CARD08417,C08417,JCB,Classic,50000000,ACTIVE
CARD08418,C08418,MasterCard,Gold,20000000,ACTIVE
CARD08419,C08419,Amex,Infinite,500000000,ACTIVE
CARD08420,C08420,MasterCard,Classic,100000000,ACTIVE
CARD08421,C08421,Amex,Classic,20000000,ACTIVE
CARD08422,C08422,VISA,Gold,30000000,ACTIVE
CARD08423,C08423,VISA,Infinite,20000000,ACTIVE
CARD08424,C08424,VISA,Infinite,10000000,ACTIVE
CARD08425,C08425,MasterCard,Classic,100000000,ACTIVE
CARD08426,C08426,JCB,Platinum,50000000,ACTIVE
CARD08427,C08427,JCB,Classic,30000000,ACTIVE
CARD08428,C08428,VISA,Gold,200000000,BLOCKED
CARD08429,C08429,VISA,Gold,20000000,ACTIVE
CARD08430,C08430,MasterCard,Classic,100000000,ACTIVE
CARD08431,C08431,JCB,Gold,50000000,ACTIVE
CARD08432,C08432,MasterCard,Platinum,100000000,ACTIVE
CARD08433,C08433,VISA,Platinum,20000000,ACTIVE
CARD08434,C08434,VISA,Gold,100000000,ACTIVE
CARD08435,C08435,Amex,Classic,10000000,ACTIVE
CARD08436,C08436,VISA,Infinite,100000000,ACTIVE
CARD08437,C08437,JCB,Platinum,200000000,ACTIVE
CARD08438,C08438,JCB,Platinum,200000000,ACTIVE
CARD08439,C08439,Amex,Classic,20000000,ACTIVE
CARD08440,C08440,JCB,Platinum,100000000,ACTIVE
CARD08441,C08441,JCB,Classic,500000000,ACTIVE
CARD08442,C08442,JCB,Platinum,200000000,ACTIVE
CARD08443,C08443,Amex,Platinum,10000000,ACTIVE
CARD08444,C08444,Amex,Gold,10000000,ACTIVE
CARD08445,C08445,MasterCard,Gold,10000000,ACTIVE
CARD08446,C08446,MasterCard,Platinum,100000000,ACTIVE
CARD08447,C08447,JCB,Classic,500000000,ACTIVE
CARD08448,C08448,MasterCard,Platinum,500000000,ACTIVE
CARD08449,C08449,MasterCard,Platinum,20000000,BLOCKED
CARD08450,C08450,VISA,Classic,10000000,ACTIVE
CARD08451,C08451,Amex,Infinite,500000000,BLOCKED
CARD08452,C08452,Amex,Infinite,200000000,BLOCKED
CARD08453,C08453,MasterCard,Gold,30000000,ACTIVE
CARD08454,C08454,MasterCard,Infinite,500000000,ACTIVE
CARD08455,C08455,JCB,Platinum,500000000,ACTIVE
CARD08456,C08456,VISA,Infinite,30000000,ACTIVE
CARD08457,C08457,Amex,Classic,30000000,ACTIVE
CARD08458,C08458,JCB,Classic,20000000,ACTIVE
CARD08459,C08459,JCB,Classic,50000000,ACTIVE
CARD08460,C08460,VISA,Classic,50000000,ACTIVE
CARD08461,C08461,Amex,Classic,50000000,ACTIVE
CARD08462,C08462,MasterCard,Infinite,20000000,ACTIVE
CARD08463,C08463,Amex,Classic,200000000,ACTIVE
CARD08464,C08464,MasterCard,Infinite,200000000,BLOCKED
CARD08465,C08465,VISA,Platinum,30000000,ACTIVE
CARD08466,C08466,JCB,Classic,20000000,ACTIVE
CARD08467,C08467,Amex,Platinum,30000000,BLOCKED
CARD08468,C08468,JCB,Infinite,50000000,ACTIVE
CARD08469,C08469,Amex,Classic,100000000,ACTIVE
CARD08470,C08470,MasterCard,Classic,500000000,ACTIVE
CARD08471,C08471,VISA,Classic,20000000,ACTIVE
CARD08472,C08472,MasterCard,Infinite,50000000,ACTIVE
CARD08473,C08473,Amex,Classic,10000000,ACTIVE
CARD08474,C08474,Amex,Classic,100000000,ACTIVE
CARD08475,C08475,Amex,Platinum,10000000,ACTIVE
CARD08476,C08476,MasterCard,Classic,30000000,ACTIVE
CARD08477,C08477,MasterCard,Classic,50000000,ACTIVE
CARD08478,C08478,JCB,Infinite,10000000,ACTIVE
CARD08479,C08479,Amex,Gold,200000000,ACTIVE
CARD08480,C08480,JCB,Platinum,200000000,ACTIVE
CARD08481,C08481,Amex,Infinite,20000000,ACTIVE
CARD08482,C08482,Amex,Classic,20000000,ACTIVE
CARD08483,C08483,JCB,Platinum,100000000,ACTIVE
CARD08484,C08484,MasterCard,Infinite,20000000,ACTIVE
CARD08485,C08485,Amex,Infinite,500000000,ACTIVE
CARD08486,C08486,JCB,Classic,500000000,ACTIVE
CARD08487,C08487,Amex,Infinite,20000000,ACTIVE
CARD08488,C08488,JCB,Gold,50000000,ACTIVE
CARD08489,C08489,MasterCard,Classic,500000000,ACTIVE
CARD08490,C08490,Amex,Infinite,500000000,ACTIVE
CARD08491,C08491,Amex,Gold,50000000,ACTIVE
CARD08492,C08492,Amex,Classic,30000000,ACTIVE
CARD08493,C08493,VISA,Classic,200000000,ACTIVE
CARD08494,C08494,VISA,Classic,30000000,ACTIVE
CARD08495,C08495,MasterCard,Infinite,30000000,ACTIVE
CARD08496,C08496,MasterCard,Gold,200000000,ACTIVE
CARD08497,C08497,Amex,Gold,100000000,ACTIVE
CARD08498,C08498,MasterCard,Classic,10000000,ACTIVE
CARD08499,C08499,Amex,Classic,50000000,ACTIVE
CARD08500,C08500,VISA,Infinite,200000000,ACTIVE
CARD08501,C08501,MasterCard,Platinum,20000000,ACTIVE
CARD08502,C08502,JCB,Gold,20000000,ACTIVE
CARD08503,C08503,JCB,Infinite,20000000,ACTIVE
CARD08504,C08504,JCB,Infinite,10000000,ACTIVE
CARD08505,C08505,Amex,Platinum,50000000,ACTIVE
CARD08506,C08506,MasterCard,Classic,10000000,ACTIVE
CARD08507,C08507,JCB,Classic,10000000,ACTIVE
CARD08508,C08508,MasterCard,Infinite,20000000,ACTIVE
CARD08509,C08509,MasterCard,Gold,100000000,ACTIVE
CARD08510,C08510,MasterCard,Gold,500000000,ACTIVE
CARD08511,C08511,VISA,Infinite,200000000,ACTIVE
CARD08512,C08512,Amex,Classic,50000000,ACTIVE
CARD08513,C08513,Amex,Classic,30000000,BLOCKED
CARD08514,C08514,Amex,Classic,30000000,ACTIVE
CARD08515,C08515,JCB,Gold,500000000,ACTIVE
CARD08516,C08516,MasterCard,Gold,10000000,ACTIVE
CARD08517,C08517,MasterCard,Classic,500000000,ACTIVE
CARD08518,C08518,JCB,Infinite,500000000,ACTIVE
CARD08519,C08519,JCB,Platinum,50000000,ACTIVE
CARD08520,C08520,JCB,Infinite,50000000,ACTIVE
CARD08521,C08521,Amex,Classic,10000000,ACTIVE
CARD08522,C08522,MasterCard,Gold,30000000,ACTIVE
CARD08523,C08523,JCB,Gold,10000000,ACTIVE
CARD08524,C08524,VISA,Classic,50000000,ACTIVE
CARD08525,C08525,VISA,Platinum,50000000,ACTIVE
CARD08526,C08526,MasterCard,Gold,30000000,ACTIVE
CARD08527,C08527,VISA,Platinum,500000000,ACTIVE
CARD08528,C08528,JCB,Classic,100000000,ACTIVE
CARD08529,C08529,VISA,Gold,200000000,ACTIVE
CARD08530,C08530,JCB,Platinum,100000000,ACTIVE
CARD08531,C08531,MasterCard,Platinum,200000000,ACTIVE
CARD08532,C08532,VISA,Infinite,20000000,ACTIVE
CARD08533,C08533,MasterCard,Infinite,20000000,ACTIVE
CARD08534,C08534,Amex,Classic,30000000,ACTIVE
CARD08535,C08535,VISA,Gold,50000000,ACTIVE
CARD08536,C08536,MasterCard,Classic,20000000,ACTIVE
CARD08537,C08537,MasterCard,Gold,50000000,ACTIVE
CARD08538,C08538,MasterCard,Gold,20000000,ACTIVE
CARD08539,C08539,JCB,Gold,200000000,ACTIVE
CARD08540,C08540,MasterCard,Classic,10000000,ACTIVE
CARD08541,C08541,VISA,Platinum,30000000,ACTIVE
CARD08542,C08542,Amex,Infinite,20000000,ACTIVE
CARD08543,C08543,Amex,Infinite,100000000,ACTIVE
CARD08544,C08544,MasterCard,Infinite,10000000,ACTIVE
CARD08545,C08545,JCB,Platinum,30000000,ACTIVE
CARD08546,C08546,Amex,Infinite,30000000,ACTIVE
CARD08547,C08547,Amex,Infinite,200000000,ACTIVE
CARD08548,C08548,VISA,Platinum,30000000,ACTIVE
CARD08549,C08549,MasterCard,Platinum,20000000,ACTIVE
CARD08550,C08550,JCB,Infinite,50000000,ACTIVE
CARD08551,C08551,Amex,Platinum,20000000,ACTIVE
CARD08552,C08552,JCB,Classic,20000000,ACTIVE
CARD08553,C08553,VISA,Classic,200000000,BLOCKED
CARD08554,C08554,JCB,Platinum,30000000,ACTIVE
CARD08555,C08555,Amex,Classic,20000000,ACTIVE
CARD08556,C08556,VISA,Gold,100000000,ACTIVE
CARD08557,C08557,JCB,Platinum,10000000,ACTIVE
CARD08558,C08558,Amex,Infinite,30000000,ACTIVE
CARD08559,C08559,MasterCard,Classic,100000000,ACTIVE
CARD08560,C08560,Amex,Infinite,200000000,ACTIVE
CARD08561,C08561,Amex,Classic,500000000,ACTIVE
CARD08562,C08562,JCB,Platinum,50000000,ACTIVE
CARD08563,C08563,MasterCard,Infinite,500000000,ACTIVE
CARD08564,C08564,JCB,Gold,20000000,ACTIVE
CARD08565,C08565,VISA,Infinite,200000000,ACTIVE
CARD08566,C08566,JCB,Platinum,200000000,ACTIVE
CARD08567,C08567,MasterCard,Classic,500000000,ACTIVE
CARD08568,C08568,VISA,Infinite,200000000,ACTIVE
CARD08569,C08569,Amex,Infinite,100000000,ACTIVE
CARD08570,C08570,VISA,Gold,500000000,ACTIVE
CARD08571,C08571,JCB,Gold,500000000,ACTIVE
CARD08572,C08572,JCB,Gold,200000000,ACTIVE
CARD08573,C08573,VISA,Gold,200000000,ACTIVE
CARD08574,C08574,JCB,Infinite,50000000,BLOCKED
CARD08575,C08575,JCB,Platinum,10000000,ACTIVE
CARD08576,C08576,VISA,Gold,30000000,ACTIVE
CARD08577,C08577,Amex,Platinum,200000000,ACTIVE
CARD08578,C08578,Amex,Platinum,200000000,ACTIVE
CARD08579,C08579,JCB,Infinite,10000000,ACTIVE
CARD08580,C08580,Amex,Platinum,500000000,ACTIVE
CARD08581,C08581,JCB,Infinite,200000000,ACTIVE
CARD08582,C08582,JCB,Classic,500000000,BLOCKED
CARD08583,C08583,VISA,Platinum,10000000,ACTIVE
CARD08584,C08584,MasterCard,Platinum,100000000,ACTIVE
CARD08585,C08585,VISA,Platinum,200000000,ACTIVE
CARD08586,C08586,VISA,Infinite,100000000,ACTIVE
CARD08587,C08587,VISA,Platinum,20000000,ACTIVE
CARD08588,C08588,Amex,Classic,200000000,ACTIVE
CARD08589,C08589,VISA,Platinum,500000000,ACTIVE
CARD08590,C08590,Amex,Classic,200000000,ACTIVE
CARD08591,C08591,Amex,Classic,20000000,ACTIVE
CARD08592,C08592,MasterCard,Classic,30000000,ACTIVE
CARD08593,C08593,VISA,Gold,20000000,BLOCKED
CARD08594,C08594,MasterCard,Gold,200000000,ACTIVE
CARD08595,C08595,Amex,Infinite,10000000,ACTIVE
CARD08596,C08596,JCB,Infinite,20000000,ACTIVE
CARD08597,C08597,MasterCard,Platinum,50000000,ACTIVE
CARD08598,C08598,VISA,Classic,500000000,ACTIVE
CARD08599,C08599,VISA,Infinite,500000000,BLOCKED
CARD08600,C08600,MasterCard,Infinite,30000000,ACTIVE
CARD08601,C08601,VISA,Gold,20000000,ACTIVE
CARD08602,C08602,JCB,Platinum,200000000,ACTIVE
CARD08603,C08603,Amex,Infinite,200000000,ACTIVE
CARD08604,C08604,VISA,Classic,200000000,ACTIVE
CARD08605,C08605,Amex,Classic,20000000,ACTIVE
CARD08606,C08606,JCB,Platinum,100000000,ACTIVE
CARD08607,C08607,MasterCard,Classic,30000000,ACTIVE
CARD08608,C08608,Amex,Classic,500000000,ACTIVE
CARD08609,C08609,JCB,Infinite,20000000,ACTIVE
CARD08610,C08610,VISA,Classic,200000000,ACTIVE
CARD08611,C08611,VISA,Platinum,500000000,ACTIVE
CARD08612,C08612,VISA,Infinite,100000000,ACTIVE
CARD08613,C08613,Amex,Gold,20000000,ACTIVE
CARD08614,C08614,VISA,Gold,500000000,ACTIVE
CARD08615,C08615,VISA,Gold,500000000,ACTIVE
CARD08616,C08616,MasterCard,Platinum,20000000,ACTIVE
CARD08617,C08617,Amex,Infinite,50000000,ACTIVE
CARD08618,C08618,MasterCard,Gold,100000000,ACTIVE
CARD08619,C08619,VISA,Infinite,30000000,ACTIVE
CARD08620,C08620,JCB,Classic,200000000,ACTIVE
CARD08621,C08621,MasterCard,Infinite,50000000,ACTIVE
CARD08622,C08622,Amex,Platinum,100000000,ACTIVE
CARD08623,C08623,MasterCard,Platinum,10000000,ACTIVE
CARD08624,C08624,Amex,Platinum,10000000,ACTIVE
CARD08625,C08625,VISA,Gold,200000000,ACTIVE
CARD08626,C08626,Amex,Infinite,100000000,ACTIVE
CARD08627,C08627,JCB,Infinite,200000000,BLOCKED
CARD08628,C08628,Amex,Infinite,10000000,ACTIVE
CARD08629,C08629,MasterCard,Infinite,200000000,ACTIVE
CARD08630,C08630,VISA,Infinite,10000000,ACTIVE
CARD08631,C08631,Amex,Classic,50000000,ACTIVE
CARD08632,C08632,MasterCard,Gold,200000000,ACTIVE
CARD08633,C08633,JCB,Platinum,200000000,ACTIVE
CARD08634,C08634,MasterCard,Platinum,100000000,ACTIVE
CARD08635,C08635,VISA,Classic,200000000,ACTIVE
CARD08636,C08636,MasterCard,Platinum,100000000,ACTIVE
CARD08637,C08637,Amex,Gold,50000000,ACTIVE
CARD08638,C08638,VISA,Classic,50000000,ACTIVE
CARD08639,C08639,JCB,Platinum,100000000,ACTIVE
CARD08640,C08640,JCB,Infinite,200000000,ACTIVE
CARD08641,C08641,VISA,Infinite,100000000,ACTIVE
CARD08642,C08642,VISA,Platinum,20000000,ACTIVE
CARD08643,C08643,Amex,Gold,30000000,ACTIVE
CARD08644,C08644,VISA,Infinite,50000000,ACTIVE
CARD08645,C08645,VISA,Gold,30000000,ACTIVE
CARD08646,C08646,Amex,Platinum,50000000,ACTIVE
CARD08647,C08647,VISA,Classic,30000000,ACTIVE
CARD08648,C08648,MasterCard,Gold,30000000,ACTIVE
CARD08649,C08649,MasterCard,Infinite,50000000,ACTIVE
CARD08650,C08650,MasterCard,Platinum,100000000,ACTIVE
CARD08651,C08651,JCB,Classic,30000000,ACTIVE
CARD08652,C08652,JCB,Infinite,10000000,ACTIVE
CARD08653,C08653,VISA,Platinum,20000000,ACTIVE
CARD08654,C08654,MasterCard,Classic,20000000,ACTIVE
CARD08655,C08655,Amex,Infinite,30000000,ACTIVE
CARD08656,C08656,MasterCard,Infinite,20000000,ACTIVE
CARD08657,C08657,Amex,Classic,500000000,ACTIVE
CARD08658,C08658,VISA,Infinite,50000000,ACTIVE
CARD08659,C08659,MasterCard,Classic,100000000,ACTIVE
CARD08660,C08660,VISA,Gold,50000000,ACTIVE
CARD08661,C08661,JCB,Infinite,10000000,ACTIVE
CARD08662,C08662,VISA,Gold,50000000,ACTIVE
CARD08663,C08663,MasterCard,Infinite,500000000,ACTIVE
CARD08664,C08664,JCB,Gold,10000000,ACTIVE
CARD08665,C08665,Amex,Classic,200000000,ACTIVE
CARD08666,C08666,MasterCard,Gold,100000000,ACTIVE
CARD08667,C08667,JCB,Gold,50000000,ACTIVE
CARD08668,C08668,MasterCard,Infinite,200000000,ACTIVE
CARD08669,C08669,Amex,Infinite,30000000,ACTIVE
CARD08670,C08670,JCB,Platinum,20000000,ACTIVE
CARD08671,C08671,JCB,Gold,20000000,ACTIVE
CARD08672,C08672,Amex,Gold,20000000,ACTIVE
CARD08673,C08673,JCB,Platinum,10000000,ACTIVE
CARD08674,C08674,JCB,Classic,50000000,ACTIVE
CARD08675,C08675,VISA,Infinite,10000000,ACTIVE
CARD08676,C08676,Amex,Gold,100000000,ACTIVE
CARD08677,C08677,JCB,Platinum,20000000,ACTIVE
CARD08678,C08678,JCB,Classic,10000000,ACTIVE
CARD08679,C08679,VISA,Infinite,200000000,BLOCKED
CARD08680,C08680,MasterCard,Platinum,100000000,ACTIVE
CARD08681,C08681,Amex,Platinum,50000000,BLOCKED
CARD08682,C08682,Amex,Classic,20000000,ACTIVE
CARD08683,C08683,VISA,Platinum,20000000,ACTIVE
CARD08684,C08684,JCB,Classic,200000000,ACTIVE
CARD08685,C08685,MasterCard,Infinite,30000000,ACTIVE
CARD08686,C08686,JCB,Platinum,20000000,ACTIVE
CARD08687,C08687,JCB,Infinite,200000000,ACTIVE
CARD08688,C08688,VISA,Gold,100000000,ACTIVE
CARD08689,C08689,Amex,Gold,50000000,ACTIVE
CARD08690,C08690,Amex,Gold,10000000,ACTIVE
CARD08691,C08691,Amex,Platinum,500000000,ACTIVE
CARD08692,C08692,MasterCard,Classic,100000000,ACTIVE
CARD08693,C08693,JCB,Platinum,200000000,ACTIVE
CARD08694,C08694,Amex,Platinum,20000000,ACTIVE
CARD08695,C08695,JCB,Classic,200000000,ACTIVE
CARD08696,C08696,Amex,Infinite,30000000,ACTIVE
CARD08697,C08697,VISA,Infinite,100000000,BLOCKED
CARD08698,C08698,Amex,Infinite,100000000,ACTIVE
CARD08699,C08699,VISA,Platinum,20000000,BLOCKED
CARD08700,C08700,VISA,Platinum,10000000,ACTIVE
CARD08701,C08701,Amex,Classic,200000000,ACTIVE
CARD08702,C08702,VISA,Gold,100000000,BLOCKED
CARD08703,C08703,VISA,Platinum,10000000,ACTIVE
CARD08704,C08704,Amex,Infinite,200000000,ACTIVE
CARD08705,C08705,VISA,Platinum,200000000,ACTIVE
CARD08706,C08706,Amex,Infinite,200000000,ACTIVE
CARD08707,C08707,JCB,Infinite,500000000,ACTIVE
CARD08708,C08708,MasterCard,Infinite,100000000,ACTIVE
CARD08709,C08709,MasterCard,Gold,200000000,ACTIVE
CARD08710,C08710,Amex,Infinite,10000000,ACTIVE
CARD08711,C08711,JCB,Platinum,100000000,BLOCKED
CARD08712,C08712,VISA,Platinum,10000000,ACTIVE
CARD08713,C08713,JCB,Classic,200000000,ACTIVE
CARD08714,C08714,MasterCard,Gold,100000000,ACTIVE
CARD08715,C08715,Amex,Classic,100000000,ACTIVE
CARD08716,C08716,JCB,Gold,100000000,ACTIVE
CARD08717,C08717,Amex,Infinite,100000000,ACTIVE
CARD08718,C08718,VISA,Gold,20000000,ACTIVE
CARD08719,C08719,MasterCard,Platinum,50000000,ACTIVE
CARD08720,C08720,JCB,Classic,30000000,ACTIVE
CARD08721,C08721,MasterCard,Classic,50000000,ACTIVE
CARD08722,C08722,MasterCard,Gold,10000000,ACTIVE
CARD08723,C08723,VISA,Classic,10000000,ACTIVE
CARD08724,C08724,JCB,Classic,200000000,ACTIVE
CARD08725,C08725,MasterCard,Gold,30000000,ACTIVE
CARD08726,C08726,Amex,Gold,500000000,ACTIVE
CARD08727,C08727,Amex,Gold,30000000,ACTIVE
CARD08728,C08728,Amex,Platinum,50000000,ACTIVE
CARD08729,C08729,VISA,Gold,500000000,ACTIVE
CARD08730,C08730,MasterCard,Gold,10000000,ACTIVE
CARD08731,C08731,JCB,Gold,200000000,ACTIVE
CARD08732,C08732,MasterCard,Infinite,200000000,ACTIVE
CARD08733,C08733,Amex,Gold,20000000,ACTIVE
CARD08734,C08734,Amex,Platinum,30000000,ACTIVE
CARD08735,C08735,VISA,Classic,50000000,ACTIVE
CARD08736,C08736,JCB,Infinite,10000000,ACTIVE
CARD08737,C08737,MasterCard,Classic,500000000,ACTIVE
CARD08738,C08738,MasterCard,Platinum,10000000,ACTIVE
CARD08739,C08739,JCB,Classic,30000000,ACTIVE
CARD08740,C08740,VISA,Platinum,100000000,ACTIVE
CARD08741,C08741,MasterCard,Classic,30000000,ACTIVE
CARD08742,C08742,Amex,Infinite,500000000,ACTIVE
CARD08743,C08743,JCB,Classic,10000000,BLOCKED
CARD08744,C08744,JCB,Gold,50000000,ACTIVE
CARD08745,C08745,VISA,Classic,10000000,ACTIVE
CARD08746,C08746,Amex,Classic,500000000,ACTIVE
CARD08747,C08747,Amex,Gold,100000000,ACTIVE
CARD08748,C08748,Amex,Platinum,30000000,ACTIVE
CARD08749,C08749,Amex,Gold,30000000,ACTIVE
CARD08750,C08750,VISA,Gold,20000000,ACTIVE
CARD08751,C08751,Amex,Gold,30000000,BLOCKED
CARD08752,C08752,Amex,Infinite,50000000,ACTIVE
CARD08753,C08753,Amex,Gold,50000000,ACTIVE
CARD08754,C08754,MasterCard,Gold,10000000,ACTIVE
CARD08755,C08755,VISA,Platinum,100000000,ACTIVE
CARD08756,C08756,Amex,Classic,20000000,ACTIVE
CARD08757,C08757,VISA,Gold,50000000,ACTIVE
CARD08758,C08758,MasterCard,Gold,50000000,ACTIVE
CARD08759,C08759,VISA,Platinum,500000000,ACTIVE
CARD08760,C08760,MasterCard,Infinite,500000000,ACTIVE
CARD08761,C08761,Amex,Gold,100000000,ACTIVE
CARD08762,C08762,Amex,Infinite,100000000,ACTIVE
CARD08763,C08763,Amex,Classic,20000000,ACTIVE
CARD08764,C08764,Amex,Gold,20000000,ACTIVE
CARD08765,C08765,JCB,Platinum,100000000,ACTIVE
CARD08766,C08766,JCB,Classic,200000000,ACTIVE
CARD08767,C08767,VISA,Gold,200000000,ACTIVE
CARD08768,C08768,MasterCard,Gold,500000000,ACTIVE
CARD08769,C08769,Amex,Classic,500000000,ACTIVE
CARD08770,C08770,MasterCard,Infinite,20000000,ACTIVE
CARD08771,C08771,VISA,Gold,500000000,ACTIVE
CARD08772,C08772,VISA,Infinite,20000000,ACTIVE
CARD08773,C08773,VISA,Platinum,20000000,ACTIVE
CARD08774,C08774,JCB,Infinite,500000000,ACTIVE
CARD08775,C08775,VISA,Classic,50000000,ACTIVE
CARD08776,C08776,Amex,Gold,10000000,ACTIVE
CARD08777,C08777,Amex,Gold,30000000,ACTIVE
CARD08778,C08778,Amex,Platinum,20000000,ACTIVE
CARD08779,C08779,MasterCard,Classic,50000000,ACTIVE
CARD08780,C08780,JCB,Infinite,100000000,ACTIVE
CARD08781,C08781,VISA,Gold,10000000,ACTIVE
CARD08782,C08782,MasterCard,Platinum,20000000,ACTIVE
CARD08783,C08783,VISA,Platinum,100000000,ACTIVE
CARD08784,C08784,Amex,Classic,100000000,ACTIVE
CARD08785,C08785,Amex,Infinite,100000000,ACTIVE
CARD08786,C08786,MasterCard,Gold,30000000,ACTIVE
CARD08787,C08787,VISA,Platinum,500000000,ACTIVE
CARD08788,C08788,JCB,Classic,200000000,ACTIVE
CARD08789,C08789,VISA,Platinum,10000000,ACTIVE
CARD08790,C08790,JCB,Classic,30000000,ACTIVE
CARD08791,C08791,JCB,Infinite,200000000,ACTIVE
CARD08792,C08792,VISA,Infinite,100000000,ACTIVE
CARD08793,C08793,JCB,Platinum,200000000,ACTIVE
CARD08794,C08794,MasterCard,Gold,50000000,ACTIVE
CARD08795,C08795,JCB,Gold,20000000,ACTIVE
CARD08796,C08796,Amex,Platinum,50000000,ACTIVE
CARD08797,C08797,Amex,Platinum,20000000,BLOCKED
CARD08798,C08798,JCB,Platinum,100000000,ACTIVE
CARD08799,C08799,Amex,Platinum,500000000,ACTIVE
CARD08800,C08800,JCB,Classic,20000000,ACTIVE
CARD08801,C08801,Amex,Gold,50000000,BLOCKED
CARD08802,C08802,MasterCard,Gold,100000000,ACTIVE
CARD08803,C08803,MasterCard,Platinum,10000000,ACTIVE
CARD08804,C08804,JCB,Classic,20000000,ACTIVE
CARD08805,C08805,VISA,Infinite,20000000,ACTIVE
CARD08806,C08806,Amex,Gold,500000000,ACTIVE
CARD08807,C08807,Amex,Platinum,50000000,ACTIVE
CARD08808,C08808,JCB,Infinite,10000000,ACTIVE
CARD08809,C08809,MasterCard,Classic,20000000,ACTIVE
CARD08810,C08810,VISA,Classic,500000000,ACTIVE
CARD08811,C08811,JCB,Classic,200000000,ACTIVE
CARD08812,C08812,MasterCard,Classic,20000000,ACTIVE
CARD08813,C08813,Amex,Platinum,10000000,ACTIVE
CARD08814,C08814,VISA,Gold,20000000,ACTIVE
CARD08815,C08815,MasterCard,Classic,50000000,ACTIVE
CARD08816,C08816,Amex,Classic,500000000,ACTIVE
CARD08817,C08817,VISA,Platinum,30000000,BLOCKED
CARD08818,C08818,Amex,Platinum,50000000,ACTIVE
CARD08819,C08819,Amex,Gold,200000000,ACTIVE
CARD08820,C08820,Amex,Gold,30000000,ACTIVE
CARD08821,C08821,MasterCard,Platinum,200000000,ACTIVE
CARD08822,C08822,VISA,Platinum,50000000,ACTIVE
CARD08823,C08823,VISA,Infinite,200000000,ACTIVE
CARD08824,C08824,MasterCard,Classic,30000000,ACTIVE
CARD08825,C08825,Amex,Gold,500000000,ACTIVE
CARD08826,C08826,Amex,Platinum,20000000,ACTIVE
CARD08827,C08827,JCB,Classic,10000000,ACTIVE
CARD08828,C08828,JCB,Classic,200000000,ACTIVE
CARD08829,C08829,VISA,Infinite,200000000,ACTIVE
CARD08830,C08830,MasterCard,Gold,50000000,ACTIVE
CARD08831,C08831,MasterCard,Platinum,20000000,ACTIVE
CARD08832,C08832,JCB,Gold,10000000,ACTIVE
CARD08833,C08833,MasterCard,Infinite,30000000,ACTIVE
CARD08834,C08834,JCB,Gold,50000000,ACTIVE
CARD08835,C08835,JCB,Classic,10000000,BLOCKED
CARD08836,C08836,JCB,Gold,10000000,ACTIVE
CARD08837,C08837,MasterCard,Gold,10000000,ACTIVE
CARD08838,C08838,Amex,Gold,500000000,ACTIVE
CARD08839,C08839,MasterCard,Platinum,50000000,ACTIVE
CARD08840,C08840,VISA,Classic,20000000,ACTIVE
CARD08841,C08841,Amex,Infinite,50000000,ACTIVE
CARD08842,C08842,VISA,Platinum,100000000,ACTIVE
CARD08843,C08843,MasterCard,Platinum,10000000,ACTIVE
CARD08844,C08844,JCB,Platinum,100000000,ACTIVE
CARD08845,C08845,JCB,Infinite,10000000,ACTIVE
CARD08846,C08846,Amex,Gold,50000000,ACTIVE
CARD08847,C08847,JCB,Gold,200000000,ACTIVE
CARD08848,C08848,MasterCard,Platinum,20000000,ACTIVE
CARD08849,C08849,JCB,Classic,500000000,ACTIVE
CARD08850,C08850,Amex,Infinite,20000000,ACTIVE
CARD08851,C08851,JCB,Classic,30000000,ACTIVE
CARD08852,C08852,VISA,Infinite,50000000,ACTIVE
CARD08853,C08853,VISA,Classic,10000000,ACTIVE
CARD08854,C08854,MasterCard,Platinum,100000000,ACTIVE
CARD08855,C08855,MasterCard,Gold,10000000,ACTIVE
CARD08856,C08856,VISA,Infinite,50000000,ACTIVE
CARD08857,C08857,JCB,Gold,20000000,ACTIVE
CARD08858,C08858,JCB,Infinite,30000000,ACTIVE
CARD08859,C08859,JCB,Classic,100000000,ACTIVE
CARD08860,C08860,Amex,Gold,50000000,ACTIVE
CARD08861,C08861,MasterCard,Infinite,30000000,ACTIVE
CARD08862,C08862,MasterCard,Classic,200000000,ACTIVE
CARD08863,C08863,VISA,Platinum,10000000,BLOCKED
CARD08864,C08864,MasterCard,Platinum,200000000,ACTIVE
CARD08865,C08865,JCB,Gold,30000000,ACTIVE
CARD08866,C08866,Amex,Classic,50000000,ACTIVE
CARD08867,C08867,MasterCard,Platinum,30000000,ACTIVE
CARD08868,C08868,Amex,Classic,10000000,ACTIVE
CARD08869,C08869,MasterCard,Infinite,50000000,ACTIVE
CARD08870,C08870,VISA,Platinum,200000000,ACTIVE
CARD08871,C08871,JCB,Gold,50000000,ACTIVE
CARD08872,C08872,VISA,Gold,100000000,ACTIVE
CARD08873,C08873,MasterCard,Platinum,30000000,ACTIVE
CARD08874,C08874,JCB,Gold,500000000,ACTIVE
CARD08875,C08875,Amex,Classic,50000000,BLOCKED
CARD08876,C08876,MasterCard,Infinite,20000000,ACTIVE
CARD08877,C08877,Amex,Classic,20000000,ACTIVE
CARD08878,C08878,VISA,Infinite,10000000,ACTIVE
CARD08879,C08879,MasterCard,Infinite,10000000,ACTIVE
CARD08880,C08880,VISA,Infinite,50000000,ACTIVE
CARD08881,C08881,VISA,Classic,50000000,ACTIVE
CARD08882,C08882,JCB,Classic,500000000,ACTIVE
CARD08883,C08883,JCB,Classic,200000000,ACTIVE
CARD08884,C08884,Amex,Gold,100000000,BLOCKED
CARD08885,C08885,MasterCard,Platinum,10000000,ACTIVE
CARD08886,C08886,JCB,Platinum,30000000,ACTIVE
CARD08887,C08887,VISA,Infinite,200000000,ACTIVE
CARD08888,C08888,Amex,Gold,500000000,ACTIVE
CARD08889,C08889,MasterCard,Infinite,30000000,ACTIVE
CARD08890,C08890,MasterCard,Classic,50000000,ACTIVE
CARD08891,C08891,Amex,Infinite,10000000,ACTIVE
CARD08892,C08892,VISA,Classic,20000000,ACTIVE
CARD08893,C08893,Amex,Infinite,50000000,ACTIVE
CARD08894,C08894,MasterCard,Gold,20000000,BLOCKED
CARD08895,C08895,Amex,Gold,20000000,ACTIVE
CARD08896,C08896,JCB,Platinum,50000000,ACTIVE
CARD08897,C08897,Amex,Gold,500000000,ACTIVE
CARD08898,C08898,MasterCard,Gold,100000000,ACTIVE
CARD08899,C08899,VISA,Infinite,200000000,ACTIVE
CARD08900,C08900,Amex,Infinite,20000000,ACTIVE
CARD08901,C08901,Amex,Gold,30000000,BLOCKED
CARD08902,C08902,Amex,Classic,500000000,ACTIVE
CARD08903,C08903,JCB,Classic,10000000,ACTIVE
CARD08904,C08904,Amex,Classic,30000000,ACTIVE
CARD08905,C08905,VISA,Infinite,500000000,ACTIVE
CARD08906,C08906,VISA,Gold,200000000,ACTIVE
CARD08907,C08907,Amex,Classic,200000000,ACTIVE
CARD08908,C08908,VISA,Infinite,100000000,ACTIVE
CARD08909,C08909,Amex,Classic,30000000,ACTIVE
CARD08910,C08910,MasterCard,Platinum,200000000,ACTIVE
CARD08911,C08911,JCB,Platinum,500000000,ACTIVE
CARD08912,C08912,VISA,Infinite,20000000,ACTIVE
CARD08913,C08913,VISA,Gold,500000000,ACTIVE
CARD08914,C08914,VISA,Infinite,100000000,ACTIVE
CARD08915,C08915,VISA,Gold,20000000,ACTIVE
CARD08916,C08916,Amex,Platinum,50000000,ACTIVE
CARD08917,C08917,Amex,Gold,20000000,ACTIVE
CARD08918,C08918,VISA,Gold,30000000,ACTIVE
CARD08919,C08919,JCB,Classic,10000000,ACTIVE
CARD08920,C08920,JCB,Platinum,500000000,ACTIVE
CARD08921,C08921,Amex,Platinum,500000000,ACTIVE
CARD08922,C08922,VISA,Gold,500000000,ACTIVE
CARD08923,C08923,MasterCard,Platinum,100000000,ACTIVE
CARD08924,C08924,VISA,Infinite,30000000,ACTIVE
CARD08925,C08925,VISA,Platinum,100000000,ACTIVE
CARD08926,C08926,JCB,Classic,100000000,ACTIVE
CARD08927,C08927,VISA,Classic,50000000,ACTIVE
CARD08928,C08928,MasterCard,Classic,50000000,ACTIVE
CARD08929,C08929,MasterCard,Classic,100000000,ACTIVE
CARD08930,C08930,Amex,Gold,10000000,ACTIVE
CARD08931,C08931,JCB,Platinum,20000000,ACTIVE
CARD08932,C08932,Amex,Classic,50000000,ACTIVE
CARD08933,C08933,VISA,Infinite,100000000,ACTIVE
CARD08934,C08934,VISA,Classic,10000000,ACTIVE
CARD08935,C08935,JCB,Platinum,500000000,ACTIVE
CARD08936,C08936,Amex,Classic,500000000,ACTIVE
CARD08937,C08937,JCB,Platinum,50000000,ACTIVE
CARD08938,C08938,VISA,Infinite,30000000,ACTIVE
CARD08939,C08939,JCB,Platinum,500000000,ACTIVE
CARD08940,C08940,JCB,Infinite,500000000,ACTIVE
CARD08941,C08941,Amex,Classic,20000000,ACTIVE
CARD08942,C08942,Amex,Platinum,30000000,ACTIVE
CARD08943,C08943,JCB,Classic,10000000,ACTIVE
CARD08944,C08944,MasterCard,Classic,10000000,ACTIVE
CARD08945,C08945,JCB,Gold,10000000,ACTIVE
CARD08946,C08946,MasterCard,Gold,100000000,ACTIVE
CARD08947,C08947,Amex,Platinum,30000000,ACTIVE
CARD08948,C08948,JCB,Gold,10000000,ACTIVE
CARD08949,C08949,JCB,Gold,20000000,BLOCKED
CARD08950,C08950,JCB,Classic,100000000,ACTIVE
CARD08951,C08951,Amex,Infinite,30000000,ACTIVE
CARD08952,C08952,Amex,Platinum,200000000,ACTIVE
CARD08953,C08953,Amex,Gold,20000000,ACTIVE
CARD08954,C08954,Amex,Classic,500000000,ACTIVE
CARD08955,C08955,VISA,Platinum,10000000,ACTIVE
CARD08956,C08956,Amex,Classic,100000000,ACTIVE
CARD08957,C08957,VISA,Infinite,200000000,ACTIVE
CARD08958,C08958,VISA,Infinite,20000000,ACTIVE
CARD08959,C08959,JCB,Infinite,200000000,ACTIVE
CARD08960,C08960,VISA,Gold,30000000,ACTIVE
CARD08961,C08961,Amex,Classic,200000000,ACTIVE
CARD08962,C08962,VISA,Infinite,20000000,ACTIVE
CARD08963,C08963,JCB,Infinite,500000000,BLOCKED
CARD08964,C08964,Amex,Infinite,100000000,ACTIVE
CARD08965,C08965,MasterCard,Classic,10000000,ACTIVE
CARD08966,C08966,JCB,Classic,50000000,ACTIVE
CARD08967,C08967,VISA,Platinum,100000000,ACTIVE
CARD08968,C08968,MasterCard,Classic,30000000,ACTIVE
CARD08969,C08969,JCB,Gold,50000000,ACTIVE
CARD08970,C08970,VISA,Infinite,500000000,ACTIVE
CARD08971,C08971,Amex,Gold,50000000,ACTIVE
CARD08972,C08972,MasterCard,Classic,500000000,ACTIVE
CARD08973,C08973,VISA,Platinum,30000000,ACTIVE
CARD08974,C08974,JCB,Infinite,100000000,ACTIVE
CARD08975,C08975,JCB,Classic,100000000,ACTIVE
CARD08976,C08976,Amex,Classic,100000000,ACTIVE
CARD08977,C08977,MasterCard,Gold,50000000,ACTIVE
CARD08978,C08978,JCB,Classic,500000000,ACTIVE
CARD08979,C08979,VISA,Gold,500000000,ACTIVE
CARD08980,C08980,JCB,Classic,100000000,ACTIVE
CARD08981,C08981,VISA,Classic,10000000,ACTIVE
CARD08982,C08982,JCB,Gold,20000000,ACTIVE
CARD08983,C08983,VISA,Classic,200000000,ACTIVE
CARD08984,C08984,VISA,Infinite,50000000,ACTIVE
CARD08985,C08985,VISA,Gold,30000000,ACTIVE
CARD08986,C08986,JCB,Classic,200000000,ACTIVE
CARD08987,C08987,VISA,Platinum,20000000,ACTIVE
CARD08988,C08988,Amex,Infinite,30000000,BLOCKED
CARD08989,C08989,JCB,Infinite,10000000,ACTIVE
CARD08990,C08990,VISA,Gold,200000000,ACTIVE
CARD08991,C08991,JCB,Platinum,200000000,ACTIVE
CARD08992,C08992,Amex,Classic,50000000,ACTIVE
CARD08993,C08993,VISA,Gold,10000000,ACTIVE
CARD08994,C08994,Amex,Infinite,50000000,ACTIVE
CARD08995,C08995,MasterCard,Gold,50000000,ACTIVE
CARD08996,C08996,MasterCard,Infinite,200000000,ACTIVE
CARD08997,C08997,MasterCard,Infinite,20000000,ACTIVE
CARD08998,C08998,JCB,Gold,50000000,ACTIVE
CARD08999,C08999,VISA,Platinum,100000000,ACTIVE
CARD09000,C09000,MasterCard,Platinum,20000000,ACTIVE
CARD09001,C09001,MasterCard,Gold,10000000,ACTIVE
CARD09002,C09002,VISA,Gold,50000000,ACTIVE
CARD09003,C09003,VISA,Platinum,20000000,ACTIVE
CARD09004,C09004,JCB,Platinum,10000000,ACTIVE
CARD09005,C09005,JCB,Platinum,200000000,ACTIVE
CARD09006,C09006,VISA,Gold,200000000,ACTIVE
CARD09007,C09007,VISA,Classic,100000000,ACTIVE
CARD09008,C09008,VISA,Platinum,20000000,ACTIVE
CARD09009,C09009,MasterCard,Classic,100000000,ACTIVE
CARD09010,C09010,JCB,Classic,30000000,ACTIVE
CARD09011,C09011,MasterCard,Gold,500000000,ACTIVE
CARD09012,C09012,VISA,Platinum,100000000,ACTIVE
CARD09013,C09013,MasterCard,Gold,30000000,ACTIVE
CARD09014,C09014,Amex,Platinum,200000000,ACTIVE
CARD09015,C09015,VISA,Classic,500000000,BLOCKED
CARD09016,C09016,JCB,Platinum,500000000,ACTIVE
CARD09017,C09017,MasterCard,Classic,50000000,ACTIVE
CARD09018,C09018,VISA,Classic,100000000,ACTIVE
CARD09019,C09019,Amex,Gold,200000000,ACTIVE
CARD09020,C09020,Amex,Gold,100000000,ACTIVE
CARD09021,C09021,JCB,Infinite,100000000,ACTIVE
CARD09022,C09022,Amex,Infinite,100000000,ACTIVE
CARD09023,C09023,Amex,Gold,200000000,ACTIVE
CARD09024,C09024,VISA,Gold,30000000,ACTIVE
CARD09025,C09025,MasterCard,Classic,200000000,ACTIVE
CARD09026,C09026,Amex,Infinite,30000000,ACTIVE
CARD09027,C09027,VISA,Gold,30000000,ACTIVE
CARD09028,C09028,Amex,Infinite,50000000,BLOCKED
CARD09029,C09029,JCB,Infinite,200000000,ACTIVE
CARD09030,C09030,MasterCard,Platinum,20000000,ACTIVE
CARD09031,C09031,Amex,Gold,10000000,ACTIVE
CARD09032,C09032,JCB,Classic,200000000,ACTIVE
CARD09033,C09033,Amex,Gold,50000000,ACTIVE
CARD09034,C09034,MasterCard,Infinite,50000000,ACTIVE
CARD09035,C09035,MasterCard,Infinite,500000000,ACTIVE
CARD09036,C09036,JCB,Classic,10000000,ACTIVE
CARD09037,C09037,VISA,Classic,10000000,BLOCKED
CARD09038,C09038,Amex,Gold,30000000,ACTIVE
CARD09039,C09039,JCB,Gold,500000000,ACTIVE
CARD09040,C09040,JCB,Gold,200000000,ACTIVE
CARD09041,C09041,JCB,Classic,10000000,ACTIVE
CARD09042,C09042,MasterCard,Classic,100000000,ACTIVE
CARD09043,C09043,MasterCard,Classic,200000000,ACTIVE
CARD09044,C09044,JCB,Platinum,200000000,ACTIVE
CARD09045,C09045,VISA,Gold,200000000,ACTIVE
CARD09046,C09046,JCB,Classic,20000000,ACTIVE
CARD09047,C09047,JCB,Classic,30000000,ACTIVE
CARD09048,C09048,VISA,Classic,10000000,ACTIVE
CARD09049,C09049,VISA,Gold,500000000,ACTIVE
CARD09050,C09050,VISA,Classic,50000000,ACTIVE
CARD09051,C09051,Amex,Classic,50000000,ACTIVE
CARD09052,C09052,MasterCard,Classic,200000000,ACTIVE
CARD09053,C09053,VISA,Gold,20000000,ACTIVE
CARD09054,C09054,Amex,Infinite,50000000,ACTIVE
CARD09055,C09055,MasterCard,Platinum,100000000,ACTIVE
CARD09056,C09056,VISA,Classic,100000000,ACTIVE
CARD09057,C09057,VISA,Classic,20000000,ACTIVE
CARD09058,C09058,Amex,Classic,30000000,ACTIVE
CARD09059,C09059,JCB,Gold,200000000,ACTIVE
CARD09060,C09060,Amex,Platinum,500000000,ACTIVE
CARD09061,C09061,Amex,Gold,50000000,ACTIVE
CARD09062,C09062,JCB,Platinum,200000000,ACTIVE
CARD09063,C09063,Amex,Platinum,100000000,ACTIVE
CARD09064,C09064,Amex,Classic,30000000,ACTIVE
CARD09065,C09065,JCB,Infinite,200000000,ACTIVE
CARD09066,C09066,MasterCard,Platinum,10000000,ACTIVE
CARD09067,C09067,Amex,Platinum,20000000,ACTIVE
CARD09068,C09068,JCB,Gold,50000000,ACTIVE
CARD09069,C09069,JCB,Gold,500000000,BLOCKED
CARD09070,C09070,MasterCard,Infinite,10000000,ACTIVE
CARD09071,C09071,Amex,Gold,20000000,ACTIVE
CARD09072,C09072,VISA,Gold,20000000,ACTIVE
CARD09073,C09073,JCB,Infinite,200000000,ACTIVE
CARD09074,C09074,MasterCard,Gold,30000000,ACTIVE
CARD09075,C09075,JCB,Gold,20000000,ACTIVE
CARD09076,C09076,Amex,Gold,200000000,ACTIVE
CARD09077,C09077,Amex,Infinite,50000000,ACTIVE
CARD09078,C09078,VISA,Gold,20000000,ACTIVE
CARD09079,C09079,Amex,Platinum,500000000,ACTIVE
CARD09080,C09080,MasterCard,Gold,100000000,ACTIVE
CARD09081,C09081,JCB,Classic,50000000,ACTIVE
CARD09082,C09082,VISA,Platinum,50000000,ACTIVE
CARD09083,C09083,Amex,Gold,200000000,ACTIVE
CARD09084,C09084,Amex,Gold,500000000,ACTIVE
CARD09085,C09085,MasterCard,Gold,30000000,ACTIVE
CARD09086,C09086,JCB,Gold,20000000,ACTIVE
CARD09087,C09087,VISA,Infinite,500000000,ACTIVE
CARD09088,C09088,Amex,Classic,500000000,ACTIVE
CARD09089,C09089,MasterCard,Infinite,100000000,ACTIVE
CARD09090,C09090,JCB,Platinum,100000000,ACTIVE
CARD09091,C09091,JCB,Platinum,500000000,ACTIVE
CARD09092,C09092,JCB,Infinite,50000000,ACTIVE
CARD09093,C09093,JCB,Platinum,500000000,ACTIVE
CARD09094,C09094,Amex,Classic,20000000,ACTIVE
CARD09095,C09095,MasterCard,Gold,10000000,ACTIVE
CARD09096,C09096,Amex,Infinite,20000000,ACTIVE
CARD09097,C09097,JCB,Infinite,30000000,ACTIVE
CARD09098,C09098,VISA,Classic,20000000,ACTIVE
CARD09099,C09099,JCB,Platinum,30000000,ACTIVE
CARD09100,C09100,JCB,Infinite,500000000,ACTIVE
CARD09101,C09101,VISA,Platinum,500000000,ACTIVE
CARD09102,C09102,MasterCard,Infinite,10000000,ACTIVE
CARD09103,C09103,VISA,Gold,20000000,ACTIVE
CARD09104,C09104,Amex,Infinite,50000000,ACTIVE
CARD09105,C09105,VISA,Platinum,30000000,ACTIVE
CARD09106,C09106,MasterCard,Platinum,30000000,ACTIVE
CARD09107,C09107,MasterCard,Infinite,10000000,ACTIVE
CARD09108,C09108,JCB,Platinum,30000000,ACTIVE
CARD09109,C09109,MasterCard,Gold,30000000,ACTIVE
CARD09110,C09110,VISA,Classic,20000000,ACTIVE
CARD09111,C09111,Amex,Infinite,500000000,ACTIVE
CARD09112,C09112,MasterCard,Classic,30000000,ACTIVE
CARD09113,C09113,MasterCard,Gold,50000000,ACTIVE
CARD09114,C09114,JCB,Infinite,200000000,ACTIVE
CARD09115,C09115,Amex,Infinite,10000000,ACTIVE
CARD09116,C09116,Amex,Platinum,50000000,ACTIVE
CARD09117,C09117,JCB,Infinite,30000000,ACTIVE
CARD09118,C09118,JCB,Classic,30000000,ACTIVE
CARD09119,C09119,VISA,Platinum,30000000,ACTIVE
CARD09120,C09120,JCB,Infinite,500000000,ACTIVE
CARD09121,C09121,Amex,Gold,200000000,ACTIVE
CARD09122,C09122,MasterCard,Platinum,30000000,ACTIVE
CARD09123,C09123,JCB,Classic,20000000,ACTIVE
CARD09124,C09124,Amex,Gold,200000000,ACTIVE
CARD09125,C09125,MasterCard,Classic,50000000,ACTIVE
CARD09126,C09126,JCB,Classic,500000000,ACTIVE
CARD09127,C09127,JCB,Infinite,10000000,BLOCKED
CARD09128,C09128,JCB,Gold,20000000,ACTIVE
CARD09129,C09129,JCB,Platinum,50000000,ACTIVE
CARD09130,C09130,MasterCard,Gold,200000000,ACTIVE
CARD09131,C09131,JCB,Gold,200000000,ACTIVE
CARD09132,C09132,Amex,Gold,30000000,ACTIVE
CARD09133,C09133,VISA,Platinum,200000000,ACTIVE
CARD09134,C09134,Amex,Gold,100000000,ACTIVE
CARD09135,C09135,MasterCard,Infinite,500000000,ACTIVE
CARD09136,C09136,Amex,Classic,20000000,ACTIVE
CARD09137,C09137,JCB,Classic,500000000,ACTIVE
CARD09138,C09138,Amex,Classic,30000000,ACTIVE
CARD09139,C09139,VISA,Classic,20000000,ACTIVE
CARD09140,C09140,JCB,Classic,200000000,ACTIVE
CARD09141,C09141,MasterCard,Platinum,30000000,ACTIVE
CARD09142,C09142,VISA,Infinite,20000000,ACTIVE
CARD09143,C09143,VISA,Infinite,500000000,ACTIVE
CARD09144,C09144,JCB,Gold,20000000,ACTIVE
CARD09145,C09145,JCB,Platinum,200000000,ACTIVE
CARD09146,C09146,JCB,Infinite,30000000,ACTIVE
CARD09147,C09147,JCB,Classic,30000000,BLOCKED
CARD09148,C09148,Amex,Infinite,20000000,ACTIVE
CARD09149,C09149,VISA,Gold,30000000,ACTIVE
CARD09150,C09150,Amex,Classic,20000000,ACTIVE
CARD09151,C09151,Amex,Platinum,30000000,ACTIVE
CARD09152,C09152,VISA,Gold,500000000,ACTIVE
CARD09153,C09153,VISA,Classic,200000000,ACTIVE
CARD09154,C09154,JCB,Infinite,100000000,ACTIVE
CARD09155,C09155,Amex,Platinum,30000000,ACTIVE
CARD09156,C09156,JCB,Gold,50000000,ACTIVE
CARD09157,C09157,Amex,Classic,500000000,ACTIVE
CARD09158,C09158,MasterCard,Classic,50000000,ACTIVE
CARD09159,C09159,VISA,Classic,100000000,BLOCKED
CARD09160,C09160,VISA,Gold,20000000,ACTIVE
CARD09161,C09161,JCB,Gold,20000000,ACTIVE
CARD09162,C09162,MasterCard,Platinum,50000000,ACTIVE
CARD09163,C09163,MasterCard,Classic,200000000,ACTIVE
CARD09164,C09164,JCB,Classic,100000000,ACTIVE
CARD09165,C09165,VISA,Classic,50000000,ACTIVE
CARD09166,C09166,MasterCard,Infinite,30000000,ACTIVE
CARD09167,C09167,JCB,Platinum,100000000,ACTIVE
CARD09168,C09168,JCB,Platinum,500000000,ACTIVE
CARD09169,C09169,JCB,Gold,20000000,ACTIVE
CARD09170,C09170,Amex,Infinite,500000000,ACTIVE
CARD09171,C09171,JCB,Gold,500000000,BLOCKED
CARD09172,C09172,JCB,Infinite,10000000,ACTIVE
CARD09173,C09173,MasterCard,Classic,200000000,ACTIVE
CARD09174,C09174,MasterCard,Platinum,500000000,ACTIVE
CARD09175,C09175,JCB,Gold,20000000,ACTIVE
CARD09176,C09176,JCB,Infinite,20000000,ACTIVE
CARD09177,C09177,MasterCard,Infinite,30000000,ACTIVE
CARD09178,C09178,VISA,Platinum,100000000,ACTIVE
CARD09179,C09179,MasterCard,Classic,20000000,ACTIVE
CARD09180,C09180,JCB,Classic,500000000,ACTIVE
CARD09181,C09181,VISA,Classic,50000000,ACTIVE
CARD09182,C09182,JCB,Gold,500000000,ACTIVE
CARD09183,C09183,JCB,Gold,500000000,ACTIVE
CARD09184,C09184,JCB,Infinite,10000000,ACTIVE
CARD09185,C09185,Amex,Gold,500000000,ACTIVE
CARD09186,C09186,MasterCard,Classic,100000000,ACTIVE
CARD09187,C09187,VISA,Infinite,200000000,ACTIVE
CARD09188,C09188,VISA,Platinum,20000000,ACTIVE
CARD09189,C09189,Amex,Platinum,10000000,ACTIVE
CARD09190,C09190,JCB,Gold,30000000,ACTIVE
CARD09191,C09191,Amex,Platinum,20000000,ACTIVE
CARD09192,C09192,VISA,Platinum,50000000,ACTIVE
CARD09193,C09193,MasterCard,Infinite,50000000,ACTIVE
CARD09194,C09194,MasterCard,Gold,500000000,ACTIVE
CARD09195,C09195,MasterCard,Classic,50000000,ACTIVE
CARD09196,C09196,VISA,Classic,10000000,ACTIVE
CARD09197,C09197,MasterCard,Platinum,20000000,ACTIVE
CARD09198,C09198,VISA,Infinite,20000000,ACTIVE
CARD09199,C09199,VISA,Gold,10000000,ACTIVE
CARD09200,C09200,MasterCard,Classic,20000000,ACTIVE
CARD09201,C09201,JCB,Infinite,500000000,ACTIVE
CARD09202,C09202,MasterCard,Gold,20000000,ACTIVE
CARD09203,C09203,Amex,Infinite,20000000,ACTIVE
CARD09204,C09204,VISA,Classic,30000000,ACTIVE
CARD09205,C09205,JCB,Classic,10000000,ACTIVE
CARD09206,C09206,MasterCard,Platinum,20000000,ACTIVE
CARD09207,C09207,Amex,Platinum,50000000,ACTIVE
CARD09208,C09208,MasterCard,Platinum,50000000,ACTIVE
CARD09209,C09209,Amex,Classic,500000000,ACTIVE
CARD09210,C09210,VISA,Platinum,100000000,ACTIVE
CARD09211,C09211,MasterCard,Classic,500000000,ACTIVE
CARD09212,C09212,VISA,Infinite,100000000,ACTIVE
CARD09213,C09213,Amex,Classic,10000000,ACTIVE
CARD09214,C09214,MasterCard,Infinite,30000000,ACTIVE
CARD09215,C09215,Amex,Gold,10000000,ACTIVE
CARD09216,C09216,JCB,Gold,10000000,ACTIVE
CARD09217,C09217,VISA,Gold,100000000,ACTIVE
CARD09218,C09218,MasterCard,Infinite,10000000,ACTIVE
CARD09219,C09219,MasterCard,Gold,30000000,ACTIVE
CARD09220,C09220,Amex,Gold,30000000,ACTIVE
CARD09221,C09221,JCB,Classic,200000000,ACTIVE
CARD09222,C09222,MasterCard,Classic,50000000,ACTIVE
CARD09223,C09223,MasterCard,Infinite,30000000,ACTIVE
CARD09224,C09224,VISA,Infinite,50000000,ACTIVE
CARD09225,C09225,VISA,Platinum,10000000,ACTIVE
CARD09226,C09226,Amex,Infinite,30000000,ACTIVE
CARD09227,C09227,MasterCard,Classic,500000000,ACTIVE
CARD09228,C09228,JCB,Infinite,100000000,ACTIVE
CARD09229,C09229,MasterCard,Infinite,200000000,ACTIVE
CARD09230,C09230,JCB,Infinite,20000000,ACTIVE
CARD09231,C09231,VISA,Infinite,100000000,ACTIVE
CARD09232,C09232,JCB,Classic,500000000,ACTIVE
CARD09233,C09233,JCB,Infinite,50000000,ACTIVE
CARD09234,C09234,VISA,Classic,30000000,ACTIVE
CARD09235,C09235,MasterCard,Infinite,100000000,ACTIVE
CARD09236,C09236,Amex,Gold,50000000,ACTIVE
CARD09237,C09237,MasterCard,Gold,500000000,ACTIVE
CARD09238,C09238,MasterCard,Classic,20000000,ACTIVE
CARD09239,C09239,JCB,Classic,200000000,ACTIVE
CARD09240,C09240,VISA,Platinum,50000000,ACTIVE
CARD09241,C09241,VISA,Classic,10000000,ACTIVE
CARD09242,C09242,VISA,Platinum,500000000,ACTIVE
CARD09243,C09243,MasterCard,Infinite,500000000,ACTIVE
CARD09244,C09244,Amex,Platinum,100000000,ACTIVE
CARD09245,C09245,JCB,Classic,500000000,ACTIVE
CARD09246,C09246,MasterCard,Gold,20000000,ACTIVE
CARD09247,C09247,Amex,Platinum,500000000,ACTIVE
CARD09248,C09248,VISA,Classic,20000000,ACTIVE
CARD09249,C09249,Amex,Classic,100000000,ACTIVE
CARD09250,C09250,Amex,Classic,500000000,ACTIVE
CARD09251,C09251,JCB,Infinite,30000000,ACTIVE
CARD09252,C09252,JCB,Gold,30000000,ACTIVE
CARD09253,C09253,JCB,Gold,20000000,ACTIVE
CARD09254,C09254,Amex,Classic,100000000,ACTIVE
CARD09255,C09255,VISA,Infinite,50000000,ACTIVE
CARD09256,C09256,JCB,Gold,500000000,ACTIVE
CARD09257,C09257,MasterCard,Platinum,30000000,ACTIVE
CARD09258,C09258,VISA,Gold,50000000,ACTIVE
CARD09259,C09259,VISA,Gold,500000000,ACTIVE
CARD09260,C09260,MasterCard,Classic,500000000,ACTIVE
CARD09261,C09261,JCB,Platinum,30000000,ACTIVE
CARD09262,C09262,VISA,Platinum,30000000,ACTIVE
CARD09263,C09263,JCB,Platinum,100000000,ACTIVE
CARD09264,C09264,JCB,Infinite,100000000,ACTIVE
CARD09265,C09265,MasterCard,Platinum,500000000,ACTIVE
CARD09266,C09266,JCB,Infinite,30000000,ACTIVE
CARD09267,C09267,Amex,Gold,20000000,ACTIVE
CARD09268,C09268,Amex,Classic,50000000,ACTIVE
CARD09269,C09269,VISA,Platinum,10000000,ACTIVE
CARD09270,C09270,VISA,Platinum,200000000,ACTIVE
CARD09271,C09271,Amex,Infinite,200000000,ACTIVE
CARD09272,C09272,Amex,Platinum,200000000,ACTIVE
CARD09273,C09273,VISA,Gold,500000000,ACTIVE
CARD09274,C09274,JCB,Infinite,20000000,ACTIVE
CARD09275,C09275,MasterCard,Infinite,30000000,ACTIVE
CARD09276,C09276,Amex,Gold,50000000,BLOCKED
CARD09277,C09277,Amex,Infinite,100000000,ACTIVE
CARD09278,C09278,Amex,Infinite,500000000,ACTIVE
CARD09279,C09279,JCB,Infinite,20000000,ACTIVE
CARD09280,C09280,MasterCard,Platinum,20000000,ACTIVE
CARD09281,C09281,MasterCard,Infinite,50000000,ACTIVE
CARD09282,C09282,MasterCard,Infinite,30000000,ACTIVE
CARD09283,C09283,VISA,Infinite,100000000,ACTIVE
CARD09284,C09284,VISA,Gold,100000000,ACTIVE
CARD09285,C09285,JCB,Gold,50000000,ACTIVE
CARD09286,C09286,VISA,Classic,10000000,ACTIVE
CARD09287,C09287,JCB,Infinite,200000000,ACTIVE
CARD09288,C09288,JCB,Platinum,20000000,ACTIVE
CARD09289,C09289,VISA,Classic,100000000,ACTIVE
CARD09290,C09290,JCB,Classic,200000000,ACTIVE
CARD09291,C09291,MasterCard,Classic,200000000,ACTIVE
CARD09292,C09292,MasterCard,Platinum,30000000,ACTIVE
CARD09293,C09293,Amex,Infinite,10000000,ACTIVE
CARD09294,C09294,MasterCard,Infinite,10000000,ACTIVE
CARD09295,C09295,Amex,Infinite,200000000,ACTIVE
CARD09296,C09296,MasterCard,Classic,20000000,ACTIVE
CARD09297,C09297,MasterCard,Infinite,200000000,ACTIVE
CARD09298,C09298,MasterCard,Gold,200000000,ACTIVE
CARD09299,C09299,VISA,Gold,50000000,ACTIVE
CARD09300,C09300,MasterCard,Classic,20000000,ACTIVE
CARD09301,C09301,MasterCard,Gold,10000000,ACTIVE
CARD09302,C09302,MasterCard,Gold,100000000,ACTIVE
CARD09303,C09303,Amex,Platinum,100000000,ACTIVE
CARD09304,C09304,MasterCard,Platinum,500000000,BLOCKED
CARD09305,C09305,MasterCard,Classic,30000000,ACTIVE
CARD09306,C09306,JCB,Platinum,500000000,ACTIVE
CARD09307,C09307,Amex,Platinum,500000000,ACTIVE
CARD09308,C09308,MasterCard,Gold,30000000,ACTIVE
CARD09309,C09309,JCB,Classic,10000000,ACTIVE
CARD09310,C09310,Amex,Gold,100000000,ACTIVE
CARD09311,C09311,JCB,Infinite,200000000,ACTIVE
CARD09312,C09312,Amex,Gold,20000000,ACTIVE
CARD09313,C09313,MasterCard,Gold,500000000,ACTIVE
CARD09314,C09314,VISA,Platinum,50000000,ACTIVE
CARD09315,C09315,VISA,Platinum,500000000,ACTIVE
CARD09316,C09316,JCB,Platinum,500000000,ACTIVE
CARD09317,C09317,MasterCard,Classic,10000000,BLOCKED
CARD09318,C09318,MasterCard,Classic,50000000,BLOCKED
CARD09319,C09319,VISA,Gold,30000000,ACTIVE
CARD09320,C09320,Amex,Classic,30000000,ACTIVE
CARD09321,C09321,MasterCard,Infinite,50000000,ACTIVE
CARD09322,C09322,MasterCard,Platinum,10000000,ACTIVE
CARD09323,C09323,MasterCard,Gold,200000000,ACTIVE
CARD09324,C09324,VISA,Classic,500000000,ACTIVE
CARD09325,C09325,VISA,Gold,10000000,ACTIVE
CARD09326,C09326,Amex,Gold,500000000,ACTIVE
CARD09327,C09327,VISA,Platinum,20000000,ACTIVE
CARD09328,C09328,VISA,Platinum,50000000,ACTIVE
CARD09329,C09329,VISA,Platinum,100000000,ACTIVE
CARD09330,C09330,VISA,Gold,200000000,ACTIVE
CARD09331,C09331,MasterCard,Classic,30000000,ACTIVE
CARD09332,C09332,MasterCard,Gold,10000000,ACTIVE
CARD09333,C09333,MasterCard,Gold,20000000,ACTIVE
CARD09334,C09334,JCB,Infinite,50000000,ACTIVE
CARD09335,C09335,MasterCard,Gold,20000000,ACTIVE
CARD09336,C09336,MasterCard,Gold,30000000,ACTIVE
CARD09337,C09337,VISA,Classic,30000000,ACTIVE
CARD09338,C09338,JCB,Platinum,30000000,BLOCKED
CARD09339,C09339,Amex,Classic,20000000,ACTIVE
CARD09340,C09340,JCB,Gold,500000000,ACTIVE
CARD09341,C09341,VISA,Gold,500000000,ACTIVE
CARD09342,C09342,MasterCard,Platinum,200000000,ACTIVE
CARD09343,C09343,MasterCard,Infinite,200000000,ACTIVE
CARD09344,C09344,VISA,Classic,50000000,ACTIVE
CARD09345,C09345,MasterCard,Platinum,30000000,ACTIVE
CARD09346,C09346,JCB,Gold,50000000,ACTIVE
CARD09347,C09347,JCB,Classic,50000000,ACTIVE
CARD09348,C09348,Amex,Classic,20000000,ACTIVE
CARD09349,C09349,JCB,Platinum,50000000,ACTIVE
CARD09350,C09350,Amex,Infinite,100000000,ACTIVE
CARD09351,C09351,MasterCard,Classic,20000000,BLOCKED
CARD09352,C09352,VISA,Infinite,50000000,ACTIVE
CARD09353,C09353,Amex,Classic,50000000,ACTIVE
CARD09354,C09354,MasterCard,Platinum,50000000,ACTIVE
CARD09355,C09355,MasterCard,Gold,50000000,ACTIVE
CARD09356,C09356,JCB,Infinite,10000000,ACTIVE
CARD09357,C09357,VISA,Infinite,30000000,ACTIVE
CARD09358,C09358,VISA,Infinite,500000000,ACTIVE
CARD09359,C09359,JCB,Classic,100000000,BLOCKED
CARD09360,C09360,Amex,Gold,30000000,ACTIVE
CARD09361,C09361,MasterCard,Platinum,100000000,ACTIVE
CARD09362,C09362,Amex,Infinite,100000000,ACTIVE
CARD09363,C09363,MasterCard,Infinite,10000000,ACTIVE
CARD09364,C09364,MasterCard,Classic,10000000,ACTIVE
CARD09365,C09365,VISA,Classic,200000000,ACTIVE
CARD09366,C09366,Amex,Classic,200000000,ACTIVE
CARD09367,C09367,Amex,Infinite,50000000,BLOCKED
CARD09368,C09368,MasterCard,Infinite,50000000,BLOCKED
CARD09369,C09369,VISA,Classic,50000000,ACTIVE
CARD09370,C09370,JCB,Classic,100000000,ACTIVE
CARD09371,C09371,VISA,Infinite,10000000,ACTIVE
CARD09372,C09372,Amex,Gold,10000000,ACTIVE
CARD09373,C09373,Amex,Infinite,20000000,ACTIVE
CARD09374,C09374,JCB,Gold,50000000,ACTIVE
CARD09375,C09375,JCB,Classic,100000000,ACTIVE
CARD09376,C09376,Amex,Infinite,10000000,ACTIVE
CARD09377,C09377,MasterCard,Infinite,50000000,ACTIVE
CARD09378,C09378,VISA,Platinum,50000000,ACTIVE
CARD09379,C09379,JCB,Platinum,200000000,ACTIVE
CARD09380,C09380,JCB,Gold,100000000,ACTIVE
CARD09381,C09381,VISA,Platinum,30000000,ACTIVE
CARD09382,C09382,MasterCard,Gold,30000000,ACTIVE
CARD09383,C09383,Amex,Platinum,100000000,ACTIVE
CARD09384,C09384,JCB,Platinum,30000000,ACTIVE
CARD09385,C09385,JCB,Infinite,50000000,ACTIVE
CARD09386,C09386,MasterCard,Classic,10000000,ACTIVE
CARD09387,C09387,VISA,Platinum,500000000,ACTIVE
CARD09388,C09388,VISA,Gold,500000000,ACTIVE
CARD09389,C09389,VISA,Classic,50000000,ACTIVE
CARD09390,C09390,JCB,Gold,500000000,ACTIVE
CARD09391,C09391,MasterCard,Classic,50000000,ACTIVE
CARD09392,C09392,Amex,Infinite,50000000,ACTIVE
CARD09393,C09393,VISA,Gold,50000000,ACTIVE
CARD09394,C09394,VISA,Platinum,50000000,ACTIVE
CARD09395,C09395,VISA,Gold,100000000,ACTIVE
CARD09396,C09396,JCB,Classic,10000000,ACTIVE
CARD09397,C09397,Amex,Infinite,10000000,ACTIVE
CARD09398,C09398,MasterCard,Gold,20000000,ACTIVE
CARD09399,C09399,Amex,Gold,30000000,ACTIVE
CARD09400,C09400,MasterCard,Platinum,10000000,ACTIVE
CARD09401,C09401,Amex,Classic,200000000,ACTIVE
CARD09402,C09402,JCB,Gold,500000000,ACTIVE
CARD09403,C09403,JCB,Platinum,200000000,ACTIVE
CARD09404,C09404,MasterCard,Classic,100000000,ACTIVE
CARD09405,C09405,Amex,Classic,100000000,ACTIVE
CARD09406,C09406,VISA,Platinum,200000000,ACTIVE
CARD09407,C09407,VISA,Platinum,20000000,ACTIVE
CARD09408,C09408,MasterCard,Infinite,100000000,BLOCKED
CARD09409,C09409,JCB,Gold,50000000,ACTIVE
CARD09410,C09410,VISA,Classic,500000000,ACTIVE
CARD09411,C09411,Amex,Classic,10000000,ACTIVE
CARD09412,C09412,JCB,Classic,100000000,ACTIVE
CARD09413,C09413,VISA,Gold,20000000,ACTIVE
CARD09414,C09414,VISA,Infinite,10000000,ACTIVE
CARD09415,C09415,JCB,Classic,100000000,ACTIVE
CARD09416,C09416,VISA,Infinite,50000000,ACTIVE
CARD09417,C09417,MasterCard,Classic,50000000,ACTIVE
CARD09418,C09418,JCB,Platinum,30000000,ACTIVE
CARD09419,C09419,MasterCard,Classic,20000000,ACTIVE
CARD09420,C09420,Amex,Infinite,20000000,ACTIVE
CARD09421,C09421,VISA,Classic,200000000,ACTIVE
CARD09422,C09422,JCB,Platinum,20000000,ACTIVE
CARD09423,C09423,MasterCard,Classic,200000000,ACTIVE
CARD09424,C09424,MasterCard,Classic,10000000,ACTIVE
CARD09425,C09425,JCB,Classic,50000000,BLOCKED
CARD09426,C09426,VISA,Infinite,200000000,ACTIVE
CARD09427,C09427,Amex,Platinum,50000000,ACTIVE
CARD09428,C09428,MasterCard,Infinite,500000000,ACTIVE
CARD09429,C09429,MasterCard,Gold,100000000,ACTIVE
CARD09430,C09430,VISA,Classic,10000000,ACTIVE
CARD09431,C09431,VISA,Infinite,100000000,ACTIVE
CARD09432,C09432,VISA,Classic,100000000,ACTIVE
CARD09433,C09433,JCB,Platinum,200000000,ACTIVE
CARD09434,C09434,Amex,Infinite,100000000,ACTIVE
CARD09435,C09435,VISA,Infinite,500000000,ACTIVE
CARD09436,C09436,JCB,Gold,50000000,ACTIVE
CARD09437,C09437,MasterCard,Gold,500000000,ACTIVE
CARD09438,C09438,JCB,Gold,10000000,ACTIVE
CARD09439,C09439,JCB,Gold,20000000,ACTIVE
CARD09440,C09440,MasterCard,Classic,30000000,ACTIVE
CARD09441,C09441,VISA,Platinum,200000000,ACTIVE
CARD09442,C09442,JCB,Platinum,30000000,BLOCKED
CARD09443,C09443,JCB,Gold,20000000,ACTIVE
CARD09444,C09444,MasterCard,Infinite,10000000,ACTIVE
CARD09445,C09445,JCB,Platinum,30000000,ACTIVE
CARD09446,C09446,MasterCard,Classic,30000000,ACTIVE
CARD09447,C09447,JCB,Infinite,500000000,ACTIVE
CARD09448,C09448,VISA,Infinite,20000000,ACTIVE
CARD09449,C09449,VISA,Gold,100000000,BLOCKED
CARD09450,C09450,MasterCard,Gold,10000000,ACTIVE
CARD09451,C09451,JCB,Gold,50000000,ACTIVE
CARD09452,C09452,MasterCard,Platinum,30000000,ACTIVE
CARD09453,C09453,JCB,Gold,50000000,ACTIVE
CARD09454,C09454,JCB,Platinum,50000000,ACTIVE
CARD09455,C09455,MasterCard,Platinum,50000000,BLOCKED
CARD09456,C09456,MasterCard,Gold,50000000,ACTIVE
CARD09457,C09457,JCB,Gold,20000000,ACTIVE
CARD09458,C09458,Amex,Infinite,30000000,ACTIVE
CARD09459,C09459,VISA,Infinite,10000000,ACTIVE
CARD09460,C09460,MasterCard,Infinite,30000000,ACTIVE
CARD09461,C09461,MasterCard,Platinum,50000000,ACTIVE
CARD09462,C09462,VISA,Platinum,100000000,ACTIVE
CARD09463,C09463,Amex,Platinum,20000000,ACTIVE
CARD09464,C09464,Amex,Classic,30000000,ACTIVE
CARD09465,C09465,Amex,Gold,20000000,ACTIVE
CARD09466,C09466,Amex,Classic,30000000,ACTIVE
CARD09467,C09467,MasterCard,Platinum,20000000,ACTIVE
CARD09468,C09468,Amex,Classic,500000000,ACTIVE
CARD09469,C09469,MasterCard,Classic,50000000,ACTIVE
CARD09470,C09470,Amex,Infinite,200000000,ACTIVE
CARD09471,C09471,VISA,Infinite,50000000,ACTIVE
CARD09472,C09472,MasterCard,Infinite,30000000,ACTIVE
CARD09473,C09473,Amex,Infinite,10000000,ACTIVE
CARD09474,C09474,MasterCard,Classic,20000000,ACTIVE
CARD09475,C09475,MasterCard,Platinum,20000000,ACTIVE
CARD09476,C09476,Amex,Classic,500000000,ACTIVE
CARD09477,C09477,Amex,Platinum,50000000,ACTIVE
CARD09478,C09478,Amex,Gold,500000000,BLOCKED
CARD09479,C09479,MasterCard,Classic,30000000,BLOCKED
CARD09480,C09480,MasterCard,Platinum,50000000,ACTIVE
CARD09481,C09481,MasterCard,Infinite,200000000,ACTIVE
CARD09482,C09482,Amex,Platinum,500000000,ACTIVE
CARD09483,C09483,MasterCard,Infinite,10000000,ACTIVE
CARD09484,C09484,VISA,Gold,50000000,ACTIVE
CARD09485,C09485,JCB,Gold,50000000,ACTIVE
CARD09486,C09486,Amex,Gold,500000000,ACTIVE
CARD09487,C09487,VISA,Infinite,50000000,ACTIVE
CARD09488,C09488,JCB,Infinite,30000000,ACTIVE
CARD09489,C09489,JCB,Classic,10000000,ACTIVE
CARD09490,C09490,MasterCard,Platinum,20000000,ACTIVE
CARD09491,C09491,MasterCard,Gold,100000000,ACTIVE
CARD09492,C09492,VISA,Platinum,200000000,ACTIVE
CARD09493,C09493,JCB,Gold,500000000,ACTIVE
CARD09494,C09494,JCB,Gold,10000000,ACTIVE
CARD09495,C09495,MasterCard,Gold,100000000,ACTIVE
CARD09496,C09496,Amex,Classic,30000000,ACTIVE
CARD09497,C09497,MasterCard,Platinum,10000000,ACTIVE
CARD09498,C09498,MasterCard,Classic,500000000,ACTIVE
CARD09499,C09499,Amex,Infinite,200000000,ACTIVE
CARD09500,C09500,Amex,Platinum,200000000,BLOCKED
CARD09501,C09501,Amex,Classic,20000000,ACTIVE
CARD09502,C09502,VISA,Infinite,10000000,ACTIVE
CARD09503,C09503,VISA,Gold,200000000,ACTIVE
CARD09504,C09504,JCB,Infinite,30000000,ACTIVE
CARD09505,C09505,Amex,Infinite,50000000,ACTIVE
CARD09506,C09506,Amex,Infinite,100000000,ACTIVE
CARD09507,C09507,MasterCard,Classic,20000000,ACTIVE
CARD09508,C09508,VISA,Infinite,50000000,ACTIVE
CARD09509,C09509,VISA,Platinum,500000000,ACTIVE
CARD09510,C09510,MasterCard,Classic,50000000,ACTIVE
CARD09511,C09511,Amex,Classic,50000000,ACTIVE
CARD09512,C09512,MasterCard,Platinum,10000000,ACTIVE
CARD09513,C09513,VISA,Classic,100000000,ACTIVE
CARD09514,C09514,VISA,Classic,500000000,ACTIVE
CARD09515,C09515,MasterCard,Platinum,50000000,ACTIVE
CARD09516,C09516,JCB,Infinite,10000000,ACTIVE
CARD09517,C09517,JCB,Gold,500000000,ACTIVE
CARD09518,C09518,JCB,Platinum,30000000,ACTIVE
CARD09519,C09519,JCB,Gold,20000000,ACTIVE
CARD09520,C09520,MasterCard,Gold,10000000,ACTIVE
CARD09521,C09521,JCB,Gold,500000000,ACTIVE
CARD09522,C09522,Amex,Platinum,500000000,ACTIVE
CARD09523,C09523,MasterCard,Infinite,20000000,ACTIVE
CARD09524,C09524,VISA,Infinite,20000000,BLOCKED
CARD09525,C09525,MasterCard,Classic,50000000,ACTIVE
CARD09526,C09526,JCB,Gold,10000000,ACTIVE
CARD09527,C09527,JCB,Platinum,100000000,ACTIVE
CARD09528,C09528,MasterCard,Platinum,30000000,ACTIVE
CARD09529,C09529,Amex,Infinite,30000000,ACTIVE
CARD09530,C09530,JCB,Platinum,20000000,ACTIVE
CARD09531,C09531,VISA,Classic,50000000,ACTIVE
CARD09532,C09532,Amex,Platinum,50000000,ACTIVE
CARD09533,C09533,MasterCard,Platinum,100000000,ACTIVE
CARD09534,C09534,JCB,Platinum,100000000,ACTIVE
CARD09535,C09535,MasterCard,Gold,30000000,BLOCKED
CARD09536,C09536,MasterCard,Gold,30000000,ACTIVE
CARD09537,C09537,MasterCard,Platinum,500000000,ACTIVE
CARD09538,C09538,Amex,Platinum,100000000,ACTIVE
CARD09539,C09539,MasterCard,Classic,30000000,ACTIVE
CARD09540,C09540,VISA,Classic,10000000,ACTIVE
CARD09541,C09541,VISA,Gold,50000000,ACTIVE
CARD09542,C09542,JCB,Platinum,10000000,ACTIVE
CARD09543,C09543,Amex,Platinum,50000000,ACTIVE
CARD09544,C09544,Amex,Classic,500000000,ACTIVE
CARD09545,C09545,MasterCard,Classic,500000000,ACTIVE
CARD09546,C09546,MasterCard,Platinum,500000000,ACTIVE
CARD09547,C09547,Amex,Infinite,100000000,ACTIVE
CARD09548,C09548,VISA,Infinite,20000000,ACTIVE
CARD09549,C09549,VISA,Gold,500000000,ACTIVE
CARD09550,C09550,MasterCard,Gold,200000000,ACTIVE
CARD09551,C09551,VISA,Classic,50000000,ACTIVE
CARD09552,C09552,VISA,Classic,30000000,ACTIVE
CARD09553,C09553,VISA,Gold,500000000,ACTIVE
CARD09554,C09554,JCB,Classic,10000000,ACTIVE
CARD09555,C09555,JCB,Platinum,100000000,ACTIVE
CARD09556,C09556,Amex,Infinite,500000000,ACTIVE
CARD09557,C09557,JCB,Gold,100000000,ACTIVE
CARD09558,C09558,Amex,Gold,20000000,ACTIVE
CARD09559,C09559,Amex,Platinum,30000000,ACTIVE
CARD09560,C09560,Amex,Infinite,200000000,ACTIVE
CARD09561,C09561,MasterCard,Classic,50000000,ACTIVE
CARD09562,C09562,MasterCard,Infinite,20000000,ACTIVE
CARD09563,C09563,JCB,Gold,20000000,ACTIVE
CARD09564,C09564,JCB,Platinum,10000000,ACTIVE
CARD09565,C09565,JCB,Gold,200000000,ACTIVE
CARD09566,C09566,MasterCard,Infinite,500000000,ACTIVE
CARD09567,C09567,Amex,Gold,10000000,ACTIVE
CARD09568,C09568,MasterCard,Platinum,50000000,ACTIVE
CARD09569,C09569,VISA,Classic,200000000,ACTIVE
CARD09570,C09570,MasterCard,Platinum,50000000,ACTIVE
CARD09571,C09571,MasterCard,Gold,20000000,ACTIVE
CARD09572,C09572,VISA,Platinum,500000000,ACTIVE
CARD09573,C09573,VISA,Platinum,30000000,ACTIVE
CARD09574,C09574,VISA,Gold,100000000,ACTIVE
CARD09575,C09575,Amex,Platinum,200000000,ACTIVE
CARD09576,C09576,VISA,Platinum,200000000,ACTIVE
CARD09577,C09577,VISA,Platinum,10000000,ACTIVE
CARD09578,C09578,JCB,Infinite,50000000,ACTIVE
CARD09579,C09579,VISA,Gold,50000000,ACTIVE
CARD09580,C09580,JCB,Gold,30000000,ACTIVE
CARD09581,C09581,VISA,Platinum,200000000,ACTIVE
CARD09582,C09582,MasterCard,Infinite,20000000,ACTIVE
CARD09583,C09583,MasterCard,Platinum,50000000,ACTIVE
CARD09584,C09584,VISA,Gold,50000000,ACTIVE
CARD09585,C09585,VISA,Gold,500000000,ACTIVE
CARD09586,C09586,VISA,Infinite,100000000,BLOCKED
CARD09587,C09587,VISA,Classic,10000000,ACTIVE
CARD09588,C09588,MasterCard,Gold,20000000,ACTIVE
CARD09589,C09589,JCB,Platinum,500000000,ACTIVE
CARD09590,C09590,JCB,Platinum,30000000,ACTIVE
CARD09591,C09591,Amex,Platinum,100000000,ACTIVE
CARD09592,C09592,JCB,Infinite,30000000,ACTIVE
CARD09593,C09593,Amex,Platinum,50000000,ACTIVE
CARD09594,C09594,JCB,Classic,10000000,ACTIVE
CARD09595,C09595,MasterCard,Gold,20000000,ACTIVE
CARD09596,C09596,MasterCard,Gold,30000000,ACTIVE
CARD09597,C09597,VISA,Classic,100000000,ACTIVE
CARD09598,C09598,VISA,Platinum,500000000,ACTIVE
CARD09599,C09599,MasterCard,Platinum,50000000,ACTIVE
CARD09600,C09600,JCB,Platinum,30000000,ACTIVE
CARD09601,C09601,JCB,Infinite,30000000,BLOCKED
CARD09602,C09602,MasterCard,Infinite,30000000,ACTIVE
CARD09603,C09603,JCB,Gold,100000000,ACTIVE
CARD09604,C09604,VISA,Platinum,500000000,ACTIVE
CARD09605,C09605,MasterCard,Infinite,20000000,ACTIVE
CARD09606,C09606,VISA,Infinite,50000000,ACTIVE
CARD09607,C09607,VISA,Platinum,500000000,ACTIVE
CARD09608,C09608,JCB,Platinum,10000000,ACTIVE
CARD09609,C09609,MasterCard,Platinum,200000000,ACTIVE
CARD09610,C09610,JCB,Infinite,500000000,ACTIVE
CARD09611,C09611,VISA,Gold,50000000,ACTIVE
CARD09612,C09612,JCB,Infinite,10000000,ACTIVE
CARD09613,C09613,JCB,Infinite,200000000,ACTIVE
CARD09614,C09614,Amex,Infinite,100000000,ACTIVE
CARD09615,C09615,VISA,Infinite,30000000,ACTIVE
CARD09616,C09616,JCB,Platinum,500000000,ACTIVE
CARD09617,C09617,VISA,Platinum,10000000,ACTIVE
CARD09618,C09618,VISA,Infinite,20000000,ACTIVE
CARD09619,C09619,MasterCard,Platinum,30000000,ACTIVE
CARD09620,C09620,Amex,Platinum,10000000,BLOCKED
CARD09621,C09621,Amex,Platinum,20000000,ACTIVE
CARD09622,C09622,VISA,Platinum,20000000,ACTIVE
CARD09623,C09623,JCB,Gold,200000000,ACTIVE
CARD09624,C09624,VISA,Gold,30000000,ACTIVE
CARD09625,C09625,MasterCard,Platinum,10000000,ACTIVE
CARD09626,C09626,MasterCard,Gold,500000000,ACTIVE
CARD09627,C09627,MasterCard,Platinum,10000000,ACTIVE
CARD09628,C09628,MasterCard,Classic,500000000,ACTIVE
CARD09629,C09629,Amex,Gold,200000000,ACTIVE
CARD09630,C09630,JCB,Infinite,500000000,ACTIVE
CARD09631,C09631,JCB,Classic,200000000,ACTIVE
CARD09632,C09632,MasterCard,Classic,100000000,ACTIVE
CARD09633,C09633,JCB,Gold,20000000,ACTIVE
CARD09634,C09634,Amex,Gold,500000000,ACTIVE
CARD09635,C09635,VISA,Platinum,200000000,ACTIVE
CARD09636,C09636,JCB,Platinum,200000000,ACTIVE
CARD09637,C09637,Amex,Classic,30000000,ACTIVE
CARD09638,C09638,VISA,Platinum,500000000,ACTIVE
CARD09639,C09639,Amex,Platinum,500000000,BLOCKED
CARD09640,C09640,Amex,Gold,100000000,ACTIVE
CARD09641,C09641,JCB,Infinite,200000000,ACTIVE
CARD09642,C09642,VISA,Infinite,50000000,ACTIVE
CARD09643,C09643,VISA,Classic,100000000,ACTIVE
CARD09644,C09644,VISA,Classic,10000000,ACTIVE
CARD09645,C09645,Amex,Infinite,10000000,ACTIVE
CARD09646,C09646,Amex,Infinite,10000000,ACTIVE
CARD09647,C09647,JCB,Gold,20000000,ACTIVE
CARD09648,C09648,Amex,Classic,20000000,ACTIVE
CARD09649,C09649,JCB,Classic,50000000,ACTIVE
CARD09650,C09650,JCB,Platinum,100000000,ACTIVE
CARD09651,C09651,Amex,Infinite,10000000,ACTIVE
CARD09652,C09652,Amex,Platinum,10000000,ACTIVE
CARD09653,C09653,JCB,Gold,20000000,ACTIVE
CARD09654,C09654,Amex,Platinum,50000000,ACTIVE
CARD09655,C09655,MasterCard,Infinite,50000000,ACTIVE
CARD09656,C09656,VISA,Infinite,500000000,ACTIVE
CARD09657,C09657,MasterCard,Gold,200000000,ACTIVE
CARD09658,C09658,VISA,Platinum,200000000,ACTIVE
CARD09659,C09659,JCB,Infinite,50000000,ACTIVE
CARD09660,C09660,MasterCard,Gold,500000000,ACTIVE
CARD09661,C09661,VISA,Classic,10000000,ACTIVE
CARD09662,C09662,Amex,Platinum,10000000,ACTIVE
CARD09663,C09663,Amex,Platinum,500000000,ACTIVE
CARD09664,C09664,MasterCard,Platinum,50000000,ACTIVE
CARD09665,C09665,JCB,Infinite,200000000,ACTIVE
CARD09666,C09666,VISA,Classic,30000000,ACTIVE
CARD09667,C09667,MasterCard,Gold,50000000,ACTIVE
CARD09668,C09668,VISA,Classic,30000000,ACTIVE
CARD09669,C09669,Amex,Classic,20000000,ACTIVE
CARD09670,C09670,JCB,Classic,20000000,BLOCKED
CARD09671,C09671,MasterCard,Gold,50000000,ACTIVE
CARD09672,C09672,Amex,Infinite,10000000,ACTIVE
CARD09673,C09673,Amex,Infinite,200000000,ACTIVE
CARD09674,C09674,Amex,Infinite,10000000,ACTIVE
CARD09675,C09675,JCB,Gold,500000000,ACTIVE
CARD09676,C09676,MasterCard,Platinum,20000000,ACTIVE
CARD09677,C09677,VISA,Platinum,50000000,ACTIVE
CARD09678,C09678,JCB,Gold,30000000,ACTIVE
CARD09679,C09679,Amex,Gold,50000000,ACTIVE
CARD09680,C09680,MasterCard,Platinum,200000000,ACTIVE
CARD09681,C09681,Amex,Gold,10000000,ACTIVE
CARD09682,C09682,JCB,Infinite,200000000,ACTIVE
CARD09683,C09683,VISA,Platinum,200000000,BLOCKED
CARD09684,C09684,JCB,Infinite,10000000,ACTIVE
CARD09685,C09685,VISA,Classic,200000000,ACTIVE
CARD09686,C09686,VISA,Classic,200000000,ACTIVE
CARD09687,C09687,VISA,Gold,50000000,ACTIVE
CARD09688,C09688,JCB,Infinite,200000000,ACTIVE
CARD09689,C09689,Amex,Infinite,500000000,ACTIVE
CARD09690,C09690,VISA,Gold,100000000,ACTIVE
CARD09691,C09691,VISA,Gold,50000000,ACTIVE
CARD09692,C09692,Amex,Gold,10000000,ACTIVE
CARD09693,C09693,JCB,Platinum,50000000,ACTIVE
CARD09694,C09694,Amex,Classic,100000000,ACTIVE
CARD09695,C09695,VISA,Gold,20000000,ACTIVE
CARD09696,C09696,MasterCard,Classic,50000000,ACTIVE
CARD09697,C09697,VISA,Gold,500000000,ACTIVE
CARD09698,C09698,Amex,Infinite,20000000,ACTIVE
CARD09699,C09699,Amex,Classic,100000000,BLOCKED
CARD09700,C09700,VISA,Platinum,30000000,ACTIVE
CARD09701,C09701,VISA,Platinum,100000000,ACTIVE
CARD09702,C09702,VISA,Infinite,500000000,ACTIVE
CARD09703,C09703,MasterCard,Infinite,10000000,ACTIVE
CARD09704,C09704,MasterCard,Classic,500000000,ACTIVE
CARD09705,C09705,MasterCard,Classic,500000000,ACTIVE
CARD09706,C09706,VISA,Gold,20000000,ACTIVE
CARD09707,C09707,Amex,Infinite,10000000,ACTIVE
CARD09708,C09708,Amex,Platinum,100000000,ACTIVE
CARD09709,C09709,MasterCard,Classic,100000000,ACTIVE
CARD09710,C09710,VISA,Classic,20000000,ACTIVE
CARD09711,C09711,Amex,Infinite,50000000,ACTIVE
CARD09712,C09712,Amex,Classic,20000000,ACTIVE
CARD09713,C09713,VISA,Gold,10000000,ACTIVE
CARD09714,C09714,VISA,Platinum,30000000,ACTIVE
CARD09715,C09715,MasterCard,Gold,200000000,ACTIVE
CARD09716,C09716,VISA,Platinum,50000000,ACTIVE
CARD09717,C09717,MasterCard,Platinum,20000000,ACTIVE
CARD09718,C09718,JCB,Classic,20000000,ACTIVE
CARD09719,C09719,MasterCard,Platinum,10000000,ACTIVE
CARD09720,C09720,VISA,Infinite,50000000,ACTIVE
CARD09721,C09721,MasterCard,Platinum,200000000,ACTIVE
CARD09722,C09722,VISA,Platinum,30000000,ACTIVE
CARD09723,C09723,JCB,Infinite,100000000,ACTIVE
CARD09724,C09724,VISA,Gold,200000000,ACTIVE
CARD09725,C09725,Amex,Platinum,10000000,ACTIVE
CARD09726,C09726,VISA,Gold,100000000,ACTIVE
CARD09727,C09727,JCB,Classic,30000000,ACTIVE
CARD09728,C09728,Amex,Gold,200000000,ACTIVE
CARD09729,C09729,Amex,Gold,200000000,ACTIVE
CARD09730,C09730,MasterCard,Classic,30000000,ACTIVE
CARD09731,C09731,VISA,Classic,100000000,ACTIVE
CARD09732,C09732,VISA,Infinite,20000000,ACTIVE
CARD09733,C09733,MasterCard,Classic,200000000,ACTIVE
CARD09734,C09734,MasterCard,Classic,10000000,ACTIVE
CARD09735,C09735,Amex,Infinite,30000000,ACTIVE
CARD09736,C09736,Amex,Classic,200000000,BLOCKED
CARD09737,C09737,MasterCard,Infinite,30000000,ACTIVE
CARD09738,C09738,JCB,Platinum,30000000,ACTIVE
CARD09739,C09739,VISA,Infinite,500000000,ACTIVE
CARD09740,C09740,VISA,Infinite,500000000,ACTIVE
CARD09741,C09741,VISA,Platinum,100000000,ACTIVE
CARD09742,C09742,MasterCard,Infinite,200000000,ACTIVE
CARD09743,C09743,JCB,Platinum,100000000,ACTIVE
CARD09744,C09744,MasterCard,Infinite,20000000,ACTIVE
CARD09745,C09745,Amex,Infinite,20000000,ACTIVE
CARD09746,C09746,VISA,Gold,10000000,ACTIVE
CARD09747,C09747,Amex,Platinum,20000000,BLOCKED
CARD09748,C09748,Amex,Infinite,500000000,ACTIVE
CARD09749,C09749,Amex,Infinite,200000000,ACTIVE
CARD09750,C09750,VISA,Gold,200000000,ACTIVE
CARD09751,C09751,MasterCard,Classic,50000000,ACTIVE
CARD09752,C09752,MasterCard,Classic,500000000,ACTIVE
CARD09753,C09753,JCB,Infinite,20000000,BLOCKED
CARD09754,C09754,JCB,Infinite,200000000,ACTIVE
CARD09755,C09755,JCB,Platinum,100000000,ACTIVE
CARD09756,C09756,JCB,Gold,200000000,ACTIVE
CARD09757,C09757,JCB,Classic,200000000,ACTIVE
CARD09758,C09758,MasterCard,Classic,50000000,ACTIVE
CARD09759,C09759,Amex,Infinite,200000000,ACTIVE
CARD09760,C09760,Amex,Platinum,200000000,ACTIVE
CARD09761,C09761,Amex,Infinite,100000000,ACTIVE
CARD09762,C09762,Amex,Classic,100000000,ACTIVE
CARD09763,C09763,JCB,Classic,200000000,ACTIVE
CARD09764,C09764,JCB,Gold,500000000,ACTIVE
CARD09765,C09765,VISA,Classic,20000000,ACTIVE
CARD09766,C09766,VISA,Platinum,200000000,ACTIVE
CARD09767,C09767,Amex,Platinum,10000000,ACTIVE
CARD09768,C09768,MasterCard,Infinite,200000000,ACTIVE
CARD09769,C09769,JCB,Gold,200000000,ACTIVE
CARD09770,C09770,MasterCard,Classic,100000000,ACTIVE
CARD09771,C09771,JCB,Platinum,10000000,ACTIVE
CARD09772,C09772,JCB,Classic,30000000,ACTIVE
CARD09773,C09773,Amex,Infinite,100000000,ACTIVE
CARD09774,C09774,Amex,Infinite,30000000,ACTIVE
CARD09775,C09775,MasterCard,Gold,100000000,ACTIVE
CARD09776,C09776,Amex,Gold,100000000,ACTIVE
CARD09777,C09777,VISA,Classic,100000000,ACTIVE
CARD09778,C09778,JCB,Classic,20000000,ACTIVE
CARD09779,C09779,Amex,Infinite,10000000,ACTIVE
CARD09780,C09780,VISA,Classic,30000000,ACTIVE
CARD09781,C09781,JCB,Classic,200000000,ACTIVE
CARD09782,C09782,Amex,Classic,200000000,ACTIVE
CARD09783,C09783,JCB,Infinite,200000000,ACTIVE
CARD09784,C09784,VISA,Platinum,500000000,ACTIVE
CARD09785,C09785,VISA,Gold,20000000,ACTIVE
CARD09786,C09786,Amex,Classic,200000000,ACTIVE
CARD09787,C09787,JCB,Infinite,30000000,ACTIVE
CARD09788,C09788,JCB,Platinum,50000000,ACTIVE
CARD09789,C09789,MasterCard,Platinum,30000000,ACTIVE
CARD09790,C09790,Amex,Gold,500000000,ACTIVE
CARD09791,C09791,VISA,Platinum,50000000,ACTIVE
CARD09792,C09792,Amex,Gold,100000000,ACTIVE
CARD09793,C09793,JCB,Infinite,30000000,ACTIVE
CARD09794,C09794,VISA,Platinum,50000000,ACTIVE
CARD09795,C09795,Amex,Infinite,200000000,ACTIVE
CARD09796,C09796,JCB,Infinite,10000000,ACTIVE
CARD09797,C09797,JCB,Infinite,500000000,ACTIVE
CARD09798,C09798,VISA,Infinite,100000000,ACTIVE
CARD09799,C09799,MasterCard,Classic,20000000,ACTIVE
CARD09800,C09800,VISA,Platinum,500000000,ACTIVE
CARD09801,C09801,JCB,Classic,50000000,ACTIVE
CARD09802,C09802,Amex,Infinite,50000000,ACTIVE
CARD09803,C09803,Amex,Infinite,200000000,ACTIVE
CARD09804,C09804,MasterCard,Gold,20000000,ACTIVE
CARD09805,C09805,MasterCard,Platinum,30000000,ACTIVE
CARD09806,C09806,MasterCard,Classic,100000000,ACTIVE
CARD09807,C09807,MasterCard,Classic,200000000,ACTIVE
CARD09808,C09808,VISA,Classic,50000000,ACTIVE
CARD09809,C09809,Amex,Infinite,500000000,ACTIVE
CARD09810,C09810,Amex,Platinum,10000000,ACTIVE
CARD09811,C09811,Amex,Infinite,10000000,ACTIVE
CARD09812,C09812,VISA,Gold,50000000,ACTIVE
CARD09813,C09813,JCB,Infinite,10000000,ACTIVE
CARD09814,C09814,JCB,Gold,50000000,ACTIVE
CARD09815,C09815,JCB,Infinite,20000000,ACTIVE
CARD09816,C09816,JCB,Gold,100000000,ACTIVE
CARD09817,C09817,VISA,Platinum,30000000,ACTIVE
CARD09818,C09818,MasterCard,Infinite,200000000,ACTIVE
CARD09819,C09819,VISA,Gold,20000000,ACTIVE
CARD09820,C09820,VISA,Classic,20000000,ACTIVE
CARD09821,C09821,VISA,Classic,50000000,ACTIVE
CARD09822,C09822,Amex,Infinite,500000000,ACTIVE
CARD09823,C09823,MasterCard,Gold,20000000,ACTIVE
CARD09824,C09824,MasterCard,Platinum,10000000,ACTIVE
CARD09825,C09825,VISA,Platinum,10000000,ACTIVE
CARD09826,C09826,Amex,Gold,500000000,ACTIVE
CARD09827,C09827,VISA,Platinum,10000000,ACTIVE
CARD09828,C09828,Amex,Platinum,50000000,ACTIVE
CARD09829,C09829,JCB,Platinum,30000000,ACTIVE
CARD09830,C09830,Amex,Infinite,200000000,ACTIVE
CARD09831,C09831,VISA,Infinite,20000000,ACTIVE
CARD09832,C09832,MasterCard,Platinum,50000000,ACTIVE
CARD09833,C09833,JCB,Infinite,10000000,ACTIVE
CARD09834,C09834,MasterCard,Platinum,10000000,ACTIVE
CARD09835,C09835,VISA,Gold,200000000,ACTIVE
CARD09836,C09836,VISA,Platinum,10000000,ACTIVE
CARD09837,C09837,Amex,Platinum,30000000,ACTIVE
CARD09838,C09838,Amex,Classic,500000000,ACTIVE
CARD09839,C09839,Amex,Platinum,500000000,ACTIVE
CARD09840,C09840,MasterCard,Gold,200000000,ACTIVE
CARD09841,C09841,MasterCard,Platinum,100000000,ACTIVE
CARD09842,C09842,JCB,Platinum,20000000,ACTIVE
CARD09843,C09843,JCB,Gold,200000000,ACTIVE
CARD09844,C09844,VISA,Classic,100000000,ACTIVE
CARD09845,C09845,JCB,Platinum,50000000,ACTIVE
CARD09846,C09846,VISA,Classic,500000000,ACTIVE
CARD09847,C09847,VISA,Platinum,30000000,ACTIVE
CARD09848,C09848,JCB,Infinite,100000000,ACTIVE
CARD09849,C09849,JCB,Classic,10000000,ACTIVE
CARD09850,C09850,Amex,Classic,10000000,ACTIVE
CARD09851,C09851,JCB,Infinite,10000000,ACTIVE
CARD09852,C09852,MasterCard,Infinite,30000000,ACTIVE
CARD09853,C09853,JCB,Classic,50000000,ACTIVE
CARD09854,C09854,MasterCard,Platinum,10000000,ACTIVE
CARD09855,C09855,JCB,Infinite,500000000,ACTIVE
CARD09856,C09856,JCB,Platinum,200000000,ACTIVE
CARD09857,C09857,MasterCard,Classic,20000000,ACTIVE
CARD09858,C09858,MasterCard,Infinite,10000000,ACTIVE
CARD09859,C09859,MasterCard,Gold,100000000,ACTIVE
CARD09860,C09860,MasterCard,Platinum,100000000,ACTIVE
CARD09861,C09861,Amex,Gold,10000000,ACTIVE
CARD09862,C09862,Amex,Infinite,50000000,ACTIVE
CARD09863,C09863,MasterCard,Infinite,30000000,ACTIVE
CARD09864,C09864,JCB,Infinite,100000000,ACTIVE
CARD09865,C09865,Amex,Classic,500000000,ACTIVE
CARD09866,C09866,JCB,Classic,500000000,ACTIVE
CARD09867,C09867,VISA,Classic,30000000,ACTIVE
CARD09868,C09868,VISA,Classic,100000000,ACTIVE
CARD09869,C09869,MasterCard,Platinum,10000000,BLOCKED
CARD09870,C09870,Amex,Gold,500000000,ACTIVE
CARD09871,C09871,VISA,Platinum,20000000,ACTIVE
CARD09872,C09872,Amex,Infinite,20000000,ACTIVE
CARD09873,C09873,JCB,Platinum,100000000,ACTIVE
CARD09874,C09874,VISA,Gold,500000000,ACTIVE
CARD09875,C09875,VISA,Gold,100000000,ACTIVE
CARD09876,C09876,JCB,Gold,200000000,ACTIVE
CARD09877,C09877,JCB,Classic,100000000,ACTIVE
CARD09878,C09878,JCB,Gold,20000000,ACTIVE
CARD09879,C09879,VISA,Infinite,50000000,ACTIVE
CARD09880,C09880,VISA,Platinum,30000000,ACTIVE
CARD09881,C09881,VISA,Classic,100000000,ACTIVE
CARD09882,C09882,MasterCard,Infinite,10000000,BLOCKED
CARD09883,C09883,VISA,Platinum,100000000,ACTIVE
CARD09884,C09884,Amex,Platinum,500000000,BLOCKED
CARD09885,C09885,Amex,Infinite,10000000,ACTIVE
CARD09886,C09886,Amex,Infinite,30000000,ACTIVE
CARD09887,C09887,Amex,Classic,50000000,ACTIVE
CARD09888,C09888,Amex,Infinite,100000000,ACTIVE
CARD09889,C09889,Amex,Infinite,30000000,ACTIVE
CARD09890,C09890,Amex,Classic,50000000,ACTIVE
CARD09891,C09891,JCB,Gold,200000000,ACTIVE
CARD09892,C09892,Amex,Gold,10000000,ACTIVE
CARD09893,C09893,JCB,Infinite,100000000,ACTIVE
CARD09894,C09894,MasterCard,Gold,500000000,ACTIVE
CARD09895,C09895,MasterCard,Platinum,50000000,ACTIVE
CARD09896,C09896,MasterCard,Platinum,20000000,BLOCKED
CARD09897,C09897,Amex,Gold,500000000,ACTIVE
CARD09898,C09898,Amex,Classic,50000000,ACTIVE
CARD09899,C09899,Amex,Gold,30000000,BLOCKED
CARD09900,C09900,MasterCard,Gold,100000000,ACTIVE
CARD09901,C09901,Amex,Platinum,500000000,ACTIVE
CARD09902,C09902,MasterCard,Gold,500000000,ACTIVE
CARD09903,C09903,MasterCard,Infinite,20000000,ACTIVE
CARD09904,C09904,Amex,Infinite,50000000,ACTIVE
CARD09905,C09905,JCB,Classic,10000000,ACTIVE
CARD09906,C09906,JCB,Classic,200000000,ACTIVE
CARD09907,C09907,JCB,Infinite,500000000,ACTIVE
CARD09908,C09908,JCB,Infinite,50000000,ACTIVE
CARD09909,C09909,VISA,Platinum,30000000,ACTIVE
CARD09910,C09910,VISA,Classic,50000000,ACTIVE
CARD09911,C09911,Amex,Infinite,10000000,ACTIVE
CARD09912,C09912,JCB,Platinum,50000000,ACTIVE
CARD09913,C09913,JCB,Platinum,100000000,ACTIVE
CARD09914,C09914,Amex,Infinite,50000000,ACTIVE
CARD09915,C09915,VISA,Platinum,200000000,ACTIVE
CARD09916,C09916,MasterCard,Gold,30000000,ACTIVE
CARD09917,C09917,VISA,Classic,50000000,ACTIVE
CARD09918,C09918,VISA,Platinum,10000000,ACTIVE
CARD09919,C09919,VISA,Platinum,100000000,ACTIVE
CARD09920,C09920,VISA,Gold,50000000,ACTIVE
CARD09921,C09921,MasterCard,Infinite,100000000,ACTIVE
CARD09922,C09922,Amex,Platinum,30000000,ACTIVE
CARD09923,C09923,Amex,Platinum,50000000,ACTIVE
CARD09924,C09924,MasterCard,Infinite,20000000,ACTIVE
CARD09925,C09925,JCB,Classic,50000000,ACTIVE
CARD09926,C09926,VISA,Platinum,100000000,ACTIVE
CARD09927,C09927,VISA,Classic,200000000,ACTIVE
CARD09928,C09928,Amex,Classic,10000000,ACTIVE
CARD09929,C09929,MasterCard,Classic,30000000,BLOCKED
CARD09930,C09930,VISA,Infinite,100000000,ACTIVE
CARD09931,C09931,MasterCard,Gold,50000000,ACTIVE
CARD09932,C09932,VISA,Gold,20000000,ACTIVE
CARD09933,C09933,JCB,Platinum,500000000,ACTIVE
CARD09934,C09934,JCB,Infinite,20000000,ACTIVE
CARD09935,C09935,JCB,Classic,10000000,ACTIVE
CARD09936,C09936,MasterCard,Platinum,100000000,ACTIVE
CARD09937,C09937,MasterCard,Infinite,100000000,ACTIVE
CARD09938,C09938,JCB,Gold,50000000,ACTIVE
CARD09939,C09939,MasterCard,Gold,30000000,ACTIVE
CARD09940,C09940,MasterCard,Infinite,100000000,ACTIVE
CARD09941,C09941,JCB,Platinum,10000000,ACTIVE
CARD09942,C09942,MasterCard,Infinite,200000000,ACTIVE
CARD09943,C09943,MasterCard,Gold,10000000,ACTIVE
CARD09944,C09944,Amex,Infinite,50000000,ACTIVE
CARD09945,C09945,JCB,Infinite,500000000,BLOCKED
CARD09946,C09946,MasterCard,Infinite,20000000,ACTIVE
CARD09947,C09947,MasterCard,Platinum,500000000,ACTIVE
CARD09948,C09948,VISA,Gold,100000000,ACTIVE
CARD09949,C09949,Amex,Gold,500000000,ACTIVE
CARD09950,C09950,VISA,Infinite,100000000,ACTIVE
CARD09951,C09951,Amex,Platinum,200000000,ACTIVE
CARD09952,C09952,JCB,Gold,50000000,ACTIVE
CARD09953,C09953,Amex,Classic,50000000,ACTIVE
CARD09954,C09954,MasterCard,Gold,20000000,ACTIVE
CARD09955,C09955,JCB,Gold,200000000,ACTIVE
CARD09956,C09956,Amex,Gold,20000000,ACTIVE
CARD09957,C09957,JCB,Platinum,30000000,ACTIVE
CARD09958,C09958,Amex,Platinum,500000000,ACTIVE
CARD09959,C09959,MasterCard,Infinite,30000000,BLOCKED
CARD09960,C09960,VISA,Classic,500000000,ACTIVE
CARD09961,C09961,Amex,Platinum,10000000,ACTIVE
CARD09962,C09962,MasterCard,Gold,500000000,ACTIVE
CARD09963,C09963,JCB,Platinum,100000000,ACTIVE
CARD09964,C09964,MasterCard,Platinum,200000000,BLOCKED
CARD09965,C09965,MasterCard,Classic,200000000,BLOCKED
CARD09966,C09966,MasterCard,Gold,50000000,ACTIVE
CARD09967,C09967,Amex,Gold,200000000,ACTIVE
CARD09968,C09968,JCB,Classic,20000000,ACTIVE
CARD09969,C09969,VISA,Gold,200000000,ACTIVE
CARD09970,C09970,Amex,Platinum,50000000,ACTIVE
CARD09971,C09971,VISA,Classic,200000000,ACTIVE
CARD09972,C09972,VISA,Classic,100000000,ACTIVE
CARD09973,C09973,MasterCard,Gold,100000000,ACTIVE
CARD09974,C09974,JCB,Gold,30000000,ACTIVE
CARD09975,C09975,MasterCard,Gold,20000000,ACTIVE
CARD09976,C09976,VISA,Platinum,10000000,ACTIVE
CARD09977,C09977,VISA,Platinum,30000000,ACTIVE
CARD09978,C09978,VISA,Classic,500000000,ACTIVE
CARD09979,C09979,VISA,Platinum,500000000,ACTIVE
CARD09980,C09980,Amex,Platinum,30000000,ACTIVE
CARD09981,C09981,MasterCard,Platinum,10000000,ACTIVE
CARD09982,C09982,VISA,Platinum,20000000,ACTIVE
CARD09983,C09983,VISA,Gold,500000000,ACTIVE
CARD09984,C09984,MasterCard,Infinite,10000000,ACTIVE
CARD09985,C09985,MasterCard,Platinum,100000000,ACTIVE
CARD09986,C09986,JCB,Gold,10000000,ACTIVE
CARD09987,C09987,Amex,Gold,100000000,ACTIVE
CARD09988,C09988,Amex,Platinum,50000000,ACTIVE
CARD09989,C09989,JCB,Platinum,100000000,ACTIVE
CARD09990,C09990,VISA,Classic,500000000,ACTIVE
CARD09991,C09991,VISA,Infinite,100000000,ACTIVE
CARD09992,C09992,JCB,Infinite,20000000,ACTIVE
CARD09993,C09993,MasterCard,Infinite,20000000,ACTIVE
CARD09994,C09994,MasterCard,Infinite,30000000,ACTIVE
CARD09995,C09995,Amex,Platinum,30000000,ACTIVE
CARD09996,C09996,MasterCard,Platinum,100000000,ACTIVE
CARD09997,C09997,JCB,Infinite,10000000,ACTIVE
CARD09998,C09998,Amex,Platinum,50000000,ACTIVE
CARD09999,C09999,JCB,Classic,50000000,ACTIVE
CARD10000,C10000,JCB,Platinum,100000000,ACTIVE
