CUSTOMER_ID,FULL_NAME,DOB,CITY,RISK_RATING,AML_SCORE,KYC_LEVEL
C00001,Ngo Xuan Nam,2003-11-16,Da Nang,LOW,26,FULL
C00002,Hoang Huu Trang,1993-09-28,Dong Nai,LOW,86,FULL
C00003,Duong Thanh Anh,1986-06-21,Hue,MEDIUM,79,FULL
C00004,Bui Khanh Dat,1971-04-15,Da Nang,LOW,46,FULL
C00005,Huynh Thu Lan,1966-05-16,Can Tho,LOW,25,FULL
C00006,Nguyen Duc Son,1992-09-30,Ha Noi,LOW,19,FULL
C00007,Nguyen Khanh Khang,1989-08-07,Dong Nai,LOW,27,FULL
C00008,Ngo Hai Lan,2004-08-09,Ha Noi,MEDIUM,44,FULL
C00009,Ho Hai Long,1985-06-25,Hue,LOW,38,PARTIAL
C00010,Hoang Thi Trang,1980-04-12,Quang Ninh,LOW,21,FULL
C00011,Pham Gia Bao,1983-06-20,Can Tho,LOW,28,FULL
C00012,Duong Gia Huy,1993-03-23,Nha Trang,LOW,8,FULL
C00013,Tran Huu Linh,1994-12-03,Nha Trang,LOW,14,FULL
C00014,Tran Quoc Nhung,1968-06-11,Da Nang,LOW,71,FULL
C00015,Vo Van Anh,1977-03-08,Dong Nai,MEDIUM,87,FULL
C00016,Vo Khanh Binh,1964-05-29,Quang Ninh,LOW,87,FULL
C00017,Pham Hai Kiet,1984-09-10,Ha Noi,LOW,54,FULL
C00018,Nguyen Xuan Nam,1971-05-03,Dong Nai,LOW,83,FULL
C00019,Tran Tuan Kiet,1979-04-05,Vung Tau,LOW,12,FULL
C00020,Bui Hoang Khoa,2001-08-19,Nha Trang,LOW,22,FULL
C00021,Do Thi Nhung,2004-05-09,Ha Noi,LOW,82,FULL
C00022,Dang Gia Khang,2004-11-01,Hue,HIGH,13,PARTIAL
C00023,Phan Thu Bao,1963-05-24,Quang Ninh,LOW,30,FULL
C00024,Ngo Tuan Linh,1976-10-16,Hai Phong,LOW,95,PARTIAL
C00025,Ngo Thu Kiet,2001-09-06,Ho Chi Minh,MEDIUM,34,FULL
C00026,Tran Hai Tung,1976-06-29,Ho Chi Minh,LOW,41,FULL
C00027,Vo Hoang An,1972-01-30,Can Tho,LOW,64,FULL
C00028,Bui Hai Kiet,1975-03-19,Quang Ninh,MEDIUM,43,PARTIAL
C00029,Hoang Tuan Trang,1978-12-18,Quang Ninh,HIGH,35,FULL
C00030,Le Minh Linh,1978-03-01,Ho Chi Minh,MEDIUM,86,FULL
C00031,Tran Thu Lan,2004-12-06,Hue,LOW,83,FULL
C00032,Ho Thanh Nam,1964-05-02,Hue,LOW,48,FULL
C00033,Huynh Xuan Nhung,1995-03-28,Quang Ninh,LOW,87,FULL
C00034,Hoang Thi Tung,1973-03-14,Quang Ninh,MEDIUM,61,FULL
C00035,Phan Xuan Phuc,1995-12-19,Ho Chi Minh,LOW,13,FULL
C00036,Do Thu Lan,1985-04-14,Can Tho,LOW,76,FULL
C00037,Hoang Khanh Linh,1973-07-21,Nha Trang,MEDIUM,67,FULL
C00038,Bui Thu Phuc,1974-12-27,Dong Nai,LOW,92,FULL
C00039,Dang Duc Binh,1966-03-19,Can Tho,LOW,50,PARTIAL
C00040,Pham Hoang Bao,1985-05-09,Dong Nai,HIGH,41,PARTIAL
C00041,Vu Thu Kiet,1989-10-26,Hai Phong,LOW,20,PARTIAL
C00042,Vu Thu Son,1977-09-07,Quang Ninh,HIGH,7,FULL
C00043,Phan Thi An,1984-12-05,Vung Tau,HIGH,38,FULL
C00044,Nguyen Thi An,1966-09-20,Hai Phong,MEDIUM,61,FULL
C00045,Vu Minh Phuc,1964-09-03,Vung Tau,LOW,77,PARTIAL
C00046,Vo Tuan An,1967-11-29,Dong Nai,LOW,75,FULL
C00047,Hoang Huu Khoa,1961-07-27,Can Tho,LOW,36,FULL
C00048,Ngo Thu Nam,1977-08-30,Hue,MEDIUM,39,FULL
C00049,Nguyen Thu Kiet,1997-09-14,Quang Ninh,LOW,32,FULL
C00050,Duong Ngoc Khang,1987-02-09,Quang Ninh,LOW,36,PARTIAL
C00051,Hoang Quoc Binh,1994-06-30,Ho Chi Minh,LOW,81,FULL
C00052,Phan Khanh Vy,1987-04-19,Can Tho,LOW,54,FULL
C00053,Huynh Huu Khang,1987-10-28,Vung Tau,HIGH,86,FULL
C00054,Vo Huu Phuc,2004-06-30,Dong Nai,LOW,14,FULL
C00055,Pham Minh An,1997-09-03,Ha Noi,LOW,60,FULL
C00056,Hoang Quoc Kiet,1994-05-19,Ho Chi Minh,MEDIUM,45,FULL
C00057,Do Tuan Linh,1985-03-07,Nha Trang,LOW,15,FULL
C00058,Phan Thanh Trang,1969-12-19,Hai Phong,LOW,13,FULL
C00059,Do Xuan Nhung,1995-01-19,Da Nang,LOW,31,PARTIAL
C00060,Vo Huu Binh,1990-05-24,Quang Ninh,LOW,81,FULL
C00061,Le Thu Trang,1974-02-04,Can Tho,HIGH,36,FULL
C00062,Phan Hai Long,1975-06-29,Dong Nai,MEDIUM,12,FULL
C00063,Ngo Tuan Long,2002-08-04,Ho Chi Minh,LOW,26,PARTIAL
C00064,Ngo Huu Phuc,1990-12-27,Ho Chi Minh,MEDIUM,65,FULL
C00065,Tran Xuan Linh,1983-03-21,Ho Chi Minh,LOW,87,PARTIAL
C00066,Pham Huu Lan,1976-11-13,Hue,LOW,15,FULL
C00067,Do Gia Khoa,2000-04-17,Dong Nai,LOW,25,PARTIAL
C00068,Vo Gia Dat,2003-03-19,Vung Tau,MEDIUM,63,PARTIAL
C00069,Bui Xuan Nam,1970-09-15,Hue,LOW,51,FULL
C00070,Vu Gia Dat,1990-07-06,Ha Noi,HIGH,86,FULL
C00071,Huynh Tuan Anh,1995-01-14,Hai Phong,MEDIUM,48,FULL
C00072,Pham Thanh Bao,1965-05-03,Nha Trang,LOW,36,FULL
C00073,Le Huu Trang,2004-08-18,Ha Noi,MEDIUM,55,FULL
C00074,Duong Duc Linh,1986-10-01,Ho Chi Minh,LOW,53,FULL
C00075,Tran Gia Hoang,1985-02-24,Da Nang,LOW,48,FULL
C00076,Tran Huu Khoa,1985-09-15,Hai Phong,LOW,32,FULL
C00077,Vu Xuan Tung,1997-04-25,Vung Tau,LOW,24,FULL
C00078,Tran Minh Nam,2004-09-22,Da Nang,MEDIUM,81,FULL
C00079,Dang Huu Linh,1979-08-15,Ho Chi Minh,LOW,11,FULL
C00080,Dang Hai Vy,1994-03-10,Ho Chi Minh,HIGH,28,FULL
C00081,Phan Khanh Tung,1985-04-11,Nha Trang,LOW,93,FULL
C00082,Hoang Thu Linh,1963-08-20,Quang Ninh,MEDIUM,85,FULL
C00083,Vu Khanh Hoang,1963-06-13,Ho Chi Minh,MEDIUM,18,FULL
C00084,Nguyen Duc Binh,1977-05-03,Quang Ninh,LOW,52,FULL
C00085,Le Gia Khoa,1980-07-31,Nha Trang,LOW,85,FULL
C00086,Vo Quoc Phuc,1998-07-17,Da Nang,LOW,29,FULL
C00087,Do Minh Khang,1967-09-13,Hue,HIGH,74,FULL
C00088,Tran Thi Anh,1992-04-05,Vung Tau,LOW,26,FULL
C00089,Ho Tuan Khang,1976-04-13,Da Nang,LOW,86,FULL
C00090,Vo Duc An,1999-10-05,Quang Ninh,MEDIUM,16,PARTIAL
C00091,Duong Hoang Kiet,1985-11-29,Da Nang,HIGH,47,FULL
C00092,Vu Tuan Linh,1992-10-26,Ho Chi Minh,MEDIUM,47,FULL
C00093,Le Khanh Long,1960-10-23,Can Tho,HIGH,9,FULL
C00094,Do Hoang Lan,2002-10-29,Ho Chi Minh,LOW,18,FULL
C00095,Ho Gia Lan,1967-05-23,Hai Phong,LOW,54,FULL
C00096,Huynh Gia Nam,1970-08-06,Dong Nai,LOW,62,FULL
C00097,Nguyen Duc Hoang,2003-05-30,Vung Tau,LOW,87,FULL
C00098,Huynh Huu Lan,1969-09-29,Hai Phong,LOW,95,FULL
C00099,Huynh Thanh Vy,1998-02-21,Vung Tau,MEDIUM,37,FULL
C00100,Nguyen Huu Khoa,1991-08-21,Ho Chi Minh,LOW,42,FULL
C00101,Ngo Duc Anh,1964-07-03,Ho Chi Minh,LOW,80,FULL
C00102,Duong Duc Bao,1999-08-06,Hai Phong,MEDIUM,19,FULL
C00103,Hoang Duc An,1998-10-02,Can Tho,LOW,19,FULL
C00104,Huynh Duc Lan,1979-04-06,Dong Nai,LOW,35,FULL
C00105,Le Minh Lan,1979-06-17,Ha Noi,MEDIUM,28,FULL
C00106,Huynh Hai Trang,1993-12-03,Da Nang,MEDIUM,58,FULL
C00107,Duong Quoc Linh,1998-07-03,Vung Tau,LOW,24,FULL
C00108,Vo Thanh Nhung,1996-07-09,Hue,LOW,92,PARTIAL
C00109,Nguyen Xuan Anh,1975-04-05,Hai Phong,LOW,52,FULL
C00110,Hoang Tuan Linh,1992-01-30,Quang Ninh,LOW,13,FULL
C00111,Vu Van Bao,1987-10-25,Hue,LOW,59,FULL
C00112,Nguyen Hai Dat,1970-04-28,Quang Ninh,LOW,30,FULL
C00113,Phan Gia Dat,1964-02-25,Can Tho,LOW,82,FULL
C00114,Huynh Tuan Huy,1966-04-28,Ho Chi Minh,MEDIUM,75,FULL
C00115,Ho Quoc Khang,1999-10-18,Da Nang,LOW,44,FULL
C00116,Nguyen Duc Vy,1970-03-02,Ho Chi Minh,LOW,30,FULL
C00117,Le Van Linh,1980-11-26,Ho Chi Minh,LOW,41,FULL
C00118,Pham Khanh Phuc,1970-10-17,Vung Tau,LOW,89,FULL
C00119,Do Huu Trang,1995-02-09,Nha Trang,LOW,6,FULL
C00120,Dang Thu Linh,2001-11-04,Nha Trang,LOW,11,FULL
C00121,Ngo Hoang Vy,1997-08-13,Dong Nai,LOW,52,FULL
C00122,Tran Duc Dat,1977-07-19,Hai Phong,MEDIUM,29,FULL
C00123,Huynh Minh Trang,2005-11-11,Hai Phong,LOW,93,FULL
C00124,Dang Duc An,1985-06-05,Ha Noi,LOW,54,FULL
C00125,Duong Huu Binh,1980-04-15,Hue,LOW,91,FULL
C00126,Pham Hoang Son,1967-08-27,Nha Trang,LOW,6,FULL
C00127,Phan Hoang Khoa,1992-03-06,Vung Tau,LOW,13,PARTIAL
C00128,Dang Huu Tung,1979-12-06,Dong Nai,MEDIUM,89,FULL
C00129,Le Minh Kiet,1972-09-20,Dong Nai,LOW,12,FULL
C00130,Pham Hoang Phuc,1992-09-17,Hai Phong,LOW,47,PARTIAL
C00131,Duong Xuan Lan,1961-08-20,Hai Phong,MEDIUM,40,FULL
C00132,Vo Thu Huy,2005-08-06,Nha Trang,MEDIUM,80,PARTIAL
C00133,Do Quoc Nhung,1968-08-15,Ho Chi Minh,MEDIUM,51,FULL
C00134,Vu Ngoc Trang,1985-12-15,Vung Tau,LOW,73,FULL
C00135,Vo Duc Huy,1999-08-22,Da Nang,LOW,93,FULL
C00136,Duong Khanh Long,1961-05-02,Vung Tau,LOW,6,FULL
C00137,Tran Ngoc Binh,2005-07-04,Ho Chi Minh,LOW,90,PARTIAL
C00138,Pham Huu Kiet,1997-03-25,Ho Chi Minh,LOW,71,FULL
C00139,Le Thu Vy,1985-11-08,Ho Chi Minh,HIGH,58,FULL
C00140,Vo Tuan Huy,1963-07-14,Hue,LOW,41,FULL
C00141,Dang Ngoc An,1989-12-30,Nha Trang,MEDIUM,5,FULL
C00142,Hoang Quoc Nhung,1966-12-01,Ha Noi,LOW,17,PARTIAL
C00143,Huynh Van Dat,1994-12-31,Da Nang,HIGH,15,FULL
C00144,Vo Van Khoa,1988-02-27,Vung Tau,LOW,49,FULL
C00145,Pham Quoc Hoang,1989-03-29,Can Tho,LOW,25,FULL
C00146,Tran Hai Khang,1985-03-12,Hai Phong,LOW,80,PARTIAL
C00147,Nguyen Gia Hoang,1987-12-17,Vung Tau,LOW,28,PARTIAL
C00148,Vu Duc Khang,1982-01-22,Hue,LOW,61,FULL
C00149,Nguyen Gia Dat,1988-05-28,Can Tho,LOW,62,FULL
C00150,Tran Gia Hoang,1976-10-02,Nha Trang,MEDIUM,24,FULL
C00151,Ngo Thanh Tung,1967-09-27,Hue,LOW,74,PARTIAL
C00152,Duong Minh Anh,1970-06-19,Vung Tau,LOW,33,FULL
C00153,Vo Hoang Nam,1978-02-02,Quang Ninh,LOW,14,FULL
C00154,Vu Thanh Khang,1962-08-30,Hue,LOW,15,FULL
C00155,Bui Gia Dat,1992-08-10,Can Tho,LOW,11,FULL
C00156,Vu Huu Nam,1988-01-04,Quang Ninh,LOW,48,FULL
C00157,Ho Khanh Long,1976-05-20,Hue,HIGH,5,PARTIAL
C00158,Duong Quoc Nhung,1984-03-15,Ha Noi,LOW,66,FULL
C00159,Duong Huu Anh,2005-08-24,Quang Ninh,LOW,49,FULL
C00160,Le Hoang Son,1979-12-05,Ho Chi Minh,LOW,5,FULL
C00161,Vu Duc Tung,1965-06-26,Vung Tau,LOW,67,PARTIAL
C00162,Nguyen Minh Trang,1994-06-16,Da Nang,HIGH,23,FULL
C00163,Hoang Quoc Huy,1991-09-29,Hue,LOW,46,FULL
C00164,Bui Khanh Anh,1986-04-14,Ho Chi Minh,LOW,56,FULL
C00165,Dang Xuan Hoang,1991-03-17,Ho Chi Minh,LOW,64,PARTIAL
C00166,Pham Gia Huy,1994-03-10,Ha Noi,MEDIUM,64,FULL
C00167,Vu Minh Son,2000-02-21,Vung Tau,LOW,85,FULL
C00168,Vu Thu Phuc,1985-03-03,Hue,HIGH,44,FULL
C00169,Bui Thi Hoang,2002-05-26,Quang Ninh,LOW,14,PARTIAL
C00170,Ho Huu Huy,2004-10-08,Quang Ninh,LOW,16,PARTIAL
C00171,Duong Minh Binh,1991-12-03,Dong Nai,LOW,43,FULL
C00172,Dang Huu Khang,1970-12-29,Vung Tau,LOW,15,PARTIAL
C00173,Le Tuan Anh,1988-10-13,Da Nang,LOW,63,FULL
C00174,Dang Thu An,1995-12-21,Hue,LOW,38,FULL
C00175,Ho Hoang Phuc,1995-11-14,Hai Phong,LOW,9,FULL
C00176,Bui Hai Long,1969-08-11,Dong Nai,LOW,57,FULL
C00177,Ngo Thanh Nhung,2001-05-20,Hai Phong,LOW,81,FULL
C00178,Ngo Hai Trang,1993-11-21,Ho Chi Minh,LOW,27,FULL
C00179,Pham Quoc Huy,1995-07-19,Dong Nai,LOW,14,FULL
C00180,Tran Huu Son,2003-07-22,Da Nang,LOW,48,FULL
C00181,Vo Tuan Nam,1970-08-01,Ha Noi,LOW,35,FULL
C00182,Vo Hai Phuc,1967-11-04,Hai Phong,LOW,6,FULL
C00183,Duong Huu Lan,1985-01-06,Quang Ninh,LOW,40,FULL
C00184,Do Gia Bao,1996-12-28,Da Nang,HIGH,28,FULL
C00185,Huynh Xuan Nam,1971-03-31,Nha Trang,LOW,56,FULL
C00186,Ngo Minh Khang,1962-07-11,Da Nang,HIGH,74,FULL
C00187,Pham Xuan Khoa,1995-09-03,Quang Ninh,LOW,85,FULL
C00188,Le Khanh Tung,1964-11-02,Ha Noi,MEDIUM,85,FULL
C00189,Ho Ngoc Binh,2004-07-17,Ha Noi,LOW,37,FULL
C00190,Vo Duc Long,2004-10-28,Nha Trang,MEDIUM,18,FULL
C00191,Huynh Thi Nam,2004-02-16,Ho Chi Minh,LOW,66,FULL
C00192,Vu Ngoc Nam,1971-01-14,Nha Trang,LOW,39,PARTIAL
C00193,Pham Xuan Huy,1980-06-13,Dong Nai,LOW,29,FULL
C00194,Hoang Tuan Nhung,2004-03-04,Ho Chi Minh,MEDIUM,41,FULL
C00195,Ho Xuan An,1966-03-16,Can Tho,MEDIUM,45,FULL
C00196,Vu Gia Khoa,1967-09-01,Dong Nai,MEDIUM,39,FULL
C00197,Ngo Huu Nam,1969-08-01,Ha Noi,LOW,19,FULL
C00198,Pham Khanh Tung,1982-02-18,Ha Noi,LOW,12,FULL
C00199,Bui Thu Binh,1986-12-23,Da Nang,LOW,16,FULL
C00200,Do Thanh Binh,1985-04-14,Vung Tau,MEDIUM,9,FULL
C00201,Vo Ngoc Vy,1989-02-11,Da Nang,MEDIUM,28,FULL
C00202,Do Ngoc Kiet,2000-10-22,Ha Noi,MEDIUM,83,FULL
C00203,Duong Quoc Dat,2000-05-12,Hai Phong,MEDIUM,78,FULL
C00204,Pham Thi Nhung,1999-11-11,Nha Trang,MEDIUM,12,FULL
C00205,Bui Huu Khang,1995-03-14,Nha Trang,LOW,60,FULL
C00206,Vo Huu Binh,1999-05-04,Can Tho,LOW,33,FULL
C00207,Vo Thu Huy,1964-05-30,Can Tho,LOW,23,FULL
C00208,Do Khanh Nhung,1989-05-21,Vung Tau,LOW,37,FULL
C00209,Hoang Huu Vy,1993-09-05,Quang Ninh,MEDIUM,88,FULL
C00210,Tran Thanh Khang,1982-08-19,Ha Noi,LOW,93,FULL
C00211,Pham Minh Khoa,1972-08-09,Can Tho,LOW,41,FULL
C00212,Huynh Gia Linh,1982-02-13,Can Tho,LOW,92,FULL
C00213,Vu Duc Hoang,1969-05-30,Hai Phong,MEDIUM,22,FULL
C00214,Vo Ngoc Bao,1991-12-13,Can Tho,MEDIUM,46,FULL
C00215,Ho Thi Vy,1985-07-19,Hai Phong,LOW,59,FULL
C00216,Ngo Khanh Phuc,1969-02-21,Nha Trang,LOW,7,FULL
C00217,Dang Minh Nam,1991-03-18,Quang Ninh,LOW,78,FULL
C00218,Tran Tuan Tung,1994-01-17,Da Nang,LOW,63,FULL
C00219,Phan Thu Anh,1973-02-28,Nha Trang,LOW,43,FULL
C00220,Huynh Thi Dat,1985-09-25,Nha Trang,MEDIUM,80,FULL
C00221,Duong Huu Trang,1975-12-30,Vung Tau,LOW,76,FULL
C00222,Pham Minh Bao,1972-11-13,Hue,LOW,87,PARTIAL
C00223,Duong Thu Anh,1965-10-28,Ho Chi Minh,MEDIUM,15,FULL
C00224,Ngo Khanh Khang,2001-11-05,Can Tho,MEDIUM,72,PARTIAL
C00225,Do Khanh An,1998-09-27,Can Tho,MEDIUM,41,FULL
C00226,Duong Quoc Binh,2001-06-26,Ho Chi Minh,LOW,31,FULL
C00227,Nguyen Van Tung,1999-02-11,Can Tho,LOW,41,FULL
C00228,Do Quoc Tung,1984-08-22,Dong Nai,LOW,36,PARTIAL
C00229,Ho Thanh Dat,1998-03-31,Dong Nai,LOW,70,FULL
C00230,Le Huu Binh,1976-10-29,Can Tho,MEDIUM,81,FULL
C00231,Vu Van Khoa,1962-08-23,Vung Tau,LOW,72,FULL
C00232,Ngo Van Khang,1977-01-25,Ha Noi,MEDIUM,48,FULL
C00233,Nguyen Duc Lan,1990-08-18,Quang Ninh,LOW,85,FULL
C00234,Bui Huu Khoa,1965-02-18,Hue,MEDIUM,31,FULL
C00235,Ho Thanh Binh,1963-11-07,Hai Phong,LOW,88,FULL
C00236,Dang Gia Phuc,1995-12-16,Nha Trang,HIGH,60,FULL
C00237,Tran Hai Vy,1983-01-01,Dong Nai,LOW,7,PARTIAL
C00238,Pham Khanh Trang,1978-01-31,Da Nang,LOW,11,FULL
C00239,Dang Hoang Bao,1971-04-19,Hue,MEDIUM,81,FULL
C00240,Ngo Huu Linh,1981-05-05,Ha Noi,MEDIUM,82,FULL
C00241,Ho Huu Dat,1981-01-25,Dong Nai,LOW,36,FULL
C00242,Pham Thu Bao,2002-01-29,Ho Chi Minh,LOW,38,FULL
C00243,Pham Gia Linh,1998-12-13,Nha Trang,HIGH,18,PARTIAL
C00244,Phan Ngoc Son,1977-11-29,Quang Ninh,MEDIUM,26,FULL
C00245,Phan Thi Long,1994-01-17,Can Tho,HIGH,42,FULL
C00246,Bui Thi Long,1980-09-27,Hue,LOW,92,FULL
C00247,Ho Minh Trang,1997-07-09,Can Tho,LOW,89,PARTIAL
C00248,Duong Hai Dat,2003-08-29,Can Tho,HIGH,20,PARTIAL
C00249,Duong Duc Bao,1999-04-29,Vung Tau,LOW,18,PARTIAL
C00250,Huynh Gia Hoang,1960-12-03,Quang Ninh,LOW,75,FULL
C00251,Huynh Khanh Khoa,1972-04-23,Can Tho,LOW,82,FULL
C00252,Duong Duc Phuc,1966-10-15,Vung Tau,MEDIUM,67,FULL
C00253,Vo Thanh Long,1993-08-14,Nha Trang,LOW,50,FULL
C00254,Ho Quoc Nam,1962-11-09,Can Tho,LOW,54,FULL
C00255,Huynh Thi Binh,1974-07-26,Dong Nai,LOW,24,FULL
C00256,Ngo Van Bao,1969-04-12,Dong Nai,LOW,78,FULL
C00257,Pham Xuan An,2005-01-03,Vung Tau,LOW,6,FULL
C00258,Ho Ngoc Tung,1963-12-28,Hue,LOW,61,FULL
C00259,Dang Hai Linh,1970-12-26,Hai Phong,LOW,90,FULL
C00260,Ho Duc Binh,1969-09-19,Nha Trang,LOW,36,FULL
C00261,Vu Van Khoa,1987-12-23,Vung Tau,HIGH,17,FULL
C00262,Bui Duc Binh,1983-07-21,Ho Chi Minh,LOW,23,PARTIAL
C00263,Duong Xuan Vy,1986-07-03,Nha Trang,LOW,37,FULL
C00264,Phan Huu Son,1980-01-08,Ha Noi,LOW,92,FULL
C00265,Phan Hai Khoa,1971-12-26,Ho Chi Minh,LOW,65,PARTIAL
C00266,Hoang Khanh Bao,1968-06-13,Quang Ninh,LOW,10,PARTIAL
C00267,Hoang Thi Tung,1968-12-23,Hai Phong,LOW,49,FULL
C00268,Ngo Minh Tung,1999-03-31,Dong Nai,MEDIUM,86,FULL
C00269,Ho Thanh Hoang,2005-06-16,Dong Nai,LOW,14,FULL
C00270,Vo Xuan Nhung,1989-01-22,Nha Trang,LOW,95,FULL
C00271,Duong Hai Dat,1995-08-27,Hue,MEDIUM,47,FULL
C00272,Ho Thu Bao,2004-08-19,Ha Noi,LOW,47,FULL
C00273,Vu Ngoc Nam,1974-09-13,Ho Chi Minh,HIGH,14,FULL
C00274,Bui Xuan Kiet,1961-03-18,Ha Noi,LOW,66,PARTIAL
C00275,Tran Thu Long,1984-06-27,Can Tho,MEDIUM,67,FULL
C00276,Phan Gia Dat,1988-01-09,Hai Phong,LOW,34,FULL
C00277,Ngo Tuan Phuc,1971-01-01,Ho Chi Minh,LOW,59,FULL
C00278,Ho Minh Binh,1963-09-18,Can Tho,LOW,72,FULL
C00279,Nguyen Quoc Long,1976-02-05,Da Nang,LOW,38,PARTIAL
C00280,Huynh Van Hoang,1980-11-07,Dong Nai,LOW,20,FULL
C00281,Vu Khanh Nam,1972-03-25,Quang Ninh,LOW,71,FULL
C00282,Ho Khanh Lan,1990-12-09,Ho Chi Minh,LOW,22,FULL
C00283,Ngo Tuan Nam,1969-02-07,Vung Tau,LOW,6,FULL
C00284,Hoang Huu Nhung,1977-04-03,Ho Chi Minh,MEDIUM,58,FULL
C00285,Do Khanh Dat,1963-03-11,Da Nang,LOW,5,FULL
C00286,Ho Ngoc Long,1974-05-04,Vung Tau,MEDIUM,61,FULL
C00287,Vu Thanh Bao,2005-05-07,Vung Tau,LOW,52,FULL
C00288,Tran Thi Trang,1967-08-06,Da Nang,LOW,88,FULL
C00289,Tran Van Bao,1985-02-20,Quang Ninh,LOW,69,FULL
C00290,Ngo Hoang Hoang,1992-11-21,Da Nang,LOW,39,FULL
C00291,Le Khanh Binh,1960-08-15,Hai Phong,HIGH,65,PARTIAL
C00292,Vo Hai Anh,2004-08-12,Dong Nai,HIGH,15,FULL
C00293,Bui Van Khoa,1993-03-17,Hai Phong,MEDIUM,88,FULL
C00294,Le Thanh Trang,1978-08-05,Can Tho,MEDIUM,70,FULL
C00295,Duong Huu Vy,1982-09-14,Ha Noi,LOW,94,FULL
C00296,Vu Ngoc Khang,1968-07-17,Vung Tau,HIGH,42,FULL
C00297,Vo Thi Huy,2002-03-03,Hue,LOW,14,FULL
C00298,Hoang Van An,1983-07-23,Can Tho,LOW,63,PARTIAL
C00299,Nguyen Thi Hoang,1969-07-23,Dong Nai,LOW,20,FULL
C00300,Vu Tuan Nhung,1979-09-02,Ha Noi,LOW,93,FULL
C00301,Pham Xuan An,1982-04-24,Da Nang,LOW,51,FULL
C00302,Pham Thu Nhung,1974-11-30,Ho Chi Minh,MEDIUM,67,PARTIAL
C00303,Do Hoang Nhung,1998-02-14,Ho Chi Minh,LOW,69,FULL
C00304,Duong Hoang Nhung,2003-05-11,Hai Phong,LOW,56,FULL
C00305,Duong Van An,1994-02-07,Dong Nai,LOW,62,FULL
C00306,Do Van Khang,1975-02-09,Vung Tau,MEDIUM,6,FULL
C00307,Tran Huu Khoa,1984-07-25,Nha Trang,MEDIUM,46,FULL
C00308,Vo Thi Trang,1993-03-16,Can Tho,LOW,78,FULL
C00309,Tran Xuan Kiet,1970-06-19,Dong Nai,LOW,42,PARTIAL
C00310,Ho Hai Vy,1997-08-19,Ho Chi Minh,LOW,13,FULL
C00311,Hoang Hoang An,1988-11-28,Vung Tau,LOW,43,FULL
C00312,Hoang Tuan Huy,2001-08-21,Can Tho,LOW,92,FULL
C00313,Hoang Tuan Hoang,1987-03-26,Hue,LOW,38,FULL
C00314,Huynh Xuan Hoang,1999-12-11,Ho Chi Minh,LOW,88,FULL
C00315,Vo Tuan Khoa,1973-12-25,Ho Chi Minh,LOW,59,FULL
C00316,Tran Thu Huy,2004-03-09,Da Nang,HIGH,85,FULL
C00317,Le Hoang Trang,1990-10-11,Nha Trang,LOW,89,FULL
C00318,Phan Thu Khang,1977-05-30,Dong Nai,LOW,26,FULL
C00319,Huynh Huu Nhung,1968-01-03,Hai Phong,LOW,40,FULL
C00320,Nguyen Tuan Bao,1994-11-11,Can Tho,LOW,51,PARTIAL
C00321,Phan Van Huy,1971-03-30,Quang Ninh,MEDIUM,70,FULL
C00322,Pham Thi Binh,1984-03-08,Quang Ninh,MEDIUM,46,FULL
C00323,Ngo Hoang Khang,1979-04-06,Can Tho,LOW,11,FULL
C00324,Vu Thanh Binh,1997-03-14,Dong Nai,LOW,90,FULL
C00325,Vo Van Khoa,1969-11-09,Can Tho,LOW,74,FULL
C00326,Bui Ngoc Tung,2002-05-26,Ha Noi,MEDIUM,32,PARTIAL
C00327,Dang Xuan Son,1984-10-06,Quang Ninh,MEDIUM,82,FULL
C00328,Ho Thanh Nam,1982-03-17,Ho Chi Minh,MEDIUM,78,PARTIAL
C00329,Bui Tuan Linh,1995-01-29,Da Nang,LOW,57,FULL
C00330,Vo Duc Phuc,2003-08-10,Can Tho,LOW,32,FULL
C00331,Phan Ngoc Khoa,1997-11-29,Vung Tau,MEDIUM,68,FULL
C00332,Vu Van Linh,1965-03-23,Da Nang,HIGH,92,FULL
C00333,Huynh Hai Son,1975-11-18,Quang Ninh,LOW,12,FULL
C00334,Vo Ngoc Linh,1964-07-22,Can Tho,LOW,24,FULL
C00335,Huynh Thi Binh,1986-10-10,Hue,LOW,67,FULL
C00336,Vu Thanh An,1991-08-31,Ho Chi Minh,LOW,60,FULL
C00337,Phan Hoang Linh,1984-03-15,Hai Phong,MEDIUM,16,PARTIAL
C00338,Vu Thanh Dat,1979-07-06,Vung Tau,LOW,47,FULL
C00339,Dang Tuan Lan,1965-08-25,Vung Tau,LOW,61,FULL
C00340,Tran Xuan Dat,1984-03-09,Can Tho,LOW,57,FULL
C00341,Hoang Duc Vy,1991-10-17,Ho Chi Minh,LOW,34,FULL
C00342,Phan Thanh Nhung,1990-01-28,Nha Trang,LOW,6,FULL
C00343,Vu Ngoc Bao,1981-03-30,Dong Nai,LOW,59,FULL
C00344,Vo Xuan Lan,1993-06-12,Quang Ninh,LOW,56,FULL
C00345,Duong Hoang Vy,1984-10-27,Vung Tau,LOW,36,FULL
C00346,Phan Thanh Khoa,2000-01-24,Vung Tau,LOW,5,FULL
C00347,Phan Tuan Son,1992-08-21,Da Nang,HIGH,23,FULL
C00348,Ngo Khanh Huy,1985-11-16,Quang Ninh,LOW,60,FULL
C00349,Do Thanh Son,1989-05-30,Ha Noi,MEDIUM,11,PARTIAL
C00350,Nguyen Ngoc Huy,1984-01-25,Ha Noi,LOW,86,FULL
C00351,Do Duc Dat,2003-07-08,Ha Noi,MEDIUM,88,FULL
C00352,Pham Thi Trang,1982-06-19,Vung Tau,HIGH,16,FULL
C00353,Vo Minh Khang,2005-07-14,Nha Trang,LOW,34,FULL
C00354,Nguyen Thu Binh,1970-10-16,Hai Phong,LOW,16,FULL
C00355,Nguyen Thi An,1961-12-20,Hai Phong,LOW,95,FULL
C00356,Duong Hoang Lan,1962-06-15,Ho Chi Minh,HIGH,61,FULL
C00357,Nguyen Tuan Hoang,1994-08-03,Dong Nai,LOW,51,FULL
C00358,Do Thanh Kiet,1978-10-27,Quang Ninh,LOW,30,FULL
C00359,Le Ngoc Long,1972-07-14,Vung Tau,LOW,92,FULL
C00360,Pham Huu Nam,1969-04-28,Hue,LOW,6,FULL
C00361,Hoang Quoc Khoa,1984-09-22,Da Nang,LOW,78,FULL
C00362,Vo Hoang Nam,1967-08-19,Dong Nai,MEDIUM,94,FULL
C00363,Nguyen Ngoc Khang,1966-10-03,Vung Tau,LOW,5,FULL
C00364,Dang Xuan Khoa,1999-11-19,Vung Tau,LOW,70,PARTIAL
C00365,Vu Quoc Nam,1968-06-28,Da Nang,LOW,62,FULL
C00366,Vo Hoang Kiet,2001-06-13,Hai Phong,LOW,5,FULL
C00367,Tran Quoc Long,1967-07-27,Ho Chi Minh,MEDIUM,56,FULL
C00368,Huynh Gia Bao,1962-02-24,Hue,LOW,7,FULL
C00369,Do Thi Khoa,1965-01-10,Can Tho,LOW,61,FULL
C00370,Phan Gia Binh,1966-07-17,Hue,LOW,84,FULL
C00371,Phan Hoang Bao,1988-05-04,Nha Trang,LOW,59,FULL
C00372,Hoang Xuan Son,1984-06-14,Hai Phong,LOW,62,FULL
C00373,Le Van Dat,1969-05-05,Hue,LOW,74,FULL
C00374,Ngo Minh Nhung,1962-01-25,Hue,MEDIUM,59,FULL
C00375,Hoang Gia Nhung,1986-02-20,Quang Ninh,LOW,88,FULL
C00376,Duong Thu Nhung,1980-09-22,Hai Phong,LOW,7,FULL
C00377,Vu Gia Khoa,1988-10-12,Can Tho,LOW,14,FULL
C00378,Huynh Thanh Huy,1992-11-16,Quang Ninh,LOW,5,PARTIAL
C00379,Vu Hoang Tung,1987-11-10,Ha Noi,LOW,6,FULL
C00380,Do Duc Binh,1974-10-17,Da Nang,LOW,58,FULL
C00381,Duong Minh Nam,1972-12-17,Hue,HIGH,41,PARTIAL
C00382,Vu Khanh Nam,1980-05-19,Ho Chi Minh,HIGH,26,FULL
C00383,Ho Duc Nam,1968-08-23,Hai Phong,LOW,53,FULL
C00384,Hoang Minh Tung,1996-05-27,Can Tho,MEDIUM,56,FULL
C00385,Vo Tuan An,2001-09-01,Da Nang,LOW,76,FULL
C00386,Phan Thanh Binh,1969-05-23,Vung Tau,LOW,72,PARTIAL
C00387,Vu Hoang Nam,1978-03-13,Nha Trang,LOW,32,FULL
C00388,Le Thi Trang,1982-12-08,Da Nang,LOW,80,FULL
C00389,Duong Thi Khang,2001-11-27,Ho Chi Minh,LOW,66,FULL
C00390,Do Thanh Hoang,1997-09-29,Da Nang,LOW,85,FULL
C00391,Ho Thu Tung,2000-01-14,Dong Nai,LOW,43,FULL
C00392,Huynh Thu Nhung,1972-08-06,Quang Ninh,LOW,44,FULL
C00393,Bui Tuan Bao,1967-03-12,Can Tho,MEDIUM,92,FULL
C00394,Tran Duc Hoang,1981-02-17,Dong Nai,LOW,91,FULL
C00395,Vo Khanh Anh,1987-12-29,Vung Tau,LOW,8,PARTIAL
C00396,Tran Hoang Lan,1998-06-13,Hue,LOW,74,FULL
C00397,Ngo Xuan Anh,1988-10-25,Nha Trang,LOW,63,FULL
C00398,Huynh Xuan Bao,1976-10-02,Ho Chi Minh,LOW,24,FULL
C00399,Nguyen Xuan Hoang,1980-01-11,Ho Chi Minh,LOW,58,PARTIAL
C00400,Le Van Anh,1982-07-10,Nha Trang,LOW,91,PARTIAL
C00401,Ngo Xuan Nhung,1996-09-05,Can Tho,LOW,65,FULL
C00402,Pham Thi Hoang,1965-11-21,Quang Ninh,LOW,76,FULL
C00403,Huynh Tuan Kiet,1971-12-23,Dong Nai,LOW,50,FULL
C00404,Huynh Xuan Dat,1989-09-19,Da Nang,MEDIUM,37,FULL
C00405,Le Thanh Tung,1966-01-16,Hue,LOW,81,FULL
C00406,Pham Duc Son,1973-03-26,Can Tho,LOW,5,FULL
C00407,Phan Duc An,1963-12-21,Can Tho,LOW,34,FULL
C00408,Pham Hai Linh,2005-12-21,Nha Trang,LOW,26,FULL
C00409,Phan Tuan Khang,1982-06-20,Nha Trang,LOW,8,FULL
C00410,Huynh Huu An,1963-07-01,Hai Phong,LOW,53,FULL
C00411,Vu Hoang Kiet,1975-03-17,Can Tho,HIGH,44,FULL
C00412,Dang Quoc Kiet,1963-07-23,Dong Nai,LOW,72,PARTIAL
C00413,Vo Van Binh,1988-01-19,Ho Chi Minh,LOW,72,FULL
C00414,Bui Hai An,1960-04-08,Ha Noi,LOW,23,FULL
C00415,Ngo Quoc Tung,1993-07-16,Nha Trang,MEDIUM,65,FULL
C00416,Huynh Thanh Tung,2004-05-02,Can Tho,LOW,90,FULL
C00417,Pham Duc Vy,1998-08-07,Nha Trang,LOW,14,FULL
C00418,Tran Hai Trang,1988-10-17,Quang Ninh,LOW,56,FULL
C00419,Vu Duc Huy,2000-06-10,Hai Phong,MEDIUM,16,PARTIAL
C00420,Duong Xuan Hoang,1964-12-25,Hai Phong,LOW,74,PARTIAL
C00421,Nguyen Duc Huy,1962-05-11,Dong Nai,LOW,84,FULL
C00422,Huynh Huu Khoa,1986-08-04,Can Tho,LOW,80,FULL
C00423,Dang Tuan Trang,1969-09-19,Nha Trang,LOW,81,FULL
C00424,Hoang Tuan Khang,1999-11-18,Nha Trang,LOW,20,FULL
C00425,Vo Thu Huy,1986-03-18,Vung Tau,HIGH,59,FULL
C00426,Duong Thanh Khang,1972-02-02,Ha Noi,MEDIUM,43,FULL
C00427,Vo Duc Kiet,1982-03-03,Vung Tau,MEDIUM,33,FULL
C00428,Pham Xuan Vy,1998-09-18,Ha Noi,HIGH,86,FULL
C00429,Pham Gia Son,2001-08-05,Can Tho,MEDIUM,60,PARTIAL
C00430,Bui Tuan Tung,1996-01-29,Ha Noi,LOW,33,FULL
C00431,Tran Hai Binh,1977-08-01,Ho Chi Minh,LOW,37,FULL
C00432,Vu Hai Bao,1984-03-26,Hai Phong,LOW,52,FULL
C00433,Duong Thi Lan,1983-03-27,Nha Trang,LOW,72,PARTIAL
C00434,Phan Thanh Linh,1980-02-19,Hai Phong,LOW,47,FULL
C00435,Phan Tuan Nam,1999-03-09,Vung Tau,MEDIUM,45,PARTIAL
C00436,Do Minh Vy,1970-12-17,Hue,LOW,24,FULL
C00437,Nguyen Thi Kiet,1976-03-25,Quang Ninh,LOW,10,PARTIAL
C00438,Tran Thu Nam,1963-02-21,Ho Chi Minh,HIGH,15,PARTIAL
C00439,Hoang Van Linh,1985-06-21,Ha Noi,LOW,71,FULL
C00440,Ngo Thu Son,1967-04-26,Dong Nai,LOW,39,FULL
C00441,Bui Thanh Linh,1964-05-28,Ha Noi,MEDIUM,50,PARTIAL
C00442,Huynh Tuan Vy,2004-07-08,Hue,LOW,50,FULL
C00443,Ngo Thi Linh,1970-06-30,Can Tho,LOW,90,FULL
C00444,Tran Hoang Hoang,1999-05-06,Can Tho,LOW,49,FULL
C00445,Duong Thu Huy,2004-01-30,Ho Chi Minh,LOW,19,FULL
C00446,Phan Thi Long,1978-06-19,Can Tho,LOW,30,FULL
C00447,Le Hoang An,2004-07-13,Da Nang,MEDIUM,69,FULL
C00448,Le Quoc Vy,1986-01-02,Quang Ninh,LOW,18,FULL
C00449,Hoang Xuan Anh,1974-12-12,Hue,LOW,54,FULL
C00450,Le Thanh Khang,1982-07-21,Ho Chi Minh,LOW,18,FULL
C00451,Duong Tuan Dat,1999-05-31,Can Tho,LOW,84,FULL
C00452,Le Hoang Khoa,1961-01-27,Vung Tau,LOW,71,FULL
C00453,Phan Van Phuc,1995-01-12,Hue,MEDIUM,52,FULL
C00454,Pham Gia Khang,1973-01-02,Ho Chi Minh,LOW,61,FULL
C00455,Hoang Minh Tung,2005-08-14,Vung Tau,LOW,9,FULL
C00456,Huynh Tuan Nhung,1978-07-27,Da Nang,LOW,37,FULL
C00457,Tran Tuan Linh,1973-11-06,Ho Chi Minh,LOW,13,PARTIAL
C00458,Tran Gia Anh,1972-07-21,Hue,LOW,14,FULL
C00459,Vo Quoc Nam,1993-12-07,Ho Chi Minh,HIGH,73,FULL
C00460,Phan Ngoc Lan,2002-11-07,Nha Trang,MEDIUM,90,FULL
C00461,Ngo Gia An,1996-02-26,Ho Chi Minh,LOW,60,FULL
C00462,Do Hai Khoa,1969-03-13,Hai Phong,LOW,6,FULL
C00463,Vo Xuan Long,1989-12-16,Can Tho,LOW,81,PARTIAL
C00464,Huynh Ngoc Nhung,1976-05-29,Da Nang,LOW,95,FULL
C00465,Vu Thi Nhung,1960-08-13,Hai Phong,LOW,89,FULL
C00466,Pham Ngoc Dat,1991-08-11,Ho Chi Minh,LOW,81,FULL
C00467,Hoang Gia Binh,1999-01-13,Vung Tau,LOW,21,PARTIAL
C00468,Nguyen Ngoc Linh,1987-11-03,Da Nang,LOW,19,FULL
C00469,Phan Tuan Nam,1965-11-06,Quang Ninh,LOW,94,FULL
C00470,Ngo Thi Bao,1972-06-12,Ha Noi,MEDIUM,24,FULL
C00471,Hoang Ngoc Son,1995-06-14,Hai Phong,LOW,6,PARTIAL
C00472,Ho Minh Kiet,1963-06-21,Dong Nai,LOW,63,FULL
C00473,Phan Hoang Nam,1960-10-11,Can Tho,HIGH,42,FULL
C00474,Phan Van Kiet,1966-07-16,Hai Phong,LOW,40,PARTIAL
C00475,Vu Khanh Anh,1967-05-23,Hue,LOW,79,FULL
C00476,Huynh Duc Hoang,1966-03-26,Quang Ninh,LOW,81,FULL
C00477,Ngo Thi Phuc,1993-11-27,Hai Phong,HIGH,62,PARTIAL
C00478,Vu Hai Binh,1962-08-17,Can Tho,LOW,88,FULL
C00479,Le Thanh Phuc,1974-12-08,Can Tho,HIGH,5,FULL
C00480,Duong Thanh Lan,1985-05-23,Nha Trang,MEDIUM,56,FULL
C00481,Dang Hai Tung,1989-07-24,Hai Phong,LOW,34,FULL
C00482,Pham Xuan Trang,2002-05-15,Hue,MEDIUM,53,FULL
C00483,Le Khanh Lan,2000-11-24,Vung Tau,MEDIUM,8,FULL
C00484,Le Khanh Hoang,1988-07-27,Hue,LOW,19,FULL
C00485,Ho Hai Lan,2000-12-15,Quang Ninh,LOW,7,FULL
C00486,Vu Ngoc Hoang,1997-09-05,Nha Trang,LOW,91,PARTIAL
C00487,Huynh Khanh Long,1967-06-06,Da Nang,LOW,21,FULL
C00488,Dang Tuan Vy,2001-04-15,Da Nang,LOW,85,FULL
C00489,Huynh Hai Vy,1984-12-18,Vung Tau,HIGH,53,FULL
C00490,Vo Ngoc Linh,1966-10-01,Quang Ninh,MEDIUM,49,FULL
C00491,Tran Thu Trang,1996-08-09,Quang Ninh,MEDIUM,45,FULL
C00492,Nguyen Duc Bao,1967-10-25,Hai Phong,LOW,6,FULL
C00493,Dang Xuan Bao,1980-02-24,Can Tho,LOW,50,FULL
C00494,Vo Hai Khoa,2003-03-05,Ha Noi,LOW,84,FULL
C00495,Vo Duc Linh,1965-02-15,Ha Noi,LOW,82,FULL
C00496,Ngo Thanh Huy,1990-10-27,Da Nang,MEDIUM,65,FULL
C00497,Dang Huu Khang,1985-12-21,Vung Tau,LOW,39,FULL
C00498,Huynh Gia Lan,1960-06-04,Vung Tau,LOW,29,FULL
C00499,Duong Quoc Huy,1996-07-01,Quang Ninh,MEDIUM,51,FULL
C00500,Do Huu Anh,2003-09-07,Can Tho,LOW,22,FULL
C00501,Le Thanh Dat,1971-08-11,Ha Noi,LOW,78,PARTIAL
C00502,Bui Thi Dat,1972-10-06,Nha Trang,LOW,15,FULL
C00503,Huynh Minh Phuc,2003-04-03,Hai Phong,LOW,7,FULL
C00504,Do Duc Kiet,1964-04-04,Dong Nai,MEDIUM,42,FULL
C00505,Bui Thu Hoang,1987-10-30,Vung Tau,HIGH,31,FULL
C00506,Tran Thu Hoang,1977-04-29,Da Nang,HIGH,22,FULL
C00507,Bui Thi Bao,1988-03-13,Quang Ninh,MEDIUM,68,FULL
C00508,Vo Duc Phuc,1983-07-26,Ha Noi,LOW,81,FULL
C00509,Hoang Xuan Binh,1963-11-18,Ha Noi,LOW,70,FULL
C00510,Tran Hai Trang,1978-05-01,Hue,LOW,27,FULL
C00511,Tran Hai Phuc,1982-03-13,Hai Phong,LOW,79,FULL
C00512,Ngo Thanh Anh,1977-12-15,Can Tho,LOW,19,PARTIAL
C00513,Dang Duc Lan,1983-01-31,Ho Chi Minh,MEDIUM,10,FULL
C00514,Ngo Van Linh,1987-08-01,Ha Noi,LOW,94,FULL
C00515,Vo Duc Lan,2000-05-17,Nha Trang,LOW,7,PARTIAL
C00516,Hoang Thi Nhung,1983-02-27,Vung Tau,LOW,21,FULL
C00517,Dang Hoang Son,1966-11-14,Ha Noi,LOW,28,PARTIAL
C00518,Nguyen Gia Hoang,1963-03-13,Hue,LOW,63,FULL
C00519,Hoang Tuan Nhung,1988-01-01,Nha Trang,LOW,61,FULL
C00520,Do Minh Huy,1979-08-24,Dong Nai,MEDIUM,56,FULL
C00521,Hoang Huu Nhung,1986-07-07,Can Tho,LOW,66,FULL
C00522,Duong Ngoc Linh,1983-10-13,Dong Nai,LOW,38,FULL
C00523,Nguyen Thanh Son,2004-05-02,Vung Tau,LOW,22,FULL
C00524,Tran Thu Bao,1977-08-07,Hai Phong,MEDIUM,13,FULL
C00525,Vu Minh Dat,1961-06-28,Ha Noi,MEDIUM,27,FULL
C00526,Ngo Quoc Binh,1974-09-18,Quang Ninh,LOW,12,FULL
C00527,Duong Minh Binh,2005-01-05,Ho Chi Minh,LOW,80,FULL
C00528,Do Thi Vy,1967-07-22,Da Nang,LOW,22,FULL
C00529,Phan Hai Anh,1973-06-05,Dong Nai,LOW,24,FULL
C00530,Le Quoc Khoa,1967-04-11,Dong Nai,LOW,17,FULL
C00531,Ngo Thu An,1974-01-24,Ho Chi Minh,LOW,6,PARTIAL
C00532,Phan Van Long,1989-11-21,Dong Nai,MEDIUM,61,FULL
C00533,Le Duc Kiet,1968-05-06,Ha Noi,MEDIUM,18,FULL
C00534,Dang Van Hoang,1988-10-10,Dong Nai,HIGH,55,FULL
C00535,Vu Minh Long,1988-12-18,Hai Phong,MEDIUM,22,FULL
C00536,Pham Xuan Son,1970-03-08,Can Tho,LOW,15,FULL
C00537,Pham Thanh Bao,1996-05-28,Ho Chi Minh,LOW,68,FULL
C00538,Duong Quoc Dat,1971-11-23,Ha Noi,LOW,57,FULL
C00539,Duong Thanh Khoa,1984-10-27,Hai Phong,MEDIUM,30,FULL
C00540,Do Van Hoang,1966-09-15,Quang Ninh,HIGH,52,FULL
C00541,Tran Thu Nam,1963-07-25,Ha Noi,LOW,15,FULL
C00542,Tran Thi Phuc,2005-10-04,Nha Trang,LOW,17,FULL
C00543,Bui Thanh Vy,1964-12-13,Hue,HIGH,76,FULL
C00544,Ngo Hoang Long,1981-05-08,Dong Nai,LOW,11,FULL
C00545,Huynh Huu Phuc,1976-08-22,Dong Nai,LOW,74,FULL
C00546,Hoang Hai Nam,1961-09-16,Nha Trang,HIGH,53,PARTIAL
C00547,Ngo Huu Nam,1986-04-11,Ho Chi Minh,LOW,31,PARTIAL
C00548,Phan Xuan Khoa,1976-01-13,Ha Noi,LOW,65,FULL
C00549,Bui Huu Binh,1988-02-20,Ho Chi Minh,LOW,11,FULL
C00550,Vo Hoang Anh,1970-11-16,Hai Phong,LOW,78,FULL
C00551,Ho Xuan Tung,1991-06-19,Hue,LOW,52,FULL
C00552,Phan Duc Tung,1993-02-18,Ho Chi Minh,LOW,21,PARTIAL
C00553,Ho Gia Dat,1993-06-13,Dong Nai,MEDIUM,62,FULL
C00554,Ho Tuan Binh,1994-04-18,Quang Ninh,LOW,28,FULL
C00555,Do Thanh Nhung,1983-03-26,Hue,MEDIUM,72,FULL
C00556,Pham Ngoc Phuc,1998-01-07,Can Tho,HIGH,30,PARTIAL
C00557,Ho Duc Binh,1974-07-25,Nha Trang,HIGH,84,FULL
C00558,Le Quoc Bao,1990-04-09,Ho Chi Minh,MEDIUM,91,FULL
C00559,Ngo Van Bao,1985-05-18,Ha Noi,LOW,11,FULL
C00560,Dang Gia Son,1980-02-14,Ha Noi,LOW,30,FULL
C00561,Phan Gia Binh,1977-08-06,Nha Trang,LOW,21,FULL
C00562,Tran Quoc Khoa,1981-07-07,Hai Phong,MEDIUM,52,PARTIAL
C00563,Bui Thu Lan,1999-08-16,Quang Ninh,LOW,10,FULL
C00564,Phan Xuan Tung,1993-09-15,Nha Trang,LOW,85,FULL
C00565,Do Khanh Tung,1962-09-19,Ho Chi Minh,LOW,32,PARTIAL
C00566,Hoang Huu An,2003-02-08,Quang Ninh,LOW,45,FULL
C00567,Vu Tuan Nhung,2000-06-23,Ha Noi,LOW,63,FULL
C00568,Ho Thanh Trang,1974-02-05,Hai Phong,LOW,14,FULL
C00569,Vo Duc Long,1962-05-20,Quang Ninh,LOW,29,FULL
C00570,Ngo Tuan Phuc,1968-11-06,Dong Nai,LOW,78,FULL
C00571,Le Gia Phuc,1970-02-03,Hue,HIGH,65,FULL
C00572,Nguyen Thu Bao,2004-07-16,Dong Nai,MEDIUM,36,FULL
C00573,Vo Xuan Dat,1963-01-16,Hai Phong,LOW,72,FULL
C00574,Huynh Ngoc Trang,2002-01-30,Hue,LOW,64,PARTIAL
C00575,Phan Xuan Hoang,1979-08-27,Vung Tau,LOW,95,FULL
C00576,Dang Duc Bao,1998-03-03,Vung Tau,HIGH,82,PARTIAL
C00577,Ngo Hai Linh,1967-01-20,Ho Chi Minh,HIGH,64,FULL
C00578,Bui Hoang Linh,2000-07-08,Nha Trang,MEDIUM,86,FULL
C00579,Bui Gia Hoang,1992-03-12,Can Tho,LOW,32,FULL
C00580,Ngo Huu Nhung,1974-03-24,Can Tho,LOW,20,FULL
C00581,Nguyen Xuan Bao,1992-02-16,Can Tho,LOW,10,PARTIAL
C00582,Ngo Huu Tung,1987-11-24,Hai Phong,LOW,66,FULL
C00583,Ho Quoc Tung,1991-03-21,Vung Tau,LOW,24,FULL
C00584,Ngo Duc Tung,1983-10-21,Nha Trang,LOW,52,FULL
C00585,Tran Thanh Khang,1989-02-23,Can Tho,LOW,56,FULL
C00586,Duong Quoc Dat,1983-05-01,Da Nang,LOW,5,FULL
C00587,Vo Duc Anh,1976-12-09,Dong Nai,LOW,51,FULL
C00588,Pham Xuan Nam,1960-07-03,Hue,LOW,52,FULL
C00589,Huynh Gia Linh,1993-10-07,Quang Ninh,MEDIUM,6,FULL
C00590,Tran Ngoc Vy,1996-09-09,Quang Ninh,MEDIUM,30,FULL
C00591,Do Ngoc Linh,2002-06-12,Ha Noi,LOW,82,FULL
C00592,Do Minh Long,1969-01-28,Can Tho,LOW,60,FULL
C00593,Vu Huu Huy,2005-01-20,Dong Nai,LOW,15,FULL
C00594,Pham Thanh Khang,1962-04-20,Vung Tau,LOW,73,PARTIAL
C00595,Ho Xuan Binh,1988-01-08,Ha Noi,LOW,62,FULL
C00596,Hoang Van Anh,1968-09-16,Ho Chi Minh,MEDIUM,16,FULL
C00597,Vo Gia Vy,1997-01-15,Quang Ninh,LOW,48,FULL
C00598,Do Huu Vy,1975-01-03,Hue,LOW,48,FULL
C00599,Duong Xuan Phuc,1987-05-20,Nha Trang,LOW,7,FULL
C00600,Ho Hoang Linh,1984-09-26,Ha Noi,LOW,95,FULL
C00601,Pham Ngoc Long,2002-02-19,Ha Noi,LOW,37,FULL
C00602,Le Xuan Hoang,1970-05-14,Nha Trang,MEDIUM,65,FULL
C00603,Ho Xuan Binh,2000-06-29,Ha Noi,LOW,92,FULL
C00604,Phan Duc Anh,1973-05-15,Da Nang,MEDIUM,35,FULL
C00605,Duong Huu Khang,2000-10-15,Nha Trang,MEDIUM,62,FULL
C00606,Huynh Ngoc Lan,1979-04-29,Da Nang,LOW,53,PARTIAL
C00607,Bui Tuan Vy,1977-04-12,Dong Nai,LOW,8,FULL
C00608,Ngo Khanh Tung,1992-04-01,Dong Nai,LOW,93,FULL
C00609,Huynh Tuan Bao,1974-09-25,Dong Nai,LOW,50,FULL
C00610,Phan Hoang An,1968-06-29,Dong Nai,LOW,60,FULL
C00611,Do Thanh Tung,1967-06-03,Da Nang,LOW,22,FULL
C00612,Vu Quoc Tung,2000-01-14,Hai Phong,HIGH,15,FULL
C00613,Nguyen Minh Binh,1988-09-26,Can Tho,LOW,36,FULL
C00614,Bui Duc Anh,1987-09-24,Dong Nai,MEDIUM,16,FULL
C00615,Pham Hai Phuc,1974-01-28,Dong Nai,LOW,21,PARTIAL
C00616,Ngo Thu Trang,1970-02-17,Nha Trang,LOW,21,FULL
C00617,Bui Thi An,2003-03-10,Can Tho,LOW,35,FULL
C00618,Vu Ngoc Phuc,2004-05-14,Ha Noi,LOW,67,FULL
C00619,Vo Duc Phuc,1983-11-23,Ha Noi,MEDIUM,9,PARTIAL
C00620,Do Minh Phuc,1965-04-14,Ha Noi,LOW,15,FULL
C00621,Hoang Thu An,1989-01-27,Can Tho,MEDIUM,18,FULL
C00622,Tran Hoang Kiet,1963-04-14,Hue,LOW,84,FULL
C00623,Hoang Huu Khang,1976-08-31,Can Tho,MEDIUM,49,FULL
C00624,Ho Ngoc Trang,1965-12-12,Nha Trang,LOW,50,FULL
C00625,Dang Duc Khoa,1990-05-25,Vung Tau,HIGH,9,FULL
C00626,Hoang Minh Khang,1968-12-23,Ha Noi,LOW,18,FULL
C00627,Le Hai Linh,1988-10-10,Ho Chi Minh,LOW,83,FULL
C00628,Vu Quoc Binh,1996-02-09,Dong Nai,MEDIUM,82,PARTIAL
C00629,Nguyen Khanh Lan,1964-03-19,Quang Ninh,LOW,35,FULL
C00630,Duong Tuan Khoa,1965-03-03,Ho Chi Minh,LOW,82,FULL
C00631,Pham Thi Bao,1965-11-11,Dong Nai,MEDIUM,37,FULL
C00632,Vu Ngoc Nhung,1965-04-03,Ho Chi Minh,LOW,53,FULL
C00633,Bui Tuan Khoa,1984-12-04,Vung Tau,MEDIUM,70,FULL
C00634,Hoang Thanh Nhung,1986-09-14,Quang Ninh,LOW,36,FULL
C00635,Vo Minh Khang,2004-02-13,Hue,LOW,89,PARTIAL
C00636,Ho Hoang Long,1982-12-28,Ha Noi,LOW,23,PARTIAL
C00637,Ngo Duc Phuc,2003-06-13,Nha Trang,LOW,71,FULL
C00638,Le Khanh Long,1967-07-15,Can Tho,LOW,12,FULL
C00639,Phan Xuan Bao,1991-08-21,Hue,LOW,59,FULL
C00640,Phan Hoang Nhung,1978-10-08,Hai Phong,LOW,79,FULL
C00641,Ho Xuan Hoang,1990-07-10,Hue,LOW,53,FULL
C00642,Duong Van Phuc,1960-07-08,Ha Noi,LOW,69,PARTIAL
C00643,Tran Duc Long,1973-11-12,Dong Nai,LOW,52,FULL
C00644,Le Huu Phuc,1960-01-13,Quang Ninh,LOW,12,FULL
C00645,Pham Xuan Khoa,1969-10-13,Can Tho,LOW,76,FULL
C00646,Ho Hai Binh,1967-05-15,Ha Noi,LOW,75,FULL
C00647,Hoang Thi Khoa,1992-03-13,Ho Chi Minh,LOW,73,PARTIAL
C00648,Bui Thu Bao,1966-10-02,Da Nang,LOW,58,FULL
C00649,Nguyen Tuan Dat,2002-02-26,Nha Trang,MEDIUM,8,FULL
C00650,Tran Gia Anh,1962-07-13,Hai Phong,LOW,72,FULL
C00651,Vu Van Vy,1985-09-02,Nha Trang,MEDIUM,77,FULL
C00652,Huynh Khanh Lan,1962-06-09,Hai Phong,LOW,41,FULL
C00653,Nguyen Van Bao,1982-03-18,Vung Tau,LOW,68,FULL
C00654,Vu Duc An,1964-07-20,Ha Noi,LOW,25,FULL
C00655,Vu Thi Khang,2004-08-06,Hai Phong,HIGH,90,FULL
C00656,Pham Thanh Trang,1988-06-29,Hai Phong,LOW,52,FULL
C00657,Pham Thanh Nhung,1992-03-19,Da Nang,MEDIUM,81,FULL
C00658,Huynh Thanh Anh,1983-08-18,Vung Tau,HIGH,77,FULL
C00659,Tran Tuan Huy,2001-09-23,Da Nang,HIGH,81,FULL
C00660,Tran Huu Tung,1960-09-20,Vung Tau,MEDIUM,45,PARTIAL
C00661,Ho Tuan Khang,1967-05-17,Vung Tau,MEDIUM,47,FULL
C00662,Dang Tuan Lan,1998-08-06,Da Nang,LOW,91,PARTIAL
C00663,Le Van Huy,1973-05-16,Dong Nai,LOW,83,FULL
C00664,Huynh Huu Kiet,1963-03-16,Nha Trang,HIGH,46,FULL
C00665,Nguyen Quoc Long,1990-05-17,Ha Noi,LOW,58,FULL
C00666,Pham Xuan Kiet,1992-12-09,Ho Chi Minh,MEDIUM,53,FULL
C00667,Vo Thanh Dat,1973-04-14,Can Tho,LOW,25,FULL
C00668,Vu Gia Nam,1990-01-29,Quang Ninh,MEDIUM,91,FULL
C00669,Duong Duc Kiet,1988-03-28,Hue,HIGH,11,FULL
C00670,Bui Van Vy,2002-11-28,Dong Nai,LOW,57,FULL
C00671,Ngo Khanh Linh,1983-11-22,Quang Ninh,HIGH,12,FULL
C00672,Bui Duc Khoa,1992-03-11,Ha Noi,LOW,30,FULL
C00673,Dang Thu Khang,1996-01-13,Vung Tau,MEDIUM,64,PARTIAL
C00674,Vo Tuan Tung,1974-04-14,Da Nang,LOW,95,FULL
C00675,Ngo Minh Long,1969-05-09,Vung Tau,HIGH,58,FULL
C00676,Vu Thanh Binh,1999-01-10,Da Nang,LOW,27,FULL
C00677,Ho Duc Kiet,1982-01-07,Hai Phong,LOW,46,FULL
C00678,Nguyen Huu Nhung,1964-01-02,Can Tho,LOW,78,FULL
C00679,Ho Minh Khang,1975-12-06,Hue,HIGH,39,FULL
C00680,Le Van Phuc,2003-08-28,Quang Ninh,LOW,76,PARTIAL
C00681,Vo Hai Nhung,1972-12-12,Ha Noi,MEDIUM,28,FULL
C00682,Vo Hai Nam,1999-11-21,Da Nang,LOW,10,FULL
C00683,Huynh Hai Phuc,1966-11-05,Can Tho,LOW,36,FULL
C00684,Bui Khanh Bao,1979-10-29,Hue,LOW,11,FULL
C00685,Pham Tuan Tung,1964-06-30,Hai Phong,LOW,81,PARTIAL
C00686,Duong Khanh Tung,1980-04-07,Quang Ninh,LOW,28,FULL
C00687,Bui Tuan Phuc,1963-08-04,Hai Phong,LOW,46,FULL
C00688,Duong Hoang Nhung,2002-06-03,Ho Chi Minh,HIGH,8,FULL
C00689,Vu Huu Lan,1973-05-23,Vung Tau,MEDIUM,30,FULL
C00690,Hoang Ngoc Kiet,1969-05-17,Vung Tau,LOW,13,FULL
C00691,Phan Tuan Vy,1977-09-20,Quang Ninh,LOW,84,FULL
C00692,Pham Thu Nam,1978-09-18,Dong Nai,LOW,56,FULL
C00693,Le Thi Vy,1988-11-30,Ha Noi,HIGH,22,FULL
C00694,Ngo Tuan Khoa,1980-01-25,Da Nang,LOW,68,FULL
C00695,Nguyen Thanh Binh,1962-01-05,Hue,LOW,78,FULL
C00696,Nguyen Duc Dat,1995-12-31,Nha Trang,LOW,94,FULL
C00697,Le Ngoc Trang,1978-11-29,Da Nang,LOW,54,FULL
C00698,Tran Khanh Nam,1995-05-05,Nha Trang,MEDIUM,18,PARTIAL
C00699,Vu Thu Son,1964-12-08,Hue,LOW,74,FULL
C00700,Phan Thi Long,1987-08-10,Da Nang,LOW,82,FULL
C00701,Do Hoang Phuc,1986-10-03,Hue,LOW,38,FULL
C00702,Vu Thu Linh,1978-07-16,Nha Trang,LOW,29,PARTIAL
C00703,Vu Thanh Son,1962-09-14,Nha Trang,MEDIUM,53,FULL
C00704,Do Gia Long,1973-11-22,Ho Chi Minh,LOW,71,FULL
C00705,Do Hai Nam,1981-03-24,Ho Chi Minh,MEDIUM,63,FULL
C00706,Duong Quoc Phuc,1961-07-24,Nha Trang,HIGH,12,FULL
C00707,Vu Ngoc Vy,1995-09-13,Hue,LOW,28,FULL
C00708,Phan Quoc Binh,1978-05-23,Ho Chi Minh,LOW,14,FULL
C00709,Tran Thu Linh,1969-08-08,Dong Nai,HIGH,90,FULL
C00710,Vu Gia Phuc,1964-07-27,Nha Trang,LOW,69,FULL
C00711,Nguyen Minh Kiet,1992-04-05,Hai Phong,HIGH,6,FULL
C00712,Phan Minh Long,1974-11-05,Can Tho,MEDIUM,74,FULL
C00713,Hoang Xuan Binh,1984-11-25,Quang Ninh,LOW,25,PARTIAL
C00714,Huynh Ngoc Linh,1967-04-06,Hue,LOW,38,FULL
C00715,Phan Thanh Nhung,1967-07-31,Quang Ninh,HIGH,92,FULL
C00716,Vo Ngoc Tung,1987-02-23,Hai Phong,LOW,67,FULL
C00717,Dang Quoc Khoa,1999-12-05,Ha Noi,LOW,68,PARTIAL
C00718,Dang Hoang Hoang,1961-09-05,Can Tho,LOW,9,FULL
C00719,Dang Huu Vy,1988-01-31,Hue,LOW,18,PARTIAL
C00720,Ngo Duc Binh,1987-06-19,Nha Trang,HIGH,46,FULL
C00721,Ho Ngoc Dat,1992-12-27,Can Tho,HIGH,45,FULL
C00722,Tran Hai Kiet,1992-03-18,Hai Phong,LOW,35,FULL
C00723,Pham Khanh Trang,1961-01-15,Vung Tau,LOW,68,FULL
C00724,Pham Ngoc Bao,2004-12-27,Quang Ninh,LOW,88,FULL
C00725,Bui Hoang Khang,1964-07-17,Vung Tau,LOW,85,FULL
C00726,Vo Khanh Long,1968-01-07,Ho Chi Minh,LOW,61,FULL
C00727,Phan Xuan Hoang,1974-12-14,Hai Phong,LOW,52,FULL
C00728,Vu Gia An,1967-12-23,Ho Chi Minh,LOW,27,PARTIAL
C00729,Bui Khanh Binh,1986-04-28,Nha Trang,LOW,24,FULL
C00730,Phan Duc Dat,1993-06-28,Hue,LOW,32,FULL
C00731,Ngo Hoang Anh,1960-09-17,Hai Phong,LOW,53,FULL
C00732,Phan Hoang Huy,1973-01-18,Can Tho,HIGH,89,PARTIAL
C00733,Pham Van Khoa,2004-02-07,Vung Tau,LOW,25,FULL
C00734,Pham Ngoc Hoang,1983-04-13,Ha Noi,LOW,67,FULL
C00735,Huynh Hai Bao,1982-10-30,Nha Trang,LOW,37,FULL
C00736,Nguyen Xuan Binh,1975-03-27,Da Nang,MEDIUM,67,FULL
C00737,Pham Tuan An,2000-11-22,Hue,LOW,78,FULL
C00738,Vo Xuan Huy,1989-09-17,Dong Nai,LOW,24,FULL
C00739,Ho Thu Long,2000-04-07,Nha Trang,LOW,82,FULL
C00740,Ngo Minh Nhung,1987-08-07,Ho Chi Minh,MEDIUM,17,FULL
C00741,Ngo Xuan An,2002-05-22,Dong Nai,LOW,87,FULL
C00742,Duong Van Linh,1991-07-02,Hai Phong,LOW,88,FULL
C00743,Ngo Ngoc Dat,1980-07-09,Da Nang,LOW,88,FULL
C00744,Vu Ngoc Nam,1986-09-29,Can Tho,MEDIUM,16,FULL
C00745,Dang Van Phuc,1977-06-16,Hai Phong,LOW,24,FULL
C00746,Ho Xuan Nam,1964-05-13,Nha Trang,LOW,33,FULL
C00747,Hoang Quoc Nhung,1962-07-13,Ha Noi,MEDIUM,95,FULL
C00748,Ho Xuan Binh,1968-07-23,Ho Chi Minh,LOW,83,FULL
C00749,Tran Thu Khang,1967-02-10,Vung Tau,LOW,22,FULL
C00750,Huynh Thi Linh,1989-11-25,Hai Phong,LOW,22,FULL
C00751,Ho Ngoc Trang,1969-08-28,Hai Phong,LOW,18,FULL
C00752,Phan Gia Huy,1989-02-17,Quang Ninh,LOW,95,FULL
C00753,Ho Van Hoang,2002-07-19,Quang Ninh,LOW,35,FULL
C00754,Bui Hai Tung,1977-05-09,Hai Phong,LOW,59,FULL
C00755,Nguyen Thu Binh,1986-06-23,Vung Tau,LOW,44,FULL
C00756,Huynh Tuan Nhung,1971-01-17,Quang Ninh,LOW,24,FULL
C00757,Dang Thanh Nhung,1961-07-28,Ha Noi,LOW,14,FULL
C00758,Vo Quoc Phuc,1972-12-02,Quang Ninh,LOW,27,FULL
C00759,Phan Quoc Son,1999-06-26,Da Nang,LOW,57,FULL
C00760,Ngo Minh Son,1985-04-09,Vung Tau,LOW,55,PARTIAL
C00761,Bui Minh Binh,1996-08-08,Ho Chi Minh,LOW,38,FULL
C00762,Ngo Khanh Binh,1975-01-31,Dong Nai,LOW,13,FULL
C00763,Bui Tuan Anh,2002-05-29,Quang Ninh,LOW,94,FULL
C00764,Dang Thu Khang,1987-08-19,Hue,HIGH,22,PARTIAL
C00765,Le Gia Bao,1999-05-13,Dong Nai,MEDIUM,73,FULL
C00766,Le Xuan Nhung,1962-12-19,Hai Phong,LOW,68,FULL
C00767,Vo Duc Phuc,1994-08-13,Can Tho,HIGH,44,FULL
C00768,Ho Xuan Anh,1999-07-01,Hue,LOW,84,FULL
C00769,Bui Quoc Trang,2000-08-15,Hai Phong,LOW,87,FULL
C00770,Hoang Duc Binh,1994-12-06,Hai Phong,LOW,87,PARTIAL
C00771,Vo Duc Tung,1998-03-06,Dong Nai,LOW,29,PARTIAL
C00772,Do Thanh Long,1987-10-14,Hue,LOW,30,PARTIAL
C00773,Dang Thanh Long,1966-10-10,Quang Ninh,MEDIUM,13,FULL
C00774,Bui Xuan Lan,2004-01-31,Quang Ninh,LOW,78,FULL
C00775,Ho Hoang Son,1983-09-02,Da Nang,LOW,15,FULL
C00776,Vo Hai Lan,2000-01-14,Vung Tau,LOW,85,FULL
C00777,Duong Ngoc Anh,1988-05-12,Can Tho,LOW,30,FULL
C00778,Dang Khanh Son,2001-01-23,Ha Noi,LOW,47,FULL
C00779,Dang Van Huy,1990-06-19,Quang Ninh,MEDIUM,84,PARTIAL
C00780,Duong Hai An,1990-10-16,Quang Ninh,LOW,68,FULL
C00781,Dang Xuan Huy,1963-03-19,Da Nang,LOW,6,FULL
C00782,Phan Duc Hoang,1981-07-29,Ho Chi Minh,LOW,32,FULL
C00783,Bui Thanh An,1984-01-16,Ho Chi Minh,LOW,73,FULL
C00784,Ngo Hai Nam,1961-06-30,Hue,LOW,95,FULL
C00785,Ngo Thi Bao,1987-01-08,Nha Trang,MEDIUM,50,FULL
C00786,Hoang Thanh Trang,1966-05-07,Dong Nai,MEDIUM,89,FULL
C00787,Vo Tuan Binh,1971-07-04,Ho Chi Minh,LOW,51,PARTIAL
C00788,Bui Xuan Kiet,1980-05-07,Hai Phong,LOW,79,FULL
C00789,Ho Khanh Long,1971-03-23,Da Nang,LOW,89,FULL
C00790,Nguyen Minh Anh,1996-07-23,Hai Phong,LOW,24,FULL
C00791,Hoang Minh Vy,1964-03-23,Da Nang,LOW,68,FULL
C00792,Tran Hoang Binh,1960-07-15,Da Nang,LOW,37,FULL
C00793,Huynh Xuan Hoang,1992-08-09,Hai Phong,MEDIUM,55,PARTIAL
C00794,Huynh Huu Linh,1985-09-26,Da Nang,MEDIUM,76,FULL
C00795,Tran Hai Nam,2005-07-09,Hue,MEDIUM,82,FULL
C00796,Tran Tuan Son,1962-06-25,Nha Trang,LOW,90,FULL
C00797,Ho Thu Dat,1972-01-06,Can Tho,LOW,64,FULL
C00798,Phan Khanh Son,2003-08-31,Da Nang,LOW,19,FULL
C00799,Duong Thu An,1981-10-22,Ho Chi Minh,LOW,94,FULL
C00800,Pham Thi Hoang,1972-10-25,Can Tho,MEDIUM,77,FULL
C00801,Nguyen Thi Nhung,1975-06-07,Quang Ninh,LOW,30,FULL
C00802,Vu Khanh Hoang,1966-09-27,Dong Nai,LOW,24,FULL
C00803,Phan Gia Khang,2004-05-08,Dong Nai,HIGH,59,PARTIAL
C00804,Hoang Duc Son,1968-12-21,Hue,HIGH,74,FULL
C00805,Hoang Thanh An,2003-04-09,Vung Tau,MEDIUM,45,FULL
C00806,Dang Xuan Trang,1990-12-09,Ha Noi,MEDIUM,92,FULL
C00807,Huynh Xuan Tung,1991-03-31,Ho Chi Minh,HIGH,35,FULL
C00808,Pham Thanh Linh,1965-11-03,Can Tho,LOW,84,FULL
C00809,Bui Hoang Phuc,1991-01-13,Vung Tau,LOW,54,FULL
C00810,Hoang Thanh Khang,1984-07-01,Hai Phong,LOW,30,FULL
C00811,Do Van Linh,1988-10-21,Vung Tau,LOW,42,FULL
C00812,Do Xuan Son,1974-04-02,Ho Chi Minh,LOW,21,FULL
C00813,Phan Thi Hoang,1987-10-15,Hai Phong,MEDIUM,56,FULL
C00814,Duong Hai Kiet,1973-01-17,Quang Ninh,LOW,82,FULL
C00815,Vo Khanh Tung,1970-09-14,Da Nang,LOW,46,FULL
C00816,Bui Minh Anh,1985-11-24,Da Nang,LOW,16,FULL
C00817,Nguyen Thu Binh,2000-11-24,Da Nang,LOW,55,FULL
C00818,Ngo Khanh Lan,1992-10-15,Hue,LOW,50,FULL
C00819,Ho Hai Phuc,1984-10-17,Ho Chi Minh,LOW,15,FULL
C00820,Tran Thi Nam,1999-12-13,Can Tho,LOW,56,FULL
C00821,Dang Khanh Nhung,2002-05-01,Dong Nai,HIGH,88,FULL
C00822,Le Gia Trang,1998-06-05,Dong Nai,LOW,44,FULL
C00823,Vu Gia Nam,1977-08-11,Quang Ninh,LOW,9,FULL
C00824,Do Van Kiet,1972-09-07,Hai Phong,LOW,74,FULL
C00825,Nguyen Gia Anh,1962-12-15,Ho Chi Minh,HIGH,82,PARTIAL
C00826,Ho Thanh Kiet,1996-07-05,Dong Nai,LOW,25,FULL
C00827,Dang Gia Vy,1994-02-15,Hai Phong,LOW,65,FULL
C00828,Tran Huu Anh,1987-01-03,Da Nang,LOW,6,PARTIAL
C00829,Bui Minh Trang,2002-09-25,Hue,LOW,80,FULL
C00830,Dang Thu Kiet,1997-11-12,Hue,MEDIUM,76,FULL
C00831,Le Van Khoa,1965-02-19,Hai Phong,LOW,27,FULL
C00832,Ngo Thi Tung,1979-06-02,Ha Noi,LOW,46,FULL
C00833,Phan Huu Kiet,1965-03-25,Ha Noi,LOW,6,FULL
C00834,Dang Xuan Trang,1974-06-04,Dong Nai,LOW,9,FULL
C00835,Vu Quoc Nam,1964-02-17,Hue,HIGH,43,FULL
C00836,Do Ngoc Lan,1973-04-10,Ha Noi,LOW,64,FULL
C00837,Pham Thanh Khang,1976-10-04,Hai Phong,LOW,47,FULL
C00838,Ho Hoang Dat,1990-07-15,Ho Chi Minh,LOW,10,FULL
C00839,Hoang Thi Anh,2000-02-10,Ho Chi Minh,LOW,93,FULL
C00840,Pham Hoang Phuc,1977-03-06,Hai Phong,LOW,19,PARTIAL
C00841,Dang Hoang Khang,1967-11-06,Ha Noi,LOW,66,PARTIAL
C00842,Phan Tuan Khang,1966-06-01,Vung Tau,MEDIUM,6,FULL
C00843,Duong Thu Dat,1962-01-31,Vung Tau,LOW,40,FULL
C00844,Duong Thi Khoa,1971-02-14,Ha Noi,HIGH,41,FULL
C00845,Dang Thanh Binh,1964-09-04,Hue,LOW,22,FULL
C00846,Pham Hoang Nhung,1973-03-10,Nha Trang,LOW,48,PARTIAL
C00847,Bui Tuan Tung,1962-08-30,Vung Tau,HIGH,85,FULL
C00848,Nguyen Van Linh,1996-11-23,Vung Tau,LOW,61,FULL
C00849,Le Duc An,1967-03-19,Dong Nai,MEDIUM,49,FULL
C00850,Do Thi An,2001-03-17,Nha Trang,LOW,50,PARTIAL
C00851,Nguyen Tuan Phuc,2001-10-10,Ha Noi,LOW,64,FULL
C00852,Nguyen Hoang Binh,2003-05-10,Vung Tau,LOW,23,FULL
C00853,Do Van Son,2001-05-27,Can Tho,MEDIUM,51,FULL
C00854,Pham Thu Hoang,2005-05-25,Vung Tau,HIGH,13,FULL
C00855,Phan Huu Nam,1963-08-27,Hue,HIGH,73,FULL
C00856,Phan Duc Khoa,1975-12-03,Can Tho,LOW,41,FULL
C00857,Bui Minh Dat,1993-02-19,Quang Ninh,LOW,85,FULL
C00858,Huynh Van Son,1981-08-16,Hue,LOW,77,FULL
C00859,Do Van Nhung,1969-09-22,Ho Chi Minh,LOW,42,FULL
C00860,Le Huu Bao,1980-09-04,Nha Trang,MEDIUM,37,FULL
C00861,Duong Van Phuc,1990-11-27,Da Nang,LOW,28,FULL
C00862,Le Khanh Dat,1992-03-06,Hue,LOW,12,FULL
C00863,Vu Ngoc Vy,1970-05-27,Ho Chi Minh,LOW,56,FULL
C00864,Pham Xuan Trang,1961-10-31,Da Nang,LOW,69,PARTIAL
C00865,Hoang Huu Huy,1984-04-11,Hue,LOW,19,FULL
C00866,Nguyen Gia Hoang,2003-04-01,Hai Phong,LOW,45,PARTIAL
C00867,Ho Hai Huy,1969-06-25,Nha Trang,MEDIUM,89,FULL
C00868,Nguyen Xuan Son,1993-08-13,Da Nang,LOW,91,FULL
C00869,Do Tuan Khang,1994-08-17,Quang Ninh,MEDIUM,32,FULL
C00870,Vo Ngoc Huy,1972-09-20,Dong Nai,HIGH,32,FULL
C00871,Huynh Hoang Lan,1964-04-24,Dong Nai,MEDIUM,89,FULL
C00872,Ngo Xuan Binh,1995-02-27,Ho Chi Minh,LOW,31,FULL
C00873,Ho Minh Hoang,1967-04-27,Quang Ninh,HIGH,67,FULL
C00874,Tran Thi Linh,1993-05-06,Nha Trang,LOW,21,FULL
C00875,Duong Minh Binh,1965-10-07,Nha Trang,LOW,74,FULL
C00876,Le Van Khang,1998-07-13,Hue,MEDIUM,29,FULL
C00877,Ho Huu Bao,1961-01-31,Hai Phong,MEDIUM,48,PARTIAL
C00878,Nguyen Thanh Khang,1994-12-10,Nha Trang,LOW,44,FULL
C00879,Le Gia Huy,1982-11-08,Quang Ninh,LOW,90,FULL
C00880,Do Khanh Trang,1988-12-26,Da Nang,LOW,16,PARTIAL
C00881,Huynh Tuan Anh,1968-01-26,Ho Chi Minh,LOW,27,PARTIAL
C00882,Tran Khanh Lan,1961-08-23,Ha Noi,MEDIUM,64,FULL
C00883,Pham Quoc Vy,1979-07-27,Dong Nai,MEDIUM,89,PARTIAL
C00884,Vo Thi Long,1995-10-01,Hai Phong,MEDIUM,47,FULL
C00885,Phan Minh Dat,1985-09-14,Can Tho,LOW,32,FULL
C00886,Tran Minh Nhung,1997-01-04,Da Nang,LOW,44,FULL
C00887,Hoang Hai Lan,1998-01-31,Nha Trang,LOW,48,FULL
C00888,Phan Thi Binh,1988-02-21,Ha Noi,LOW,83,FULL
C00889,Do Minh Binh,1974-08-28,Hai Phong,LOW,27,FULL
C00890,Bui Duc Kiet,1997-02-23,Hai Phong,LOW,93,FULL
C00891,Duong Thi Vy,1964-01-21,Dong Nai,LOW,50,FULL
C00892,Ho Gia Hoang,1971-12-16,Can Tho,LOW,18,FULL
C00893,Ngo Ngoc Long,2001-06-15,Can Tho,MEDIUM,46,FULL
C00894,Ngo Quoc Hoang,1990-10-17,Da Nang,MEDIUM,77,FULL
C00895,Tran Quoc An,1960-07-12,Vung Tau,MEDIUM,20,FULL
C00896,Duong Huu Son,1973-06-04,Hue,LOW,90,FULL
C00897,Duong Huu Nhung,2004-10-03,Can Tho,LOW,17,FULL
C00898,Phan Van Dat,1986-09-20,Quang Ninh,MEDIUM,92,FULL
C00899,Nguyen Thu Dat,1964-07-04,Can Tho,MEDIUM,74,FULL
C00900,Vu Minh Nam,1985-03-09,Hai Phong,HIGH,32,FULL
C00901,Vu Van Linh,1991-10-24,Hue,LOW,92,FULL
C00902,Dang Xuan Tung,1999-01-05,Ha Noi,MEDIUM,48,FULL
C00903,Ho Thu Nhung,1970-08-20,Can Tho,LOW,77,FULL
C00904,Dang Thanh Vy,1968-08-09,Ha Noi,MEDIUM,32,FULL
C00905,Phan Thanh Long,1989-12-09,Quang Ninh,HIGH,46,FULL
C00906,Le Thi Huy,1970-11-05,Quang Ninh,LOW,88,PARTIAL
C00907,Vo Hoang Hoang,1992-10-14,Vung Tau,LOW,89,PARTIAL
C00908,Hoang Duc Bao,1966-02-03,Can Tho,LOW,92,FULL
C00909,Huynh Duc Tung,1972-10-30,Hue,HIGH,22,FULL
C00910,Huynh Khanh Vy,1984-10-11,Ho Chi Minh,LOW,17,FULL
C00911,Nguyen Minh Anh,1996-01-30,Can Tho,LOW,17,FULL
C00912,Vu Thi Binh,2001-07-13,Da Nang,LOW,45,FULL
C00913,Tran Quoc Khang,1972-01-16,Ha Noi,HIGH,7,FULL
C00914,Nguyen Hoang Bao,1998-05-23,Dong Nai,LOW,92,FULL
C00915,Dang Thu Nam,1974-06-13,Vung Tau,LOW,5,FULL
C00916,Hoang Quoc Tung,1970-05-29,Nha Trang,LOW,24,FULL
C00917,Tran Thu Lan,2001-11-19,Nha Trang,LOW,8,FULL
C00918,Le Hai Phuc,1965-06-02,Vung Tau,LOW,88,FULL
C00919,Ngo Hoang Bao,1968-04-16,Ha Noi,MEDIUM,21,FULL
C00920,Vu Gia Linh,1990-03-21,Nha Trang,LOW,28,FULL
C00921,Duong Thi Linh,1987-12-10,Dong Nai,MEDIUM,27,FULL
C00922,Pham Quoc Bao,1961-12-09,Ha Noi,LOW,47,FULL
C00923,Ngo Minh Phuc,1961-11-24,Vung Tau,LOW,30,FULL
C00924,Bui Minh Vy,1961-09-26,Quang Ninh,LOW,76,FULL
C00925,Ho Thi An,2002-02-02,Quang Ninh,LOW,11,PARTIAL
C00926,Ho Thu Nhung,2001-04-28,Ha Noi,LOW,73,FULL
C00927,Ho Ngoc Kiet,1968-04-11,Vung Tau,MEDIUM,46,FULL
C00928,Vo Minh Khoa,1970-09-16,Can Tho,LOW,91,FULL
C00929,Vu Van Binh,1979-04-09,Ha Noi,LOW,37,PARTIAL
C00930,Dang Thi Anh,2003-12-08,Da Nang,LOW,83,FULL
C00931,Ngo Huu Hoang,2001-01-24,Hai Phong,LOW,42,FULL
C00932,Ngo Hoang Hoang,1999-10-23,Ho Chi Minh,MEDIUM,66,FULL
C00933,Bui Khanh Dat,1964-04-29,Can Tho,HIGH,38,FULL
C00934,Phan Tuan Son,1962-04-05,Da Nang,LOW,39,FULL
C00935,Nguyen Thanh Lan,1966-06-27,Nha Trang,LOW,62,FULL
C00936,Ngo Duc Lan,1972-07-01,Ha Noi,LOW,19,FULL
C00937,Ho Quoc Hoang,1961-08-23,Vung Tau,LOW,85,PARTIAL
C00938,Do Khanh An,1997-01-28,Vung Tau,MEDIUM,55,FULL
C00939,Phan Huu Bao,1992-08-04,Nha Trang,MEDIUM,39,PARTIAL
C00940,Bui Tuan Bao,1968-09-25,Dong Nai,LOW,53,FULL
C00941,Tran Huu Kiet,1976-10-20,Quang Ninh,LOW,5,FULL
C00942,Hoang Khanh Nam,1988-02-20,Ha Noi,MEDIUM,50,FULL
C00943,Pham Thi Vy,2003-05-14,Ho Chi Minh,LOW,19,FULL
C00944,Phan Gia Binh,1979-11-06,Ha Noi,LOW,88,PARTIAL
C00945,Vu Khanh Phuc,2004-03-05,Hue,LOW,83,FULL
C00946,Tran Thanh Tung,1967-04-24,Hue,LOW,8,FULL
C00947,Le Thu Long,1982-10-02,Nha Trang,LOW,23,FULL
C00948,Vu Ngoc Huy,1999-08-04,Hai Phong,LOW,49,FULL
C00949,Vo Thu Nhung,1986-09-26,Can Tho,LOW,10,FULL
C00950,Vu Hoang Son,1979-05-11,Nha Trang,LOW,13,FULL
C00951,Do Huu Trang,2005-01-05,Hue,LOW,25,FULL
C00952,Vo Hai Binh,1981-02-07,Ha Noi,LOW,75,FULL
C00953,Tran Hoang Linh,2004-09-16,Can Tho,LOW,37,FULL
C00954,Duong Van Anh,1989-10-25,Quang Ninh,LOW,70,FULL
C00955,Dang Thanh Linh,1966-07-31,Quang Ninh,LOW,28,FULL
C00956,Ho Thi Linh,1963-12-27,Quang Ninh,MEDIUM,36,FULL
C00957,Hoang Hoang Vy,1971-04-06,Can Tho,LOW,49,FULL
C00958,Bui Quoc Huy,1992-09-24,Hue,LOW,45,FULL
C00959,Hoang Huu Kiet,1964-09-21,Hai Phong,MEDIUM,39,FULL
C00960,Nguyen Xuan Son,1967-12-03,Nha Trang,LOW,37,FULL
C00961,Tran Ngoc Lan,1996-07-16,Hai Phong,LOW,56,FULL
C00962,Ho Duc Khoa,1974-01-18,Quang Ninh,LOW,27,PARTIAL
C00963,Bui Van Hoang,1993-07-08,Vung Tau,LOW,29,FULL
C00964,Le Khanh Nhung,1963-11-15,Quang Ninh,LOW,76,PARTIAL
C00965,Le Thi Lan,2005-03-03,Quang Ninh,MEDIUM,41,FULL
C00966,Do Duc Huy,1960-12-29,Hai Phong,LOW,7,FULL
C00967,Nguyen Gia Lan,1994-07-18,Hue,LOW,31,PARTIAL
C00968,Dang Thanh Nam,2000-06-20,Dong Nai,LOW,95,FULL
C00969,Nguyen Tuan Son,1992-05-01,Vung Tau,LOW,8,PARTIAL
C00970,Tran Gia Trang,1986-09-27,Quang Ninh,LOW,19,FULL
C00971,Ngo Huu Anh,1996-08-13,Dong Nai,MEDIUM,56,FULL
C00972,Hoang Thanh Khang,1978-10-14,Can Tho,LOW,81,FULL
C00973,Pham Thi Trang,2005-09-07,Ho Chi Minh,LOW,26,FULL
C00974,Nguyen Minh Binh,1987-07-13,Quang Ninh,LOW,53,FULL
C00975,Duong Ngoc Lan,1967-07-23,Ha Noi,LOW,34,FULL
C00976,Huynh Ngoc Dat,1979-11-13,Ha Noi,LOW,78,FULL
C00977,Le Huu Bao,1961-04-17,Vung Tau,HIGH,24,FULL
C00978,Tran Minh Son,1996-11-13,Can Tho,LOW,93,FULL
C00979,Tran Thu Huy,1970-12-02,Ha Noi,LOW,75,FULL
C00980,Vu Huu Kiet,2004-10-23,Dong Nai,LOW,91,PARTIAL
C00981,Do Quoc Phuc,1987-09-30,Ho Chi Minh,LOW,94,FULL
C00982,Pham Thanh Binh,1999-04-15,Ha Noi,HIGH,33,FULL
C00983,Nguyen Quoc Binh,1960-01-19,Hai Phong,LOW,93,FULL
C00984,Vo Gia Hoang,1985-08-12,Dong Nai,LOW,25,FULL
C00985,Vu Hai Huy,1986-03-23,Ho Chi Minh,LOW,47,FULL
C00986,Do Duc Kiet,1999-05-11,Ho Chi Minh,LOW,77,FULL
C00987,Dang Thi Nam,1989-06-25,Can Tho,LOW,25,FULL
C00988,Le Khanh Bao,1961-03-06,Hai Phong,LOW,45,FULL
C00989,Phan Van Khang,1985-02-18,Hue,LOW,54,FULL
C00990,Pham Duc Bao,1994-04-30,Quang Ninh,LOW,15,PARTIAL
C00991,Do Hoang Huy,1977-07-11,Ho Chi Minh,LOW,93,FULL
C00992,Nguyen Hai Hoang,1970-12-18,Vung Tau,HIGH,44,FULL
C00993,Hoang Huu Khoa,2004-08-25,Da Nang,MEDIUM,23,FULL
C00994,Phan Hai Tung,1997-09-06,Quang Ninh,LOW,24,FULL
C00995,Ho Thu Hoang,1999-03-30,Dong Nai,LOW,16,FULL
C00996,Ho Ngoc Bao,1995-09-07,Hai Phong,MEDIUM,13,FULL
C00997,Ho Thi Nhung,1989-02-08,Vung Tau,LOW,45,FULL
C00998,Vu Khanh Dat,1963-04-11,Can Tho,LOW,32,FULL
C00999,Do Minh Long,1965-03-31,Ha Noi,LOW,21,FULL
C01000,Tran Hai Anh,1961-05-25,Ho Chi Minh,LOW,44,FULL
C01001,Tran Van Binh,1974-07-08,Ha Noi,LOW,86,FULL
C01002,Ho Thu Huy,1981-06-28,Quang Ninh,LOW,43,FULL
C01003,Le Quoc Vy,1993-08-21,Nha Trang,LOW,54,FULL
C01004,Vu Duc Phuc,1971-01-03,Can Tho,LOW,75,FULL
C01005,Bui Tuan Son,1994-10-19,Can Tho,MEDIUM,40,FULL
C01006,Pham Minh Vy,1988-05-13,Quang Ninh,HIGH,47,PARTIAL
C01007,Ho Thu Huy,1979-12-14,Hai Phong,LOW,53,FULL
C01008,Do Thi Kiet,1975-05-07,Hue,MEDIUM,83,FULL
C01009,Phan Ngoc Dat,1969-06-17,Hue,LOW,51,FULL
C01010,Duong Thu Linh,1981-01-09,Nha Trang,LOW,40,FULL
C01011,Dang Thanh Trang,1993-05-06,Da Nang,MEDIUM,61,FULL
C01012,Bui Hai Anh,1979-10-01,Ho Chi Minh,LOW,46,FULL
C01013,Dang Huu Khang,1997-08-01,Vung Tau,LOW,86,FULL
C01014,Nguyen Quoc Long,1985-07-30,Hai Phong,HIGH,61,FULL
C01015,Tran Thanh Nhung,1999-03-15,Da Nang,LOW,31,PARTIAL
C01016,Hoang Thu Nhung,1991-06-06,Da Nang,LOW,31,PARTIAL
C01017,Dang Hoang Trang,2000-10-23,Vung Tau,LOW,43,PARTIAL
C01018,Le Hai An,1979-05-14,Dong Nai,LOW,11,FULL
C01019,Tran Xuan Linh,1994-05-20,Hai Phong,LOW,92,FULL
C01020,Vo Thu An,1994-01-10,Da Nang,LOW,77,FULL
C01021,Duong Hoang Hoang,1964-08-14,Hue,LOW,74,FULL
C01022,Ngo Duc An,1999-09-21,Ho Chi Minh,LOW,81,FULL
C01023,Do Tuan Linh,1992-03-01,Nha Trang,LOW,55,FULL
C01024,Duong Xuan Anh,1987-08-04,Ho Chi Minh,LOW,23,FULL
C01025,Ho Quoc An,1998-08-21,Ho Chi Minh,LOW,72,PARTIAL
C01026,Ngo Thi Phuc,1984-08-04,Can Tho,LOW,15,FULL
C01027,Pham Gia Long,1975-06-16,Hai Phong,HIGH,9,FULL
C01028,Do Hoang Vy,2005-02-18,Dong Nai,HIGH,15,FULL
C01029,Bui Xuan Khoa,1972-03-03,Ha Noi,LOW,74,FULL
C01030,Ho Ngoc Huy,1973-09-21,Hue,MEDIUM,55,FULL
C01031,Ngo Thu Huy,1979-01-22,Dong Nai,LOW,21,FULL
C01032,Huynh Xuan Trang,1971-12-04,Hue,LOW,20,FULL
C01033,Tran Hai Dat,1990-09-07,Ha Noi,MEDIUM,77,FULL
C01034,Vo Thu Nhung,2001-11-11,Dong Nai,LOW,30,FULL
C01035,Bui Khanh Binh,1960-05-15,Hai Phong,LOW,84,FULL
C01036,Vu Thu Hoang,1994-07-12,Can Tho,MEDIUM,40,FULL
C01037,Pham Xuan Anh,1991-06-16,Dong Nai,LOW,21,FULL
C01038,Hoang Hai Khang,1972-07-26,Vung Tau,LOW,66,FULL
C01039,Nguyen Tuan An,1961-05-15,Da Nang,LOW,86,PARTIAL
C01040,Ho Hoang Hoang,1997-08-07,Hai Phong,LOW,58,FULL
C01041,Dang Thi Vy,1982-05-30,Hai Phong,MEDIUM,46,FULL
C01042,Vu Tuan Vy,1965-03-06,Ho Chi Minh,HIGH,68,FULL
C01043,Ho Gia Khang,1992-04-24,Quang Ninh,LOW,58,FULL
C01044,Vo Khanh Binh,1989-08-27,Vung Tau,LOW,71,FULL
C01045,Tran Gia Trang,1984-05-08,Ha Noi,HIGH,6,PARTIAL
C01046,Ngo Quoc Bao,1969-01-06,Nha Trang,HIGH,28,PARTIAL
C01047,Phan Ngoc Son,1974-12-02,Can Tho,MEDIUM,34,FULL
C01048,Duong Minh Khoa,1987-09-01,Nha Trang,MEDIUM,81,PARTIAL
C01049,Do Quoc Tung,1977-10-03,Da Nang,MEDIUM,69,FULL
C01050,Dang Quoc Khoa,1995-05-28,Vung Tau,HIGH,40,FULL
C01051,Phan Xuan Long,2003-10-09,Ho Chi Minh,LOW,76,FULL
C01052,Pham Hoang Kiet,1981-03-18,Ha Noi,LOW,86,FULL
C01053,Nguyen Khanh Anh,1961-01-13,Hai Phong,LOW,34,FULL
C01054,Phan Minh Hoang,1977-03-06,Quang Ninh,LOW,33,FULL
C01055,Pham Thu Long,2005-10-04,Dong Nai,LOW,31,PARTIAL
C01056,Vo Thanh Kiet,1999-12-16,Ha Noi,HIGH,32,PARTIAL
C01057,Hoang Thanh Dat,1983-12-09,Ho Chi Minh,LOW,87,FULL
C01058,Tran Hoang Lan,1969-01-05,Hai Phong,HIGH,44,PARTIAL
C01059,Tran Xuan Son,1994-09-03,Ha Noi,LOW,16,FULL
C01060,Ngo Gia Nhung,1974-11-29,Ho Chi Minh,LOW,56,PARTIAL
C01061,Do Hai Long,1985-06-15,Da Nang,MEDIUM,33,FULL
C01062,Vo Khanh An,1972-06-13,Ho Chi Minh,LOW,63,PARTIAL
C01063,Phan Hai Dat,1975-06-27,Ho Chi Minh,HIGH,92,PARTIAL
C01064,Tran Minh Tung,1983-08-09,Nha Trang,LOW,29,PARTIAL
C01065,Pham Hoang Huy,1974-11-10,Hai Phong,LOW,36,FULL
C01066,Duong Duc Huy,1998-09-24,Nha Trang,MEDIUM,8,FULL
C01067,Phan Khanh Long,1985-12-12,Ho Chi Minh,LOW,88,FULL
C01068,Tran Thi Nam,1977-07-17,Dong Nai,LOW,33,FULL
C01069,Vo Huu An,1978-07-27,Ha Noi,HIGH,48,FULL
C01070,Huynh Hai Dat,2000-08-07,Da Nang,MEDIUM,46,FULL
C01071,Bui Van Anh,1988-08-20,Quang Ninh,LOW,62,FULL
C01072,Ngo Hoang An,1978-08-21,Nha Trang,MEDIUM,76,PARTIAL
C01073,Bui Duc Huy,1980-10-14,Dong Nai,LOW,31,FULL
C01074,Ho Khanh Binh,1977-02-03,Nha Trang,MEDIUM,28,FULL
C01075,Bui Khanh Khoa,1963-11-16,Da Nang,MEDIUM,71,PARTIAL
C01076,Phan Xuan Dat,1975-03-25,Ho Chi Minh,LOW,45,FULL
C01077,Duong Huu Huy,1965-12-28,Can Tho,LOW,79,FULL
C01078,Ngo Minh Long,1978-07-23,Hue,HIGH,5,FULL
C01079,Vo Van Nam,1975-11-27,Hue,LOW,45,FULL
C01080,Vo Khanh Kiet,1973-12-18,Quang Ninh,MEDIUM,11,FULL
C01081,Phan Thanh An,1966-01-23,Nha Trang,MEDIUM,12,FULL
C01082,Le Van Lan,1987-10-11,Hai Phong,LOW,87,FULL
C01083,Phan Ngoc Long,1979-03-25,Hai Phong,LOW,12,FULL
C01084,Ngo Hai Tung,1997-08-24,Ha Noi,HIGH,29,FULL
C01085,Vu Huu Trang,1980-07-03,Ho Chi Minh,LOW,48,FULL
C01086,Tran Thi Khang,1961-06-29,Ho Chi Minh,LOW,84,FULL
C01087,Vo Duc Phuc,1985-07-24,Dong Nai,LOW,6,FULL
C01088,Vo Xuan Nhung,2002-11-11,Hue,LOW,77,FULL
C01089,Pham Van An,1964-06-04,Nha Trang,LOW,75,FULL
C01090,Phan Gia Phuc,1992-11-18,Da Nang,LOW,18,FULL
C01091,Vo Thanh Bao,1975-07-08,Ho Chi Minh,LOW,8,FULL
C01092,Pham Gia Phuc,1980-04-14,Ha Noi,LOW,41,FULL
C01093,Bui Hoang Tung,1974-03-12,Ha Noi,LOW,14,FULL
C01094,Hoang Thanh Long,2000-07-05,Ha Noi,LOW,43,PARTIAL
C01095,Ngo Ngoc An,1997-08-15,Hue,LOW,72,FULL
C01096,Hoang Minh Tung,2001-01-28,Hue,LOW,17,FULL
C01097,Hoang Huu Trang,1984-11-21,Nha Trang,LOW,74,FULL
C01098,Nguyen Minh Kiet,2003-09-17,Hai Phong,LOW,25,FULL
C01099,Vo Hoang Long,1983-03-27,Hai Phong,LOW,58,PARTIAL
C01100,Huynh Minh Long,1976-03-15,Quang Ninh,LOW,31,FULL
C01101,Ho Gia Tung,1961-07-16,Nha Trang,LOW,66,FULL
C01102,Do Duc Bao,1987-03-19,Ho Chi Minh,LOW,75,FULL
C01103,Ngo Hoang Huy,1980-06-14,Vung Tau,HIGH,64,FULL
C01104,Duong Huu Tung,1971-03-17,Ho Chi Minh,LOW,23,FULL
C01105,Vu Huu Nam,1998-12-24,Ha Noi,LOW,55,FULL
C01106,Le Tuan Nam,1964-01-01,Ho Chi Minh,MEDIUM,74,PARTIAL
C01107,Le Xuan Nam,1999-08-03,Hue,LOW,70,PARTIAL
C01108,Hoang Minh Lan,1997-12-30,Hue,MEDIUM,70,FULL
C01109,Phan Thanh Vy,1994-05-31,Da Nang,LOW,21,PARTIAL
C01110,Huynh Thanh Dat,1984-08-13,Quang Ninh,LOW,90,FULL
C01111,Do Hoang Nhung,1983-05-06,Hai Phong,LOW,43,FULL
C01112,Do Thi Nhung,1999-03-26,Hue,LOW,40,FULL
C01113,Phan Gia Bao,1975-12-30,Dong Nai,LOW,17,FULL
C01114,Vo Van Anh,1980-05-27,Da Nang,MEDIUM,58,FULL
C01115,Huynh Ngoc Bao,1978-06-11,Hue,MEDIUM,5,FULL
C01116,Ngo Khanh Khang,1978-12-11,Ho Chi Minh,LOW,93,FULL
C01117,Tran Thanh Hoang,1989-07-18,Da Nang,MEDIUM,73,FULL
C01118,Huynh Van Linh,1979-05-18,Can Tho,LOW,90,FULL
C01119,Duong Ngoc Kiet,2004-11-01,Hai Phong,LOW,18,FULL
C01120,Vu Hoang Son,2000-07-20,Ha Noi,LOW,79,FULL
C01121,Duong Thanh Khoa,1965-05-30,Can Tho,LOW,82,FULL
C01122,Hoang Gia Huy,1982-04-23,Quang Ninh,HIGH,12,FULL
C01123,Hoang Van An,2001-08-25,Nha Trang,LOW,42,FULL
C01124,Duong Xuan Lan,1983-04-12,Can Tho,LOW,6,FULL
C01125,Nguyen Ngoc Trang,1997-08-28,Da Nang,LOW,66,FULL
C01126,Phan Van Nhung,1961-02-19,Can Tho,LOW,44,FULL
C01127,Pham Hai Khang,1963-06-30,Nha Trang,LOW,79,FULL
C01128,Huynh Duc Hoang,1963-12-15,Nha Trang,HIGH,85,FULL
C01129,Vu Thi Khoa,1962-08-10,Hai Phong,LOW,31,FULL
C01130,Dang Tuan Nam,1982-10-18,Hai Phong,MEDIUM,48,FULL
C01131,Nguyen Minh Huy,1981-01-03,Dong Nai,LOW,17,FULL
C01132,Vu Tuan Son,1976-11-22,Can Tho,LOW,33,FULL
C01133,Ngo Thanh Bao,2000-01-08,Hue,HIGH,27,FULL
C01134,Le Thi Khang,1978-09-12,Hue,LOW,22,FULL
C01135,Vo Duc An,1961-07-09,Ha Noi,HIGH,74,PARTIAL
C01136,Vo Duc Huy,1967-09-21,Nha Trang,LOW,5,FULL
C01137,Tran Hai Kiet,1961-08-28,Da Nang,LOW,46,PARTIAL
C01138,Bui Hai Khang,1984-10-23,Dong Nai,LOW,49,PARTIAL
C01139,Duong Xuan Huy,1978-08-06,Ho Chi Minh,LOW,68,PARTIAL
C01140,Nguyen Duc Binh,1980-10-31,Hue,LOW,45,FULL
C01141,Duong Hoang Linh,1980-04-01,Vung Tau,HIGH,39,FULL
C01142,Vu Huu An,1966-11-10,Nha Trang,LOW,73,FULL
C01143,Ho Tuan Khoa,1993-03-05,Ha Noi,MEDIUM,9,FULL
C01144,Dang Van Tung,1975-12-30,Ho Chi Minh,MEDIUM,19,FULL
C01145,Ngo Thu An,2003-03-22,Nha Trang,LOW,27,PARTIAL
C01146,Pham Duc Hoang,1964-09-29,Vung Tau,LOW,75,FULL
C01147,Phan Minh Nam,2000-09-20,Ha Noi,LOW,18,FULL
C01148,Le Hai Long,2004-05-02,Hai Phong,LOW,8,FULL
C01149,Hoang Quoc An,1972-04-15,Vung Tau,MEDIUM,57,FULL
C01150,Ho Quoc Kiet,1983-11-20,Hai Phong,MEDIUM,82,FULL
C01151,Vo Hai Phuc,1970-08-10,Ho Chi Minh,HIGH,12,FULL
C01152,Tran Tuan Son,1999-07-07,Ha Noi,LOW,62,FULL
C01153,Bui Gia An,1984-08-25,Ha Noi,LOW,54,FULL
C01154,Phan Gia Bao,1966-05-28,Can Tho,LOW,13,FULL
C01155,Ngo Tuan Hoang,1965-06-04,Ho Chi Minh,HIGH,25,FULL
C01156,Huynh Thi Tung,1988-05-12,Hue,LOW,42,FULL
C01157,Le Huu Bao,1993-04-28,Da Nang,LOW,81,FULL
C01158,Vo Khanh Phuc,2005-11-27,Hai Phong,LOW,23,FULL
C01159,Tran Hai Khang,1988-03-04,Vung Tau,LOW,42,FULL
C01160,Hoang Hoang Hoang,1987-01-04,Ho Chi Minh,LOW,38,FULL
C01161,Vu Thu Dat,1971-11-29,Ho Chi Minh,LOW,7,FULL
C01162,Dang Hoang Kiet,1989-03-18,Hai Phong,LOW,30,FULL
C01163,Vu Van Tung,1994-10-08,Hai Phong,MEDIUM,32,FULL
C01164,Ngo Hai Khang,1973-04-30,Nha Trang,LOW,71,PARTIAL
C01165,Vu Xuan Binh,1973-10-29,Da Nang,LOW,88,FULL
C01166,Hoang Huu Phuc,1991-07-17,Quang Ninh,LOW,7,FULL
C01167,Nguyen Hoang Kiet,1960-09-14,Quang Ninh,LOW,42,FULL
C01168,Huynh Gia Khang,1981-12-31,Vung Tau,LOW,70,FULL
C01169,Phan Hoang Long,1975-11-11,Vung Tau,MEDIUM,10,FULL
C01170,Tran Huu Nam,1983-04-13,Ha Noi,HIGH,75,FULL
C01171,Bui Thanh Kiet,1974-08-11,Vung Tau,LOW,69,FULL
C01172,Nguyen Xuan Khoa,1971-07-05,Nha Trang,LOW,6,FULL
C01173,Ngo Van Linh,1969-10-31,Ho Chi Minh,LOW,50,FULL
C01174,Phan Thanh Dat,1961-05-19,Ha Noi,MEDIUM,25,FULL
C01175,Le Thi Binh,1990-07-14,Hai Phong,HIGH,73,FULL
C01176,Do Van Phuc,1962-05-21,Hue,LOW,93,FULL
C01177,Tran Gia Long,1965-12-17,Nha Trang,LOW,38,FULL
C01178,Ngo Tuan Tung,1962-04-19,Vung Tau,LOW,57,FULL
C01179,Tran Khanh Dat,1961-06-24,Hai Phong,LOW,88,FULL
C01180,Dang Xuan Nam,1962-08-18,Dong Nai,LOW,16,PARTIAL
C01181,Tran Thanh Anh,1974-05-13,Hue,LOW,77,FULL
C01182,Vu Huu Son,1992-02-11,Quang Ninh,MEDIUM,62,FULL
C01183,Duong Van Anh,1985-05-21,Ho Chi Minh,LOW,12,FULL
C01184,Vu Quoc Dat,1988-04-27,Ho Chi Minh,LOW,9,PARTIAL
C01185,Bui Tuan Nhung,2001-08-25,Quang Ninh,MEDIUM,15,FULL
C01186,Vu Duc Trang,1965-03-23,Vung Tau,LOW,34,FULL
C01187,Tran Khanh Linh,1966-06-26,Vung Tau,LOW,33,FULL
C01188,Bui Thu Kiet,1990-12-28,Da Nang,HIGH,74,FULL
C01189,Bui Thi Lan,1991-11-07,Quang Ninh,HIGH,28,FULL
C01190,Bui Xuan Phuc,1988-03-07,Hue,LOW,18,FULL
C01191,Ngo Thi Khoa,1994-11-19,Vung Tau,MEDIUM,65,FULL
C01192,Do Van Anh,1985-04-05,Quang Ninh,HIGH,29,FULL
C01193,Phan Hai Lan,1975-03-15,Ho Chi Minh,LOW,70,FULL
C01194,Nguyen Van Trang,1995-01-25,Da Nang,LOW,70,FULL
C01195,Do Hai Linh,1989-08-06,Quang Ninh,MEDIUM,44,PARTIAL
C01196,Dang Thu Tung,1986-11-18,Nha Trang,LOW,78,FULL
C01197,Huynh Hoang Dat,1988-10-28,Vung Tau,LOW,27,FULL
C01198,Nguyen Xuan Nam,1998-04-29,Da Nang,LOW,94,FULL
C01199,Huynh Thanh Son,1987-01-18,Da Nang,LOW,27,FULL
C01200,Vo Van Long,1980-06-06,Da Nang,LOW,66,FULL
C01201,Tran Tuan Nam,2002-08-01,Hue,LOW,19,FULL
C01202,Ngo Duc Long,1965-09-30,Can Tho,LOW,29,FULL
C01203,Hoang Thi Khoa,1979-08-13,Hue,LOW,91,FULL
C01204,Dang Quoc Tung,1972-09-16,Can Tho,LOW,62,FULL
C01205,Hoang Thanh Phuc,2002-10-31,Dong Nai,MEDIUM,74,PARTIAL
C01206,Vu Van Huy,2004-10-18,Hai Phong,LOW,46,PARTIAL
C01207,Duong Huu Vy,1962-07-19,Hue,LOW,51,FULL
C01208,Duong Hoang Lan,2004-05-25,Da Nang,LOW,52,FULL
C01209,Bui Thanh Hoang,1964-06-01,Nha Trang,MEDIUM,80,FULL
C01210,Bui Thi Bao,1963-10-03,Hai Phong,LOW,45,FULL
C01211,Hoang Duc Hoang,2004-10-28,Nha Trang,LOW,54,FULL
C01212,Do Thu Lan,1987-12-17,Dong Nai,LOW,83,FULL
C01213,Le Xuan Nhung,1970-08-20,Ha Noi,LOW,47,FULL
C01214,Huynh Tuan Bao,1975-07-10,Vung Tau,LOW,31,FULL
C01215,Bui Tuan Dat,1977-03-23,Hai Phong,MEDIUM,14,FULL
C01216,Bui Khanh Anh,1996-07-07,Da Nang,MEDIUM,27,FULL
C01217,Duong Tuan Linh,1988-06-25,Hue,LOW,55,FULL
C01218,Phan Huu Lan,1988-03-08,Vung Tau,MEDIUM,14,FULL
C01219,Ho Huu Linh,1985-06-26,Hai Phong,LOW,46,FULL
C01220,Do Xuan Dat,1974-06-15,Vung Tau,LOW,75,FULL
C01221,Le Duc Nhung,1983-01-26,Hue,MEDIUM,26,PARTIAL
C01222,Pham Tuan Binh,1972-08-02,Vung Tau,LOW,13,FULL
C01223,Nguyen Thanh Nam,1967-04-18,Dong Nai,MEDIUM,53,FULL
C01224,Tran Huu Linh,1976-09-19,Ha Noi,LOW,77,FULL
C01225,Le Huu Kiet,1997-12-03,Dong Nai,LOW,82,PARTIAL
C01226,Bui Thu Dat,1992-07-26,Ha Noi,LOW,54,FULL
C01227,Huynh Thanh Tung,1979-09-17,Ha Noi,LOW,44,FULL
C01228,Do Hai Tung,1970-04-19,Nha Trang,MEDIUM,22,FULL
C01229,Tran Duc Vy,1970-08-10,Hue,LOW,22,PARTIAL
C01230,Hoang Ngoc Binh,1985-03-06,Ha Noi,LOW,18,FULL
C01231,Tran Thu Vy,1966-09-09,Quang Ninh,LOW,33,FULL
C01232,Hoang Huu An,2001-10-25,Hue,LOW,81,FULL
C01233,Do Hoang Lan,1999-03-17,Hai Phong,HIGH,61,FULL
C01234,Pham Thanh An,1965-11-28,Vung Tau,LOW,14,FULL
C01235,Pham Ngoc Binh,1963-07-04,Da Nang,LOW,7,FULL
C01236,Duong Thu Long,1976-08-19,Quang Ninh,LOW,25,FULL
C01237,Vo Thu Nhung,1962-05-09,Ha Noi,HIGH,37,FULL
C01238,Hoang Van Phuc,1997-04-27,Nha Trang,MEDIUM,26,FULL
C01239,Vo Quoc Tung,2000-09-19,Quang Ninh,MEDIUM,53,FULL
C01240,Duong Huu Linh,1999-04-25,Quang Ninh,LOW,78,FULL
C01241,Vu Hoang Dat,1987-12-28,Dong Nai,LOW,71,FULL
C01242,Vo Huu Bao,1967-04-18,Da Nang,MEDIUM,80,FULL
C01243,Do Hai Khoa,1979-04-05,Can Tho,MEDIUM,48,FULL
C01244,Le Ngoc Huy,1997-10-28,Dong Nai,HIGH,61,PARTIAL
C01245,Pham Gia Binh,1984-06-30,Dong Nai,LOW,11,FULL
C01246,Tran Huu Tung,1964-11-08,Dong Nai,LOW,90,FULL
C01247,Ho Ngoc Kiet,1966-11-04,Hai Phong,LOW,77,FULL
C01248,Tran Hoang Phuc,1967-12-29,Can Tho,LOW,95,FULL
C01249,Phan Thu Vy,1963-11-09,Ha Noi,LOW,55,FULL
C01250,Huynh Duc Lan,1961-03-05,Vung Tau,LOW,40,FULL
C01251,Ngo Hai Linh,1967-05-28,Vung Tau,MEDIUM,41,FULL
C01252,Tran Quoc Trang,1993-07-26,Ho Chi Minh,MEDIUM,11,FULL
C01253,Do Khanh Huy,2002-02-26,Hue,MEDIUM,63,FULL
C01254,Vu Minh Nhung,1992-09-14,Ho Chi Minh,LOW,12,FULL
C01255,Dang Minh Long,1981-10-29,Ho Chi Minh,MEDIUM,86,FULL
C01256,Hoang Van Nam,1989-04-14,Hue,HIGH,15,FULL
C01257,Huynh Van Tung,1985-01-03,Da Nang,LOW,35,FULL
C01258,Vu Thu Lan,1971-02-16,Can Tho,HIGH,68,PARTIAL
C01259,Nguyen Thi Bao,1962-10-25,Can Tho,LOW,64,FULL
C01260,Pham Thanh Tung,1987-04-10,Hue,LOW,64,FULL
C01261,Ngo Quoc Dat,1960-04-04,Ho Chi Minh,LOW,41,FULL
C01262,Nguyen Hai Long,1972-08-02,Vung Tau,MEDIUM,15,FULL
C01263,Phan Quoc Khang,1983-05-14,Nha Trang,LOW,36,FULL
C01264,Do Duc Anh,1988-03-15,Nha Trang,LOW,44,PARTIAL
C01265,Pham Khanh Lan,2001-10-24,Hai Phong,LOW,64,FULL
C01266,Le Ngoc Nam,1987-03-10,Ha Noi,MEDIUM,36,FULL
C01267,Nguyen Xuan Khoa,1995-02-13,Ho Chi Minh,MEDIUM,8,PARTIAL
C01268,Vo Hai Nam,1960-05-10,Dong Nai,LOW,55,PARTIAL
C01269,Do Xuan Khoa,1992-07-13,Vung Tau,LOW,86,FULL
C01270,Duong Huu Dat,2005-09-25,Nha Trang,MEDIUM,11,FULL
C01271,Ho Khanh Long,1967-05-11,Dong Nai,LOW,47,FULL
C01272,Huynh Hoang Trang,1989-11-03,Nha Trang,LOW,63,PARTIAL
C01273,Tran Tuan Son,1983-01-24,Can Tho,LOW,55,FULL
C01274,Nguyen Quoc Anh,1980-07-20,Hue,LOW,22,FULL
C01275,Tran Duc Lan,1974-05-06,Nha Trang,MEDIUM,49,PARTIAL
C01276,Ho Ngoc Tung,1980-05-21,Hue,LOW,92,FULL
C01277,Duong Minh Linh,1961-01-12,Vung Tau,LOW,70,FULL
C01278,Duong Thu Binh,1990-10-30,Vung Tau,LOW,28,PARTIAL
C01279,Vo Quoc An,1996-10-31,Hai Phong,LOW,55,PARTIAL
C01280,Nguyen Tuan An,1969-04-09,Vung Tau,LOW,25,PARTIAL
C01281,Le Duc Son,1986-02-09,Hai Phong,LOW,30,FULL
C01282,Huynh Huu Lan,1963-06-03,Hue,LOW,5,FULL
C01283,Dang Tuan Bao,2000-08-28,Da Nang,LOW,35,FULL
C01284,Dang Khanh Huy,1960-04-25,Vung Tau,LOW,50,FULL
C01285,Dang Minh Phuc,2000-05-26,Hai Phong,MEDIUM,77,PARTIAL
C01286,Do Gia Huy,2002-02-14,Hue,MEDIUM,56,PARTIAL
C01287,Vu Minh Phuc,1967-10-14,Quang Ninh,HIGH,31,PARTIAL
C01288,Dang Thanh Kiet,1994-02-27,Hue,LOW,70,FULL
C01289,Le Hoang Dat,1993-08-27,Quang Ninh,LOW,14,FULL
C01290,Le Hoang Anh,1969-05-06,Can Tho,LOW,10,FULL
C01291,Phan Tuan Bao,1992-06-26,Vung Tau,LOW,44,FULL
C01292,Ho Gia Huy,2001-04-22,Can Tho,MEDIUM,91,FULL
C01293,Nguyen Tuan Nam,1961-08-24,Can Tho,LOW,77,FULL
C01294,Vo Thanh Vy,2004-11-22,Dong Nai,LOW,7,PARTIAL
C01295,Hoang Ngoc Khoa,1977-06-01,Ho Chi Minh,MEDIUM,53,FULL
C01296,Vo Ngoc Phuc,1983-05-07,Quang Ninh,LOW,62,FULL
C01297,Phan Khanh Linh,1988-03-23,Nha Trang,MEDIUM,84,FULL
C01298,Vo Thu Long,1963-05-18,Quang Ninh,LOW,77,FULL
C01299,Do Thi Vy,1967-09-06,Nha Trang,LOW,19,PARTIAL
C01300,Vo Minh An,1966-06-21,Ha Noi,LOW,6,FULL
C01301,Tran Minh Kiet,1972-06-24,Vung Tau,LOW,78,FULL
C01302,Nguyen Xuan Khoa,1964-09-05,Ho Chi Minh,LOW,43,PARTIAL
C01303,Vo Tuan Tung,1981-02-12,Ho Chi Minh,MEDIUM,90,FULL
C01304,Phan Thu Khang,1982-06-12,Quang Ninh,LOW,31,PARTIAL
C01305,Ho Tuan Bao,2001-06-08,Dong Nai,LOW,95,FULL
C01306,Ho Tuan Tung,1970-03-18,Ha Noi,LOW,41,FULL
C01307,Nguyen Van An,2003-01-21,Nha Trang,MEDIUM,45,FULL
C01308,Ho Gia Bao,1966-09-16,Nha Trang,LOW,6,FULL
C01309,Pham Ngoc Tung,1963-02-09,Hai Phong,LOW,90,PARTIAL
C01310,Pham Ngoc Dat,1995-06-08,Can Tho,LOW,87,FULL
C01311,Ho Hoang Nam,1992-07-17,Can Tho,LOW,64,FULL
C01312,Pham Van Linh,1960-05-08,Vung Tau,LOW,39,FULL
C01313,Nguyen Thu Bao,2003-09-25,Hai Phong,LOW,10,FULL
C01314,Huynh Huu Bao,1972-04-26,Vung Tau,MEDIUM,5,PARTIAL
C01315,Phan Xuan Huy,1974-10-25,Dong Nai,LOW,83,FULL
C01316,Huynh Hai An,2005-11-10,Can Tho,LOW,93,FULL
C01317,Le Khanh Linh,1983-07-29,Ho Chi Minh,LOW,36,FULL
C01318,Pham Duc Lan,1965-08-31,Ha Noi,LOW,45,FULL
C01319,Le Hai An,1983-07-05,Vung Tau,LOW,87,FULL
C01320,Hoang Van Huy,2005-11-30,Ho Chi Minh,LOW,59,FULL
C01321,Do Thu Vy,1971-07-12,Can Tho,MEDIUM,70,FULL
C01322,Nguyen Tuan Trang,1981-03-17,Can Tho,LOW,95,FULL
C01323,Pham Hai Khoa,1997-10-02,Da Nang,LOW,36,FULL
C01324,Dang Minh An,1983-03-18,Vung Tau,LOW,50,FULL
C01325,Pham Thanh Bao,1984-09-08,Ho Chi Minh,LOW,17,FULL
C01326,Duong Thu Linh,2002-05-12,Can Tho,LOW,35,FULL
C01327,Dang Hai Binh,1985-07-05,Da Nang,LOW,75,FULL
C01328,Vu Van Kiet,1980-08-07,Ho Chi Minh,LOW,45,FULL
C01329,Pham Xuan Trang,1980-12-19,Hai Phong,HIGH,87,FULL
C01330,Ngo Tuan Phuc,1975-06-27,Ha Noi,MEDIUM,77,FULL
C01331,Bui Duc Phuc,1995-12-19,Nha Trang,LOW,12,PARTIAL
C01332,Phan Gia Nhung,1963-12-12,Ha Noi,LOW,80,FULL
C01333,Tran Gia Vy,1976-11-26,Quang Ninh,HIGH,73,FULL
C01334,Vu Thanh Tung,1989-09-05,Da Nang,MEDIUM,15,PARTIAL
C01335,Huynh Thu Anh,1993-04-26,Quang Ninh,HIGH,24,FULL
C01336,Ho Thanh Bao,1990-03-29,Ha Noi,LOW,94,PARTIAL
C01337,Pham Ngoc Vy,1987-07-16,Quang Ninh,LOW,24,FULL
C01338,Do Huu Vy,2005-10-30,Hue,HIGH,90,FULL
C01339,Duong Xuan Linh,1978-11-23,Quang Ninh,HIGH,93,FULL
C01340,Bui Hai Hoang,1977-02-11,Quang Ninh,LOW,52,FULL
C01341,Vu Thi Kiet,1975-01-16,Nha Trang,MEDIUM,88,FULL
C01342,Bui Xuan Vy,1990-12-17,Hue,MEDIUM,75,FULL
C01343,Ho Hoang Hoang,1976-09-01,Ha Noi,LOW,63,PARTIAL
C01344,Bui Quoc Binh,1970-10-08,Quang Ninh,MEDIUM,33,FULL
C01345,Le Hoang Phuc,1998-03-29,Vung Tau,LOW,47,FULL
C01346,Duong Tuan Trang,1982-07-09,Da Nang,LOW,62,FULL
C01347,Le Gia Khang,2002-05-03,Hai Phong,LOW,44,FULL
C01348,Nguyen Minh Binh,1987-08-23,Quang Ninh,MEDIUM,9,PARTIAL
C01349,Pham Thu An,1965-04-21,Dong Nai,LOW,68,FULL
C01350,Bui Hai Kiet,1986-05-23,Hue,LOW,53,PARTIAL
C01351,Duong Ngoc Nam,1994-03-25,Quang Ninh,LOW,90,FULL
C01352,Pham Minh Huy,1961-11-16,Quang Ninh,LOW,72,PARTIAL
C01353,Bui Gia Khang,1970-05-27,Ha Noi,MEDIUM,75,FULL
C01354,Pham Van Dat,1983-05-04,Vung Tau,LOW,78,FULL
C01355,Bui Khanh Nam,1986-06-04,Dong Nai,LOW,79,FULL
C01356,Phan Gia Linh,1999-10-30,Ho Chi Minh,LOW,73,FULL
C01357,Bui Minh Tung,1981-02-03,Nha Trang,HIGH,22,FULL
C01358,Phan Hai Binh,1973-06-23,Quang Ninh,LOW,84,PARTIAL
C01359,Duong Huu An,1995-06-07,Quang Ninh,MEDIUM,13,FULL
C01360,Dang Thanh Khang,1994-08-22,Da Nang,MEDIUM,63,FULL
C01361,Ngo Xuan Hoang,1981-05-22,Quang Ninh,LOW,26,FULL
C01362,Bui Khanh Nam,1966-08-25,Ha Noi,MEDIUM,22,FULL
C01363,Phan Thanh Phuc,1978-06-10,Vung Tau,LOW,17,FULL
C01364,Dang Hoang Phuc,2005-05-01,Dong Nai,LOW,49,FULL
C01365,Vo Minh Khang,1960-02-17,Ha Noi,LOW,76,FULL
C01366,Bui Thi Huy,1961-06-24,Can Tho,LOW,72,FULL
C01367,Bui Khanh Kiet,1972-04-24,Vung Tau,LOW,51,FULL
C01368,Bui Tuan Son,1971-02-07,Quang Ninh,MEDIUM,27,FULL
C01369,Duong Xuan Linh,1975-10-06,Hai Phong,LOW,63,FULL
C01370,Duong Thi Long,1989-11-30,Quang Ninh,LOW,36,FULL
C01371,Dang Huu Lan,1977-04-18,Hai Phong,LOW,23,FULL
C01372,Bui Thi Phuc,1996-10-12,Ha Noi,LOW,29,FULL
C01373,Tran Minh Phuc,1982-10-22,Dong Nai,LOW,83,FULL
C01374,Vo Thanh Binh,1979-10-27,Dong Nai,LOW,13,PARTIAL
C01375,Do Thanh Tung,1970-11-01,Da Nang,LOW,43,PARTIAL
C01376,Duong Khanh Long,1969-07-24,Vung Tau,MEDIUM,36,FULL
C01377,Pham Gia Anh,1961-06-29,Dong Nai,MEDIUM,68,FULL
C01378,Huynh Hai Dat,1980-03-24,Nha Trang,MEDIUM,35,FULL
C01379,Ngo Huu Lan,1989-04-06,Quang Ninh,LOW,69,FULL
C01380,Duong Gia Vy,1985-12-26,Quang Ninh,LOW,24,FULL
C01381,Vu Van Linh,1980-03-19,Dong Nai,LOW,90,FULL
C01382,Duong Khanh Bao,1972-01-06,Da Nang,MEDIUM,25,FULL
C01383,Vo Gia Khoa,1986-08-25,Can Tho,LOW,95,PARTIAL
C01384,Le Van Lan,1989-05-10,Quang Ninh,LOW,44,FULL
C01385,Pham Xuan Phuc,1962-08-18,Hai Phong,LOW,38,FULL
C01386,Bui Hoang Binh,1995-05-19,Vung Tau,LOW,56,FULL
C01387,Do Hai Trang,1983-04-07,Nha Trang,LOW,72,FULL
C01388,Bui Khanh Linh,1989-12-18,Da Nang,LOW,12,FULL
C01389,Vu Xuan Huy,1976-10-02,Ho Chi Minh,LOW,65,PARTIAL
C01390,Bui Xuan Long,2000-02-25,Nha Trang,LOW,46,FULL
C01391,Do Thanh Long,1970-10-30,Da Nang,LOW,7,FULL
C01392,Le Minh Lan,1976-02-23,Hai Phong,LOW,21,FULL
C01393,Do Hoang Kiet,1976-09-10,Dong Nai,LOW,90,PARTIAL
C01394,Do Thu Khoa,1997-08-14,Ho Chi Minh,MEDIUM,27,FULL
C01395,Tran Hai Nam,1970-02-04,Ha Noi,LOW,32,FULL
C01396,Pham Thanh Bao,1982-06-03,Ho Chi Minh,LOW,68,FULL
C01397,Do Gia Dat,1969-06-01,Ha Noi,LOW,92,FULL
C01398,Ho Thi Nhung,1976-11-12,Dong Nai,LOW,43,FULL
C01399,Vo Xuan Huy,1976-12-29,Dong Nai,LOW,41,FULL
C01400,Tran Hoang Khoa,1977-11-15,Da Nang,LOW,15,PARTIAL
C01401,Bui Gia Kiet,1976-12-25,Ho Chi Minh,LOW,18,FULL
C01402,Duong Thu Bao,1990-05-10,Hue,LOW,11,FULL
C01403,Vo Tuan Vy,1975-08-08,Ha Noi,MEDIUM,84,PARTIAL
C01404,Nguyen Tuan Nhung,1984-10-18,Nha Trang,LOW,86,FULL
C01405,Duong Van Linh,1983-06-11,Nha Trang,LOW,61,PARTIAL
C01406,Nguyen Thanh Hoang,1995-10-05,Quang Ninh,LOW,27,FULL
C01407,Hoang Gia Huy,1975-01-21,Hue,LOW,10,FULL
C01408,Nguyen Van Binh,1994-10-23,Nha Trang,LOW,34,PARTIAL
C01409,Do Thu Dat,1961-09-14,Hue,LOW,36,FULL
C01410,Pham Duc Khang,1979-04-02,Nha Trang,LOW,53,FULL
C01411,Vo Huu Huy,1989-04-13,Can Tho,MEDIUM,41,FULL
C01412,Huynh Thanh Lan,1978-10-14,Ho Chi Minh,LOW,42,FULL
C01413,Dang Hai Son,1995-06-17,Ha Noi,LOW,65,FULL
C01414,Dang Thu Son,1965-01-17,Nha Trang,MEDIUM,11,FULL
C01415,Tran Xuan Phuc,1998-10-30,Vung Tau,MEDIUM,50,FULL
C01416,Ngo Thanh Lan,1978-08-27,Ho Chi Minh,HIGH,28,FULL
C01417,Ngo Quoc Linh,1983-02-11,Can Tho,LOW,64,FULL
C01418,Vu Ngoc Binh,2000-12-16,Hue,LOW,26,FULL
C01419,Nguyen Thu Hoang,1970-08-14,Can Tho,HIGH,42,FULL
C01420,Ho Minh Vy,1996-03-31,Hue,MEDIUM,16,FULL
C01421,Ho Khanh Long,1987-05-29,Can Tho,MEDIUM,87,FULL
C01422,Vu Tuan Nam,1983-05-01,Hai Phong,HIGH,75,FULL
C01423,Phan Van Kiet,1983-12-10,Hue,LOW,64,FULL
C01424,Phan Gia Phuc,1991-06-21,Hue,MEDIUM,28,PARTIAL
C01425,Duong Thanh Trang,2003-02-08,Nha Trang,MEDIUM,19,FULL
C01426,Nguyen Huu Huy,1968-05-31,Can Tho,LOW,51,FULL
C01427,Le Khanh Binh,1984-09-22,Vung Tau,LOW,75,FULL
C01428,Huynh Minh Nhung,1960-09-02,Vung Tau,LOW,82,FULL
C01429,Dang Ngoc Dat,1991-05-13,Hue,LOW,31,FULL
C01430,Tran Minh Tung,1991-03-27,Ho Chi Minh,LOW,72,FULL
C01431,Phan Ngoc Bao,1976-11-26,Hue,MEDIUM,63,PARTIAL
C01432,Bui Xuan Kiet,1966-08-18,Nha Trang,LOW,19,FULL
C01433,Le Thanh Khang,1960-12-27,Quang Ninh,LOW,62,FULL
C01434,Tran Hoang Nhung,1997-03-11,Nha Trang,LOW,35,FULL
C01435,Bui Duc Lan,1974-12-20,Can Tho,LOW,58,FULL
C01436,Nguyen Hoang Huy,1961-08-20,Nha Trang,LOW,44,FULL
C01437,Le Khanh An,1972-09-09,Dong Nai,LOW,87,FULL
C01438,Dang Hoang Linh,2001-08-11,Quang Ninh,LOW,85,FULL
C01439,Nguyen Xuan Linh,1999-11-13,Hue,LOW,83,FULL
C01440,Ngo Quoc Nhung,1969-04-24,Vung Tau,LOW,7,FULL
C01441,Huynh Thi Nam,2004-12-13,Dong Nai,LOW,51,FULL
C01442,Ho Khanh Huy,1976-01-17,Hai Phong,HIGH,85,FULL
C01443,Le Hai Khang,1991-05-03,Ho Chi Minh,LOW,52,FULL
C01444,Phan Xuan Khang,1997-11-18,Hue,LOW,24,PARTIAL
C01445,Pham Van Bao,1965-10-16,Ha Noi,MEDIUM,27,FULL
C01446,Dang Xuan Vy,1982-09-29,Quang Ninh,LOW,28,FULL
C01447,Dang Huu Huy,1996-08-04,Hue,LOW,83,FULL
C01448,Phan Thu Dat,1971-07-05,Ha Noi,MEDIUM,32,FULL
C01449,Nguyen Duc Tung,1974-04-09,Hai Phong,LOW,77,FULL
C01450,Hoang Thi An,2004-02-23,Nha Trang,HIGH,89,FULL
C01451,Ho Tuan Tung,1974-08-09,Can Tho,LOW,83,PARTIAL
C01452,Bui Gia Bao,1983-11-26,Da Nang,LOW,67,FULL
C01453,Ho Duc Long,1963-09-01,Can Tho,LOW,84,FULL
C01454,Le Tuan Bao,1989-08-08,Vung Tau,LOW,92,FULL
C01455,Tran Khanh Khang,1993-09-12,Hue,MEDIUM,18,FULL
C01456,Ho Tuan Binh,1991-12-03,Quang Ninh,LOW,25,FULL
C01457,Duong Hai Dat,1962-06-20,Nha Trang,HIGH,91,FULL
C01458,Le Duc Linh,1963-09-29,Ha Noi,LOW,37,PARTIAL
C01459,Vu Tuan Khoa,1969-08-10,Dong Nai,LOW,51,PARTIAL
C01460,Bui Quoc Anh,1982-08-25,Da Nang,LOW,92,PARTIAL
C01461,Phan Minh Phuc,1962-05-07,Hai Phong,HIGH,54,FULL
C01462,Ngo Thi Bao,1990-05-18,Hue,MEDIUM,62,FULL
C01463,Huynh Duc Huy,1996-07-26,Quang Ninh,LOW,29,PARTIAL
C01464,Ngo Tuan Nhung,1985-01-20,Nha Trang,HIGH,40,FULL
C01465,Ngo Tuan Vy,1964-03-02,Nha Trang,LOW,56,FULL
C01466,Bui Hoang Hoang,2001-01-11,Dong Nai,LOW,44,FULL
C01467,Vo Van Hoang,1977-09-24,Hai Phong,HIGH,58,FULL
C01468,Vo Xuan Dat,1972-06-10,Hue,LOW,11,PARTIAL
C01469,Le Thi Binh,1999-10-22,Hue,LOW,78,FULL
C01470,Bui Van Phuc,1993-10-22,Hai Phong,LOW,90,PARTIAL
C01471,Le Thu Nam,1988-12-29,Vung Tau,HIGH,65,PARTIAL
C01472,Hoang Gia Son,1987-09-08,Quang Ninh,LOW,82,FULL
C01473,Bui Minh Hoang,1987-11-13,Dong Nai,MEDIUM,80,FULL
C01474,Do Thi Nhung,1989-08-31,Nha Trang,LOW,55,FULL
C01475,Vo Duc Linh,1982-07-25,Quang Ninh,LOW,89,FULL
C01476,Bui Thu Hoang,1993-12-15,Hue,HIGH,68,FULL
C01477,Vo Van Trang,1978-07-04,Dong Nai,LOW,23,FULL
C01478,Le Minh Linh,1969-03-22,Dong Nai,LOW,72,FULL
C01479,Vu Thanh Huy,1983-01-03,Quang Ninh,HIGH,10,FULL
C01480,Ngo Duc Lan,1975-08-28,Can Tho,LOW,7,FULL
C01481,Dang Tuan Linh,1968-01-03,Can Tho,LOW,50,FULL
C01482,Phan Huu Vy,1993-06-18,Vung Tau,LOW,72,PARTIAL
C01483,Pham Huu Trang,1980-03-02,Ha Noi,LOW,32,FULL
C01484,Hoang Huu Nhung,1963-07-19,Can Tho,LOW,46,FULL
C01485,Vu Hoang Son,1989-03-03,Quang Ninh,LOW,6,FULL
C01486,Pham Duc Nhung,1967-11-14,Dong Nai,MEDIUM,21,FULL
C01487,Phan Hai Anh,2001-01-25,Hue,MEDIUM,21,FULL
C01488,Do Thu Phuc,1970-11-26,Quang Ninh,MEDIUM,60,FULL
C01489,Duong Gia Long,1998-03-13,Ha Noi,LOW,68,FULL
C01490,Ho Thi Huy,2001-03-29,Da Nang,MEDIUM,61,FULL
C01491,Hoang Hai Kiet,1987-11-25,Quang Ninh,LOW,57,FULL
C01492,Phan Duc Trang,1974-09-17,Ha Noi,HIGH,27,FULL
C01493,Nguyen Khanh Binh,1999-01-28,Ha Noi,LOW,42,FULL
C01494,Pham Minh Phuc,1970-05-17,Nha Trang,LOW,33,FULL
C01495,Bui Van Khoa,1981-05-12,Vung Tau,LOW,11,FULL
C01496,Ho Minh Kiet,1994-03-18,Da Nang,LOW,90,PARTIAL
C01497,Dang Ngoc Bao,1987-02-08,Quang Ninh,LOW,51,FULL
C01498,Duong Duc Tung,1964-03-14,Vung Tau,MEDIUM,48,PARTIAL
C01499,Ngo Ngoc Kiet,2000-05-29,Da Nang,LOW,30,PARTIAL
C01500,Le Xuan Long,2001-05-31,Dong Nai,LOW,8,FULL
C01501,Nguyen Minh Phuc,1967-05-05,Dong Nai,MEDIUM,86,FULL
C01502,Le Ngoc Hoang,1990-05-19,Hai Phong,HIGH,54,FULL
C01503,Phan Duc Anh,2004-01-13,Quang Ninh,HIGH,81,FULL
C01504,Phan Duc Tung,1981-06-01,Ha Noi,HIGH,22,FULL
C01505,Phan Thanh Son,1976-08-23,Can Tho,LOW,41,FULL
C01506,Vo Thi Nam,1961-06-24,Hue,LOW,29,FULL
C01507,Duong Quoc Trang,1986-01-09,Dong Nai,LOW,91,FULL
C01508,Ho Thanh An,1976-06-22,Vung Tau,LOW,65,FULL
C01509,Do Thu Lan,1960-01-05,Can Tho,MEDIUM,78,PARTIAL
C01510,Vu Van Hoang,1996-10-20,Vung Tau,LOW,62,FULL
C01511,Huynh Gia Dat,1983-04-01,Da Nang,LOW,48,FULL
C01512,Hoang Khanh Phuc,1969-08-05,Hai Phong,LOW,5,FULL
C01513,Bui Ngoc Lan,1986-10-15,Ho Chi Minh,LOW,21,FULL
C01514,Ho Khanh Khang,1988-11-15,Nha Trang,LOW,5,FULL
C01515,Duong Quoc Vy,1961-09-29,Vung Tau,MEDIUM,10,FULL
C01516,Vo Ngoc Dat,1961-04-20,Dong Nai,LOW,78,PARTIAL
C01517,Nguyen Thanh An,1992-12-26,Hai Phong,LOW,40,FULL
C01518,Phan Huu Huy,1983-04-25,Hai Phong,LOW,21,FULL
C01519,Hoang Van Huy,2004-08-13,Quang Ninh,LOW,50,FULL
C01520,Pham Ngoc Dat,1981-09-04,Can Tho,LOW,5,FULL
C01521,Huynh Van Phuc,1993-12-03,Nha Trang,LOW,73,FULL
C01522,Ho Thanh Hoang,1967-04-13,Nha Trang,LOW,26,FULL
C01523,Nguyen Quoc Huy,1988-12-27,Hai Phong,LOW,61,FULL
C01524,Vu Huu Son,1986-11-27,Hai Phong,LOW,31,FULL
C01525,Ho Gia Nhung,1971-02-17,Da Nang,LOW,66,FULL
C01526,Do Thi Anh,1961-03-15,Nha Trang,MEDIUM,33,FULL
C01527,Vu Huu Bao,1998-05-13,Ho Chi Minh,MEDIUM,37,FULL
C01528,Ho Khanh Tung,1996-12-10,Hue,MEDIUM,37,FULL
C01529,Nguyen Thu Dat,1992-01-26,Quang Ninh,MEDIUM,66,FULL
C01530,Vo Thi Son,1967-02-27,Ho Chi Minh,LOW,43,FULL
C01531,Huynh Minh Anh,1995-03-10,Hai Phong,LOW,45,FULL
C01532,Duong Thanh An,2004-08-14,Hue,HIGH,43,FULL
C01533,Phan Tuan Tung,2005-09-30,Hue,MEDIUM,7,PARTIAL
C01534,Hoang Khanh Long,2001-07-27,Dong Nai,LOW,37,FULL
C01535,Vu Duc Kiet,1978-07-05,Can Tho,LOW,10,FULL
C01536,Tran Thi Binh,1974-04-18,Hai Phong,LOW,33,FULL
C01537,Vu Quoc Huy,1965-09-29,Ha Noi,LOW,13,FULL
C01538,Vo Huu Linh,1994-09-15,Dong Nai,LOW,24,FULL
C01539,Vo Thanh Bao,2004-09-19,Vung Tau,LOW,27,FULL
C01540,Nguyen Van Bao,1985-09-16,Vung Tau,MEDIUM,46,FULL
C01541,Ho Hoang Nhung,1972-02-07,Ha Noi,MEDIUM,22,FULL
C01542,Pham Duc Anh,1997-07-20,Dong Nai,LOW,57,FULL
C01543,Tran Hai Tung,1977-03-30,Da Nang,HIGH,9,FULL
C01544,Vo Khanh Son,1961-07-02,Dong Nai,LOW,68,FULL
C01545,Vu Hoang Phuc,1968-06-25,Nha Trang,LOW,12,FULL
C01546,Do Van Lan,2002-08-10,Hue,LOW,44,PARTIAL
C01547,Vo Van Vy,1991-04-14,Ho Chi Minh,HIGH,42,FULL
C01548,Huynh Quoc Linh,1974-06-19,Hai Phong,MEDIUM,81,FULL
C01549,Nguyen Thi Trang,1967-01-22,Quang Ninh,LOW,33,FULL
C01550,Vo Thi Bao,2001-08-18,Can Tho,LOW,32,FULL
C01551,Huynh Thu Nhung,1970-06-20,Vung Tau,LOW,83,FULL
C01552,Hoang Hoang Tung,1970-05-04,Quang Ninh,LOW,62,FULL
C01553,Do Hai Kiet,1985-10-03,Nha Trang,LOW,66,FULL
C01554,Vo Duc Vy,1996-04-17,Vung Tau,LOW,64,FULL
C01555,Do Khanh Linh,1981-03-30,Can Tho,HIGH,35,FULL
C01556,Bui Thu Kiet,1962-05-25,Quang Ninh,HIGH,53,FULL
C01557,Ho Van Vy,1980-06-23,Da Nang,LOW,30,FULL
C01558,Vu Ngoc Khang,1975-03-04,Nha Trang,LOW,24,FULL
C01559,Do Xuan Binh,1991-06-29,Ho Chi Minh,LOW,77,FULL
C01560,Duong Gia Hoang,1985-07-02,Vung Tau,MEDIUM,43,FULL
C01561,Duong Khanh Son,1970-12-04,Can Tho,LOW,19,PARTIAL
C01562,Ngo Hai Nhung,1995-04-14,Can Tho,LOW,70,FULL
C01563,Dang Xuan Khang,1993-04-06,Can Tho,LOW,41,FULL
C01564,Ho Duc Hoang,1982-07-05,Ha Noi,LOW,34,FULL
C01565,Duong Minh Son,2002-01-19,Dong Nai,LOW,89,FULL
C01566,Duong Thanh Dat,1985-02-26,Dong Nai,MEDIUM,29,FULL
C01567,Hoang Thu Lan,2005-05-21,Dong Nai,LOW,9,FULL
C01568,Vo Thu Nam,1982-07-18,Ho Chi Minh,HIGH,95,FULL
C01569,Vu Khanh Linh,1988-05-24,Ho Chi Minh,MEDIUM,40,FULL
C01570,Nguyen Quoc Phuc,1983-01-31,Nha Trang,LOW,95,FULL
C01571,Dang Minh Kiet,1967-05-02,Ha Noi,LOW,65,FULL
C01572,Tran Thi Dat,1996-03-17,Hai Phong,LOW,83,FULL
C01573,Do Duc Long,1975-06-21,Nha Trang,LOW,33,FULL
C01574,Bui Duc Lan,1986-12-15,Ha Noi,LOW,46,FULL
C01575,Phan Tuan Long,1976-09-15,Hue,LOW,54,FULL
C01576,Ho Quoc Hoang,1990-04-17,Da Nang,LOW,62,PARTIAL
C01577,Pham Hai Tung,1979-11-09,Ha Noi,MEDIUM,88,PARTIAL
C01578,Ngo Thanh Nam,1979-01-16,Ho Chi Minh,LOW,83,FULL
C01579,Duong Hai Son,1973-03-10,Hai Phong,LOW,32,FULL
C01580,Vu Huu Bao,1999-05-23,Ho Chi Minh,HIGH,81,FULL
C01581,Nguyen Thanh Nhung,1976-02-28,Nha Trang,MEDIUM,88,FULL
C01582,Dang Ngoc Dat,1961-04-26,Hue,MEDIUM,79,FULL
C01583,Dang Van Khang,2001-04-27,Nha Trang,MEDIUM,7,FULL
C01584,Vu Khanh Khoa,1993-03-04,Da Nang,LOW,73,FULL
C01585,Phan Khanh Kiet,1968-08-19,Nha Trang,MEDIUM,87,FULL
C01586,Dang Ngoc Trang,1990-11-24,Da Nang,MEDIUM,54,FULL
C01587,Pham Huu Khoa,1992-08-22,Dong Nai,LOW,57,FULL
C01588,Pham Hai Tung,1964-05-08,Da Nang,LOW,28,PARTIAL
C01589,Do Hai Nhung,1977-05-13,Hue,MEDIUM,19,FULL
C01590,Tran Minh Lan,2004-05-13,Hue,HIGH,31,FULL
C01591,Hoang Gia Nhung,1962-11-09,Da Nang,HIGH,34,FULL
C01592,Hoang Duc Nam,1974-03-24,Hai Phong,MEDIUM,20,PARTIAL
C01593,Pham Quoc Binh,1985-07-13,Nha Trang,LOW,52,FULL
C01594,Dang Minh Lan,2001-03-24,Ho Chi Minh,LOW,93,PARTIAL
C01595,Duong Ngoc Dat,1985-01-12,Quang Ninh,LOW,45,FULL
C01596,Do Minh Tung,1974-04-03,Ha Noi,HIGH,72,FULL
C01597,Phan Gia Son,1968-02-02,Ha Noi,MEDIUM,18,FULL
C01598,Phan Quoc Trang,1990-03-01,Vung Tau,LOW,44,FULL
C01599,Ho Quoc Nam,1989-09-30,Hue,LOW,66,FULL
C01600,Hoang Van Long,1988-11-22,Vung Tau,LOW,35,FULL
C01601,Duong Xuan Linh,1969-06-03,Hue,LOW,60,FULL
C01602,Phan Huu Khang,1996-05-20,Vung Tau,LOW,43,PARTIAL
C01603,Vo Ngoc Phuc,1977-01-10,Hue,MEDIUM,92,FULL
C01604,Ho Gia Tung,1998-05-13,Vung Tau,LOW,11,FULL
C01605,Phan Gia Trang,1987-04-05,Dong Nai,LOW,25,FULL
C01606,Hoang Duc Hoang,1995-07-17,Ha Noi,MEDIUM,59,FULL
C01607,Tran Minh Phuc,1991-10-14,Hue,LOW,65,PARTIAL
C01608,Vo Ngoc Trang,1985-04-22,Ha Noi,LOW,23,PARTIAL
C01609,Phan Ngoc An,1998-12-29,Hai Phong,LOW,83,FULL
C01610,Phan Thanh Nam,1991-10-04,Dong Nai,LOW,32,FULL
C01611,Tran Duc Hoang,1981-07-22,Hue,HIGH,34,FULL
C01612,Huynh Khanh Bao,1995-12-21,Can Tho,LOW,63,FULL
C01613,Phan Thanh Long,1991-09-09,Vung Tau,LOW,54,FULL
C01614,Pham Xuan Bao,1995-06-20,Nha Trang,LOW,51,FULL
C01615,Tran Thi Anh,1990-10-20,Dong Nai,LOW,46,FULL
C01616,Do Gia Dat,1971-05-08,Vung Tau,LOW,45,FULL
C01617,Dang Van Lan,1987-04-18,Can Tho,LOW,52,FULL
C01618,Ho Minh Huy,2002-12-13,Hai Phong,LOW,84,FULL
C01619,Bui Khanh Long,1969-08-04,Dong Nai,MEDIUM,52,FULL
C01620,Pham Minh Vy,1999-11-05,Hue,LOW,66,FULL
C01621,Huynh Thi Kiet,1960-05-28,Dong Nai,MEDIUM,69,FULL
C01622,Huynh Minh Phuc,1982-05-10,Da Nang,LOW,54,FULL
C01623,Le Ngoc An,1972-05-05,Nha Trang,LOW,28,FULL
C01624,Tran Hai Nhung,1989-03-03,Vung Tau,MEDIUM,68,PARTIAL
C01625,Vu Hai Kiet,1972-03-04,Ha Noi,MEDIUM,48,FULL
C01626,Le Van Binh,1994-07-24,Hue,LOW,47,FULL
C01627,Huynh Minh Khang,1971-12-17,Hue,MEDIUM,71,FULL
C01628,Le Tuan Nam,2005-04-16,Hue,LOW,32,FULL
C01629,Vu Van Long,1964-07-04,Vung Tau,LOW,87,PARTIAL
C01630,Duong Duc Hoang,1964-09-23,Quang Ninh,LOW,35,FULL
C01631,Ho Van Dat,1973-10-14,Da Nang,LOW,10,PARTIAL
C01632,Do Minh Linh,1974-12-13,Ho Chi Minh,LOW,5,FULL
C01633,Phan Gia Vy,1988-02-03,Can Tho,LOW,95,FULL
C01634,Ho Xuan Linh,1999-02-04,Nha Trang,MEDIUM,10,FULL
C01635,Duong Duc Vy,1986-07-20,Can Tho,LOW,73,FULL
C01636,Dang Ngoc Khoa,2003-10-14,Ho Chi Minh,MEDIUM,41,PARTIAL
C01637,Do Minh Nam,1980-10-13,Da Nang,LOW,20,FULL
C01638,Tran Thu Nhung,1972-03-26,Hai Phong,LOW,58,FULL
C01639,Ho Khanh Long,2004-07-01,Quang Ninh,HIGH,30,FULL
C01640,Nguyen Khanh Hoang,1970-02-26,Dong Nai,MEDIUM,43,PARTIAL
C01641,Le Xuan An,1997-01-20,Nha Trang,MEDIUM,64,FULL
C01642,Le Ngoc Binh,2001-08-13,Ha Noi,LOW,37,FULL
C01643,Pham Xuan Kiet,1999-06-06,Nha Trang,MEDIUM,94,FULL
C01644,Hoang Hai Binh,1960-06-20,Nha Trang,LOW,56,FULL
C01645,Tran Duc Nhung,1986-11-24,Dong Nai,LOW,86,FULL
C01646,Vu Thu Anh,1992-09-29,Da Nang,LOW,21,FULL
C01647,Phan Gia Khoa,1967-10-10,Ha Noi,LOW,17,FULL
C01648,Hoang Thu Khoa,1983-10-05,Ha Noi,LOW,42,FULL
C01649,Vu Minh Long,1982-09-27,Dong Nai,LOW,25,FULL
C01650,Hoang Minh Khoa,2003-11-08,Ho Chi Minh,MEDIUM,60,FULL
C01651,Ho Xuan An,1982-10-26,Da Nang,LOW,53,FULL
C01652,Nguyen Duc Kiet,1973-09-19,Hai Phong,MEDIUM,54,FULL
C01653,Tran Van An,1994-10-07,Can Tho,LOW,49,FULL
C01654,Huynh Quoc Lan,1972-07-03,Ha Noi,LOW,79,FULL
C01655,Huynh Minh Lan,1986-07-05,Hai Phong,LOW,61,FULL
C01656,Pham Van Son,1997-05-26,Vung Tau,LOW,45,FULL
C01657,Tran Van Khang,1968-11-15,Hai Phong,LOW,83,FULL
C01658,Hoang Duc Huy,2004-05-24,Da Nang,LOW,38,FULL
C01659,Duong Hai Nhung,1988-10-29,Ha Noi,LOW,27,FULL
C01660,Dang Hai Binh,2001-09-05,Nha Trang,LOW,59,FULL
C01661,Phan Duc Bao,1963-04-30,Quang Ninh,LOW,46,PARTIAL
C01662,Huynh Van Phuc,2005-05-06,Nha Trang,LOW,9,FULL
C01663,Vo Thanh Phuc,1969-06-13,Quang Ninh,HIGH,66,FULL
C01664,Bui Van Huy,1986-06-03,Nha Trang,LOW,46,FULL
C01665,Pham Huu Nhung,1987-07-06,Ha Noi,LOW,9,FULL
C01666,Nguyen Quoc Vy,1977-04-26,Dong Nai,LOW,31,FULL
C01667,Le Quoc Bao,1962-02-25,Ho Chi Minh,MEDIUM,62,PARTIAL
C01668,Bui Thanh Anh,1984-10-20,Can Tho,LOW,47,FULL
C01669,Vu Duc Long,1979-08-07,Vung Tau,LOW,46,FULL
C01670,Ho Gia Hoang,2003-03-12,Dong Nai,LOW,6,FULL
C01671,Tran Gia Anh,1960-07-20,Ho Chi Minh,LOW,81,FULL
C01672,Huynh Gia Vy,1972-04-06,Vung Tau,LOW,34,FULL
C01673,Hoang Duc Anh,1967-04-05,Can Tho,LOW,38,FULL
C01674,Phan Tuan Nam,1988-05-02,Hai Phong,LOW,80,PARTIAL
C01675,Ngo Duc Huy,1969-08-18,Nha Trang,LOW,82,FULL
C01676,Ho Hoang Tung,2003-12-03,Ho Chi Minh,HIGH,72,FULL
C01677,Phan Khanh An,2003-12-09,Hai Phong,LOW,86,FULL
C01678,Vu Ngoc An,1999-06-12,Can Tho,LOW,46,FULL
C01679,Ho Gia Lan,1981-05-08,Dong Nai,LOW,69,FULL
C01680,Phan Thu Anh,1987-08-20,Hue,LOW,80,FULL
C01681,Duong Minh Lan,1991-03-02,Dong Nai,MEDIUM,51,PARTIAL
C01682,Do Thu Bao,1981-06-01,Vung Tau,MEDIUM,48,FULL
C01683,Tran Huu Huy,1993-12-14,Ho Chi Minh,LOW,24,FULL
C01684,Vu Gia Bao,1994-04-25,Can Tho,LOW,10,FULL
C01685,Nguyen Huu Nhung,1994-07-09,Hai Phong,LOW,95,FULL
C01686,Tran Xuan Binh,1978-10-02,Hue,LOW,7,PARTIAL
C01687,Ho Xuan Son,1995-02-28,Da Nang,LOW,68,FULL
C01688,Dang Khanh Anh,1967-07-09,Hue,LOW,50,FULL
C01689,Vo Hai Vy,1995-11-13,Ha Noi,LOW,68,FULL
C01690,Ho Thu An,1999-01-09,Ha Noi,LOW,57,FULL
C01691,Hoang Minh Huy,1987-03-08,Nha Trang,LOW,28,FULL
C01692,Dang Thanh An,1983-11-05,Hai Phong,MEDIUM,89,PARTIAL
C01693,Nguyen Xuan Son,1978-12-21,Dong Nai,HIGH,47,FULL
C01694,Bui Thu Khang,1994-07-31,Hue,MEDIUM,87,PARTIAL
C01695,Tran Huu Hoang,1972-05-22,Nha Trang,MEDIUM,6,PARTIAL
C01696,Hoang Hoang Hoang,1982-03-11,Da Nang,LOW,33,FULL
C01697,Huynh Thanh Dat,1986-12-16,Ha Noi,LOW,57,FULL
C01698,Ho Minh Vy,1979-08-26,Can Tho,LOW,71,FULL
C01699,Pham Hai Khang,2005-10-04,Vung Tau,LOW,29,FULL
C01700,Huynh Huu Long,1994-06-26,Hue,LOW,86,FULL
C01701,Le Hoang Hoang,1992-07-25,Hai Phong,LOW,51,FULL
C01702,Ngo Xuan Binh,1974-12-31,Ha Noi,MEDIUM,32,FULL
C01703,Do Duc Son,1995-07-28,Hai Phong,MEDIUM,24,FULL
C01704,Dang Quoc Kiet,1998-05-03,Ho Chi Minh,HIGH,22,FULL
C01705,Le Thu Bao,1998-06-27,Da Nang,LOW,73,FULL
C01706,Le Quoc Bao,2005-02-12,Ha Noi,MEDIUM,49,FULL
C01707,Vo Hoang An,1975-03-19,Nha Trang,LOW,33,FULL
C01708,Duong Minh Son,1999-05-10,Dong Nai,LOW,92,PARTIAL
C01709,Nguyen Thu Huy,1998-08-03,Hai Phong,MEDIUM,41,FULL
C01710,Bui Ngoc Lan,1963-12-14,Can Tho,LOW,60,FULL
C01711,Nguyen Hoang Lan,1997-01-28,Vung Tau,LOW,35,PARTIAL
C01712,Dang Tuan Tung,1982-10-28,Can Tho,LOW,43,FULL
C01713,Bui Thu Huy,2001-08-22,Ho Chi Minh,LOW,76,FULL
C01714,Nguyen Khanh Dat,2005-01-30,Ha Noi,LOW,46,FULL
C01715,Huynh Thu Trang,1965-12-29,Da Nang,MEDIUM,47,FULL
C01716,Tran Minh Khoa,1980-11-04,Ho Chi Minh,MEDIUM,92,FULL
C01717,Dang Ngoc Anh,1979-04-17,Hai Phong,LOW,17,FULL
C01718,Ho Ngoc Khoa,1978-07-06,Hue,LOW,32,FULL
C01719,Duong Khanh Binh,1986-12-03,Hai Phong,MEDIUM,58,FULL
C01720,Hoang Duc Long,1979-04-17,Nha Trang,HIGH,19,PARTIAL
C01721,Nguyen Hoang Nam,1983-02-28,Hue,LOW,5,FULL
C01722,Ho Hai Son,1970-09-21,Quang Ninh,MEDIUM,93,FULL
C01723,Nguyen Ngoc Nhung,1988-06-26,Quang Ninh,LOW,35,PARTIAL
C01724,Do Thanh Trang,1963-09-17,Hai Phong,LOW,20,FULL
C01725,Vu Hai Kiet,1983-03-27,Nha Trang,LOW,88,FULL
C01726,Ho Quoc Phuc,1988-12-19,Dong Nai,LOW,63,FULL
C01727,Ngo Thu Anh,2001-07-26,Da Nang,LOW,65,PARTIAL
C01728,Do Xuan Kiet,2000-04-12,Da Nang,LOW,74,FULL
C01729,Duong Tuan Khoa,1965-11-29,Ha Noi,LOW,30,FULL
C01730,Ngo Duc Binh,1989-02-01,Quang Ninh,LOW,38,FULL
C01731,Phan Thanh Nhung,1962-10-01,Dong Nai,MEDIUM,36,PARTIAL
C01732,Vo Ngoc An,1996-09-29,Nha Trang,LOW,54,FULL
C01733,Hoang Hoang Phuc,1968-08-24,Ha Noi,MEDIUM,44,FULL
C01734,Ngo Van Long,1965-02-03,Ha Noi,LOW,13,FULL
C01735,Ngo Hai Trang,1992-12-08,Da Nang,LOW,73,FULL
C01736,Nguyen Thanh An,1995-05-29,Nha Trang,LOW,50,FULL
C01737,Dang Hoang Nam,1971-11-30,Ha Noi,MEDIUM,61,FULL
C01738,Nguyen Xuan Lan,1980-11-09,Ha Noi,LOW,59,FULL
C01739,Pham Gia Khang,1993-01-20,Dong Nai,LOW,57,FULL
C01740,Vu Khanh Anh,1998-02-24,Quang Ninh,LOW,65,FULL
C01741,Tran Duc Phuc,1966-05-29,Vung Tau,LOW,71,FULL
C01742,Ngo Khanh Bao,1973-05-14,Ha Noi,LOW,6,FULL
C01743,Vo Thanh Lan,1967-09-28,Quang Ninh,MEDIUM,33,PARTIAL
C01744,Ngo Thanh Huy,1979-07-30,Vung Tau,LOW,25,FULL
C01745,Dang Van Hoang,1965-02-15,Nha Trang,LOW,47,FULL
C01746,Nguyen Duc Tung,1991-10-12,Dong Nai,LOW,78,PARTIAL
C01747,Phan Ngoc Bao,1974-06-28,Hue,LOW,8,FULL
C01748,Bui Thanh Bao,2001-05-26,Hue,MEDIUM,73,FULL
C01749,Tran Duc Khoa,2001-02-19,Quang Ninh,LOW,33,FULL
C01750,Phan Hai Phuc,1961-01-28,Can Tho,HIGH,29,FULL
C01751,Ngo Van Phuc,1973-07-23,Vung Tau,MEDIUM,19,FULL
C01752,Phan Ngoc Bao,1979-11-08,Quang Ninh,MEDIUM,16,FULL
C01753,Ho Ngoc Son,1997-01-18,Vung Tau,LOW,22,FULL
C01754,Phan Tuan Huy,1967-07-10,Hue,LOW,95,FULL
C01755,Vu Gia Khoa,1985-12-11,Dong Nai,LOW,92,FULL
C01756,Nguyen Duc Trang,1970-09-04,Nha Trang,LOW,9,FULL
C01757,Phan Thi Bao,1986-11-02,Can Tho,MEDIUM,22,FULL
C01758,Bui Duc Khang,1969-10-26,Da Nang,LOW,55,FULL
C01759,Huynh Van Khoa,2005-11-04,Hai Phong,LOW,12,FULL
C01760,Pham Van Huy,1996-09-12,Hue,LOW,87,PARTIAL
C01761,Pham Thu Huy,1979-11-21,Hai Phong,LOW,55,FULL
C01762,Duong Hoang Nhung,1969-07-30,Dong Nai,LOW,21,PARTIAL
C01763,Duong Tuan Dat,2002-01-13,Dong Nai,HIGH,87,FULL
C01764,Pham Khanh Binh,1991-11-05,Hue,LOW,13,FULL
C01765,Bui Minh Phuc,1981-03-01,Ho Chi Minh,MEDIUM,11,FULL
C01766,Pham Huu Binh,1981-10-15,Can Tho,MEDIUM,86,FULL
C01767,Vu Thanh Hoang,1999-01-29,Ha Noi,LOW,7,FULL
C01768,Ngo Huu Binh,1988-11-01,Da Nang,LOW,78,PARTIAL
C01769,Huynh Thi Khoa,1968-03-07,Nha Trang,LOW,11,FULL
C01770,Huynh Ngoc Nam,1982-11-04,Da Nang,LOW,32,FULL
C01771,Nguyen Thi Nhung,2002-08-29,Ho Chi Minh,LOW,37,FULL
C01772,Hoang Minh Dat,1964-08-10,Hai Phong,LOW,66,FULL
C01773,Pham Tuan Son,2001-11-03,Ho Chi Minh,LOW,94,PARTIAL
C01774,Ho Minh Nam,1969-02-24,Quang Ninh,LOW,35,FULL
C01775,Bui Duc Khoa,1963-04-28,Ho Chi Minh,MEDIUM,78,FULL
C01776,Huynh Tuan Anh,1963-11-01,Ho Chi Minh,LOW,10,FULL
C01777,Hoang Hoang Khoa,1983-02-10,Can Tho,LOW,57,FULL
C01778,Pham Quoc Huy,1967-05-29,Nha Trang,HIGH,77,FULL
C01779,Dang Quoc Lan,2003-11-24,Nha Trang,LOW,26,FULL
C01780,Bui Thi Khoa,1969-06-22,Hue,LOW,84,FULL
C01781,Nguyen Hai Dat,1999-06-30,Ha Noi,LOW,77,FULL
C01782,Phan Hai Nhung,1994-04-22,Dong Nai,LOW,81,FULL
C01783,Ngo Thu Khoa,1971-03-19,Nha Trang,HIGH,47,FULL
C01784,Huynh Gia Huy,1992-03-10,Quang Ninh,MEDIUM,17,PARTIAL
C01785,Dang Duc Khang,1992-04-05,Ha Noi,HIGH,16,PARTIAL
C01786,Phan Tuan Vy,1997-10-18,Hue,LOW,20,FULL
C01787,Pham Hai Binh,1992-08-17,Nha Trang,MEDIUM,72,FULL
C01788,Tran Thu Trang,1980-09-13,Da Nang,MEDIUM,13,FULL
C01789,Hoang Gia Nam,1988-07-27,Can Tho,LOW,19,FULL
C01790,Huynh Tuan Tung,1968-11-19,Ho Chi Minh,LOW,9,FULL
C01791,Hoang Quoc Phuc,1996-07-08,Can Tho,LOW,86,FULL
C01792,Ho Tuan Tung,1995-11-08,Ho Chi Minh,LOW,21,FULL
C01793,Huynh Khanh Hoang,1991-01-22,Hue,MEDIUM,77,FULL
C01794,Bui Gia An,1963-01-29,Dong Nai,MEDIUM,26,FULL
C01795,Dang Tuan Kiet,1996-02-28,Hue,LOW,63,FULL
C01796,Nguyen Xuan Binh,1983-01-02,Ho Chi Minh,LOW,38,PARTIAL
C01797,Ngo Quoc Bao,1979-08-17,Can Tho,LOW,60,FULL
C01798,Do Van Dat,1963-04-05,Quang Ninh,MEDIUM,80,FULL
C01799,Vu Quoc Nhung,2003-03-08,Can Tho,LOW,9,FULL
C01800,Vo Minh Vy,1975-03-20,Nha Trang,LOW,59,FULL
C01801,Do Ngoc Long,1971-09-27,Dong Nai,LOW,77,PARTIAL
C01802,Vu Xuan Khoa,1995-08-23,Quang Ninh,LOW,10,PARTIAL
C01803,Huynh Khanh Khang,1960-11-16,Nha Trang,MEDIUM,10,FULL
C01804,Bui Khanh Kiet,1970-12-10,Da Nang,LOW,88,FULL
C01805,Vo Van Linh,1962-06-17,Nha Trang,MEDIUM,93,PARTIAL
C01806,Do Quoc An,1983-12-04,Dong Nai,LOW,22,FULL
C01807,Phan Hoang Linh,2001-08-09,Vung Tau,LOW,11,FULL
C01808,Le Ngoc Dat,1967-10-19,Nha Trang,LOW,79,FULL
C01809,Hoang Thi An,1997-05-18,Ha Noi,LOW,93,FULL
C01810,Pham Thu Trang,1990-08-09,Hue,LOW,13,FULL
C01811,Duong Van Binh,1970-05-02,Dong Nai,LOW,89,FULL
C01812,Vu Khanh Linh,1987-05-19,Hai Phong,HIGH,6,FULL
C01813,Tran Van Son,1967-12-21,Ha Noi,MEDIUM,63,FULL
C01814,Dang Thi Binh,1969-03-11,Quang Ninh,LOW,58,FULL
C01815,Bui Huu Lan,1991-12-02,Hue,LOW,48,FULL
C01816,Vu Minh Anh,2003-05-25,Can Tho,LOW,63,FULL
C01817,Nguyen Hoang Son,1995-06-15,Ho Chi Minh,LOW,23,FULL
C01818,Ho Gia Huy,1962-07-13,Can Tho,LOW,94,FULL
C01819,Ngo Thu Trang,2000-01-29,Ha Noi,HIGH,77,FULL
C01820,Duong Thi Son,1975-11-25,Hue,LOW,42,FULL
C01821,Tran Tuan Long,1988-12-08,Nha Trang,LOW,43,FULL
C01822,Le Ngoc Binh,1999-02-02,Vung Tau,MEDIUM,23,FULL
C01823,Vo Quoc Anh,2002-05-14,Ho Chi Minh,LOW,27,FULL
C01824,Vo Thi Binh,1969-12-26,Hue,LOW,14,FULL
C01825,Duong Xuan An,1981-07-17,Dong Nai,LOW,86,FULL
C01826,Do Thu Hoang,2004-06-30,Da Nang,LOW,34,FULL
C01827,Vo Minh Anh,1971-04-06,Da Nang,LOW,53,FULL
C01828,Bui Hoang Huy,1980-06-22,Da Nang,LOW,73,FULL
C01829,Tran Duc Lan,1989-01-13,Hue,MEDIUM,42,PARTIAL
C01830,Duong Xuan Binh,1997-10-02,Dong Nai,LOW,40,FULL
C01831,Nguyen Duc Phuc,1969-08-18,Can Tho,LOW,9,FULL
C01832,Vo Khanh Linh,1971-03-17,Vung Tau,LOW,63,FULL
C01833,Vo Thu Long,1968-02-29,Da Nang,HIGH,86,FULL
C01834,Huynh Thi Huy,1965-10-09,Quang Ninh,MEDIUM,12,FULL
C01835,Ngo Ngoc An,1980-05-10,Vung Tau,LOW,5,FULL
C01836,Le Ngoc Son,2002-09-08,Ha Noi,LOW,14,PARTIAL
C01837,Vo Xuan Dat,2004-05-10,Ha Noi,MEDIUM,75,FULL
C01838,Nguyen Gia Khang,1994-04-21,Hai Phong,LOW,24,FULL
C01839,Hoang Thu Nhung,1975-09-11,Hue,LOW,42,FULL
C01840,Vo Hai Linh,1962-10-27,Can Tho,LOW,52,FULL
C01841,Bui Hoang Kiet,1962-01-16,Quang Ninh,LOW,15,FULL
C01842,Ngo Hoang Hoang,2001-06-03,Quang Ninh,LOW,18,FULL
C01843,Huynh Hai Son,2003-01-16,Quang Ninh,MEDIUM,39,FULL
C01844,Huynh Thi Trang,1987-09-09,Ha Noi,LOW,47,FULL
C01845,Tran Van Dat,1997-05-15,Hai Phong,LOW,46,FULL
C01846,Vu Thanh Phuc,1996-10-25,Can Tho,MEDIUM,49,PARTIAL
C01847,Duong Huu Khang,1980-12-15,Da Nang,LOW,93,FULL
C01848,Duong Quoc Trang,1992-10-22,Hue,LOW,58,FULL
C01849,Ho Ngoc Huy,1997-10-25,Quang Ninh,LOW,21,FULL
C01850,Ho Khanh Nhung,1982-07-31,Vung Tau,LOW,91,FULL
C01851,Pham Ngoc Vy,1971-01-06,Nha Trang,LOW,51,FULL
C01852,Vo Duc Nhung,1975-04-29,Dong Nai,LOW,46,FULL
C01853,Vo Gia Trang,1983-05-16,Can Tho,LOW,47,FULL
C01854,Dang Duc Linh,2003-01-06,Quang Ninh,HIGH,88,FULL
C01855,Dang Minh Kiet,1993-09-19,Nha Trang,LOW,17,PARTIAL
C01856,Le Thanh Nam,1993-12-17,Hai Phong,LOW,77,FULL
C01857,Do Khanh Phuc,1988-04-16,Hai Phong,LOW,79,FULL
C01858,Vu Van Dat,1968-01-23,Nha Trang,MEDIUM,39,FULL
C01859,Hoang Gia Nam,1987-07-10,Hai Phong,LOW,6,FULL
C01860,Do Thi Tung,1986-07-08,Hue,LOW,89,FULL
C01861,Ho Tuan Anh,1993-03-19,Dong Nai,LOW,53,PARTIAL
C01862,Vu Xuan Tung,1983-05-06,Hai Phong,LOW,95,PARTIAL
C01863,Le Quoc Bao,1967-10-02,Hue,LOW,80,FULL
C01864,Phan Tuan Nam,1965-09-06,Dong Nai,HIGH,34,FULL
C01865,Ho Huu An,1983-09-27,Ho Chi Minh,LOW,19,FULL
C01866,Le Ngoc Lan,1986-11-04,Hue,MEDIUM,38,PARTIAL
C01867,Hoang Khanh Nhung,1977-02-19,Dong Nai,LOW,65,FULL
C01868,Phan Xuan Bao,1991-07-23,Nha Trang,LOW,31,FULL
C01869,Nguyen Thu Tung,1977-07-06,Ha Noi,MEDIUM,61,FULL
C01870,Do Minh Lan,1976-01-29,Hai Phong,MEDIUM,28,FULL
C01871,Vo Khanh Hoang,2000-06-27,Da Nang,LOW,68,FULL
C01872,Ho Van Trang,2004-12-29,Hai Phong,MEDIUM,75,FULL
C01873,Nguyen Hai Tung,1972-09-25,Hue,LOW,13,FULL
C01874,Ho Thu Vy,1977-05-26,Ho Chi Minh,HIGH,64,FULL
C01875,Bui Huu Tung,1992-11-04,Ho Chi Minh,LOW,59,FULL
C01876,Vu Thu Khang,2002-03-21,Can Tho,LOW,78,FULL
C01877,Ngo Ngoc Nam,2004-09-22,Vung Tau,LOW,19,FULL
C01878,Huynh Thanh Anh,1981-09-06,Can Tho,MEDIUM,54,FULL
C01879,Dang Huu Khang,1979-12-29,Ha Noi,LOW,11,FULL
C01880,Tran Quoc Lan,1979-11-23,Nha Trang,LOW,91,FULL
C01881,Phan Huu Linh,1988-01-18,Quang Ninh,LOW,67,FULL
C01882,Huynh Quoc Linh,1978-02-02,Quang Ninh,LOW,60,FULL
C01883,Dang Ngoc Phuc,1996-04-20,Dong Nai,LOW,67,FULL
C01884,Le Minh Hoang,1988-05-14,Dong Nai,LOW,21,PARTIAL
C01885,Dang Thu Long,1979-10-01,Hai Phong,LOW,69,FULL
C01886,Ngo Khanh Khang,2004-04-26,Da Nang,LOW,19,PARTIAL
C01887,Le Thu An,1966-07-04,Ho Chi Minh,LOW,90,FULL
C01888,Nguyen Thi Trang,1960-09-27,Dong Nai,LOW,49,PARTIAL
C01889,Ngo Hoang Binh,1965-07-04,Hai Phong,LOW,73,FULL
C01890,Vu Hoang Hoang,1997-12-22,Dong Nai,LOW,27,FULL
C01891,Dang Hoang Kiet,1985-07-14,Quang Ninh,LOW,87,FULL
C01892,Pham Gia Phuc,1994-02-05,Da Nang,LOW,24,FULL
C01893,Vu Quoc Trang,2001-05-15,Vung Tau,HIGH,94,FULL
C01894,Ngo Hoang Phuc,2001-01-05,Ho Chi Minh,LOW,57,FULL
C01895,Hoang Thi Lan,1960-08-13,Dong Nai,HIGH,13,FULL
C01896,Le Van Son,1988-01-10,Ho Chi Minh,MEDIUM,36,FULL
C01897,Ho Gia Son,1963-12-22,Hue,LOW,15,FULL
C01898,Hoang Gia Lan,1980-11-24,Ha Noi,LOW,6,FULL
C01899,Ngo Ngoc Lan,1993-02-15,Quang Ninh,MEDIUM,12,PARTIAL
C01900,Nguyen Quoc Lan,1968-11-22,Ha Noi,LOW,52,FULL
C01901,Bui Gia Hoang,1997-11-28,Can Tho,LOW,33,FULL
C01902,Vu Khanh Anh,1965-05-30,Nha Trang,LOW,38,FULL
C01903,Ngo Ngoc Phuc,1963-10-04,Can Tho,MEDIUM,7,PARTIAL
C01904,Dang Tuan Dat,1960-10-02,Can Tho,LOW,79,FULL
C01905,Tran Thanh Anh,1991-10-19,Hue,MEDIUM,55,FULL
C01906,Do Thi Nam,1993-04-28,Quang Ninh,LOW,53,FULL
C01907,Do Hai Khang,1973-01-02,Quang Ninh,MEDIUM,20,FULL
C01908,Nguyen Huu Bao,1996-12-18,Ha Noi,HIGH,21,FULL
C01909,Do Thu Phuc,1978-11-21,Dong Nai,LOW,68,FULL
C01910,Hoang Tuan Phuc,1971-11-01,Hai Phong,LOW,23,FULL
C01911,Bui Huu Long,1973-06-11,Ha Noi,LOW,58,FULL
C01912,Bui Thu Nam,1996-06-27,Hue,LOW,94,FULL
C01913,Bui Thanh An,1967-07-16,Hue,LOW,72,FULL
C01914,Do Khanh Lan,1975-08-19,Quang Ninh,LOW,16,FULL
C01915,Nguyen Quoc Khang,1973-11-02,Can Tho,MEDIUM,49,FULL
C01916,Le Tuan Phuc,1988-05-30,Vung Tau,HIGH,72,FULL
C01917,Dang Tuan Bao,1969-10-04,Dong Nai,LOW,54,FULL
C01918,Phan Hoang Son,2001-04-12,Ha Noi,LOW,31,FULL
C01919,Phan Thi Nam,1991-10-05,Vung Tau,LOW,14,FULL
C01920,Do Hoang Kiet,1979-04-28,Vung Tau,LOW,14,FULL
C01921,Pham Quoc Khoa,1973-06-13,Nha Trang,LOW,85,FULL
C01922,Tran Quoc Dat,1960-07-05,Nha Trang,MEDIUM,16,FULL
C01923,Pham Hoang Trang,1968-06-10,Ho Chi Minh,LOW,5,FULL
C01924,Huynh Quoc Binh,1986-01-17,Da Nang,LOW,54,PARTIAL
C01925,Dang Minh Khoa,1986-04-16,Ho Chi Minh,LOW,9,FULL
C01926,Ngo Hoang Son,1973-06-08,Ha Noi,HIGH,27,FULL
C01927,Bui Duc Bao,1993-08-23,Ha Noi,LOW,22,PARTIAL
C01928,Ho Thu Linh,2005-09-25,Da Nang,LOW,61,FULL
C01929,Duong Hoang Vy,1975-08-23,Dong Nai,LOW,6,FULL
C01930,Nguyen Khanh Anh,1983-12-28,Hai Phong,MEDIUM,85,FULL
C01931,Duong Thi Dat,2000-08-29,Ho Chi Minh,MEDIUM,89,FULL
C01932,Hoang Gia Vy,2000-01-22,Vung Tau,LOW,7,FULL
C01933,Nguyen Hoang Anh,1971-08-31,Quang Ninh,HIGH,67,PARTIAL
C01934,Vo Thu Tung,1997-07-09,Can Tho,LOW,76,FULL
C01935,Ngo Gia Nhung,1982-10-21,Ha Noi,LOW,20,FULL
C01936,Hoang Xuan Long,1989-09-18,Nha Trang,HIGH,89,FULL
C01937,Huynh Khanh Bao,1968-11-20,Ha Noi,LOW,61,FULL
C01938,Huynh Thu Vy,2002-08-16,Dong Nai,LOW,82,FULL
C01939,Duong Minh Nam,1991-06-04,Quang Ninh,LOW,91,FULL
C01940,Vo Ngoc Huy,1985-11-25,Quang Ninh,LOW,58,FULL
C01941,Ngo Van Son,1987-04-12,Nha Trang,LOW,91,FULL
C01942,Dang Tuan Anh,1992-07-05,Da Nang,LOW,89,FULL
C01943,Huynh Thanh Trang,1975-12-08,Dong Nai,LOW,86,FULL
C01944,Tran Ngoc Tung,1969-08-26,Dong Nai,LOW,82,PARTIAL
C01945,Le Quoc Linh,1963-08-18,Ha Noi,LOW,25,FULL
C01946,Huynh Minh Trang,1968-06-23,Vung Tau,LOW,22,FULL
C01947,Bui Thanh Son,2001-10-13,Nha Trang,LOW,34,FULL
C01948,Ho Gia Tung,1970-04-18,Dong Nai,LOW,22,FULL
C01949,Huynh Minh Anh,1978-07-11,Hai Phong,HIGH,49,FULL
C01950,Hoang Gia Anh,1979-01-01,Quang Ninh,LOW,88,FULL
C01951,Nguyen Thu Linh,1976-06-29,Da Nang,LOW,12,FULL
C01952,Pham Tuan Hoang,1978-08-21,Hai Phong,MEDIUM,65,PARTIAL
C01953,Do Xuan Nam,2000-02-26,Nha Trang,LOW,7,PARTIAL
C01954,Ngo Ngoc Dat,1995-11-22,Hue,MEDIUM,77,FULL
C01955,Phan Xuan Bao,1961-07-02,Nha Trang,LOW,33,FULL
C01956,Tran Minh Tung,1973-11-30,Quang Ninh,LOW,6,FULL
C01957,Do Khanh Vy,1989-08-14,Hue,LOW,67,FULL
C01958,Dang Minh Son,1972-05-30,Nha Trang,MEDIUM,76,FULL
C01959,Bui Khanh Dat,1994-06-02,Vung Tau,LOW,92,FULL
C01960,Ngo Van Dat,1983-09-01,Ho Chi Minh,LOW,79,FULL
C01961,Nguyen Huu Huy,1967-07-25,Vung Tau,HIGH,31,FULL
C01962,Vu Duc Tung,1968-10-25,Da Nang,MEDIUM,63,PARTIAL
C01963,Hoang Thu Binh,1965-06-06,Hue,MEDIUM,36,FULL
C01964,Duong Van Anh,1982-05-10,Dong Nai,LOW,31,FULL
C01965,Duong Xuan Hoang,1964-05-11,Hue,LOW,14,FULL
C01966,Phan Huu Long,1984-12-09,Hue,LOW,59,FULL
C01967,Le Gia Lan,1986-04-08,Quang Ninh,LOW,81,FULL
C01968,Tran Duc Hoang,1985-01-16,Ho Chi Minh,LOW,67,FULL
C01969,Bui Duc Anh,1974-09-04,Dong Nai,LOW,54,PARTIAL
C01970,Pham Duc Nhung,2001-06-07,Dong Nai,MEDIUM,68,FULL
C01971,Vu Duc Nhung,1982-07-12,Dong Nai,MEDIUM,45,FULL
C01972,Nguyen Van Lan,1968-06-11,Ho Chi Minh,LOW,70,FULL
C01973,Le Duc Huy,1978-01-02,Dong Nai,LOW,74,PARTIAL
C01974,Ho Minh Trang,2005-03-06,Quang Ninh,LOW,59,FULL
C01975,Hoang Hoang Dat,2000-11-18,Nha Trang,HIGH,67,FULL
C01976,Tran Minh Nhung,1987-02-10,Nha Trang,HIGH,39,FULL
C01977,Le Tuan Huy,1982-03-21,Hai Phong,LOW,25,FULL
C01978,Hoang Ngoc Binh,1990-04-04,Quang Ninh,LOW,16,FULL
C01979,Huynh Ngoc Linh,1960-08-01,Hue,HIGH,89,PARTIAL
C01980,Bui Thanh Khoa,1986-07-19,Hue,LOW,47,FULL
C01981,Tran Hoang Dat,1979-09-07,Can Tho,MEDIUM,88,PARTIAL
C01982,Do Hoang Long,1977-02-27,Hai Phong,LOW,87,FULL
C01983,Ngo Hai Kiet,1978-02-03,Vung Tau,LOW,79,FULL
C01984,Ho Ngoc Son,1975-04-08,Vung Tau,LOW,7,FULL
C01985,Dang Hoang Phuc,1965-06-04,Nha Trang,LOW,26,FULL
C01986,Duong Minh Khoa,1982-07-24,Hue,LOW,79,FULL
C01987,Huynh Xuan Nam,2003-12-05,Ha Noi,HIGH,36,FULL
C01988,Vu Thanh Lan,1966-07-07,Hai Phong,LOW,81,FULL
C01989,Bui Thu Kiet,2005-11-17,Ho Chi Minh,HIGH,59,PARTIAL
C01990,Ngo Quoc Nam,1968-11-07,Da Nang,HIGH,55,FULL
C01991,Le Thu Khoa,2000-08-14,Dong Nai,HIGH,9,PARTIAL
C01992,Vu Quoc Bao,1995-03-11,Dong Nai,HIGH,7,FULL
C01993,Nguyen Khanh Hoang,1974-02-20,Quang Ninh,LOW,6,FULL
C01994,Huynh Khanh An,1991-06-21,Da Nang,MEDIUM,76,FULL
C01995,Pham Thanh Kiet,1968-03-27,Ha Noi,LOW,81,FULL
C01996,Ngo Huu Linh,1990-08-11,Hai Phong,LOW,62,PARTIAL
C01997,Hoang Hoang Hoang,1983-12-11,Vung Tau,LOW,63,PARTIAL
C01998,Phan Quoc Lan,1964-09-21,Vung Tau,MEDIUM,53,FULL
C01999,Tran Thu Anh,1988-11-03,Ha Noi,LOW,42,FULL
C02000,Do Thi Huy,1982-12-17,Hai Phong,LOW,30,FULL
C02001,Huynh Khanh Huy,1968-11-05,Ho Chi Minh,MEDIUM,69,FULL
C02002,Do Tuan Tung,1962-04-05,Hue,LOW,76,PARTIAL
C02003,Huynh Minh An,1991-02-01,Da Nang,MEDIUM,39,FULL
C02004,Vu Thu Tung,1987-06-30,Ho Chi Minh,LOW,77,FULL
C02005,Le Xuan Bao,1998-11-10,Hue,LOW,85,FULL
C02006,Vu Khanh An,1960-07-15,Quang Ninh,MEDIUM,35,FULL
C02007,Duong Thu Lan,1982-08-18,Nha Trang,LOW,14,FULL
C02008,Vu Huu Nam,1974-07-16,Quang Ninh,MEDIUM,10,FULL
C02009,Do Duc Bao,1979-07-07,Quang Ninh,LOW,46,FULL
C02010,Dang Gia Son,1994-11-01,Can Tho,LOW,27,FULL
C02011,Vo Hoang Nam,1970-07-27,Can Tho,MEDIUM,54,FULL
C02012,Ngo Gia An,1974-08-11,Vung Tau,LOW,75,FULL
C02013,Bui Khanh Kiet,1960-03-07,Hai Phong,MEDIUM,43,FULL
C02014,Bui Hoang Kiet,2002-07-29,Da Nang,LOW,75,FULL
C02015,Hoang Duc Long,1975-04-19,Hue,HIGH,7,FULL
C02016,Vo Tuan An,1987-12-31,Quang Ninh,LOW,19,FULL
C02017,Tran Hai Lan,1988-10-15,Nha Trang,LOW,56,FULL
C02018,Le Thanh Khang,1967-03-18,Hue,LOW,44,FULL
C02019,Pham Thi Son,1992-03-30,Nha Trang,MEDIUM,37,FULL
C02020,Pham Quoc Son,1990-05-21,Can Tho,HIGH,74,FULL
C02021,Vu Minh Anh,1991-03-28,Dong Nai,LOW,17,FULL
C02022,Pham Hoang Nhung,1962-01-26,Quang Ninh,LOW,18,FULL
C02023,Hoang Gia Hoang,1998-07-21,Ha Noi,LOW,43,FULL
C02024,Phan Minh Bao,1976-06-21,Da Nang,HIGH,52,FULL
C02025,Dang Hai Linh,2005-01-09,Can Tho,MEDIUM,30,FULL
C02026,Nguyen Thi Tung,1998-12-19,Quang Ninh,LOW,62,FULL
C02027,Ho Thi Phuc,2001-10-17,Can Tho,LOW,31,FULL
C02028,Bui Thu Nhung,2004-03-15,Can Tho,LOW,23,PARTIAL
C02029,Duong Van Linh,2000-09-18,Dong Nai,MEDIUM,91,FULL
C02030,Phan Huu Nhung,1982-10-04,Ha Noi,MEDIUM,95,FULL
C02031,Huynh Duc Anh,1969-03-19,Quang Ninh,LOW,41,FULL
C02032,Hoang Gia Khang,1968-07-13,Nha Trang,MEDIUM,71,FULL
C02033,Bui Minh Trang,1992-11-11,Hue,HIGH,61,FULL
C02034,Hoang Thi Trang,1963-01-02,Hai Phong,HIGH,73,FULL
C02035,Hoang Thu Trang,1979-06-18,Hai Phong,LOW,15,PARTIAL
C02036,Phan Hoang Lan,1963-01-28,Can Tho,LOW,64,PARTIAL
C02037,Tran Hai Huy,1971-05-30,Can Tho,LOW,69,FULL
C02038,Phan Thi Phuc,2003-11-23,Ho Chi Minh,HIGH,91,FULL
C02039,Tran Thu Khang,1994-06-23,Vung Tau,HIGH,7,FULL
C02040,Tran Thu Khoa,1993-04-06,Hue,HIGH,16,FULL
C02041,Do Duc Dat,1984-12-10,Quang Ninh,LOW,38,FULL
C02042,Pham Duc Vy,1996-10-01,Da Nang,LOW,71,FULL
C02043,Ngo Thanh Phuc,1982-10-29,Hai Phong,LOW,56,FULL
C02044,Tran Huu Long,1997-08-10,Hai Phong,LOW,87,FULL
C02045,Huynh Thi Anh,1964-01-24,Dong Nai,LOW,24,FULL
C02046,Huynh Hoang An,2003-11-20,Hue,MEDIUM,50,FULL
C02047,Tran Thi An,1978-03-07,Dong Nai,HIGH,92,FULL
C02048,Phan Ngoc Lan,1988-09-28,Hai Phong,LOW,41,PARTIAL
C02049,Dang Quoc Vy,1997-11-26,Quang Ninh,LOW,47,FULL
C02050,Vo Duc Lan,1969-04-19,Ho Chi Minh,HIGH,56,FULL
C02051,Duong Thu Huy,1984-08-23,Can Tho,LOW,94,PARTIAL
C02052,Dang Khanh Kiet,1960-06-04,Quang Ninh,LOW,77,FULL
C02053,Hoang Hai Lan,1975-07-30,Quang Ninh,MEDIUM,64,FULL
C02054,Nguyen Thi Hoang,1999-07-30,Nha Trang,LOW,56,FULL
C02055,Ngo Thi Nhung,1973-04-09,Da Nang,MEDIUM,62,FULL
C02056,Nguyen Tuan Binh,1964-10-16,Ha Noi,LOW,82,FULL
C02057,Vo Hai Dat,1966-06-10,Ho Chi Minh,LOW,46,FULL
C02058,Ho Hai Trang,1977-10-24,Vung Tau,MEDIUM,78,FULL
C02059,Hoang Ngoc Binh,1983-01-28,Hue,LOW,63,FULL
C02060,Huynh Minh Binh,1967-03-08,Dong Nai,LOW,13,PARTIAL
C02061,Vo Minh Long,1990-06-11,Can Tho,MEDIUM,6,PARTIAL
C02062,Ngo Huu An,1971-03-20,Ho Chi Minh,LOW,18,FULL
C02063,Tran Hoang Huy,1967-04-02,Dong Nai,LOW,8,FULL
C02064,Do Van An,2000-11-11,Da Nang,LOW,91,FULL
C02065,Phan Khanh Anh,1979-07-01,Nha Trang,MEDIUM,76,FULL
C02066,Bui Gia Tung,1976-04-06,Da Nang,LOW,70,FULL
C02067,Nguyen Quoc Khoa,2005-10-15,Can Tho,LOW,23,FULL
C02068,Phan Xuan Khang,1973-03-22,Hai Phong,LOW,75,FULL
C02069,Duong Khanh Binh,1972-09-21,Nha Trang,LOW,89,PARTIAL
C02070,Vu Xuan Anh,2004-08-15,Ho Chi Minh,LOW,82,FULL
C02071,Phan Thanh Nam,1974-01-18,Can Tho,LOW,54,FULL
C02072,Le Khanh Lan,1993-01-22,Vung Tau,MEDIUM,15,PARTIAL
C02073,Tran Hai Hoang,1984-03-12,Nha Trang,HIGH,75,FULL
C02074,Tran Duc Anh,2005-05-23,Dong Nai,LOW,34,FULL
C02075,Phan Hoang Tung,1962-03-30,Vung Tau,MEDIUM,62,FULL
C02076,Phan Khanh Linh,1963-12-19,Dong Nai,HIGH,72,FULL
C02077,Vo Van Huy,1970-03-12,Hai Phong,LOW,42,FULL
C02078,Nguyen Ngoc Dat,1960-02-12,Can Tho,LOW,8,FULL
C02079,Vo Minh Trang,1963-02-10,Ha Noi,MEDIUM,36,PARTIAL
C02080,Phan Thanh Hoang,2005-11-23,Can Tho,LOW,54,FULL
C02081,Vu Hoang Long,1989-04-17,Can Tho,LOW,80,FULL
C02082,Pham Hai Long,1979-07-25,Ho Chi Minh,LOW,55,FULL
C02083,Do Tuan Trang,1985-02-14,Ha Noi,MEDIUM,19,FULL
C02084,Phan Duc Khang,1961-08-29,Ho Chi Minh,LOW,36,FULL
C02085,Pham Hai Nam,1963-01-18,Ha Noi,MEDIUM,57,PARTIAL
C02086,Nguyen Van Huy,2002-05-26,Nha Trang,LOW,19,FULL
C02087,Vu Ngoc Kiet,1964-03-15,Dong Nai,MEDIUM,46,FULL
C02088,Duong Hai Dat,1985-04-04,Ho Chi Minh,LOW,60,FULL
C02089,Ngo Thanh Bao,2003-12-13,Nha Trang,LOW,79,FULL
C02090,Bui Quoc An,1982-03-28,Da Nang,HIGH,17,FULL
C02091,Hoang Xuan Anh,1960-07-24,Vung Tau,LOW,89,FULL
C02092,Nguyen Huu Nhung,1977-10-22,Hai Phong,HIGH,62,FULL
C02093,Tran Gia Khoa,1977-02-11,Can Tho,LOW,48,FULL
C02094,Vo Thi Tung,2005-03-07,Ho Chi Minh,HIGH,45,FULL
C02095,Nguyen Khanh Kiet,1996-04-22,Quang Ninh,HIGH,72,FULL
C02096,Le Hoang Nam,1973-10-30,Quang Ninh,LOW,93,FULL
C02097,Tran Khanh Khang,1995-04-07,Ho Chi Minh,LOW,85,FULL
C02098,Hoang Van Long,1994-01-08,Hue,LOW,9,FULL
C02099,Huynh Thu Khang,2003-08-26,Hue,MEDIUM,77,FULL
C02100,Pham Thanh Kiet,1987-06-10,Hai Phong,MEDIUM,83,FULL
C02101,Nguyen Quoc Son,1970-05-13,Dong Nai,LOW,52,FULL
C02102,Nguyen Tuan Binh,1969-06-27,Hue,MEDIUM,8,FULL
C02103,Vo Hai Anh,1968-07-28,Ho Chi Minh,LOW,47,PARTIAL
C02104,Tran Ngoc An,1964-11-22,Can Tho,MEDIUM,22,FULL
C02105,Ngo Thanh Son,1988-02-16,Ha Noi,MEDIUM,32,FULL
C02106,Do Hoang Anh,1975-04-01,Vung Tau,MEDIUM,7,FULL
C02107,Phan Hoang Long,1986-07-15,Nha Trang,LOW,19,FULL
C02108,Le Van Nam,1978-11-07,Dong Nai,HIGH,24,FULL
C02109,Le Hai Nam,2004-08-04,Quang Ninh,LOW,36,FULL
C02110,Nguyen Huu Son,1984-04-04,Dong Nai,LOW,86,FULL
C02111,Dang Tuan Anh,2000-10-03,Ho Chi Minh,LOW,44,FULL
C02112,Vo Hoang Kiet,1997-03-25,Quang Ninh,LOW,54,FULL
C02113,Duong Thanh Long,1999-11-20,Can Tho,LOW,95,FULL
C02114,Ho Xuan Khang,1973-03-03,Nha Trang,LOW,33,FULL
C02115,Vo Xuan Dat,2004-12-03,Ha Noi,MEDIUM,52,FULL
C02116,Phan Thi An,1996-05-05,Da Nang,LOW,56,FULL
C02117,Pham Duc Lan,1982-03-24,Hue,LOW,10,FULL
C02118,Bui Ngoc Vy,1990-08-14,Vung Tau,LOW,59,FULL
C02119,Ho Khanh Phuc,1990-07-16,Can Tho,LOW,16,PARTIAL
C02120,Pham Tuan Nam,1994-03-18,Ho Chi Minh,MEDIUM,83,FULL
C02121,Ho Huu Hoang,1988-08-17,Can Tho,LOW,55,PARTIAL
C02122,Ngo Thu Khoa,2003-08-27,Da Nang,HIGH,63,FULL
C02123,Duong Tuan An,1972-02-29,Ho Chi Minh,LOW,59,FULL
C02124,Bui Hai Linh,1985-11-17,Nha Trang,MEDIUM,63,FULL
C02125,Nguyen Hoang Binh,1996-11-20,Quang Ninh,HIGH,85,PARTIAL
C02126,Ngo Minh Dat,1995-05-15,Ha Noi,MEDIUM,82,FULL
C02127,Duong Gia Trang,2000-01-16,Hue,LOW,28,FULL
C02128,Huynh Thi Khang,1964-11-15,Vung Tau,MEDIUM,92,FULL
C02129,Do Thanh Dat,1966-04-10,Quang Ninh,LOW,94,FULL
C02130,Duong Hai Binh,1986-03-01,Ha Noi,LOW,92,PARTIAL
C02131,Bui Quoc Khoa,1996-05-20,Da Nang,LOW,92,FULL
C02132,Tran Xuan Trang,1993-06-21,Hai Phong,LOW,51,FULL
C02133,Tran Thu Nhung,1978-10-30,Dong Nai,LOW,82,PARTIAL
C02134,Nguyen Quoc Son,1966-01-01,Da Nang,LOW,81,PARTIAL
C02135,Dang Khanh Binh,1967-01-16,Quang Ninh,MEDIUM,9,FULL
C02136,Ho Ngoc Phuc,1987-02-01,Quang Ninh,HIGH,27,FULL
C02137,Duong Gia Kiet,1989-05-22,Ho Chi Minh,LOW,26,PARTIAL
C02138,Pham Ngoc Linh,1973-07-11,Quang Ninh,LOW,32,FULL
C02139,Vu Thu Bao,1968-01-27,Vung Tau,LOW,59,FULL
C02140,Le Gia Tung,2002-07-22,Da Nang,MEDIUM,94,FULL
C02141,Le Ngoc An,1967-10-11,Nha Trang,LOW,5,FULL
C02142,Dang Quoc Nhung,1972-08-31,Dong Nai,LOW,58,PARTIAL
C02143,Vu Thu Trang,1989-04-22,Hue,LOW,67,PARTIAL
C02144,Vo Quoc Khoa,1964-11-09,Can Tho,MEDIUM,89,FULL
C02145,Vo Thu Dat,1977-07-06,Hai Phong,LOW,90,FULL
C02146,Duong Hoang Hoang,1981-07-08,Ha Noi,MEDIUM,12,FULL
C02147,Vo Khanh An,1983-10-04,Can Tho,LOW,53,FULL
C02148,Vu Ngoc Huy,1978-01-03,Quang Ninh,LOW,16,FULL
C02149,Vo Ngoc Binh,1971-04-22,Nha Trang,LOW,81,FULL
C02150,Ho Thu Nam,1992-08-05,Ho Chi Minh,LOW,34,FULL
C02151,Pham Thi Son,1975-11-13,Hai Phong,LOW,34,FULL
C02152,Nguyen Minh Huy,1975-12-11,Ho Chi Minh,LOW,70,PARTIAL
C02153,Bui Hai Kiet,1965-12-16,Hue,LOW,74,FULL
C02154,Ho Thu Bao,1960-04-21,Vung Tau,HIGH,35,PARTIAL
C02155,Bui Tuan Binh,1972-05-06,Da Nang,LOW,42,FULL
C02156,Hoang Tuan Kiet,1999-05-23,Ha Noi,LOW,22,FULL
C02157,Ho Tuan Huy,2003-01-21,Da Nang,LOW,5,FULL
C02158,Vo Tuan Phuc,1999-04-18,Da Nang,LOW,74,FULL
C02159,Vu Gia An,1975-06-21,Dong Nai,LOW,16,PARTIAL
C02160,Bui Hoang Phuc,1970-04-29,Hue,LOW,77,FULL
C02161,Nguyen Minh Huy,2001-11-27,Dong Nai,LOW,95,FULL
C02162,Tran Ngoc Trang,1989-03-26,Vung Tau,HIGH,10,PARTIAL
C02163,Bui Thanh Long,1984-10-13,Ha Noi,LOW,23,FULL
C02164,Nguyen Quoc Phuc,1971-08-09,Hue,LOW,62,FULL
C02165,Vu Quoc Dat,1963-12-27,Nha Trang,LOW,65,FULL
C02166,Tran Duc Son,1972-06-19,Vung Tau,LOW,44,FULL
C02167,Do Van Nam,1976-07-19,Nha Trang,HIGH,18,FULL
C02168,Phan Thi Huy,1994-03-31,Da Nang,MEDIUM,54,FULL
C02169,Bui Minh Lan,1991-01-15,Hue,HIGH,30,FULL
C02170,Hoang Gia Vy,1973-11-21,Ha Noi,MEDIUM,59,FULL
C02171,Phan Ngoc Phuc,1961-07-23,Nha Trang,LOW,69,FULL
C02172,Tran Thu Phuc,1978-12-19,Nha Trang,LOW,22,FULL
C02173,Vu Minh Lan,1989-03-08,Ha Noi,MEDIUM,81,FULL
C02174,Phan Gia Anh,1979-11-09,Dong Nai,LOW,75,FULL
C02175,Vo Minh Anh,1970-08-28,Da Nang,LOW,90,PARTIAL
C02176,Ngo Huu An,1997-08-10,Vung Tau,LOW,31,FULL
C02177,Hoang Van Tung,1974-10-08,Quang Ninh,LOW,23,PARTIAL
C02178,Hoang Minh Phuc,1963-07-16,Da Nang,LOW,92,PARTIAL
C02179,Nguyen Huu Nam,1982-06-10,Quang Ninh,LOW,27,FULL
C02180,Ho Huu An,1984-12-10,Hai Phong,MEDIUM,88,FULL
C02181,Vu Thu An,1990-03-29,Nha Trang,LOW,64,PARTIAL
C02182,Vo Quoc Nam,2000-01-02,Dong Nai,LOW,16,PARTIAL
C02183,Vo Hoang An,1962-12-06,Da Nang,LOW,14,FULL
C02184,Huynh Hoang An,1993-07-31,Dong Nai,LOW,17,FULL
C02185,Hoang Hai Phuc,2004-07-07,Nha Trang,LOW,44,FULL
C02186,Huynh Minh Huy,1983-06-20,Dong Nai,MEDIUM,71,FULL
C02187,Huynh Thanh Binh,1995-09-03,Nha Trang,MEDIUM,37,PARTIAL
C02188,Ngo Hai Huy,2005-07-27,Dong Nai,MEDIUM,58,PARTIAL
C02189,Huynh Tuan Tung,1966-07-05,Hue,LOW,74,FULL
C02190,Bui Thi Bao,1990-06-05,Da Nang,MEDIUM,58,FULL
C02191,Dang Hoang Anh,2001-02-11,Can Tho,MEDIUM,60,FULL
C02192,Bui Quoc Hoang,2005-05-11,Vung Tau,LOW,94,FULL
C02193,Do Ngoc Kiet,1990-08-28,Quang Ninh,LOW,93,FULL
C02194,Ngo Xuan Trang,1997-02-06,Quang Ninh,MEDIUM,61,FULL
C02195,Hoang Ngoc Trang,1979-11-27,Ho Chi Minh,MEDIUM,35,FULL
C02196,Dang Thanh Kiet,1978-11-21,Ha Noi,HIGH,40,FULL
C02197,Vu Hoang Dat,1972-06-27,Da Nang,LOW,35,FULL
C02198,Le Tuan Hoang,1967-02-22,Da Nang,LOW,19,FULL
C02199,Ngo Khanh Nhung,1967-05-27,Can Tho,LOW,36,FULL
C02200,Le Xuan Nhung,1984-12-10,Hue,LOW,21,FULL
C02201,Dang Hai Trang,1974-07-29,Vung Tau,MEDIUM,84,FULL
C02202,Dang Ngoc Binh,1993-07-23,Ha Noi,LOW,8,FULL
C02203,Pham Ngoc Khoa,1971-08-09,Hai Phong,LOW,95,FULL
C02204,Vu Ngoc Phuc,1991-05-06,Hai Phong,LOW,28,PARTIAL
C02205,Huynh Thanh Dat,1961-10-02,Hue,LOW,64,FULL
C02206,Huynh Hoang Nhung,1994-04-25,Nha Trang,LOW,86,FULL
C02207,Do Van Long,1996-09-14,Can Tho,MEDIUM,58,FULL
C02208,Ho Tuan Phuc,1960-08-15,Dong Nai,LOW,67,FULL
C02209,Le Van Bao,1998-09-03,Ha Noi,MEDIUM,6,FULL
C02210,Ngo Khanh Huy,1988-05-22,Ha Noi,LOW,57,FULL
C02211,Le Minh Kiet,1996-02-27,Quang Ninh,LOW,34,FULL
C02212,Phan Xuan Trang,1978-07-05,Hue,LOW,93,PARTIAL
C02213,Vu Duc Bao,1995-04-25,Ho Chi Minh,LOW,78,PARTIAL
C02214,Bui Van Phuc,1985-01-14,Ha Noi,LOW,45,FULL
C02215,Tran Van Bao,1993-04-13,Nha Trang,LOW,15,FULL
C02216,Huynh Xuan Hoang,1971-09-20,Ha Noi,MEDIUM,48,FULL
C02217,Tran Khanh Bao,1967-10-06,Quang Ninh,LOW,68,FULL
C02218,Tran Gia Khang,2003-07-18,Hue,MEDIUM,81,FULL
C02219,Vo Quoc Khang,1978-03-17,Nha Trang,HIGH,74,FULL
C02220,Le Ngoc Nhung,1987-12-01,Hue,LOW,42,PARTIAL
C02221,Ho Khanh Tung,1962-10-15,Da Nang,LOW,80,FULL
C02222,Vo Hoang Vy,1997-10-03,Can Tho,MEDIUM,80,FULL
C02223,Nguyen Khanh An,1995-05-29,Dong Nai,LOW,72,FULL
C02224,Huynh Ngoc Son,1991-05-22,Nha Trang,MEDIUM,41,FULL
C02225,Ho Hai Linh,1986-11-29,Ho Chi Minh,LOW,94,FULL
C02226,Ngo Minh Trang,1989-11-25,Quang Ninh,MEDIUM,68,PARTIAL
C02227,Do Quoc Lan,2001-06-29,Ho Chi Minh,LOW,70,FULL
C02228,Vu Duc Binh,1993-11-23,Can Tho,LOW,8,FULL
C02229,Phan Huu Long,1965-12-05,Dong Nai,LOW,57,PARTIAL
C02230,Nguyen Thi Vy,1960-04-23,Nha Trang,LOW,82,FULL
C02231,Duong Thi Trang,1967-07-16,Hue,LOW,78,PARTIAL
C02232,Vo Thanh Tung,1995-04-06,Ha Noi,LOW,13,PARTIAL
C02233,Le Xuan Tung,1987-02-07,Ha Noi,HIGH,77,FULL
C02234,Tran Hai Long,1979-05-04,Ho Chi Minh,MEDIUM,47,FULL
C02235,Ho Khanh Bao,1963-03-18,Ho Chi Minh,HIGH,55,FULL
C02236,Pham Duc Anh,1990-07-22,Ho Chi Minh,MEDIUM,61,FULL
C02237,Vu Thi Anh,1970-04-19,Da Nang,LOW,85,FULL
C02238,Do Thi Phuc,1977-02-23,Quang Ninh,LOW,27,FULL
C02239,Huynh Duc Tung,1988-12-07,Dong Nai,LOW,13,FULL
C02240,Le Hoang An,1975-09-09,Da Nang,LOW,41,FULL
C02241,Do Tuan Khang,1995-01-17,Nha Trang,LOW,39,FULL
C02242,Vo Xuan Hoang,1965-11-09,Ho Chi Minh,LOW,80,FULL
C02243,Huynh Minh Nhung,1977-04-27,Hue,LOW,29,FULL
C02244,Nguyen Huu Lan,2001-10-09,Ho Chi Minh,LOW,60,FULL
C02245,Ho Tuan Trang,1973-03-06,Quang Ninh,LOW,58,FULL
C02246,Hoang Duc Hoang,1984-02-14,Hai Phong,LOW,92,FULL
C02247,Hoang Duc Kiet,1960-07-02,Hai Phong,LOW,94,FULL
C02248,Vo Duc Lan,1979-03-15,Hue,HIGH,23,PARTIAL
C02249,Le Thu Phuc,1994-10-20,Nha Trang,LOW,88,PARTIAL
C02250,Dang Ngoc Vy,2005-01-16,Nha Trang,LOW,83,PARTIAL
C02251,Pham Thi Tung,1982-12-22,Ha Noi,LOW,53,PARTIAL
C02252,Nguyen Thi Dat,1992-10-12,Dong Nai,LOW,63,FULL
C02253,Dang Van Tung,2005-01-23,Dong Nai,MEDIUM,38,FULL
C02254,Phan Quoc Bao,2000-02-22,Ho Chi Minh,HIGH,79,FULL
C02255,Duong Thi Trang,1999-04-07,Nha Trang,LOW,21,PARTIAL
C02256,Le Hoang Son,1974-04-02,Dong Nai,LOW,37,FULL
C02257,Hoang Huu Huy,1967-09-09,Hai Phong,HIGH,13,FULL
C02258,Tran Hoang Khang,1983-12-15,Nha Trang,LOW,83,FULL
C02259,Vu Minh Anh,1977-09-28,Dong Nai,MEDIUM,44,FULL
C02260,Nguyen Gia Anh,1964-09-13,Vung Tau,LOW,70,FULL
C02261,Ngo Hoang Vy,1985-11-03,Ha Noi,LOW,40,FULL
C02262,Duong Thi Tung,1995-04-24,Vung Tau,LOW,41,FULL
C02263,Ngo Gia Nhung,1963-03-17,Vung Tau,LOW,31,FULL
C02264,Phan Hai Tung,1996-06-14,Ho Chi Minh,LOW,90,FULL
C02265,Pham Hoang Kiet,1978-12-31,Ho Chi Minh,MEDIUM,47,FULL
C02266,Le Van Phuc,2002-07-20,Nha Trang,MEDIUM,78,FULL
C02267,Ngo Ngoc Linh,1969-09-30,Hue,LOW,27,FULL
C02268,Pham Quoc Hoang,1998-05-18,Dong Nai,LOW,17,FULL
C02269,Hoang Xuan Huy,1998-09-05,Ho Chi Minh,MEDIUM,15,FULL
C02270,Dang Hai Trang,1999-07-18,Ha Noi,LOW,36,FULL
C02271,Dang Thi Vy,1977-09-03,Da Nang,HIGH,14,FULL
C02272,Vo Hoang Long,1990-05-29,Nha Trang,LOW,44,PARTIAL
C02273,Bui Thu Linh,1989-09-14,Can Tho,MEDIUM,66,FULL
C02274,Huynh Hoang Linh,1973-06-26,Can Tho,HIGH,27,FULL
C02275,Nguyen Huu Tung,1976-01-03,Da Nang,LOW,15,FULL
C02276,Duong Thu Binh,1961-01-08,Nha Trang,LOW,60,FULL
C02277,Nguyen Quoc Kiet,1963-09-16,Da Nang,LOW,48,FULL
C02278,Vo Hoang Trang,1976-01-09,Ha Noi,LOW,10,FULL
C02279,Vo Ngoc Anh,1965-03-06,Hue,MEDIUM,59,FULL
C02280,Duong Thanh Tung,1991-04-11,Ha Noi,LOW,39,FULL
C02281,Hoang Thi Lan,1986-06-24,Nha Trang,LOW,24,FULL
C02282,Ngo Khanh Nhung,2003-07-19,Da Nang,HIGH,11,FULL
C02283,Ho Gia Trang,1981-01-17,Ho Chi Minh,HIGH,25,FULL
C02284,Vu Van Son,1962-10-29,Ho Chi Minh,MEDIUM,19,FULL
C02285,Ho Hai Anh,1975-03-09,Ho Chi Minh,LOW,18,FULL
C02286,Duong Hoang Khoa,1982-09-29,Quang Ninh,LOW,80,FULL
C02287,Phan Xuan Lan,1976-08-18,Quang Ninh,HIGH,18,FULL
C02288,Bui Minh Hoang,1976-02-19,Hue,LOW,69,FULL
C02289,Vo Xuan Trang,1989-09-13,Dong Nai,LOW,42,FULL
C02290,Vo Thanh Trang,1961-02-08,Ho Chi Minh,LOW,11,FULL
C02291,Pham Gia Khang,1974-02-13,Hai Phong,LOW,69,FULL
C02292,Nguyen Thi Long,1962-12-20,Dong Nai,LOW,70,FULL
C02293,Nguyen Ngoc Hoang,1983-03-22,Ha Noi,LOW,84,FULL
C02294,Do Thu An,1980-02-21,Dong Nai,MEDIUM,33,PARTIAL
C02295,Phan Hoang Hoang,1988-01-18,Ho Chi Minh,LOW,88,FULL
C02296,Duong Thu An,1969-07-17,Vung Tau,LOW,19,FULL
C02297,Hoang Gia Son,1977-06-25,Dong Nai,LOW,28,FULL
C02298,Phan Xuan Lan,2002-01-29,Da Nang,MEDIUM,20,FULL
C02299,Ho Thanh Kiet,1999-01-06,Can Tho,MEDIUM,79,FULL
C02300,Pham Van Huy,1986-07-09,Hai Phong,LOW,57,FULL
C02301,Do Van Tung,1993-05-15,Ho Chi Minh,LOW,57,FULL
C02302,Ngo Hoang Binh,1975-08-01,Quang Ninh,LOW,53,PARTIAL
C02303,Ho Thi Vy,1964-04-22,Can Tho,MEDIUM,77,FULL
C02304,Bui Ngoc Khang,2000-08-03,Hue,LOW,55,FULL
C02305,Tran Khanh Khoa,1969-07-17,Quang Ninh,LOW,12,PARTIAL
C02306,Huynh Khanh Linh,2005-01-15,Ha Noi,LOW,5,FULL
C02307,Nguyen Tuan Son,1978-07-09,Hai Phong,LOW,70,FULL
C02308,Tran Xuan Vy,2002-11-08,Ha Noi,LOW,46,FULL
C02309,Dang Tuan Khoa,1986-03-29,Quang Ninh,LOW,72,FULL
C02310,Ngo Minh Phuc,1975-08-18,Hue,LOW,88,PARTIAL
C02311,Vo Thu Lan,1965-09-20,Ho Chi Minh,LOW,18,FULL
C02312,Ngo Hoang Son,1984-08-21,Da Nang,LOW,29,FULL
C02313,Ngo Quoc An,1967-01-12,Can Tho,LOW,34,FULL
C02314,Tran Khanh Khoa,1985-05-21,Hue,LOW,90,PARTIAL
C02315,Dang Thanh Hoang,1993-04-26,Can Tho,LOW,87,FULL
C02316,Bui Khanh Bao,1985-10-24,Dong Nai,HIGH,86,FULL
C02317,Le Ngoc Linh,1971-07-29,Nha Trang,LOW,44,FULL
C02318,Ngo Thi Phuc,2003-05-11,Can Tho,HIGH,50,FULL
C02319,Huynh Xuan An,1975-05-30,Ha Noi,LOW,47,FULL
C02320,Pham Tuan Nhung,1963-01-27,Ha Noi,HIGH,92,FULL
C02321,Do Thu An,1995-03-03,Hai Phong,LOW,76,FULL
C02322,Huynh Hoang Khang,1992-03-15,Hue,LOW,77,PARTIAL
C02323,Le Tuan Son,1973-08-26,Ha Noi,LOW,15,PARTIAL
C02324,Ngo Minh Linh,1965-11-02,Nha Trang,LOW,9,FULL
C02325,Nguyen Quoc Huy,1981-12-03,Ha Noi,LOW,64,FULL
C02326,Vu Ngoc Khang,1982-11-16,Ha Noi,LOW,30,FULL
C02327,Bui Thu Kiet,1988-09-14,Da Nang,LOW,38,FULL
C02328,Tran Xuan Long,1994-07-28,Da Nang,LOW,92,FULL
C02329,Tran Khanh Lan,1983-01-06,Vung Tau,HIGH,56,PARTIAL
C02330,Duong Quoc Trang,1972-06-15,Da Nang,HIGH,34,PARTIAL
C02331,Vo Van Linh,2004-12-23,Dong Nai,LOW,33,FULL
C02332,Pham Khanh An,2002-03-31,Da Nang,LOW,53,FULL
C02333,Duong Minh Lan,1984-01-28,Ha Noi,LOW,89,FULL
C02334,Huynh Gia Khoa,1963-06-19,Quang Ninh,MEDIUM,48,FULL
C02335,Vo Thanh Hoang,2001-10-04,Dong Nai,LOW,46,FULL
C02336,Ho Tuan Binh,1961-06-22,Da Nang,LOW,55,FULL
C02337,Vu Minh Tung,1995-02-20,Nha Trang,LOW,30,PARTIAL
C02338,Duong Xuan Khang,1971-02-24,Nha Trang,LOW,37,PARTIAL
C02339,Tran Gia Trang,1965-09-30,Can Tho,LOW,57,FULL
C02340,Nguyen Xuan Kiet,1991-07-22,Da Nang,LOW,11,FULL
C02341,Huynh Huu Huy,1985-10-02,Dong Nai,LOW,9,FULL
C02342,Ngo Van Hoang,1973-11-17,Hai Phong,MEDIUM,63,FULL
C02343,Le Thanh Huy,1987-10-28,Quang Ninh,LOW,38,FULL
C02344,Vu Tuan Dat,1980-06-26,Ha Noi,MEDIUM,25,FULL
C02345,Tran Thanh Lan,1969-10-02,Hue,LOW,36,FULL
C02346,Vu Minh Vy,1983-05-28,Hai Phong,MEDIUM,36,FULL
C02347,Pham Thi Hoang,1962-12-06,Quang Ninh,LOW,89,FULL
C02348,Phan Tuan Binh,1986-12-09,Ho Chi Minh,MEDIUM,81,FULL
C02349,Pham Tuan Vy,1982-10-28,Nha Trang,HIGH,14,FULL
C02350,Ho Huu Trang,1984-01-01,Quang Ninh,LOW,60,FULL
C02351,Dang Thanh Kiet,2003-12-27,Quang Ninh,LOW,6,FULL
C02352,Nguyen Hoang Kiet,2002-03-27,Hai Phong,MEDIUM,86,FULL
C02353,Nguyen Tuan Bao,1971-06-06,Hai Phong,MEDIUM,67,FULL
C02354,Ho Thu Hoang,1993-05-26,Dong Nai,LOW,81,FULL
C02355,Phan Thi Linh,1975-12-28,Quang Ninh,LOW,68,FULL
C02356,Bui Hai Binh,1976-03-11,Ho Chi Minh,LOW,20,FULL
C02357,Phan Quoc Son,1995-01-19,Vung Tau,LOW,84,FULL
C02358,Do Hai Binh,1983-02-03,Quang Ninh,HIGH,48,FULL
C02359,Ho Duc Long,1995-12-08,Vung Tau,LOW,49,FULL
C02360,Do Van Anh,1985-05-14,Ho Chi Minh,LOW,6,FULL
C02361,Do Van Nam,1986-05-06,Da Nang,LOW,6,PARTIAL
C02362,Phan Tuan Linh,1998-04-10,Vung Tau,LOW,93,FULL
C02363,Bui Ngoc Kiet,2003-10-15,Quang Ninh,LOW,46,FULL
C02364,Ho Quoc Linh,1995-01-20,Can Tho,LOW,52,PARTIAL
C02365,Vu Tuan Long,1974-10-06,Da Nang,LOW,84,FULL
C02366,Dang Minh Khoa,1973-09-20,Nha Trang,LOW,30,FULL
C02367,Vu Van Huy,1985-09-08,Quang Ninh,LOW,89,FULL
C02368,Do Quoc Linh,1999-05-06,Hue,LOW,10,FULL
C02369,Tran Minh Anh,1962-10-24,Quang Ninh,LOW,20,FULL
C02370,Phan Duc Son,2003-10-03,Nha Trang,MEDIUM,88,PARTIAL
C02371,Tran Thanh Khoa,1991-03-28,Hai Phong,LOW,65,FULL
C02372,Le Quoc Linh,1979-07-26,Hue,LOW,94,PARTIAL
C02373,Pham Thi An,1978-07-09,Hai Phong,LOW,39,FULL
C02374,Do Minh Trang,2004-07-15,Can Tho,HIGH,75,FULL
C02375,Duong Thi Binh,1992-06-07,Vung Tau,LOW,8,FULL
C02376,Nguyen Duc Vy,1987-11-10,Quang Ninh,MEDIUM,35,FULL
C02377,Ngo Van Nam,1964-01-26,Ha Noi,HIGH,71,FULL
C02378,Vu Duc Huy,1962-02-22,Ha Noi,LOW,26,FULL
C02379,Vu Thi Binh,1997-11-28,Nha Trang,MEDIUM,73,FULL
C02380,Do Tuan Khang,1961-01-01,Can Tho,LOW,26,FULL
C02381,Bui Thu Lan,1996-01-07,Nha Trang,MEDIUM,90,PARTIAL
C02382,Vo Xuan Trang,1982-03-30,Hai Phong,HIGH,75,FULL
C02383,Nguyen Gia Nam,1995-12-25,Quang Ninh,MEDIUM,71,FULL
C02384,Vo Van An,1993-10-17,Hue,LOW,9,FULL
C02385,Tran Gia Phuc,1995-11-13,Can Tho,LOW,82,FULL
C02386,Ngo Gia An,1972-06-09,Nha Trang,MEDIUM,50,PARTIAL
C02387,Pham Van Khang,1966-10-29,Quang Ninh,LOW,92,FULL
C02388,Tran Huu Long,1991-02-14,Da Nang,MEDIUM,53,PARTIAL
C02389,Nguyen Gia Nam,1994-05-09,Hai Phong,LOW,14,FULL
C02390,Tran Khanh Khang,2000-04-09,Vung Tau,LOW,84,PARTIAL
C02391,Duong Minh Phuc,1981-10-23,Nha Trang,LOW,20,FULL
C02392,Pham Ngoc Tung,1996-01-05,Vung Tau,LOW,67,FULL
C02393,Bui Thu Long,1998-08-29,Da Nang,LOW,10,FULL
C02394,Huynh Khanh Binh,1968-02-03,Ho Chi Minh,LOW,37,FULL
C02395,Duong Minh Hoang,1978-01-20,Can Tho,LOW,32,FULL
C02396,Le Duc Long,1967-11-30,Can Tho,LOW,81,FULL
C02397,Do Hoang Bao,1970-05-09,Ha Noi,LOW,86,FULL
C02398,Hoang Xuan An,2004-06-10,Ho Chi Minh,MEDIUM,22,FULL
C02399,Hoang Minh Lan,1995-11-23,Ha Noi,LOW,11,FULL
C02400,Phan Quoc Son,1970-08-15,Dong Nai,LOW,27,FULL
C02401,Nguyen Khanh Nhung,1963-08-16,Hai Phong,HIGH,21,FULL
C02402,Do Ngoc Vy,1982-08-20,Ho Chi Minh,MEDIUM,87,FULL
C02403,Bui Thanh Kiet,1997-12-22,Vung Tau,MEDIUM,87,FULL
C02404,Dang Khanh Nhung,1961-01-08,Ha Noi,LOW,95,FULL
C02405,Ho Thi An,2004-02-04,Nha Trang,MEDIUM,41,FULL
C02406,Huynh Duc Hoang,1979-09-06,Hai Phong,MEDIUM,38,PARTIAL
C02407,Ho Quoc Phuc,2000-07-04,Vung Tau,LOW,6,FULL
C02408,Phan Thanh Linh,1966-08-13,Can Tho,MEDIUM,49,FULL
C02409,Duong Khanh Dat,1969-04-19,Nha Trang,LOW,58,FULL
C02410,Vu Gia Linh,1963-01-10,Da Nang,MEDIUM,33,PARTIAL
C02411,Le Ngoc Binh,1973-03-05,Nha Trang,LOW,24,FULL
C02412,Vo Ngoc Long,1982-01-22,Ha Noi,LOW,51,FULL
C02413,Ngo Hoang Binh,1964-01-03,Ha Noi,LOW,10,FULL
C02414,Hoang Hai An,1994-10-28,Vung Tau,LOW,89,PARTIAL
C02415,Huynh Huu Linh,1962-05-18,Can Tho,HIGH,70,FULL
C02416,Duong Thanh Dat,1996-07-24,Nha Trang,LOW,48,FULL
C02417,Vu Hai Hoang,1980-03-26,Dong Nai,LOW,47,FULL
C02418,Phan Khanh Vy,1989-07-27,Ho Chi Minh,LOW,9,FULL
C02419,Nguyen Khanh Linh,1993-11-27,Ha Noi,LOW,9,FULL
C02420,Phan Duc Linh,1986-10-29,Dong Nai,HIGH,29,FULL
C02421,Huynh Khanh Hoang,1967-06-10,Vung Tau,LOW,29,PARTIAL
C02422,Hoang Van Son,1976-08-29,Da Nang,LOW,9,PARTIAL
C02423,Le Gia Vy,1992-05-04,Quang Ninh,LOW,11,FULL
C02424,Nguyen Thi Phuc,1960-05-02,Da Nang,LOW,23,FULL
C02425,Vu Thanh Khoa,1961-02-03,Dong Nai,LOW,59,PARTIAL
C02426,Nguyen Thi Nam,1990-04-10,Can Tho,LOW,28,FULL
C02427,Ho Khanh Khoa,1995-12-31,Ha Noi,MEDIUM,90,FULL
C02428,Duong Duc Lan,1986-02-27,Hue,HIGH,45,FULL
C02429,Pham Huu Khoa,1990-03-21,Nha Trang,LOW,19,FULL
C02430,Hoang Van Tung,1985-05-15,Vung Tau,LOW,28,FULL
C02431,Ho Thanh An,1983-09-26,Ha Noi,LOW,35,FULL
C02432,Pham Thanh Phuc,1988-05-11,Hue,LOW,14,FULL
C02433,Tran Thi Vy,1966-10-29,Can Tho,LOW,42,PARTIAL
C02434,Tran Tuan Anh,1971-01-08,Ha Noi,LOW,77,FULL
C02435,Bui Van Kiet,1963-02-28,Ha Noi,LOW,74,FULL
C02436,Vo Hoang Linh,2000-05-18,Nha Trang,LOW,15,FULL
C02437,Hoang Hai Trang,1968-07-28,Da Nang,LOW,49,FULL
C02438,Duong Xuan Bao,1976-04-10,Quang Ninh,LOW,32,PARTIAL
C02439,Nguyen Minh Dat,2002-02-18,Can Tho,LOW,35,FULL
C02440,Vu Xuan Nhung,1986-06-14,Quang Ninh,MEDIUM,46,PARTIAL
C02441,Ngo Minh Kiet,1991-02-26,Ha Noi,LOW,28,FULL
C02442,Vu Tuan Nam,1992-02-18,Quang Ninh,LOW,47,FULL
C02443,Dang Ngoc Bao,1989-12-24,Quang Ninh,MEDIUM,20,FULL
C02444,Do Minh Dat,1975-09-04,Hue,LOW,39,FULL
C02445,Pham Thu Phuc,1990-02-26,Hue,LOW,51,PARTIAL
C02446,Huynh Hai Binh,2004-10-25,Ho Chi Minh,LOW,75,FULL
C02447,Phan Tuan Phuc,1975-05-19,Nha Trang,LOW,39,FULL
C02448,Nguyen Gia An,1992-11-08,Ho Chi Minh,HIGH,93,FULL
C02449,Vo Quoc Bao,1978-12-28,Ho Chi Minh,LOW,65,PARTIAL
C02450,Tran Huu Long,1991-04-27,Nha Trang,LOW,20,FULL
C02451,Ngo Hai Kiet,1983-02-13,Hai Phong,LOW,33,PARTIAL
C02452,Huynh Huu Vy,1974-07-03,Nha Trang,LOW,38,PARTIAL
C02453,Le Khanh Son,1972-08-08,Ho Chi Minh,LOW,79,FULL
C02454,Do Duc Tung,1989-02-24,Quang Ninh,MEDIUM,61,FULL
C02455,Ho Xuan Linh,1962-02-08,Vung Tau,MEDIUM,88,FULL
C02456,Bui Duc Phuc,2002-03-06,Da Nang,LOW,48,FULL
C02457,Huynh Thanh Nhung,1980-03-26,Ha Noi,LOW,61,PARTIAL
C02458,Bui Minh Trang,1990-03-01,Hue,LOW,61,FULL
C02459,Ngo Tuan Tung,2001-06-09,Quang Ninh,LOW,54,FULL
C02460,Pham Xuan Dat,1988-10-04,Vung Tau,LOW,20,FULL
C02461,Huynh Quoc Hoang,1991-08-22,Quang Ninh,MEDIUM,27,FULL
C02462,Nguyen Thanh Nam,1981-07-19,Dong Nai,LOW,17,FULL
C02463,Nguyen Thanh Linh,1993-10-30,Ha Noi,LOW,51,FULL
C02464,Ngo Huu Anh,1988-05-09,Hue,LOW,39,FULL
C02465,Vu Thi Vy,1996-10-08,Vung Tau,LOW,85,FULL
C02466,Le Van Long,2003-01-11,Quang Ninh,HIGH,35,PARTIAL
C02467,Ngo Xuan Binh,1966-03-07,Dong Nai,LOW,19,FULL
C02468,Ngo Thanh Son,1983-07-27,Da Nang,MEDIUM,89,FULL
C02469,Phan Xuan Vy,1998-03-28,Da Nang,LOW,62,FULL
C02470,Huynh Quoc Trang,1967-03-02,Ho Chi Minh,LOW,15,PARTIAL
C02471,Ho Tuan Nam,1962-06-14,Da Nang,LOW,30,FULL
C02472,Ngo Van Lan,1970-12-28,Quang Ninh,LOW,34,FULL
C02473,Pham Xuan Lan,1972-07-06,Hai Phong,LOW,16,PARTIAL
C02474,Huynh Van Nhung,1987-12-04,Da Nang,LOW,42,FULL
C02475,Duong Minh Binh,1991-01-22,Hai Phong,MEDIUM,76,FULL
C02476,Do Hai Khang,1990-11-25,Can Tho,LOW,83,FULL
C02477,Huynh Tuan Khang,1984-11-09,Hue,HIGH,17,FULL
C02478,Bui Quoc Binh,1988-04-26,Can Tho,LOW,47,FULL
C02479,Hoang Hoang Anh,1989-09-02,Ha Noi,LOW,85,FULL
C02480,Ho Minh Bao,1969-01-22,Can Tho,LOW,61,PARTIAL
C02481,Do Minh Khoa,2000-03-23,Nha Trang,LOW,47,PARTIAL
C02482,Vo Duc Dat,1978-04-14,Nha Trang,LOW,43,FULL
C02483,Do Hoang Kiet,1992-07-03,Ho Chi Minh,MEDIUM,41,FULL
C02484,Tran Hoang Hoang,1983-10-25,Dong Nai,LOW,60,FULL
C02485,Huynh Xuan Tung,1989-07-16,Ho Chi Minh,LOW,26,FULL
C02486,Vo Thu Son,1982-12-06,Can Tho,LOW,9,PARTIAL
C02487,Tran Duc Son,1987-11-23,Ha Noi,LOW,54,PARTIAL
C02488,Ngo Thu Khang,1980-02-06,Ha Noi,LOW,41,PARTIAL
C02489,Hoang Thanh Vy,1998-11-12,Hai Phong,MEDIUM,47,FULL
C02490,Huynh Xuan Son,1976-03-27,Hue,LOW,86,FULL
C02491,Dang Tuan Linh,1977-05-20,Dong Nai,LOW,42,FULL
C02492,Tran Thi Trang,1984-10-26,Quang Ninh,LOW,6,FULL
C02493,Ngo Thanh Long,1961-10-04,Ha Noi,LOW,51,FULL
C02494,Bui Quoc Tung,1964-04-29,Nha Trang,HIGH,31,FULL
C02495,Nguyen Quoc Khang,1981-06-15,Can Tho,LOW,32,FULL
C02496,Do Ngoc Nam,1981-03-13,Quang Ninh,MEDIUM,40,FULL
C02497,Hoang Tuan Lan,1960-01-01,Hue,LOW,37,FULL
C02498,Tran Gia Bao,1971-07-04,Nha Trang,MEDIUM,9,FULL
C02499,Tran Thi Kiet,2005-01-10,Can Tho,LOW,93,FULL
C02500,Nguyen Huu Dat,1992-01-27,Nha Trang,LOW,65,FULL
C02501,Huynh Hai Anh,1971-12-19,Nha Trang,LOW,42,FULL
C02502,Duong Huu Hoang,1982-02-27,Can Tho,LOW,77,FULL
C02503,Bui Gia Huy,1997-04-10,Hai Phong,LOW,29,FULL
C02504,Vu Quoc Phuc,1990-07-19,Dong Nai,LOW,93,FULL
C02505,Dang Duc Khoa,2000-01-24,Ha Noi,LOW,59,PARTIAL
C02506,Pham Xuan Linh,1988-01-21,Nha Trang,LOW,95,FULL
C02507,Duong Xuan Phuc,1975-06-02,Dong Nai,LOW,24,FULL
C02508,Hoang Khanh Hoang,2002-03-01,Quang Ninh,MEDIUM,90,FULL
C02509,Vu Xuan Kiet,1975-10-29,Quang Ninh,LOW,8,FULL
C02510,Dang Khanh Tung,2001-10-15,Quang Ninh,LOW,26,FULL
C02511,Duong Huu Linh,1973-05-27,Hai Phong,LOW,67,FULL
C02512,Huynh Duc Tung,2003-10-11,Ha Noi,LOW,12,PARTIAL
C02513,Phan Xuan Dat,1964-08-28,Hue,LOW,95,FULL
C02514,Nguyen Quoc An,1989-03-20,Quang Ninh,LOW,77,FULL
C02515,Do Xuan Nam,1963-08-15,Hai Phong,MEDIUM,36,FULL
C02516,Huynh Gia Anh,2003-09-07,Ho Chi Minh,LOW,51,FULL
C02517,Phan Xuan Vy,1980-04-15,Dong Nai,LOW,65,FULL
C02518,Huynh Khanh Khoa,1974-04-10,Nha Trang,LOW,82,FULL
C02519,Bui Thu Long,2004-02-23,Hai Phong,MEDIUM,23,FULL
C02520,Ngo Xuan Nhung,1996-06-22,Ho Chi Minh,LOW,84,FULL
C02521,Ho Khanh Huy,1969-12-11,Dong Nai,LOW,43,FULL
C02522,Nguyen Van Khoa,1971-07-28,Da Nang,HIGH,57,FULL
C02523,Pham Thi Nam,1972-05-26,Hai Phong,LOW,35,FULL
C02524,Ngo Thanh Bao,1984-09-10,Hue,LOW,25,FULL
C02525,Nguyen Hai Khang,1993-05-22,Ho Chi Minh,LOW,35,FULL
C02526,Ho Ngoc Khoa,1968-03-19,Hue,MEDIUM,82,FULL
C02527,Ho Huu Khang,1967-02-17,Vung Tau,MEDIUM,91,FULL
C02528,Pham Thi Tung,1975-03-07,Can Tho,LOW,42,FULL
C02529,Ngo Tuan Khoa,1998-01-31,Da Nang,LOW,23,FULL
C02530,Pham Hoang Binh,1970-07-06,Hue,LOW,5,PARTIAL
C02531,Pham Quoc Phuc,1996-11-27,Vung Tau,MEDIUM,38,FULL
C02532,Dang Xuan Tung,1980-01-09,Nha Trang,LOW,43,FULL
C02533,Ngo Thi Dat,1972-01-22,Dong Nai,LOW,45,FULL
C02534,Bui Thanh Nam,1973-07-16,Hue,LOW,88,FULL
C02535,Bui Thanh Dat,1976-09-12,Hue,HIGH,52,FULL
C02536,Tran Hai Vy,1996-03-09,Da Nang,LOW,81,FULL
C02537,Huynh Thi Dat,1965-12-25,Dong Nai,LOW,77,FULL
C02538,Bui Thanh Bao,1960-12-29,Nha Trang,LOW,19,PARTIAL
C02539,Huynh Hoang Tung,1989-04-02,Ha Noi,HIGH,69,FULL
C02540,Huynh Tuan An,2003-01-02,Hue,LOW,90,FULL
C02541,Dang Gia Long,1962-05-07,Dong Nai,MEDIUM,71,FULL
C02542,Duong Xuan Khang,1999-10-13,Da Nang,LOW,63,FULL
C02543,Do Huu Trang,2002-11-19,Hue,LOW,60,FULL
C02544,Hoang Duc Anh,2002-02-27,Quang Ninh,LOW,18,PARTIAL
C02545,Huynh Hai Dat,1977-01-09,Vung Tau,LOW,12,FULL
C02546,Duong Thanh Vy,1982-02-15,Ha Noi,MEDIUM,86,FULL
C02547,Ho Quoc Anh,1969-09-12,Vung Tau,MEDIUM,48,PARTIAL
C02548,Nguyen Ngoc Trang,1982-03-15,Vung Tau,HIGH,68,FULL
C02549,Bui Gia An,1990-04-13,Vung Tau,LOW,7,FULL
C02550,Do Thanh Linh,1960-10-25,Vung Tau,MEDIUM,62,FULL
C02551,Le Khanh Trang,1987-01-15,Hai Phong,MEDIUM,10,FULL
C02552,Vo Thi Nam,2003-05-08,Vung Tau,LOW,46,FULL
C02553,Dang Thi Binh,1994-06-27,Da Nang,LOW,27,PARTIAL
C02554,Do Thi Binh,1996-05-28,Nha Trang,HIGH,29,FULL
C02555,Vu Khanh Binh,1969-06-26,Hue,LOW,62,FULL
C02556,Le Quoc Lan,1965-05-11,Can Tho,LOW,89,FULL
C02557,Nguyen Tuan Hoang,1974-11-13,Hue,MEDIUM,22,FULL
C02558,Huynh Duc Nam,1987-04-06,Dong Nai,LOW,81,FULL
C02559,Duong Ngoc Khang,1983-06-19,Da Nang,LOW,10,FULL
C02560,Phan Quoc Khang,1995-02-14,Dong Nai,LOW,49,FULL
C02561,Bui Khanh Huy,1972-06-20,Vung Tau,LOW,71,FULL
C02562,Huynh Thanh Vy,1984-07-18,Hai Phong,LOW,58,FULL
C02563,Bui Quoc Dat,1998-11-09,Ho Chi Minh,MEDIUM,72,FULL
C02564,Pham Khanh Kiet,1975-12-04,Hai Phong,LOW,6,FULL
C02565,Nguyen Hai Huy,1987-05-03,Nha Trang,MEDIUM,59,FULL
C02566,Hoang Gia Kiet,1973-06-04,Ha Noi,MEDIUM,60,PARTIAL
C02567,Huynh Ngoc Anh,1971-10-19,Hai Phong,LOW,10,FULL
C02568,Dang Hoang Khoa,1985-03-21,Nha Trang,MEDIUM,36,FULL
C02569,Vu Hoang Khoa,1963-05-15,Hue,MEDIUM,41,PARTIAL
C02570,Huynh Hai Tung,1980-03-10,Da Nang,LOW,59,FULL
C02571,Le Xuan Son,1967-05-06,Ha Noi,LOW,87,FULL
C02572,Phan Duc Phuc,1960-11-30,Dong Nai,LOW,67,FULL
C02573,Tran Thu Vy,1983-04-16,Da Nang,LOW,31,FULL
C02574,Hoang Hoang Dat,1992-07-09,Ho Chi Minh,LOW,63,FULL
C02575,Nguyen Tuan Huy,1977-07-03,Hue,LOW,84,FULL
C02576,Phan Minh Linh,1973-04-08,Nha Trang,LOW,60,PARTIAL
C02577,Do Khanh Lan,1979-03-20,Ho Chi Minh,LOW,30,FULL
C02578,Vu Gia Vy,1979-04-23,Dong Nai,LOW,27,FULL
C02579,Hoang Minh Phuc,1963-02-26,Ho Chi Minh,LOW,42,PARTIAL
C02580,Le Duc Huy,1993-10-17,Da Nang,HIGH,58,FULL
C02581,Ngo Hai An,1980-05-09,Can Tho,MEDIUM,53,FULL
C02582,Hoang Ngoc Kiet,1975-01-18,Ha Noi,HIGH,26,FULL
C02583,Tran Gia Trang,1979-11-18,Vung Tau,MEDIUM,61,FULL
C02584,Bui Gia Anh,1960-07-09,Nha Trang,MEDIUM,95,FULL
C02585,Phan Ngoc Anh,1988-02-22,Hai Phong,HIGH,28,FULL
C02586,Le Minh Anh,1978-08-01,Quang Ninh,LOW,16,FULL
C02587,Bui Hoang Huy,1984-12-20,Hue,LOW,6,FULL
C02588,Phan Van Dat,1962-02-05,Da Nang,MEDIUM,64,FULL
C02589,Le Duc Vy,2000-10-23,Ho Chi Minh,LOW,90,FULL
C02590,Ho Quoc Binh,1979-10-27,Hai Phong,LOW,44,FULL
C02591,Hoang Hoang Dat,2000-01-08,Dong Nai,HIGH,78,FULL
C02592,Tran Tuan Khoa,1982-01-31,Hai Phong,LOW,13,FULL
C02593,Pham Khanh Trang,1983-12-09,Hai Phong,MEDIUM,66,FULL
C02594,Huynh Thu Vy,1991-07-04,Dong Nai,LOW,90,FULL
C02595,Le Thi Linh,1994-07-01,Nha Trang,MEDIUM,13,PARTIAL
C02596,Huynh Van Hoang,1972-03-16,Nha Trang,HIGH,43,FULL
C02597,Vo Duc Phuc,2002-12-18,Hai Phong,MEDIUM,41,FULL
C02598,Le Thanh Hoang,1987-09-11,Da Nang,LOW,87,FULL
C02599,Tran Thi Bao,1998-10-03,Da Nang,LOW,15,PARTIAL
C02600,Do Khanh Khoa,1960-07-19,Vung Tau,MEDIUM,89,FULL
C02601,Duong Duc Lan,1976-02-04,Hue,LOW,65,FULL
C02602,Vo Gia Phuc,1966-06-21,Can Tho,LOW,14,FULL
C02603,Nguyen Van Anh,1979-04-25,Dong Nai,LOW,19,FULL
C02604,Hoang Huu Nhung,1972-08-28,Hue,HIGH,84,FULL
C02605,Hoang Huu Nhung,1985-09-19,Vung Tau,HIGH,71,FULL
C02606,Bui Quoc Bao,1968-07-31,Nha Trang,LOW,37,FULL
C02607,Huynh Xuan Linh,2003-11-21,Vung Tau,LOW,41,FULL
C02608,Duong Quoc Bao,1989-02-26,Ho Chi Minh,LOW,38,FULL
C02609,Do Duc Khang,1962-11-16,Ha Noi,LOW,35,FULL
C02610,Hoang Tuan Vy,1972-04-19,Quang Ninh,MEDIUM,73,FULL
C02611,Vu Hoang Tung,1973-07-11,Ha Noi,HIGH,43,FULL
C02612,Nguyen Xuan Vy,1993-11-21,Hue,LOW,53,FULL
C02613,Tran Duc Vy,1977-10-05,Hai Phong,LOW,30,FULL
C02614,Ngo Thanh Lan,1981-11-09,Vung Tau,LOW,9,FULL
C02615,Tran Khanh Nam,1978-01-15,Vung Tau,LOW,63,FULL
C02616,Pham Thi Khang,1982-05-04,Da Nang,HIGH,94,FULL
C02617,Duong Duc Lan,1998-10-15,Dong Nai,LOW,71,FULL
C02618,Tran Gia Bao,1966-05-24,Can Tho,LOW,91,FULL
C02619,Duong Van Lan,1968-01-31,Quang Ninh,LOW,5,FULL
C02620,Phan Thu Nhung,1978-06-12,Can Tho,MEDIUM,87,FULL
C02621,Vu Khanh Nhung,1968-08-29,Da Nang,LOW,19,FULL
C02622,Le Gia Nhung,2002-07-21,Ho Chi Minh,LOW,7,FULL
C02623,Pham Xuan Linh,1979-11-04,Quang Ninh,LOW,90,FULL
C02624,Bui Hai Phuc,1967-11-09,Hue,LOW,75,FULL
C02625,Duong Tuan Khoa,1975-11-11,Can Tho,LOW,90,FULL
C02626,Bui Duc Khang,1991-01-15,Da Nang,LOW,92,FULL
C02627,Hoang Huu Son,1980-05-20,Vung Tau,HIGH,83,PARTIAL
C02628,Bui Xuan Khang,1987-05-15,Vung Tau,MEDIUM,36,FULL
C02629,Vu Huu Dat,2002-06-07,Nha Trang,LOW,46,FULL
C02630,Vo Thi Hoang,1998-11-13,Hai Phong,LOW,82,PARTIAL
C02631,Do Minh Linh,1996-08-17,Quang Ninh,MEDIUM,74,FULL
C02632,Huynh Quoc Vy,1990-12-06,Dong Nai,LOW,21,FULL
C02633,Nguyen Hoang Dat,1988-10-08,Ho Chi Minh,MEDIUM,19,FULL
C02634,Ngo Huu Trang,1975-08-25,Ho Chi Minh,LOW,74,FULL
C02635,Nguyen Thi Huy,1989-05-28,Ho Chi Minh,LOW,14,FULL
C02636,Duong Xuan Tung,1969-10-23,Hai Phong,HIGH,17,FULL
C02637,Dang Thanh Linh,1967-05-28,Dong Nai,MEDIUM,81,FULL
C02638,Duong Ngoc Tung,1974-01-20,Ho Chi Minh,LOW,71,FULL
C02639,Dang Khanh Linh,1989-09-14,Nha Trang,MEDIUM,46,FULL
C02640,Le Huu Trang,1991-12-24,Hai Phong,LOW,22,PARTIAL
C02641,Pham Hoang Anh,1980-09-12,Nha Trang,LOW,78,FULL
C02642,Pham Gia Son,1991-10-18,Can Tho,LOW,89,FULL
C02643,Duong Gia An,1972-10-22,Hai Phong,LOW,93,FULL
C02644,Vu Thu Khoa,1985-09-18,Vung Tau,LOW,46,FULL
C02645,Tran Thi Hoang,1989-01-08,Dong Nai,MEDIUM,77,FULL
C02646,Hoang Quoc Tung,1979-07-08,Ho Chi Minh,LOW,84,FULL
C02647,Phan Van Dat,1986-08-02,Quang Ninh,LOW,90,PARTIAL
C02648,Bui Xuan Phuc,1968-08-28,Quang Ninh,LOW,21,FULL
C02649,Do Hoang Hoang,1961-01-06,Hue,LOW,20,FULL
C02650,Pham Hai Vy,1989-01-02,Can Tho,LOW,43,FULL
C02651,Huynh Hoang Tung,1962-11-27,Vung Tau,MEDIUM,55,PARTIAL
C02652,Pham Xuan Hoang,1999-05-20,Dong Nai,LOW,90,FULL
C02653,Huynh Thu Khoa,1976-05-08,Quang Ninh,MEDIUM,65,FULL
C02654,Dang Thu Son,1980-08-25,Vung Tau,LOW,12,FULL
C02655,Ho Duc Binh,1983-04-06,Ha Noi,LOW,62,FULL
C02656,Duong Hoang Phuc,1976-06-06,Nha Trang,LOW,52,FULL
C02657,Pham Thu Kiet,1984-04-13,Ho Chi Minh,HIGH,29,FULL
C02658,Duong Duc Hoang,1960-06-20,Da Nang,LOW,23,PARTIAL
C02659,Ngo Van Nhung,1977-02-01,Ha Noi,LOW,69,FULL
C02660,Ho Duc Long,2004-11-22,Da Nang,LOW,54,PARTIAL
C02661,Ngo Minh Khoa,1965-10-14,Ha Noi,LOW,49,FULL
C02662,Pham Khanh Vy,1994-09-25,Ha Noi,LOW,9,FULL
C02663,Nguyen Van Hoang,1968-04-14,Ho Chi Minh,LOW,92,FULL
C02664,Bui Gia An,2005-12-17,Dong Nai,LOW,44,FULL
C02665,Nguyen Hoang Nhung,2003-11-07,Hue,HIGH,83,FULL
C02666,Vo Quoc Huy,1977-08-13,Can Tho,LOW,20,PARTIAL
C02667,Vu Hai Long,2004-11-03,Hue,HIGH,69,FULL
C02668,Ho Huu Hoang,2002-01-26,Quang Ninh,MEDIUM,95,FULL
C02669,Vu Gia Phuc,2001-09-01,Da Nang,LOW,85,FULL
C02670,Phan Minh Anh,1961-01-22,Hai Phong,MEDIUM,53,FULL
C02671,Vu Thu Nhung,1989-07-05,Ha Noi,HIGH,84,FULL
C02672,Bui Van Kiet,1996-06-29,Nha Trang,LOW,83,FULL
C02673,Tran Xuan Lan,1983-12-20,Can Tho,LOW,14,FULL
C02674,Pham Duc Khang,1991-12-29,Vung Tau,LOW,55,FULL
C02675,Do Thu Vy,1998-04-25,Da Nang,LOW,55,FULL
C02676,Duong Thanh Hoang,1985-02-12,Nha Trang,LOW,40,FULL
C02677,Huynh Hoang Kiet,1976-09-10,Da Nang,LOW,83,FULL
C02678,Dang Minh An,1964-01-08,Da Nang,LOW,18,PARTIAL
C02679,Le Quoc An,1962-05-08,Quang Ninh,MEDIUM,77,FULL
C02680,Hoang Khanh An,1983-02-19,Da Nang,LOW,79,FULL
C02681,Hoang Khanh Son,1960-11-15,Ho Chi Minh,MEDIUM,31,FULL
C02682,Pham Quoc Long,1965-12-25,Ha Noi,LOW,83,FULL
C02683,Phan Xuan Dat,1962-05-09,Da Nang,LOW,53,FULL
C02684,Phan Thanh Tung,2005-04-12,Nha Trang,LOW,64,FULL
C02685,Dang Khanh Dat,2002-04-22,Dong Nai,MEDIUM,50,FULL
C02686,Nguyen Thi Hoang,1996-10-15,Vung Tau,MEDIUM,49,FULL
C02687,Tran Tuan An,1960-12-11,Nha Trang,LOW,89,PARTIAL
C02688,Ho Thi Anh,2005-10-06,Da Nang,LOW,42,FULL
C02689,Vu Van Long,1973-09-13,Da Nang,LOW,66,FULL
C02690,Vu Thi Khang,2003-02-18,Hue,LOW,74,FULL
C02691,Nguyen Minh Lan,1985-05-08,Dong Nai,LOW,53,PARTIAL
C02692,Ngo Ngoc Binh,1992-07-21,Quang Ninh,LOW,52,PARTIAL
C02693,Duong Hoang Linh,1997-12-13,Dong Nai,MEDIUM,84,PARTIAL
C02694,Tran Thanh Dat,1988-11-11,Ha Noi,LOW,47,FULL
C02695,Dang Thu Khoa,2002-06-15,Hue,LOW,65,PARTIAL
C02696,Bui Minh Tung,1971-07-06,Hai Phong,LOW,77,FULL
C02697,Huynh Gia Linh,1974-04-04,Can Tho,MEDIUM,22,PARTIAL
C02698,Duong Huu Huy,1964-04-14,Nha Trang,LOW,37,FULL
C02699,Do Khanh Son,1976-10-12,Ho Chi Minh,LOW,7,PARTIAL
C02700,Vo Quoc Long,1981-12-28,Hai Phong,LOW,63,FULL
C02701,Vo Thanh Long,1985-08-03,Dong Nai,LOW,37,FULL
C02702,Duong Hoang Nam,2005-01-16,Ha Noi,LOW,44,FULL
C02703,Ho Ngoc Nhung,1975-07-04,Ha Noi,LOW,73,PARTIAL
C02704,Do Hai Long,1966-03-08,Ho Chi Minh,LOW,45,FULL
C02705,Phan Van Nhung,1983-02-15,Vung Tau,LOW,54,FULL
C02706,Ngo Thanh An,1971-06-29,Ho Chi Minh,LOW,51,FULL
C02707,Ngo Thu Anh,1998-02-17,Da Nang,LOW,9,FULL
C02708,Le Huu Khoa,1989-06-26,Da Nang,LOW,30,FULL
C02709,Huynh Hoang Khoa,1991-10-01,Vung Tau,MEDIUM,65,FULL
C02710,Vu Thanh Long,2002-08-08,Nha Trang,LOW,52,FULL
C02711,Vo Minh Long,2001-03-19,Hai Phong,HIGH,87,FULL
C02712,Do Khanh An,1979-03-06,Hue,LOW,55,PARTIAL
C02713,Tran Khanh Bao,1979-03-01,Hai Phong,LOW,59,FULL
C02714,Ho Gia Nhung,1991-12-11,Nha Trang,MEDIUM,52,FULL
C02715,Nguyen Tuan Son,1992-07-24,Nha Trang,LOW,62,FULL
C02716,Do Khanh Long,1991-04-18,Vung Tau,HIGH,14,FULL
C02717,Phan Xuan Dat,2001-07-23,Vung Tau,LOW,26,PARTIAL
C02718,Hoang Huu Long,1960-01-26,Dong Nai,MEDIUM,23,FULL
C02719,Huynh Van An,1961-06-11,Nha Trang,LOW,63,FULL
C02720,Bui Xuan Linh,1975-03-30,Da Nang,LOW,65,FULL
C02721,Vo Tuan Tung,1986-10-05,Quang Ninh,LOW,18,FULL
C02722,Ngo Thi Kiet,1998-02-02,Hai Phong,LOW,27,FULL
C02723,Vu Gia Tung,1985-10-31,Ho Chi Minh,MEDIUM,27,FULL
C02724,Ho Thi Phuc,2005-04-13,Hai Phong,MEDIUM,8,FULL
C02725,Bui Gia Tung,1967-08-08,Vung Tau,LOW,39,FULL
C02726,Do Xuan Lan,1968-05-18,Da Nang,MEDIUM,16,FULL
C02727,Vo Huu Huy,1970-05-15,Dong Nai,LOW,78,FULL
C02728,Nguyen Quoc Hoang,1978-11-29,Dong Nai,LOW,56,FULL
C02729,Phan Huu An,1998-03-30,Quang Ninh,HIGH,63,FULL
C02730,Ho Xuan Lan,2001-05-19,Hue,LOW,10,FULL
C02731,Phan Thu Huy,1978-05-20,Quang Ninh,LOW,62,FULL
C02732,Ho Van Binh,1990-12-05,Hue,LOW,60,FULL
C02733,Pham Hai Nhung,1984-11-19,Nha Trang,LOW,52,FULL
C02734,Ho Van Trang,1961-02-07,Da Nang,LOW,39,FULL
C02735,Do Xuan Son,1971-11-20,Nha Trang,LOW,32,FULL
C02736,Phan Hai Tung,1995-10-01,Da Nang,LOW,95,FULL
C02737,Nguyen Minh Lan,1967-11-06,Da Nang,LOW,85,FULL
C02738,Ngo Van Khang,1980-03-19,Nha Trang,LOW,67,FULL
C02739,Nguyen Thi Long,1965-07-25,Can Tho,LOW,9,FULL
C02740,Do Van Kiet,2004-02-01,Nha Trang,MEDIUM,26,FULL
C02741,Ngo Duc Linh,1976-07-16,Da Nang,MEDIUM,19,FULL
C02742,Tran Ngoc Linh,1991-11-03,Can Tho,LOW,33,FULL
C02743,Dang Xuan Nhung,1993-03-13,Nha Trang,LOW,34,FULL
C02744,Nguyen Ngoc Vy,1972-11-06,Hai Phong,HIGH,38,FULL
C02745,Ho Ngoc Khang,1961-11-25,Hai Phong,LOW,50,FULL
C02746,Ngo Duc Nam,1981-11-06,Vung Tau,LOW,42,FULL
C02747,Ho Hoang Lan,1981-01-05,Dong Nai,LOW,28,FULL
C02748,Phan Khanh Khoa,1971-11-23,Hai Phong,LOW,29,FULL
C02749,Hoang Van Linh,1990-05-31,Ho Chi Minh,LOW,59,FULL
C02750,Huynh Hai Son,2002-07-05,Ho Chi Minh,MEDIUM,54,FULL
C02751,Do Minh Long,1978-12-03,Da Nang,MEDIUM,26,FULL
C02752,Hoang Van Khoa,1978-11-13,Quang Ninh,LOW,24,FULL
C02753,Hoang Tuan Anh,1961-11-25,Nha Trang,LOW,21,FULL
C02754,Le Hoang Khoa,1979-10-11,Can Tho,LOW,80,FULL
C02755,Duong Van Hoang,1994-05-11,Hai Phong,HIGH,95,PARTIAL
C02756,Do Quoc Son,2005-04-03,Da Nang,LOW,7,FULL
C02757,Ngo Huu Anh,1964-11-23,Ha Noi,LOW,42,FULL
C02758,Dang Khanh Bao,1968-01-23,Hue,MEDIUM,8,FULL
C02759,Pham Gia Binh,1978-06-12,Nha Trang,LOW,34,FULL
C02760,Vo Gia Nhung,1999-10-18,Dong Nai,LOW,79,FULL
C02761,Vu Thu Lan,1996-10-16,Ho Chi Minh,LOW,67,FULL
C02762,Bui Gia Nhung,1988-10-04,Can Tho,LOW,13,FULL
C02763,Huynh Huu Anh,2002-04-14,Ha Noi,MEDIUM,61,FULL
C02764,Ho Huu Dat,1984-09-29,Can Tho,LOW,65,FULL
C02765,Tran Gia Nhung,2005-02-09,Hai Phong,MEDIUM,53,FULL
C02766,Dang Hai An,1963-02-18,Ha Noi,LOW,68,FULL
C02767,Tran Xuan Anh,1976-07-02,Can Tho,MEDIUM,45,FULL
C02768,Pham Hoang Huy,1981-02-05,Quang Ninh,LOW,39,FULL
C02769,Nguyen Hai Lan,2001-08-09,Vung Tau,LOW,89,FULL
C02770,Ho Ngoc Lan,1960-12-02,Ho Chi Minh,LOW,54,FULL
C02771,Nguyen Thanh Trang,1961-10-05,Quang Ninh,LOW,20,FULL
C02772,Vu Gia Kiet,1981-02-20,Nha Trang,LOW,26,FULL
C02773,Phan Thu Nhung,2004-08-24,Ha Noi,HIGH,90,FULL
C02774,Pham Hoang Phuc,1961-12-01,Vung Tau,LOW,25,FULL
C02775,Vu Gia Lan,1973-08-22,Da Nang,LOW,74,FULL
C02776,Tran Tuan Hoang,1995-11-21,Nha Trang,LOW,95,FULL
C02777,Vu Thi Binh,1972-08-02,Nha Trang,MEDIUM,20,PARTIAL
C02778,Phan Xuan Khang,1976-06-22,Dong Nai,LOW,44,FULL
C02779,Vo Khanh Bao,1983-04-25,Quang Ninh,MEDIUM,51,FULL
C02780,Bui Thi Dat,1975-03-19,Da Nang,LOW,23,FULL
C02781,Hoang Tuan Son,1976-04-05,Quang Ninh,LOW,50,FULL
C02782,Ho Tuan Lan,1973-06-30,Vung Tau,LOW,93,FULL
C02783,Le Hai Huy,1989-06-11,Hai Phong,LOW,24,FULL
C02784,Ngo Xuan Khang,1994-01-15,Hai Phong,MEDIUM,77,FULL
C02785,Pham Thu Khang,1984-10-12,Can Tho,LOW,69,FULL
C02786,Vu Thanh Bao,1967-12-15,Ho Chi Minh,MEDIUM,17,PARTIAL
C02787,Pham Quoc Tung,2004-06-24,Da Nang,MEDIUM,76,FULL
C02788,Duong Thanh Anh,1993-05-13,Can Tho,LOW,47,FULL
C02789,Duong Minh Lan,1984-08-21,Hai Phong,MEDIUM,84,FULL
C02790,Vo Minh Khoa,1979-10-22,Quang Ninh,LOW,73,FULL
C02791,Vo Duc Tung,1987-10-04,Quang Ninh,LOW,82,FULL
C02792,Nguyen Hai Anh,1977-12-01,Da Nang,LOW,24,PARTIAL
C02793,Ho Duc Bao,1982-07-20,Quang Ninh,MEDIUM,59,PARTIAL
C02794,Hoang Duc Long,1995-06-05,Da Nang,HIGH,36,FULL
C02795,Huynh Van Vy,1975-05-12,Can Tho,LOW,63,PARTIAL
C02796,Vo Quoc An,1992-07-31,Da Nang,LOW,38,FULL
C02797,Ho Hoang Vy,1993-06-02,Nha Trang,HIGH,59,FULL
C02798,Tran Gia Vy,2002-06-23,Nha Trang,LOW,67,FULL
C02799,Tran Thu Dat,1963-05-14,Can Tho,HIGH,17,FULL
C02800,Le Tuan Hoang,1960-12-13,Vung Tau,LOW,7,PARTIAL
C02801,Bui Gia Tung,1991-12-31,Da Nang,LOW,40,FULL
C02802,Huynh Hoang Binh,1994-02-05,Hai Phong,MEDIUM,80,PARTIAL
C02803,Dang Hoang Dat,2004-09-08,Nha Trang,MEDIUM,18,FULL
C02804,Vo Van Nam,1994-12-20,Dong Nai,LOW,51,FULL
C02805,Tran Hai Vy,1989-09-28,Nha Trang,LOW,61,FULL
C02806,Pham Duc Lan,1991-09-06,Can Tho,MEDIUM,89,FULL
C02807,Tran Thi Lan,1974-08-20,Nha Trang,LOW,82,FULL
C02808,Ho Khanh Huy,1992-03-17,Hai Phong,HIGH,83,FULL
C02809,Ngo Duc Nhung,1991-10-10,Nha Trang,LOW,33,FULL
C02810,Vo Xuan Bao,2000-08-04,Da Nang,LOW,46,FULL
C02811,Tran Khanh Dat,1981-03-11,Ha Noi,LOW,58,PARTIAL
C02812,Bui Huu Khang,2003-05-25,Dong Nai,LOW,60,FULL
C02813,Bui Ngoc Huy,1961-10-05,Hai Phong,HIGH,88,FULL
C02814,Phan Van Anh,1997-03-08,Can Tho,LOW,78,FULL
C02815,Nguyen Ngoc Tung,1983-12-15,Hai Phong,LOW,60,FULL
C02816,Phan Thi Trang,1984-11-10,Nha Trang,LOW,74,PARTIAL
C02817,Do Hai An,1978-09-11,Dong Nai,LOW,10,FULL
C02818,Vu Hai Binh,1995-11-01,Can Tho,LOW,43,FULL
C02819,Huynh Ngoc An,1986-08-04,Hai Phong,LOW,22,FULL
C02820,Tran Huu Kiet,1972-01-07,Ha Noi,LOW,65,PARTIAL
C02821,Dang Hoang Phuc,2004-03-28,Dong Nai,MEDIUM,33,FULL
C02822,Ho Khanh Son,1984-05-16,Da Nang,LOW,59,PARTIAL
C02823,Vu Tuan Khoa,1999-03-03,Ha Noi,LOW,41,FULL
C02824,Dang Thu Anh,1976-10-13,Quang Ninh,LOW,11,FULL
C02825,Ngo Tuan Son,1978-12-11,Quang Ninh,LOW,66,FULL
C02826,Duong Khanh Phuc,1976-01-08,Dong Nai,LOW,90,FULL
C02827,Pham Duc Khoa,1974-02-25,Can Tho,LOW,46,FULL
C02828,Vo Gia Long,2004-07-11,Hai Phong,LOW,95,FULL
C02829,Hoang Huu Hoang,1972-11-25,Vung Tau,MEDIUM,86,FULL
C02830,Do Thi Son,1980-12-12,Da Nang,HIGH,9,FULL
C02831,Do Khanh Phuc,1967-06-05,Ha Noi,LOW,32,FULL
C02832,Bui Khanh Khang,1963-07-26,Dong Nai,LOW,75,FULL
C02833,Huynh Ngoc Lan,2000-05-29,Hue,HIGH,76,FULL
C02834,Tran Duc Lan,1983-11-25,Ho Chi Minh,MEDIUM,83,FULL
C02835,Tran Hoang Khoa,1974-04-05,Nha Trang,LOW,34,FULL
C02836,Bui Minh Son,2004-02-09,Hue,MEDIUM,47,FULL
C02837,Dang Thu Lan,1992-01-31,Ha Noi,LOW,72,FULL
C02838,Hoang Khanh Trang,1978-10-03,Dong Nai,LOW,62,FULL
C02839,Le Minh Binh,1989-09-16,Vung Tau,MEDIUM,24,PARTIAL
C02840,Ngo Tuan Son,1965-02-15,Dong Nai,LOW,28,PARTIAL
C02841,Duong Ngoc Nam,1982-11-08,Dong Nai,LOW,87,PARTIAL
C02842,Tran Van Son,1972-07-28,Vung Tau,LOW,73,FULL
C02843,Do Hoang Tung,2000-11-26,Ho Chi Minh,LOW,89,FULL
C02844,Vu Hoang Son,1968-08-23,Hai Phong,LOW,95,FULL
C02845,Phan Gia Nam,1981-03-16,Ha Noi,HIGH,69,FULL
C02846,Hoang Huu Long,1984-02-08,Hai Phong,LOW,15,FULL
C02847,Hoang Xuan Binh,1991-12-28,Quang Ninh,LOW,87,FULL
C02848,Ho Gia Phuc,1998-10-25,Ho Chi Minh,LOW,70,FULL
C02849,Vu Huu Khang,1964-07-16,Da Nang,LOW,79,PARTIAL
C02850,Pham Duc Anh,1989-06-23,Ha Noi,LOW,49,FULL
C02851,Vu Gia Vy,2004-10-05,Ha Noi,LOW,66,FULL
C02852,Ho Huu Khang,1965-05-18,Can Tho,LOW,78,FULL
C02853,Vo Xuan Kiet,1978-10-05,Hai Phong,LOW,64,FULL
C02854,Hoang Hoang Huy,1966-09-23,Ha Noi,LOW,48,FULL
C02855,Phan Xuan Huy,1982-04-30,Ho Chi Minh,LOW,43,FULL
C02856,Hoang Tuan Kiet,1992-03-18,Hai Phong,LOW,34,FULL
C02857,Ngo Tuan Huy,1982-03-27,Vung Tau,LOW,92,FULL
C02858,Vo Thi Vy,1986-06-17,Hue,MEDIUM,20,PARTIAL
C02859,Do Van Anh,1999-03-18,Da Nang,HIGH,6,FULL
C02860,Do Xuan Lan,1976-11-04,Ha Noi,MEDIUM,85,FULL
C02861,Dang Minh Phuc,1974-06-09,Da Nang,LOW,8,FULL
C02862,Pham Tuan An,1977-10-08,Da Nang,LOW,12,FULL
C02863,Ho Hoang Khang,1993-01-23,Hai Phong,MEDIUM,52,FULL
C02864,Bui Thanh Linh,1997-10-01,Da Nang,LOW,69,FULL
C02865,Bui Hoang Vy,1997-01-11,Can Tho,HIGH,90,FULL
C02866,Bui Thi Son,2004-08-12,Da Nang,LOW,15,FULL
C02867,Le Huu Lan,1979-03-28,Dong Nai,LOW,15,FULL
C02868,Vo Xuan Khang,1968-01-30,Hue,LOW,39,FULL
C02869,Pham Van Hoang,1976-06-14,Hue,LOW,15,FULL
C02870,Dang Tuan Son,1997-03-22,Vung Tau,MEDIUM,76,FULL
C02871,Dang Huu Kiet,2000-05-22,Can Tho,LOW,92,FULL
C02872,Huynh Thi Lan,1970-08-30,Ho Chi Minh,LOW,21,FULL
C02873,Vu Duc Lan,1999-06-17,Hai Phong,LOW,28,FULL
C02874,Ngo Thanh Vy,1970-03-26,Hue,LOW,93,PARTIAL
C02875,Huynh Thu Vy,1963-07-31,Ha Noi,LOW,91,FULL
C02876,Dang Minh Nhung,1997-12-29,Can Tho,MEDIUM,42,FULL
C02877,Bui Van Trang,1995-08-01,Hai Phong,LOW,76,FULL
C02878,Nguyen Hai Bao,1960-11-03,Vung Tau,LOW,44,FULL
C02879,Do Thi Nhung,1974-03-26,Nha Trang,LOW,57,FULL
C02880,Ho Xuan An,1960-02-03,Ho Chi Minh,LOW,18,FULL
C02881,Vo Minh Bao,1993-12-22,Ha Noi,LOW,79,PARTIAL
C02882,Ho Hoang Nam,1994-10-29,Hai Phong,LOW,64,PARTIAL
C02883,Le Hai Khoa,1972-05-19,Dong Nai,LOW,9,FULL
C02884,Vu Thu Lan,1971-04-10,Ho Chi Minh,LOW,31,FULL
C02885,Vo Minh Trang,1962-05-16,Can Tho,LOW,37,FULL
C02886,Huynh Ngoc Binh,1961-06-09,Quang Ninh,LOW,19,FULL
C02887,Hoang Khanh Tung,1996-02-18,Quang Ninh,LOW,7,FULL
C02888,Phan Gia Binh,1983-11-06,Dong Nai,HIGH,42,PARTIAL
C02889,Pham Ngoc Trang,1963-12-26,Ho Chi Minh,LOW,17,FULL
C02890,Pham Thi An,2000-10-28,Vung Tau,LOW,27,FULL
C02891,Ngo Tuan Nam,1977-11-30,Can Tho,LOW,65,FULL
C02892,Vo Khanh Tung,1962-08-05,Vung Tau,MEDIUM,75,FULL
C02893,Huynh Huu Binh,1979-03-17,Ho Chi Minh,MEDIUM,29,FULL
C02894,Le Quoc Khang,1974-04-10,Ha Noi,LOW,64,FULL
C02895,Tran Van Anh,1988-09-17,Hai Phong,LOW,27,FULL
C02896,Ngo Hai Binh,1984-09-21,Hue,HIGH,81,FULL
C02897,Vo Xuan Huy,2002-08-05,Ho Chi Minh,LOW,69,FULL
C02898,Nguyen Gia Bao,1963-10-02,Nha Trang,LOW,85,PARTIAL
C02899,Bui Hai Dat,1966-06-18,Quang Ninh,LOW,32,FULL
C02900,Hoang Hoang Phuc,1989-04-07,Vung Tau,MEDIUM,28,FULL
C02901,Phan Thanh Son,1962-09-20,Can Tho,MEDIUM,83,FULL
C02902,Ho Van Khang,1994-05-27,Dong Nai,MEDIUM,33,FULL
C02903,Do Khanh Dat,1990-07-30,Can Tho,LOW,56,PARTIAL
C02904,Phan Duc Khoa,1962-07-13,Nha Trang,MEDIUM,46,FULL
C02905,Pham Van Huy,2001-01-05,Hue,LOW,80,FULL
C02906,Huynh Minh Son,1964-07-28,Hue,LOW,66,FULL
C02907,Ngo Ngoc Binh,1960-02-07,Hai Phong,MEDIUM,75,FULL
C02908,Le Tuan An,1981-08-03,Hai Phong,LOW,18,FULL
C02909,Huynh Khanh Bao,2004-08-28,Nha Trang,LOW,69,FULL
C02910,Vo Khanh Lan,1982-05-17,Da Nang,LOW,55,FULL
C02911,Bui Duc Huy,1989-01-20,Dong Nai,LOW,85,FULL
C02912,Pham Quoc Nam,1978-06-06,Hai Phong,LOW,39,PARTIAL
C02913,Ho Van Trang,1971-11-20,Hue,HIGH,49,FULL
C02914,Bui Van Bao,1975-11-22,Hai Phong,LOW,81,FULL
C02915,Vo Tuan Kiet,2000-05-02,Dong Nai,MEDIUM,37,FULL
C02916,Ho Tuan Kiet,1971-05-14,Ha Noi,LOW,93,FULL
C02917,Hoang Ngoc Trang,1998-07-29,Da Nang,LOW,47,FULL
C02918,Do Quoc Binh,1974-09-30,Ha Noi,MEDIUM,74,FULL
C02919,Ho Thu Long,1982-07-14,Hai Phong,LOW,38,FULL
C02920,Duong Huu Hoang,1963-03-01,Nha Trang,MEDIUM,64,FULL
C02921,Vo Quoc Khoa,1967-07-11,Hue,MEDIUM,79,FULL
C02922,Vo Thanh Linh,1966-04-17,Can Tho,HIGH,80,FULL
C02923,Phan Hoang Khang,1973-06-17,Da Nang,LOW,50,FULL
C02924,Tran Ngoc Bao,1970-11-13,Dong Nai,MEDIUM,41,FULL
C02925,Bui Thu Long,1996-02-17,Vung Tau,LOW,27,FULL
C02926,Le Quoc Lan,1977-01-09,Can Tho,LOW,50,FULL
C02927,Dang Xuan Linh,1988-04-14,Ho Chi Minh,MEDIUM,35,FULL
C02928,Do Duc Bao,1967-08-30,Quang Ninh,MEDIUM,53,PARTIAL
C02929,Tran Van Long,1974-12-26,Can Tho,MEDIUM,24,FULL
C02930,Dang Khanh Vy,1988-04-11,Nha Trang,LOW,61,FULL
C02931,Dang Duc Khang,1967-10-29,Can Tho,LOW,11,FULL
C02932,Ho Hoang Nhung,1963-01-11,Ha Noi,LOW,54,FULL
C02933,Vu Hai Kiet,1989-03-23,Dong Nai,LOW,46,FULL
C02934,Bui Khanh Kiet,1974-07-25,Quang Ninh,LOW,52,FULL
C02935,Nguyen Xuan Trang,1997-10-03,Hai Phong,LOW,31,FULL
C02936,Do Duc Linh,2003-11-26,Hai Phong,LOW,37,FULL
C02937,Ho Duc Khang,1989-11-10,Can Tho,MEDIUM,85,PARTIAL
C02938,Do Thu Vy,1972-01-07,Da Nang,MEDIUM,29,FULL
C02939,Ngo Khanh Trang,1995-04-24,Hue,LOW,76,FULL
C02940,Hoang Van Linh,1973-05-13,Dong Nai,LOW,7,PARTIAL
C02941,Pham Thanh Anh,2003-07-26,Can Tho,LOW,90,FULL
C02942,Ngo Gia Bao,1971-07-19,Ho Chi Minh,LOW,44,PARTIAL
C02943,Ngo Thi Trang,2002-03-13,Quang Ninh,MEDIUM,78,FULL
C02944,Duong Huu Nam,1960-06-02,Dong Nai,LOW,50,FULL
C02945,Nguyen Van Kiet,1961-01-26,Ha Noi,LOW,95,FULL
C02946,Le Thi Binh,1961-10-18,Da Nang,LOW,54,PARTIAL
C02947,Le Thu Dat,1991-07-17,Vung Tau,LOW,81,FULL
C02948,Dang Quoc Phuc,1980-08-12,Da Nang,MEDIUM,24,FULL
C02949,Vu Thu Khang,1994-05-28,Ha Noi,LOW,51,FULL
C02950,Bui Ngoc Hoang,1996-02-28,Dong Nai,LOW,84,FULL
C02951,Bui Thu Nam,1983-09-24,Vung Tau,LOW,60,PARTIAL
C02952,Vu Khanh Lan,2005-05-17,Quang Ninh,LOW,91,FULL
C02953,Nguyen Tuan Vy,1994-08-27,Ha Noi,HIGH,47,FULL
C02954,Le Ngoc Khang,2002-03-14,Can Tho,LOW,95,FULL
C02955,Tran Xuan Khang,2004-05-13,Hai Phong,MEDIUM,59,FULL
C02956,Huynh Gia Son,1974-10-06,Vung Tau,LOW,57,FULL
C02957,Phan Duc Khoa,1999-12-31,Hue,LOW,18,FULL
C02958,Ngo Hai Trang,2003-05-23,Hue,LOW,60,FULL
C02959,Huynh Gia Dat,1960-06-07,Can Tho,LOW,6,FULL
C02960,Le Ngoc Huy,1990-11-26,Vung Tau,MEDIUM,11,FULL
C02961,Hoang Hoang Son,1992-07-14,Vung Tau,MEDIUM,91,FULL
C02962,Bui Khanh Khang,1972-04-29,Ha Noi,LOW,48,FULL
C02963,Ho Ngoc Kiet,1988-04-18,Hue,MEDIUM,19,PARTIAL
C02964,Nguyen Quoc An,1987-03-18,Da Nang,LOW,51,FULL
C02965,Tran Hai Son,1978-07-09,Da Nang,LOW,36,FULL
C02966,Vu Thu Huy,2003-02-09,Nha Trang,LOW,88,PARTIAL
C02967,Ngo Thanh Nam,1960-02-15,Hue,HIGH,19,FULL
C02968,Huynh Van Nam,1960-11-28,Vung Tau,LOW,55,FULL
C02969,Phan Khanh Khoa,1997-07-15,Vung Tau,MEDIUM,60,FULL
C02970,Do Hai Kiet,2003-03-23,Can Tho,MEDIUM,29,FULL
C02971,Dang Minh Vy,1963-06-23,Dong Nai,LOW,37,FULL
C02972,Phan Thu Phuc,1985-01-28,Dong Nai,LOW,77,FULL
C02973,Huynh Van Khang,1975-08-07,Ho Chi Minh,MEDIUM,18,FULL
C02974,Vu Ngoc Lan,1966-04-13,Can Tho,MEDIUM,91,FULL
C02975,Tran Khanh An,2005-11-22,Hue,LOW,36,PARTIAL
C02976,Vo Thanh Hoang,1976-07-17,Hai Phong,MEDIUM,90,FULL
C02977,Vu Tuan Hoang,1966-09-20,Quang Ninh,MEDIUM,88,FULL
C02978,Duong Thi Lan,1965-11-08,Ho Chi Minh,MEDIUM,50,FULL
C02979,Dang Thi Nam,2003-01-13,Ha Noi,LOW,61,FULL
C02980,Vu Van Phuc,1996-08-12,Hue,HIGH,46,FULL
C02981,Phan Hoang Nam,1970-02-17,Ho Chi Minh,MEDIUM,12,FULL
C02982,Do Quoc Huy,1995-12-12,Nha Trang,LOW,57,FULL
C02983,Duong Duc Bao,1985-01-19,Nha Trang,LOW,30,FULL
C02984,Vu Van Phuc,2004-05-23,Ha Noi,MEDIUM,22,FULL
C02985,Vo Xuan Long,1964-01-24,Nha Trang,LOW,79,FULL
C02986,Huynh Hai Linh,1997-05-02,Quang Ninh,MEDIUM,67,FULL
C02987,Phan Thi Kiet,1986-01-09,Dong Nai,LOW,33,FULL
C02988,Dang Khanh Nam,1977-04-23,Hai Phong,LOW,24,FULL
C02989,Dang Gia Dat,2003-12-31,Ho Chi Minh,LOW,16,PARTIAL
C02990,Ho Ngoc Nam,1994-06-19,Quang Ninh,LOW,58,FULL
C02991,Duong Khanh Dat,1971-05-19,Dong Nai,LOW,47,FULL
C02992,Do Thu Linh,1970-08-01,Hai Phong,LOW,26,PARTIAL
C02993,Tran Ngoc Vy,1964-12-19,Hai Phong,LOW,63,FULL
C02994,Ngo Thanh Bao,1994-10-08,Can Tho,LOW,32,FULL
C02995,Phan Van Long,1960-03-31,Dong Nai,LOW,30,FULL
C02996,Duong Thi Trang,1974-12-12,Can Tho,LOW,60,FULL
C02997,Duong Khanh Lan,1999-12-19,Quang Ninh,LOW,30,FULL
C02998,Pham Hoang Huy,1966-08-17,Quang Ninh,HIGH,14,FULL
C02999,Dang Duc Lan,1968-04-15,Ha Noi,LOW,45,FULL
C03000,Phan Gia Tung,1965-09-21,Hai Phong,LOW,28,FULL
C03001,Dang Minh Huy,1984-04-01,Nha Trang,HIGH,12,PARTIAL
C03002,Duong Huu Son,1984-02-21,Hai Phong,LOW,92,FULL
C03003,Nguyen Quoc Son,1989-09-29,Hai Phong,LOW,57,FULL
C03004,Phan Hai Huy,1977-02-09,Hue,LOW,41,FULL
C03005,Ngo Tuan Nhung,1962-11-24,Da Nang,LOW,78,FULL
C03006,Pham Van Nam,1971-10-30,Quang Ninh,MEDIUM,33,FULL
C03007,Tran Xuan Son,1970-09-20,Vung Tau,MEDIUM,31,FULL
C03008,Do Minh Khoa,2002-03-04,Da Nang,LOW,80,FULL
C03009,Phan Quoc Huy,1975-10-15,Ho Chi Minh,LOW,92,FULL
C03010,Huynh Ngoc Binh,1982-12-13,Hue,LOW,31,FULL
C03011,Huynh Khanh Huy,1977-05-07,Hue,LOW,84,FULL
C03012,Tran Van Nhung,2005-07-11,Ha Noi,LOW,27,PARTIAL
C03013,Dang Huu Nam,1961-01-27,Vung Tau,MEDIUM,31,FULL
C03014,Huynh Thu Lan,1973-12-09,Ha Noi,LOW,79,FULL
C03015,Phan Thi Long,1965-10-16,Dong Nai,LOW,29,FULL
C03016,Bui Minh Lan,2002-12-24,Ha Noi,LOW,54,FULL
C03017,Vo Xuan Khang,2005-12-29,Vung Tau,MEDIUM,49,FULL
C03018,Hoang Gia Kiet,1968-06-21,Can Tho,LOW,86,FULL
C03019,Vu Hoang Vy,1977-03-18,Hue,LOW,65,FULL
C03020,Ho Xuan Vy,1972-12-22,Da Nang,LOW,43,FULL
C03021,Tran Quoc Anh,1987-06-01,Vung Tau,LOW,76,FULL
C03022,Ngo Thi Nam,1968-08-11,Da Nang,LOW,71,FULL
C03023,Phan Thi Bao,1977-12-14,Ha Noi,MEDIUM,27,FULL
C03024,Hoang Hoang Tung,2003-06-22,Ho Chi Minh,LOW,10,FULL
C03025,Vo Minh Binh,1974-10-19,Quang Ninh,MEDIUM,71,FULL
C03026,Huynh Hai Nhung,1969-10-24,Quang Ninh,LOW,95,FULL
C03027,Hoang Huu Trang,1971-02-11,Da Nang,MEDIUM,51,FULL
C03028,Hoang Ngoc Linh,1992-04-12,Nha Trang,HIGH,26,FULL
C03029,Do Tuan Linh,1985-06-26,Nha Trang,LOW,87,FULL
C03030,Bui Tuan Khoa,1965-09-06,Vung Tau,MEDIUM,16,FULL
C03031,Ngo Hoang An,1978-05-29,Ha Noi,LOW,63,FULL
C03032,Vo Gia Hoang,1987-05-24,Quang Ninh,LOW,61,FULL
C03033,Phan Ngoc Kiet,1979-01-30,Ha Noi,MEDIUM,37,FULL
C03034,Bui Thu Trang,1985-01-11,Dong Nai,MEDIUM,71,FULL
C03035,Nguyen Duc Anh,1974-06-23,Nha Trang,LOW,16,FULL
C03036,Ngo Hai An,1965-10-30,Ho Chi Minh,LOW,33,FULL
C03037,Pham Hoang Huy,2003-08-19,Ho Chi Minh,LOW,18,FULL
C03038,Dang Quoc Khoa,2000-07-25,Vung Tau,HIGH,23,FULL
C03039,Le Quoc Lan,1988-05-18,Ho Chi Minh,LOW,25,FULL
C03040,Bui Thi Linh,1981-08-29,Ha Noi,MEDIUM,13,FULL
C03041,Tran Minh Dat,1985-10-08,Ho Chi Minh,MEDIUM,26,FULL
C03042,Dang Duc An,1982-11-21,Hai Phong,HIGH,77,FULL
C03043,Vu Thanh Long,1983-08-16,Dong Nai,LOW,49,FULL
C03044,Ngo Quoc Kiet,1991-11-27,Ha Noi,LOW,71,FULL
C03045,Hoang Ngoc Khang,1982-12-19,Hue,LOW,76,FULL
C03046,Le Thi Hoang,1999-03-31,Hue,LOW,16,FULL
C03047,Ngo Hoang Lan,2002-04-25,Can Tho,LOW,11,FULL
C03048,Vo Minh Son,1983-06-27,Quang Ninh,LOW,23,PARTIAL
C03049,Tran Duc Bao,1991-08-21,Can Tho,LOW,83,FULL
C03050,Tran Quoc Vy,1968-06-26,Hue,LOW,21,FULL
C03051,Tran Ngoc Nhung,1979-11-24,Hai Phong,HIGH,56,FULL
C03052,Hoang Van Son,1961-10-24,Ho Chi Minh,MEDIUM,94,FULL
C03053,Do Minh Nhung,1981-03-24,Quang Ninh,LOW,15,FULL
C03054,Bui Khanh Trang,1992-02-24,Can Tho,MEDIUM,59,PARTIAL
C03055,Dang Van Anh,1979-02-15,Ho Chi Minh,LOW,61,PARTIAL
C03056,Bui Hoang Nhung,2003-11-06,Quang Ninh,LOW,85,FULL
C03057,Duong Duc Trang,1997-08-04,Ho Chi Minh,HIGH,41,FULL
C03058,Huynh Khanh Trang,1975-05-05,Hai Phong,HIGH,32,PARTIAL
C03059,Vu Gia Binh,1964-09-16,Da Nang,LOW,81,FULL
C03060,Duong Xuan Lan,1996-03-23,Ho Chi Minh,LOW,48,FULL
C03061,Le Thu Tung,1984-02-19,Hai Phong,LOW,67,FULL
C03062,Duong Hai Anh,1998-07-10,Da Nang,LOW,7,FULL
C03063,Dang Duc An,1990-01-31,Can Tho,LOW,93,FULL
C03064,Le Minh An,1981-12-25,Da Nang,LOW,84,PARTIAL
C03065,Phan Huu Huy,1964-12-18,Hai Phong,LOW,13,FULL
C03066,Vo Van Nhung,1995-01-13,Dong Nai,LOW,25,FULL
C03067,Tran Thu Nhung,1976-04-04,Da Nang,HIGH,46,FULL
C03068,Vu Ngoc Nam,1965-12-06,Da Nang,HIGH,93,FULL
C03069,Duong Quoc Huy,1976-03-12,Dong Nai,LOW,84,FULL
C03070,Do Van Nhung,1972-06-22,Hue,MEDIUM,83,FULL
C03071,Huynh Thu An,1969-07-12,Hai Phong,LOW,66,FULL
C03072,Vo Tuan Bao,1980-08-03,Hai Phong,LOW,65,FULL
C03073,Bui Xuan Huy,1968-03-21,Ho Chi Minh,LOW,60,FULL
C03074,Vu Quoc Huy,1992-03-10,Da Nang,LOW,9,FULL
C03075,Ho Thu Khang,2004-12-20,Ho Chi Minh,LOW,93,FULL
C03076,Duong Hoang Long,1977-10-18,Can Tho,MEDIUM,9,FULL
C03077,Tran Khanh Long,1997-12-29,Dong Nai,LOW,50,FULL
C03078,Vo Huu Nam,1964-10-10,Vung Tau,LOW,46,FULL
C03079,Bui Thu Nhung,1984-06-30,Hue,LOW,72,FULL
C03080,Ngo Khanh Phuc,1976-02-04,Can Tho,MEDIUM,87,FULL
C03081,Phan Gia An,1969-12-07,Can Tho,LOW,20,FULL
C03082,Ho Huu Dat,1999-05-21,Dong Nai,LOW,63,FULL
C03083,Huynh Minh Hoang,1996-11-19,Vung Tau,HIGH,34,FULL
C03084,Vu Tuan Nhung,1970-06-27,Vung Tau,HIGH,87,FULL
C03085,Nguyen Hai An,2001-12-21,Vung Tau,MEDIUM,32,FULL
C03086,Ngo Quoc Son,1995-02-05,Nha Trang,LOW,51,FULL
C03087,Vu Hai Nam,1985-04-22,Vung Tau,MEDIUM,65,FULL
C03088,Nguyen Huu Lan,1976-06-11,Hue,MEDIUM,57,FULL
C03089,Hoang Minh Anh,1961-10-19,Da Nang,LOW,7,FULL
C03090,Dang Xuan Linh,1992-06-23,Quang Ninh,LOW,45,FULL
C03091,Ho Van Kiet,1971-03-06,Can Tho,LOW,94,FULL
C03092,Do Ngoc Dat,1960-12-07,Da Nang,MEDIUM,93,FULL
C03093,Vu Tuan Kiet,1981-12-28,Dong Nai,MEDIUM,29,FULL
C03094,Huynh Duc Nhung,1971-07-20,Can Tho,LOW,52,FULL
C03095,Le Minh Vy,1981-08-20,Ha Noi,HIGH,51,FULL
C03096,Bui Ngoc Dat,1961-02-27,Quang Ninh,LOW,83,FULL
C03097,Do Thu Nhung,1971-11-13,Ho Chi Minh,LOW,10,PARTIAL
C03098,Dang Thi Son,1989-12-29,Hai Phong,LOW,56,FULL
C03099,Pham Huu Bao,1978-07-24,Can Tho,LOW,32,FULL
C03100,Do Minh Huy,1984-10-27,Ha Noi,MEDIUM,77,FULL
C03101,Bui Quoc Nam,1974-03-16,Ha Noi,HIGH,14,FULL
C03102,Do Huu Khang,1978-07-03,Quang Ninh,LOW,91,FULL
C03103,Ngo Khanh Bao,1989-06-27,Hai Phong,LOW,34,FULL
C03104,Ho Quoc Son,1988-09-14,Nha Trang,LOW,17,FULL
C03105,Phan Xuan Nam,1984-04-23,Hai Phong,HIGH,95,FULL
C03106,Bui Quoc Binh,1960-10-14,Hue,MEDIUM,65,FULL
C03107,Vo Quoc Trang,1985-10-11,Nha Trang,HIGH,18,FULL
C03108,Vo Xuan Trang,1996-10-13,Hai Phong,LOW,61,FULL
C03109,Ho Thanh Lan,2003-08-03,Dong Nai,LOW,53,FULL
C03110,Ho Khanh Anh,1994-02-21,Dong Nai,HIGH,95,FULL
C03111,Pham Ngoc Hoang,1987-03-22,Dong Nai,LOW,31,FULL
C03112,Phan Gia Nhung,2001-05-05,Quang Ninh,MEDIUM,23,FULL
C03113,Pham Huu Tung,1965-04-12,Hue,LOW,38,FULL
C03114,Phan Hoang Dat,1998-01-05,Da Nang,MEDIUM,91,FULL
C03115,Tran Tuan Anh,1961-11-04,Hai Phong,LOW,92,FULL
C03116,Do Thu Khoa,1961-04-01,Ho Chi Minh,LOW,37,FULL
C03117,Vo Huu Khoa,1960-07-10,Hai Phong,HIGH,88,FULL
C03118,Dang Xuan Vy,2003-11-09,Hue,MEDIUM,59,PARTIAL
C03119,Vu Huu Bao,1993-09-11,Ha Noi,LOW,25,FULL
C03120,Phan Khanh Long,1995-12-10,Nha Trang,LOW,49,FULL
C03121,Ho Duc Anh,1994-10-07,Ho Chi Minh,LOW,30,FULL
C03122,Hoang Van Phuc,1963-02-12,Da Nang,MEDIUM,23,FULL
C03123,Huynh Khanh Son,1967-09-22,Ho Chi Minh,LOW,43,FULL
C03124,Ngo Hoang Khang,2001-12-07,Can Tho,HIGH,76,FULL
C03125,Huynh Xuan Lan,1983-06-01,Quang Ninh,HIGH,14,FULL
C03126,Huynh Thi Linh,1962-12-28,Nha Trang,HIGH,34,FULL
C03127,Hoang Thanh Kiet,1987-01-07,Hai Phong,LOW,53,FULL
C03128,Vo Thu Linh,1977-10-19,Ho Chi Minh,LOW,64,FULL
C03129,Ngo Hai Khoa,1966-04-16,Vung Tau,HIGH,14,FULL
C03130,Duong Quoc Vy,2003-03-18,Da Nang,MEDIUM,54,FULL
C03131,Do Duc Huy,1995-05-17,Hue,LOW,13,FULL
C03132,Huynh Quoc Huy,1964-11-18,Hue,LOW,45,FULL
C03133,Huynh Xuan Dat,1995-02-16,Hue,LOW,65,FULL
C03134,Phan Ngoc Linh,2004-09-10,Nha Trang,LOW,46,FULL
C03135,Bui Huu Khoa,1986-01-07,Quang Ninh,MEDIUM,14,FULL
C03136,Vu Khanh Dat,1997-01-01,Hai Phong,MEDIUM,21,FULL
C03137,Phan Thi Khang,1972-08-15,Quang Ninh,LOW,44,FULL
C03138,Dang Minh Trang,2003-10-07,Hai Phong,LOW,94,FULL
C03139,Le Tuan Nam,1978-06-24,Quang Ninh,LOW,88,FULL
C03140,Hoang Minh Nam,1977-12-12,Quang Ninh,MEDIUM,55,FULL
C03141,Dang Tuan Anh,1993-09-26,Ho Chi Minh,LOW,8,FULL
C03142,Vu Thu Khang,1999-12-24,Ha Noi,LOW,84,FULL
C03143,Phan Tuan Long,1961-07-29,Ha Noi,LOW,77,FULL
C03144,Nguyen Hai An,1987-08-03,Hai Phong,MEDIUM,6,FULL
C03145,Vo Tuan Lan,1993-04-17,Dong Nai,LOW,44,FULL
C03146,Ngo Ngoc Kiet,1968-09-04,Da Nang,MEDIUM,83,FULL
C03147,Hoang Van An,1985-05-07,Da Nang,LOW,13,FULL
C03148,Tran Minh Phuc,1971-10-15,Ha Noi,LOW,10,FULL
C03149,Ho Huu Kiet,1994-10-31,Quang Ninh,LOW,11,FULL
C03150,Ho Huu Khoa,1975-08-29,Hue,LOW,60,FULL
C03151,Phan Minh Vy,1978-05-02,Ha Noi,LOW,59,FULL
C03152,Ho Minh Linh,1993-12-24,Nha Trang,LOW,45,FULL
C03153,Tran Minh Hoang,1989-07-24,Quang Ninh,HIGH,80,FULL
C03154,Nguyen Thu Anh,1986-12-29,Ho Chi Minh,LOW,40,FULL
C03155,Bui Khanh Khang,1966-11-03,Hai Phong,HIGH,93,FULL
C03156,Tran Tuan Lan,1999-12-18,Quang Ninh,LOW,71,FULL
C03157,Tran Minh Bao,1967-02-28,Can Tho,LOW,9,FULL
C03158,Duong Tuan Hoang,1961-01-12,Quang Ninh,LOW,26,FULL
C03159,Bui Quoc Phuc,1967-05-04,Hue,LOW,19,FULL
C03160,Dang Thanh Nhung,2000-11-07,Can Tho,LOW,9,FULL
C03161,Hoang Hoang Huy,1984-12-09,Quang Ninh,LOW,66,FULL
C03162,Bui Tuan Binh,1997-04-07,Quang Ninh,LOW,43,FULL
C03163,Ngo Thu Linh,1988-01-03,Da Nang,LOW,14,FULL
C03164,Vu Huu Long,1963-02-06,Ho Chi Minh,LOW,43,FULL
C03165,Tran Thanh Phuc,1984-10-15,Vung Tau,LOW,54,FULL
C03166,Vu Ngoc Lan,1999-10-06,Vung Tau,LOW,88,FULL
C03167,Vo Hoang Trang,1990-05-12,Can Tho,LOW,70,FULL
C03168,Hoang Gia An,1960-03-05,Hue,LOW,33,PARTIAL
C03169,Dang Tuan Kiet,1969-06-21,Hai Phong,LOW,80,FULL
C03170,Ho Minh Lan,1969-09-25,Ho Chi Minh,LOW,9,FULL
C03171,Huynh Thanh Hoang,1975-08-15,Hue,MEDIUM,32,FULL
C03172,Huynh Thu Son,1993-03-26,Can Tho,MEDIUM,38,FULL
C03173,Phan Quoc Lan,1963-12-15,Nha Trang,LOW,62,FULL
C03174,Dang Khanh Khang,1994-08-03,Da Nang,HIGH,25,FULL
C03175,Bui Thi Dat,1964-04-30,Ha Noi,LOW,92,FULL
C03176,Duong Hoang Vy,1996-04-26,Da Nang,HIGH,28,FULL
C03177,Huynh Quoc Huy,1963-03-22,Hai Phong,MEDIUM,75,FULL
C03178,Dang Tuan Kiet,2003-08-20,Dong Nai,LOW,57,FULL
C03179,Nguyen Ngoc Tung,1983-02-03,Ho Chi Minh,LOW,53,FULL
C03180,Huynh Xuan Kiet,1961-08-03,Can Tho,HIGH,89,FULL
C03181,Hoang Thi Son,1997-01-07,Ho Chi Minh,LOW,10,FULL
C03182,Nguyen Ngoc Nam,2002-03-06,Ho Chi Minh,LOW,88,FULL
C03183,Dang Minh Khoa,1980-03-21,Ha Noi,LOW,70,FULL
C03184,Do Thanh Binh,1982-05-20,Hai Phong,LOW,69,FULL
C03185,Hoang Thu Dat,1969-12-10,Vung Tau,LOW,28,PARTIAL
C03186,Nguyen Hoang Khoa,1965-12-14,Da Nang,LOW,84,FULL
C03187,Bui Ngoc Phuc,2005-01-27,Can Tho,LOW,43,FULL
C03188,Tran Thi Trang,1979-06-17,Quang Ninh,MEDIUM,84,FULL
C03189,Tran Gia Phuc,1994-09-05,Ho Chi Minh,LOW,38,FULL
C03190,Vo Quoc Hoang,1994-03-07,Hue,LOW,43,PARTIAL
C03191,Vu Minh Vy,1991-09-15,Quang Ninh,MEDIUM,40,FULL
C03192,Bui Duc Vy,1962-08-03,Can Tho,LOW,48,FULL
C03193,Vu Hoang Linh,1980-01-26,Ho Chi Minh,LOW,65,FULL
C03194,Duong Quoc Dat,1991-11-03,Nha Trang,HIGH,51,FULL
C03195,Bui Tuan Linh,2003-12-25,Da Nang,MEDIUM,44,FULL
C03196,Huynh Thu Vy,1997-08-22,Da Nang,LOW,84,FULL
C03197,Nguyen Hoang Nhung,1991-08-09,Nha Trang,LOW,81,FULL
C03198,Nguyen Gia Binh,1970-02-11,Quang Ninh,LOW,46,PARTIAL
C03199,Le Hai Long,1963-12-15,Dong Nai,LOW,44,FULL
C03200,Bui Ngoc Lan,1995-12-16,Dong Nai,MEDIUM,64,FULL
C03201,Do Minh Linh,1994-11-26,Quang Ninh,LOW,77,FULL
C03202,Huynh Thu Vy,1978-02-23,Vung Tau,LOW,62,FULL
C03203,Pham Gia Son,1997-06-04,Quang Ninh,HIGH,16,FULL
C03204,Dang Gia Khoa,1999-10-10,Quang Ninh,LOW,27,PARTIAL
C03205,Vu Thi Long,1985-02-11,Hai Phong,LOW,70,FULL
C03206,Hoang Khanh Nhung,1980-12-25,Ho Chi Minh,LOW,37,FULL
C03207,Ho Thi Khoa,2002-10-22,Ha Noi,MEDIUM,49,FULL
C03208,Bui Huu Binh,1978-11-02,Vung Tau,HIGH,66,PARTIAL
C03209,Pham Thanh Lan,1977-11-09,Dong Nai,HIGH,7,FULL
C03210,Ngo Thi Anh,2000-06-01,Ho Chi Minh,LOW,37,FULL
C03211,Le Van An,1979-09-12,Can Tho,LOW,40,FULL
C03212,Vo Tuan Huy,1969-02-20,Nha Trang,LOW,6,FULL
C03213,Do Minh Nam,1974-09-12,Can Tho,HIGH,68,FULL
C03214,Vo Thi Vy,1980-03-17,Can Tho,LOW,37,FULL
C03215,Bui Gia An,1993-04-15,Ho Chi Minh,HIGH,84,FULL
C03216,Huynh Xuan Nhung,1999-02-10,Can Tho,LOW,61,PARTIAL
C03217,Tran Hoang Phuc,1977-03-17,Vung Tau,LOW,26,FULL
C03218,Duong Huu Long,1987-01-14,Ho Chi Minh,LOW,16,FULL
C03219,Pham Gia Khoa,1987-11-09,Hue,HIGH,74,PARTIAL
C03220,Vu Duc Son,1977-10-20,Quang Ninh,LOW,19,FULL
C03221,Phan Hai Khang,2002-07-03,Dong Nai,LOW,70,FULL
C03222,Hoang Minh Linh,2002-07-10,Vung Tau,MEDIUM,9,FULL
C03223,Hoang Gia Anh,2005-06-09,Ho Chi Minh,HIGH,60,FULL
C03224,Vu Duc Bao,1985-10-04,Vung Tau,LOW,81,FULL
C03225,Vu Huu Kiet,1997-02-20,Hai Phong,LOW,74,PARTIAL
C03226,Vu Huu Lan,1986-09-09,Ha Noi,LOW,85,PARTIAL
C03227,Ho Huu Khoa,1975-07-30,Vung Tau,MEDIUM,25,PARTIAL
C03228,Do Tuan Bao,1969-09-02,Ha Noi,MEDIUM,63,FULL
C03229,Duong Gia Bao,1964-04-26,Dong Nai,LOW,85,FULL
C03230,Duong Quoc Kiet,1982-04-16,Ha Noi,MEDIUM,21,FULL
C03231,Huynh Xuan Dat,1990-11-06,Quang Ninh,LOW,88,PARTIAL
C03232,Duong Ngoc Tung,1980-03-21,Nha Trang,LOW,26,PARTIAL
C03233,Tran Xuan Long,1997-05-31,Can Tho,HIGH,21,FULL
C03234,Tran Huu Long,2003-12-26,Dong Nai,LOW,56,FULL
C03235,Do Hai Kiet,1966-12-10,Quang Ninh,LOW,88,FULL
C03236,Ngo Thanh Tung,1976-04-17,Hai Phong,LOW,8,FULL
C03237,Le Hai Nhung,1978-11-21,Ha Noi,LOW,29,PARTIAL
C03238,Le Quoc Khoa,2002-01-04,Nha Trang,LOW,34,FULL
C03239,Ho Quoc Tung,1963-08-11,Ho Chi Minh,LOW,73,FULL
C03240,Tran Khanh Dat,2000-06-24,Dong Nai,LOW,66,FULL
C03241,Tran Khanh Kiet,1969-08-26,Hai Phong,LOW,76,FULL
C03242,Vo Thi Son,1996-11-23,Quang Ninh,LOW,19,FULL
C03243,Nguyen Ngoc Hoang,1970-03-17,Ho Chi Minh,LOW,49,FULL
C03244,Bui Hoang Lan,1987-07-15,Hai Phong,HIGH,80,PARTIAL
C03245,Ho Hoang Lan,1979-02-14,Da Nang,LOW,84,FULL
C03246,Bui Duc Bao,1985-03-19,Da Nang,LOW,86,FULL
C03247,Vo Gia Khoa,1997-11-24,Ha Noi,LOW,20,FULL
C03248,Dang Khanh Vy,2004-02-03,Dong Nai,LOW,95,FULL
C03249,Huynh Khanh Nhung,1964-06-23,Ha Noi,LOW,93,FULL
C03250,Huynh Tuan Vy,1986-01-09,Vung Tau,LOW,20,FULL
C03251,Nguyen Hoang An,1963-07-15,Ha Noi,MEDIUM,30,FULL
C03252,Pham Hai Phuc,1995-12-07,Ho Chi Minh,MEDIUM,11,PARTIAL
C03253,Dang Thanh Khang,1982-09-16,Da Nang,MEDIUM,66,FULL
C03254,Bui Van Huy,1972-04-24,Hai Phong,LOW,77,FULL
C03255,Ho Thi Kiet,1961-03-01,Can Tho,LOW,62,PARTIAL
C03256,Huynh Thi Son,1997-05-11,Hue,MEDIUM,63,FULL
C03257,Ngo Thanh Lan,2000-10-21,Da Nang,LOW,86,FULL
C03258,Vo Thanh Anh,1965-02-18,Ho Chi Minh,LOW,71,FULL
C03259,Huynh Thanh Anh,2004-08-16,Ha Noi,LOW,66,PARTIAL
C03260,Tran Thi Long,1968-12-25,Da Nang,LOW,8,FULL
C03261,Le Thi Nhung,1973-02-15,Dong Nai,HIGH,12,FULL
C03262,Ngo Thanh Kiet,1986-06-23,Can Tho,MEDIUM,24,FULL
C03263,Pham Duc Trang,1993-09-07,Ho Chi Minh,LOW,68,FULL
C03264,Dang Thu Hoang,1984-12-23,Vung Tau,MEDIUM,73,FULL
C03265,Dang Gia Binh,1970-11-03,Hue,MEDIUM,65,FULL
C03266,Phan Huu Hoang,2000-12-25,Ha Noi,LOW,24,FULL
C03267,Pham Duc Anh,1971-06-30,Ho Chi Minh,LOW,27,FULL
C03268,Pham Gia Huy,1976-08-02,Hai Phong,LOW,56,FULL
C03269,Le Tuan Nhung,1973-09-22,Ho Chi Minh,LOW,36,FULL
C03270,Le Hai Long,1978-01-28,Hue,LOW,16,FULL
C03271,Nguyen Quoc Binh,1963-02-02,Hue,LOW,15,FULL
C03272,Duong Hai Dat,1969-03-24,Nha Trang,LOW,94,FULL
C03273,Phan Khanh Kiet,1994-09-06,Hue,LOW,95,FULL
C03274,Hoang Thi Anh,1970-10-16,Ho Chi Minh,LOW,48,FULL
C03275,Huynh Hoang Binh,1997-04-09,Hai Phong,MEDIUM,81,FULL
C03276,Hoang Minh Long,1987-06-17,Ho Chi Minh,LOW,13,FULL
C03277,Tran Quoc Phuc,1977-04-10,Can Tho,HIGH,83,FULL
C03278,Ho Van Trang,1987-02-10,Hai Phong,LOW,60,FULL
C03279,Pham Thi Hoang,1995-08-10,Da Nang,LOW,75,FULL
C03280,Tran Tuan Hoang,1985-04-16,Can Tho,MEDIUM,42,FULL
C03281,Le Huu Lan,1992-05-24,Nha Trang,MEDIUM,21,FULL
C03282,Le Duc Nam,1965-11-09,Hue,HIGH,65,FULL
C03283,Vu Khanh Nhung,1990-03-02,Quang Ninh,LOW,69,FULL
C03284,Huynh Hoang Dat,1988-07-31,Ho Chi Minh,LOW,34,FULL
C03285,Dang Thi Lan,1974-10-29,Ha Noi,LOW,44,PARTIAL
C03286,Dang Huu An,1967-09-06,Ha Noi,LOW,88,PARTIAL
C03287,Ho Van An,1983-02-27,Hue,MEDIUM,61,FULL
C03288,Ngo Ngoc Anh,1985-03-28,Da Nang,LOW,58,FULL
C03289,Vo Van Vy,1982-07-28,Dong Nai,MEDIUM,68,FULL
C03290,Bui Van Nam,1962-03-27,Can Tho,LOW,87,FULL
C03291,Vo Van Khoa,1999-10-03,Quang Ninh,LOW,17,FULL
C03292,Le Huu Vy,1986-06-09,Can Tho,LOW,91,FULL
C03293,Duong Hai Linh,1973-06-21,Ho Chi Minh,MEDIUM,6,FULL
C03294,Nguyen Ngoc An,1984-05-03,Vung Tau,LOW,73,FULL
C03295,Tran Thi Nam,1983-10-22,Nha Trang,LOW,44,PARTIAL
C03296,Pham Duc Huy,2003-07-24,Nha Trang,LOW,13,PARTIAL
C03297,Do Duc Long,1965-06-28,Ha Noi,LOW,39,FULL
C03298,Tran Khanh Binh,1981-06-17,Ha Noi,MEDIUM,77,FULL
C03299,Duong Khanh Nam,1983-11-01,Dong Nai,HIGH,52,FULL
C03300,Nguyen Thi Hoang,1962-03-06,Can Tho,HIGH,35,PARTIAL
C03301,Ngo Van Anh,1982-06-27,Hue,LOW,86,FULL
C03302,Hoang Minh Bao,1988-10-03,Can Tho,MEDIUM,65,FULL
C03303,Phan Van Huy,1993-05-14,Quang Ninh,LOW,54,PARTIAL
C03304,Duong Duc Tung,1969-05-24,Nha Trang,LOW,66,FULL
C03305,Duong Tuan Khoa,1976-08-09,Hue,HIGH,31,FULL
C03306,Duong Ngoc Trang,1971-11-30,Dong Nai,LOW,48,FULL
C03307,Ho Hai Lan,1994-03-24,Quang Ninh,LOW,77,FULL
C03308,Ngo Xuan Binh,1971-09-22,Ha Noi,LOW,12,FULL
C03309,Phan Hai Anh,1970-01-13,Hue,LOW,46,FULL
C03310,Duong Gia Son,1971-08-25,Ho Chi Minh,LOW,36,PARTIAL
C03311,Do Thanh Huy,1978-10-26,Hue,LOW,72,FULL
C03312,Vo Thu Nhung,1974-11-11,Ho Chi Minh,MEDIUM,91,PARTIAL
C03313,Bui Ngoc Long,1975-07-08,Ho Chi Minh,LOW,89,PARTIAL
C03314,Bui Quoc Trang,1990-06-04,Hai Phong,HIGH,17,FULL
C03315,Vo Thi Tung,1974-07-19,Vung Tau,LOW,52,FULL
C03316,Phan Van Nhung,1972-03-22,Nha Trang,MEDIUM,6,FULL
C03317,Ngo Huu Huy,1979-08-04,Da Nang,LOW,33,PARTIAL
C03318,Huynh Minh Lan,1971-11-06,Ho Chi Minh,LOW,33,FULL
C03319,Phan Van Nam,1984-01-16,Can Tho,HIGH,91,FULL
C03320,Vu Tuan Vy,1983-06-28,Quang Ninh,HIGH,88,PARTIAL
C03321,Bui Thanh Hoang,1960-11-21,Ha Noi,LOW,31,FULL
C03322,Tran Thanh Linh,1990-08-15,Da Nang,LOW,5,FULL
C03323,Huynh Thi Phuc,1967-08-25,Dong Nai,LOW,86,FULL
C03324,Dang Hai Trang,1973-09-30,Da Nang,LOW,44,FULL
C03325,Dang Ngoc Long,1981-10-25,Ho Chi Minh,HIGH,50,PARTIAL
C03326,Phan Thi Bao,1971-03-10,Ho Chi Minh,HIGH,15,FULL
C03327,Vo Thanh An,1989-02-12,Vung Tau,LOW,29,FULL
C03328,Vo Hai Vy,1971-10-10,Ho Chi Minh,LOW,88,FULL
C03329,Do Duc Hoang,1972-02-20,Hue,LOW,44,FULL
C03330,Ho Ngoc Son,1997-06-15,Vung Tau,HIGH,40,FULL
C03331,Do Van Tung,2000-10-06,Da Nang,LOW,84,PARTIAL
C03332,Do Minh Huy,1979-11-02,Hai Phong,LOW,20,FULL
C03333,Pham Thu Tung,1980-02-29,Dong Nai,MEDIUM,46,FULL
C03334,Pham Khanh Bao,1998-12-22,Ho Chi Minh,LOW,17,FULL
C03335,Nguyen Van Khang,2004-09-08,Ho Chi Minh,LOW,75,FULL
C03336,Bui Huu Trang,1999-02-28,Hai Phong,LOW,32,FULL
C03337,Ho Gia Bao,1968-11-10,Hai Phong,LOW,9,FULL
C03338,Hoang Hai Khoa,1996-02-09,Ha Noi,LOW,93,FULL
C03339,Hoang Hai Kiet,1981-09-29,Hai Phong,MEDIUM,54,FULL
C03340,Bui Thanh Bao,1997-10-29,Hai Phong,LOW,58,PARTIAL
C03341,Ngo Xuan Khang,1979-04-14,Dong Nai,MEDIUM,87,FULL
C03342,Hoang Minh Nhung,1989-12-11,Da Nang,LOW,13,PARTIAL
C03343,Phan Tuan Nhung,1992-10-08,Dong Nai,LOW,95,FULL
C03344,Vu Thanh Nhung,1998-09-30,Quang Ninh,HIGH,73,FULL
C03345,Nguyen Hoang Lan,1979-02-19,Ho Chi Minh,MEDIUM,45,FULL
C03346,Duong Khanh Long,1978-10-30,Dong Nai,MEDIUM,61,FULL
C03347,Duong Hai Nhung,2004-03-15,Can Tho,LOW,39,PARTIAL
C03348,Duong Khanh Lan,2000-05-21,Hai Phong,MEDIUM,23,FULL
C03349,Huynh Ngoc Kiet,1992-09-28,Quang Ninh,HIGH,25,FULL
C03350,Ngo Ngoc Hoang,1984-01-02,Hai Phong,MEDIUM,19,PARTIAL
C03351,Le Van Dat,1984-10-11,Vung Tau,LOW,72,FULL
C03352,Nguyen Thu Son,1967-09-29,Ho Chi Minh,LOW,80,FULL
C03353,Vo Ngoc Huy,1988-07-06,Da Nang,MEDIUM,79,FULL
C03354,Bui Xuan Hoang,1985-08-03,Can Tho,LOW,41,FULL
C03355,Pham Van Phuc,1969-10-23,Quang Ninh,LOW,40,FULL
C03356,Ho Hai Nhung,1961-08-19,Vung Tau,LOW,13,FULL
C03357,Duong Hoang Son,1968-10-05,Ha Noi,MEDIUM,76,FULL
C03358,Dang Huu Binh,1982-06-07,Hai Phong,MEDIUM,34,FULL
C03359,Nguyen Khanh Vy,2002-09-19,Ho Chi Minh,MEDIUM,15,FULL
C03360,Duong Khanh Anh,2005-11-20,Quang Ninh,LOW,6,FULL
C03361,Hoang Hoang Khoa,1975-07-02,Dong Nai,MEDIUM,86,FULL
C03362,Pham Thu Anh,2000-10-10,Da Nang,LOW,81,FULL
C03363,Tran Thi Khang,1973-12-29,Hai Phong,LOW,69,PARTIAL
C03364,Vu Minh Son,1987-08-10,Vung Tau,LOW,85,FULL
C03365,Duong Tuan Linh,1998-05-19,Hue,LOW,82,FULL
C03366,Vo Minh Vy,1975-01-20,Hai Phong,LOW,89,FULL
C03367,Vo Khanh Vy,1978-12-25,Quang Ninh,MEDIUM,55,FULL
C03368,Pham Thu Vy,1977-12-09,Hai Phong,MEDIUM,94,FULL
C03369,Vu Hai Nhung,1990-05-06,Vung Tau,HIGH,89,FULL
C03370,Le Thanh Nhung,1960-08-11,Nha Trang,MEDIUM,14,FULL
C03371,Hoang Thi Nam,1999-03-02,Hue,LOW,29,FULL
C03372,Le Hoang An,2003-01-19,Nha Trang,HIGH,28,FULL
C03373,Ho Huu Phuc,1988-09-01,Dong Nai,LOW,35,FULL
C03374,Vo Gia Hoang,1987-08-25,Vung Tau,LOW,86,FULL
C03375,Do Hoang Nam,1972-07-14,Can Tho,LOW,16,FULL
C03376,Bui Huu Tung,1989-12-09,Can Tho,LOW,87,FULL
C03377,Pham Duc An,1960-06-25,Ho Chi Minh,LOW,77,FULL
C03378,Duong Hai Lan,1988-02-05,Ha Noi,LOW,63,FULL
C03379,Bui Ngoc Hoang,1979-03-23,Da Nang,LOW,57,FULL
C03380,Ngo Quoc Nam,1992-02-09,Can Tho,HIGH,80,FULL
C03381,Vu Hoang An,1972-04-02,Vung Tau,MEDIUM,34,FULL
C03382,Hoang Minh Vy,2004-03-31,Ho Chi Minh,MEDIUM,27,FULL
C03383,Tran Duc Tung,1960-03-26,Dong Nai,LOW,61,FULL
C03384,Vu Duc Bao,2002-05-23,Quang Ninh,LOW,66,FULL
C03385,Vu Hoang Nam,1994-07-09,Nha Trang,LOW,75,FULL
C03386,Bui Minh Lan,1989-05-03,Ho Chi Minh,MEDIUM,47,FULL
C03387,Do Van Vy,1998-05-20,Can Tho,LOW,20,FULL
C03388,Hoang Hai Vy,1990-03-08,Da Nang,LOW,11,FULL
C03389,Huynh Xuan Linh,1980-08-30,Nha Trang,LOW,19,FULL
C03390,Huynh Quoc Hoang,1978-09-21,Can Tho,LOW,69,FULL
C03391,Le Hoang Nam,1996-09-17,Nha Trang,LOW,25,FULL
C03392,Pham Quoc Bao,1997-02-07,Da Nang,MEDIUM,50,FULL
C03393,Phan Thanh Dat,1979-10-16,Ha Noi,LOW,29,PARTIAL
C03394,Huynh Thi Nam,1973-11-17,Ho Chi Minh,MEDIUM,32,FULL
C03395,Duong Tuan Tung,1969-12-16,Nha Trang,MEDIUM,24,FULL
C03396,Duong Xuan Lan,1967-06-21,Quang Ninh,MEDIUM,72,FULL
C03397,Do Quoc Huy,1978-11-17,Ho Chi Minh,LOW,7,FULL
C03398,Duong Duc Dat,1988-09-28,Dong Nai,LOW,91,FULL
C03399,Vo Khanh Phuc,1979-07-02,Da Nang,HIGH,77,FULL
C03400,Phan Thu Binh,1978-01-08,Hue,LOW,16,FULL
C03401,Nguyen Ngoc Anh,1992-03-27,Can Tho,LOW,70,FULL
C03402,Dang Tuan Khang,1996-05-19,Ha Noi,LOW,78,FULL
C03403,Pham Khanh Huy,1964-08-13,Quang Ninh,LOW,49,PARTIAL
C03404,Pham Ngoc Linh,1981-01-03,Hai Phong,LOW,36,FULL
C03405,Do Gia Phuc,1981-11-21,Nha Trang,LOW,26,FULL
C03406,Duong Hoang Kiet,1967-12-13,Can Tho,LOW,52,FULL
C03407,Tran Hai An,1989-09-28,Ha Noi,LOW,77,FULL
C03408,Huynh Tuan Tung,1963-08-28,Da Nang,HIGH,68,FULL
C03409,Tran Khanh Dat,1998-04-02,Hue,LOW,8,FULL
C03410,Duong Minh Long,1963-07-04,Hai Phong,LOW,94,FULL
C03411,Huynh Hoang Linh,1965-12-03,Can Tho,HIGH,85,FULL
C03412,Dang Xuan Khang,2001-03-07,Da Nang,LOW,55,FULL
C03413,Vu Thu Kiet,1971-08-16,Nha Trang,LOW,7,FULL
C03414,Ho Huu Khoa,1970-07-24,Hue,LOW,17,PARTIAL
C03415,Hoang Tuan Khang,1993-02-03,Hue,MEDIUM,40,FULL
C03416,Hoang Huu Tung,1965-01-25,Hai Phong,LOW,81,FULL
C03417,Ngo Minh Khoa,1999-11-11,Hai Phong,HIGH,44,FULL
C03418,Huynh Minh Vy,1986-09-23,Can Tho,LOW,30,FULL
C03419,Dang Thu Khang,1972-07-07,Hai Phong,HIGH,94,FULL
C03420,Huynh Hoang Kiet,1966-10-08,Hai Phong,MEDIUM,60,FULL
C03421,Do Quoc Bao,1978-03-12,Nha Trang,LOW,8,PARTIAL
C03422,Le Duc Tung,1986-01-14,Ha Noi,MEDIUM,41,PARTIAL
C03423,Le Hai Hoang,1972-11-10,Da Nang,LOW,53,FULL
C03424,Nguyen Hoang Long,1983-12-27,Ho Chi Minh,HIGH,37,FULL
C03425,Ngo Van Long,1970-05-06,Ho Chi Minh,LOW,71,PARTIAL
C03426,Dang Thi Linh,1988-04-26,Ha Noi,MEDIUM,69,FULL
C03427,Vo Hai Trang,1989-07-07,Ha Noi,LOW,74,FULL
C03428,Bui Minh Lan,1978-06-25,Quang Ninh,MEDIUM,72,FULL
C03429,Pham Ngoc Binh,1974-09-08,Ho Chi Minh,LOW,57,FULL
C03430,Nguyen Duc Binh,2000-01-10,Can Tho,LOW,94,PARTIAL
C03431,Vu Hoang Bao,1992-09-12,Ha Noi,MEDIUM,5,FULL
C03432,Vu Van Binh,1989-06-18,Quang Ninh,MEDIUM,90,FULL
C03433,Nguyen Ngoc Bao,1980-07-06,Da Nang,MEDIUM,12,FULL
C03434,Huynh Duc Long,1961-09-02,Hai Phong,LOW,11,FULL
C03435,Bui Thi An,1986-07-04,Ho Chi Minh,LOW,29,FULL
C03436,Tran Hoang Dat,1988-09-29,Can Tho,MEDIUM,40,FULL
C03437,Phan Ngoc Bao,1993-06-28,Vung Tau,LOW,22,FULL
C03438,Vu Ngoc Dat,1974-08-23,Quang Ninh,LOW,94,FULL
C03439,Ngo Thanh Hoang,1960-04-22,Hai Phong,HIGH,69,FULL
C03440,Do Xuan Khang,1988-01-13,Hai Phong,HIGH,32,FULL
C03441,Pham Khanh Huy,1965-01-08,Nha Trang,LOW,38,FULL
C03442,Le Ngoc Kiet,1974-10-08,Hue,MEDIUM,42,FULL
C03443,Pham Hoang Linh,2002-04-07,Ha Noi,LOW,10,FULL
C03444,Dang Xuan Son,1991-03-07,Dong Nai,LOW,90,FULL
C03445,Vu Thu Long,1991-01-04,Ho Chi Minh,MEDIUM,76,FULL
C03446,Dang Thu Trang,1966-10-03,Ho Chi Minh,LOW,7,FULL
C03447,Hoang Thanh Phuc,1961-12-20,Hue,MEDIUM,82,FULL
C03448,Pham Thi Lan,1987-08-20,Hue,LOW,12,FULL
C03449,Dang Quoc Nhung,2001-06-20,Ha Noi,LOW,86,FULL
C03450,Vu Tuan Khang,1994-02-13,Da Nang,LOW,52,FULL
C03451,Ho Khanh Binh,1965-08-17,Hue,HIGH,13,FULL
C03452,Ho Hai Anh,1995-04-29,Ho Chi Minh,LOW,24,FULL
C03453,Ho Hai Dat,1991-03-15,Hue,MEDIUM,76,FULL
C03454,Bui Van Khoa,2003-05-01,Vung Tau,LOW,16,FULL
C03455,Dang Hoang An,2004-12-05,Dong Nai,MEDIUM,56,FULL
C03456,Nguyen Tuan Lan,2000-12-08,Can Tho,HIGH,40,FULL
C03457,Ho Thanh Dat,1988-06-14,Ho Chi Minh,LOW,10,FULL
C03458,Nguyen Hai Khang,1965-01-30,Hai Phong,MEDIUM,79,FULL
C03459,Hoang Gia Long,1989-08-04,Quang Ninh,LOW,48,FULL
C03460,Vo Hai Khang,1961-12-02,Ho Chi Minh,LOW,12,PARTIAL
C03461,Pham Quoc Khang,1973-01-01,Can Tho,LOW,35,FULL
C03462,Ho Tuan Trang,1970-01-30,Can Tho,LOW,45,PARTIAL
C03463,Vu Minh Khoa,1976-04-24,Can Tho,LOW,28,FULL
C03464,Do Van Nhung,1997-05-20,Dong Nai,HIGH,14,FULL
C03465,Pham Minh Hoang,1999-11-23,Da Nang,LOW,46,FULL
C03466,Hoang Thi Binh,1980-02-04,Hai Phong,LOW,55,FULL
C03467,Le Minh Khang,1989-03-02,Hue,MEDIUM,5,FULL
C03468,Pham Hoang Khang,1989-09-13,Nha Trang,MEDIUM,56,FULL
C03469,Nguyen Thu An,1997-08-30,Can Tho,MEDIUM,57,PARTIAL
C03470,Duong Gia An,1983-12-03,Can Tho,HIGH,72,PARTIAL
C03471,Ho Duc Bao,1967-01-29,Vung Tau,LOW,80,PARTIAL
C03472,Phan Thanh Hoang,1964-06-25,Quang Ninh,LOW,39,FULL
C03473,Do Minh Binh,1986-06-15,Dong Nai,HIGH,15,FULL
C03474,Vu Khanh Son,1988-01-24,Quang Ninh,LOW,22,FULL
C03475,Ho Quoc Hoang,1972-10-18,Ha Noi,MEDIUM,13,FULL
C03476,Le Huu Hoang,1990-11-30,Hai Phong,LOW,43,FULL
C03477,Bui Hoang Huy,1988-12-31,Ho Chi Minh,LOW,60,FULL
C03478,Nguyen Khanh Tung,1992-08-28,Hue,LOW,63,PARTIAL
C03479,Duong Gia Huy,1988-03-04,Can Tho,MEDIUM,43,FULL
C03480,Do Thu Hoang,1960-10-09,Quang Ninh,LOW,15,FULL
C03481,Dang Thu Tung,1981-02-22,Quang Ninh,MEDIUM,72,FULL
C03482,Le Thanh Anh,1960-07-06,Hai Phong,LOW,27,PARTIAL
C03483,Nguyen Tuan Binh,1976-10-24,Hue,MEDIUM,76,FULL
C03484,Hoang Gia Huy,1966-08-11,Ha Noi,LOW,18,FULL
C03485,Tran Duc Tung,2000-09-26,Can Tho,MEDIUM,42,FULL
C03486,Nguyen Thu Anh,1977-12-06,Dong Nai,LOW,21,FULL
C03487,Duong Thu Vy,2005-07-28,Can Tho,LOW,12,FULL
C03488,Pham Hai Khang,1994-08-20,Hue,MEDIUM,32,PARTIAL
C03489,Pham Hoang Trang,2005-02-27,Nha Trang,LOW,35,FULL
C03490,Tran Duc Bao,1992-11-07,Quang Ninh,MEDIUM,39,PARTIAL
C03491,Le Huu An,2005-11-19,Da Nang,LOW,16,FULL
C03492,Duong Khanh Linh,1983-11-22,Can Tho,LOW,89,FULL
C03493,Vu Gia Kiet,1976-12-19,Vung Tau,LOW,83,PARTIAL
C03494,Vo Quoc Kiet,1984-09-30,Ho Chi Minh,MEDIUM,40,FULL
C03495,Phan Quoc Hoang,1989-10-21,Hue,LOW,77,FULL
C03496,Le Thu Tung,1960-11-18,Nha Trang,MEDIUM,83,FULL
C03497,Duong Ngoc Nam,1989-01-12,Hue,LOW,55,FULL
C03498,Duong Hoang Trang,1988-04-18,Hai Phong,HIGH,75,FULL
C03499,Ho Thi Khoa,1997-03-16,Hue,HIGH,28,FULL
C03500,Hoang Thanh An,2003-12-16,Hai Phong,LOW,11,FULL
C03501,Duong Tuan Binh,2005-04-03,Ho Chi Minh,LOW,53,FULL
C03502,Phan Minh Khoa,1992-12-08,Ha Noi,LOW,36,FULL
C03503,Duong Xuan Nam,1964-10-12,Quang Ninh,LOW,54,FULL
C03504,Huynh Hai Son,1998-06-06,Vung Tau,LOW,9,FULL
C03505,Dang Hai Khang,1988-08-31,Hue,LOW,21,PARTIAL
C03506,Bui Quoc Long,1978-12-07,Dong Nai,LOW,28,FULL
C03507,Pham Minh Son,1960-09-08,Ha Noi,LOW,71,FULL
C03508,Do Thu Binh,2004-08-20,Nha Trang,LOW,82,FULL
C03509,Tran Huu Khoa,1987-02-17,Can Tho,LOW,36,PARTIAL
C03510,Vu Duc Anh,1965-07-25,Can Tho,LOW,69,FULL
C03511,Nguyen Thanh Anh,1989-02-26,Da Nang,LOW,75,FULL
C03512,Tran Ngoc An,1967-04-20,Vung Tau,MEDIUM,54,FULL
C03513,Do Thanh Huy,1979-03-28,Nha Trang,MEDIUM,75,FULL
C03514,Nguyen Tuan Linh,2002-09-24,Nha Trang,LOW,73,FULL
C03515,Vu Hai Nam,1962-10-12,Hai Phong,LOW,40,PARTIAL
C03516,Tran Quoc Khang,1993-08-23,Vung Tau,LOW,86,FULL
C03517,Le Xuan Tung,1966-06-16,Quang Ninh,LOW,65,FULL
C03518,Huynh Minh Vy,2003-09-03,Can Tho,HIGH,39,FULL
C03519,Ho Hai Phuc,1996-12-19,Ho Chi Minh,MEDIUM,86,FULL
C03520,Dang Thu Long,1985-05-19,Ha Noi,LOW,66,FULL
C03521,Bui Khanh Phuc,1973-05-15,Vung Tau,LOW,10,FULL
C03522,Pham Ngoc Phuc,2005-06-30,Quang Ninh,LOW,36,FULL
C03523,Pham Ngoc An,1988-03-09,Vung Tau,LOW,73,FULL
C03524,Nguyen Hoang Lan,1994-05-21,Dong Nai,MEDIUM,86,FULL
C03525,Vu Thu Huy,1982-12-24,Ho Chi Minh,LOW,80,FULL
C03526,Tran Ngoc Tung,1993-08-18,Hue,LOW,93,FULL
C03527,Dang Huu Khang,1996-05-22,Hai Phong,MEDIUM,53,FULL
C03528,Phan Ngoc Khoa,1994-07-26,Hue,LOW,38,FULL
C03529,Vo Duc Dat,1996-07-15,Quang Ninh,LOW,23,PARTIAL
C03530,Hoang Tuan Binh,1987-10-04,Hai Phong,LOW,6,FULL
C03531,Nguyen Ngoc Vy,1983-11-24,Dong Nai,LOW,9,FULL
C03532,Le Duc Khoa,1977-01-16,Da Nang,LOW,32,PARTIAL
C03533,Dang Hai Bao,2005-12-17,Ha Noi,LOW,44,PARTIAL
C03534,Hoang Ngoc Trang,1994-11-17,Ha Noi,LOW,79,FULL
C03535,Phan Gia Linh,1973-10-30,Hue,LOW,92,FULL
C03536,Vu Gia Dat,1995-05-25,Ha Noi,LOW,61,PARTIAL
C03537,Vu Hoang Kiet,1969-03-25,Can Tho,LOW,66,PARTIAL
C03538,Pham Hai Linh,1983-08-30,Quang Ninh,MEDIUM,11,PARTIAL
C03539,Ho Huu Phuc,1996-05-01,Dong Nai,HIGH,79,FULL
C03540,Nguyen Minh Vy,1961-08-12,Hai Phong,HIGH,63,FULL
C03541,Hoang Duc Dat,2003-11-27,Nha Trang,LOW,26,FULL
C03542,Vu Thu Trang,1988-05-09,Ho Chi Minh,LOW,81,PARTIAL
C03543,Tran Thi Nhung,1972-03-17,Can Tho,HIGH,83,FULL
C03544,Ho Gia Phuc,1970-02-19,Da Nang,LOW,6,PARTIAL
C03545,Nguyen Hoang Trang,1965-06-16,Can Tho,LOW,44,FULL
C03546,Dang Thi Khoa,1962-06-03,Hue,HIGH,11,FULL
C03547,Do Hai Son,1982-09-18,Hue,MEDIUM,62,FULL
C03548,Duong Gia Hoang,1986-03-27,Hue,LOW,34,FULL
C03549,Bui Quoc Hoang,1986-11-01,Nha Trang,MEDIUM,40,FULL
C03550,Nguyen Thi An,1980-12-26,Vung Tau,HIGH,19,FULL
C03551,Ho Gia Vy,1993-06-23,Quang Ninh,LOW,69,FULL
C03552,Phan Thanh Tung,1974-10-25,Ho Chi Minh,HIGH,19,FULL
C03553,Do Hoang Anh,1964-04-22,Ho Chi Minh,LOW,77,FULL
C03554,Dang Xuan Khoa,1974-04-06,Hai Phong,HIGH,19,FULL
C03555,Bui Khanh Dat,1985-05-06,Quang Ninh,LOW,92,FULL
C03556,Tran Van Son,2002-10-21,Can Tho,LOW,75,FULL
C03557,Do Tuan Kiet,1986-08-12,Ho Chi Minh,LOW,48,FULL
C03558,Vo Duc Anh,1976-03-08,Vung Tau,MEDIUM,46,PARTIAL
C03559,Vo Xuan Khang,1993-08-21,Can Tho,LOW,92,FULL
C03560,Phan Thanh Nhung,1996-06-04,Ha Noi,HIGH,92,FULL
C03561,Huynh Quoc Nhung,1968-08-21,Hue,LOW,84,FULL
C03562,Tran Thi Nam,1966-08-17,Ho Chi Minh,LOW,95,FULL
C03563,Do Khanh Dat,1997-03-09,Hai Phong,LOW,10,FULL
C03564,Pham Xuan Anh,2003-09-24,Can Tho,LOW,52,FULL
C03565,Hoang Quoc Vy,1964-07-08,Hue,MEDIUM,35,FULL
C03566,Hoang Thi Trang,2003-02-13,Vung Tau,HIGH,22,FULL
C03567,Bui Thu An,1971-12-19,Can Tho,LOW,37,FULL
C03568,Hoang Hoang Vy,1982-03-23,Nha Trang,MEDIUM,91,FULL
C03569,Ho Tuan Bao,1984-01-02,Dong Nai,LOW,6,FULL
C03570,Dang Huu Tung,1981-12-04,Can Tho,LOW,46,FULL
C03571,Huynh Hoang Nhung,2000-01-15,Quang Ninh,LOW,20,FULL
C03572,Phan Xuan Son,1983-10-24,Ha Noi,LOW,33,FULL
C03573,Phan Thu Khang,1992-06-20,Da Nang,MEDIUM,7,FULL
C03574,Vo Huu Khang,1988-05-28,Nha Trang,HIGH,77,FULL
C03575,Do Thi Tung,1989-03-26,Ho Chi Minh,LOW,27,FULL
C03576,Phan Duc Bao,1975-02-22,Dong Nai,LOW,34,FULL
C03577,Bui Thanh Khoa,1993-11-05,Quang Ninh,LOW,37,PARTIAL
C03578,Nguyen Quoc Hoang,1996-03-30,Dong Nai,LOW,76,FULL
C03579,Pham Gia Vy,1979-08-31,Vung Tau,LOW,66,FULL
C03580,Hoang Thi Dat,1999-11-09,Vung Tau,MEDIUM,46,FULL
C03581,Phan Quoc Binh,1982-11-27,Vung Tau,MEDIUM,14,PARTIAL
C03582,Hoang Gia Anh,1983-03-29,Hai Phong,LOW,84,FULL
C03583,Duong Thi Khang,1995-02-08,Ho Chi Minh,MEDIUM,68,FULL
C03584,Nguyen Tuan Tung,1987-08-08,Da Nang,LOW,31,FULL
C03585,Duong Duc Khoa,1967-07-25,Quang Ninh,LOW,41,FULL
C03586,Bui Huu Trang,2003-02-05,Nha Trang,MEDIUM,71,FULL
C03587,Bui Hoang Son,1965-05-05,Can Tho,LOW,44,FULL
C03588,Phan Hai Bao,2005-10-11,Quang Ninh,LOW,8,FULL
C03589,Nguyen Hoang Anh,1974-05-11,Hai Phong,HIGH,12,PARTIAL
C03590,Dang Thanh Linh,1979-04-19,Nha Trang,MEDIUM,54,FULL
C03591,Do Huu Bao,1974-01-20,Quang Ninh,LOW,43,FULL
C03592,Ho Ngoc Bao,1994-07-17,Hai Phong,LOW,14,FULL
C03593,Pham Tuan Tung,2002-07-03,Dong Nai,LOW,35,FULL
C03594,Le Minh Phuc,1970-07-26,Da Nang,LOW,88,FULL
C03595,Vu Van Kiet,1961-05-25,Nha Trang,LOW,58,FULL
C03596,Tran Van Khang,2002-09-30,Ha Noi,MEDIUM,5,FULL
C03597,Huynh Tuan Khoa,1988-03-24,Dong Nai,LOW,33,PARTIAL
C03598,Vu Thi Tung,1991-03-29,Ha Noi,LOW,89,PARTIAL
C03599,Vo Xuan An,1965-12-07,Ho Chi Minh,MEDIUM,43,PARTIAL
C03600,Dang Khanh Trang,1987-05-29,Can Tho,LOW,54,FULL
C03601,Phan Minh Phuc,1976-03-18,Hai Phong,HIGH,48,PARTIAL
C03602,Vo Minh Khoa,1973-03-16,Dong Nai,LOW,18,FULL
C03603,Phan Tuan Vy,1988-12-20,Hai Phong,LOW,40,PARTIAL
C03604,Phan Thu Trang,2000-07-08,Quang Ninh,LOW,28,FULL
C03605,Le Hai Vy,1965-10-28,Nha Trang,MEDIUM,14,PARTIAL
C03606,Vo Hai An,1986-06-25,Hai Phong,MEDIUM,71,FULL
C03607,Phan Quoc Linh,1984-07-06,Da Nang,LOW,84,PARTIAL
C03608,Do Duc Linh,1978-08-04,Hue,LOW,21,FULL
C03609,Bui Xuan Nhung,1971-08-31,Ho Chi Minh,LOW,69,FULL
C03610,Nguyen Xuan Vy,1968-11-03,Da Nang,MEDIUM,5,FULL
C03611,Tran Xuan Lan,1985-03-03,Can Tho,LOW,19,FULL
C03612,Vu Huu Nam,1994-04-12,Hai Phong,HIGH,59,FULL
C03613,Nguyen Gia Nam,1979-12-22,Hue,LOW,13,FULL
C03614,Dang Xuan Khang,1985-12-04,Da Nang,LOW,17,FULL
C03615,Ngo Ngoc Tung,1971-01-04,Vung Tau,HIGH,8,PARTIAL
C03616,Tran Thanh Anh,1995-03-27,Hai Phong,HIGH,69,PARTIAL
C03617,Huynh Tuan Anh,1990-10-27,Ha Noi,LOW,22,PARTIAL
C03618,Vo Khanh Huy,1976-10-14,Da Nang,LOW,74,FULL
C03619,Huynh Huu Phuc,1986-06-28,Vung Tau,LOW,70,FULL
C03620,Ho Gia Hoang,1980-02-07,Nha Trang,LOW,78,FULL
C03621,Le Duc Tung,1972-01-27,Nha Trang,LOW,70,FULL
C03622,Phan Van Nam,2004-02-28,Vung Tau,LOW,64,FULL
C03623,Nguyen Hai Dat,1990-04-21,Ha Noi,MEDIUM,7,FULL
C03624,Le Quoc Bao,1972-01-23,Ha Noi,MEDIUM,51,FULL
C03625,Vo Minh Kiet,1968-02-08,Ha Noi,LOW,88,FULL
C03626,Duong Quoc Trang,1973-12-18,Vung Tau,LOW,67,FULL
C03627,Tran Hoang Dat,1966-01-11,Hai Phong,HIGH,16,FULL
C03628,Duong Khanh Dat,1967-10-15,Ha Noi,LOW,23,FULL
C03629,Vu Van An,1999-09-04,Hai Phong,HIGH,75,PARTIAL
C03630,Ho Gia Kiet,1997-09-13,Dong Nai,LOW,58,PARTIAL
C03631,Dang Tuan Tung,1966-11-26,Hai Phong,LOW,27,FULL
C03632,Duong Thi Dat,2000-11-01,Da Nang,LOW,36,PARTIAL
C03633,Nguyen Khanh Phuc,1961-10-06,Ha Noi,MEDIUM,51,FULL
C03634,Tran Xuan Trang,1987-05-25,Vung Tau,MEDIUM,38,PARTIAL
C03635,Bui Thu Binh,1983-03-24,Quang Ninh,LOW,72,FULL
C03636,Do Thanh Hoang,1988-03-01,Quang Ninh,LOW,5,PARTIAL
C03637,Le Huu Tung,1974-08-25,Da Nang,LOW,11,FULL
C03638,Duong Thanh Nhung,1974-11-06,Quang Ninh,LOW,21,PARTIAL
C03639,Huynh Ngoc Tung,1972-08-23,Ho Chi Minh,LOW,62,FULL
C03640,Phan Thanh Hoang,1988-07-05,Da Nang,LOW,82,FULL
C03641,Phan Duc Anh,1973-07-08,Can Tho,HIGH,52,FULL
C03642,Nguyen Tuan Nhung,1998-06-15,Can Tho,MEDIUM,69,FULL
C03643,Le Quoc Linh,1987-06-12,Quang Ninh,LOW,87,FULL
C03644,Tran Tuan Nam,2000-05-23,Can Tho,LOW,61,FULL
C03645,Phan Van Kiet,1993-02-21,Hai Phong,MEDIUM,12,FULL
C03646,Nguyen Gia Long,1979-08-25,Can Tho,LOW,15,FULL
C03647,Tran Thi An,1968-05-26,Vung Tau,LOW,30,FULL
C03648,Ngo Hoang Tung,1969-05-10,Hue,MEDIUM,20,PARTIAL
C03649,Phan Van Nhung,1966-12-27,Dong Nai,LOW,38,FULL
C03650,Huynh Hai Kiet,2005-11-06,Ha Noi,LOW,90,PARTIAL
C03651,Le Duc Linh,1987-10-13,Quang Ninh,LOW,15,FULL
C03652,Huynh Hoang An,1995-04-08,Hue,LOW,82,FULL
C03653,Pham Thi Huy,1965-05-17,Ha Noi,LOW,80,FULL
C03654,Vu Ngoc Kiet,1988-06-04,Can Tho,HIGH,28,FULL
C03655,Vu Thanh Khang,1983-08-01,Ho Chi Minh,LOW,74,FULL
C03656,Tran Quoc Dat,2000-12-10,Hue,MEDIUM,86,PARTIAL
C03657,Dang Quoc Trang,1973-08-28,Hai Phong,LOW,54,FULL
C03658,Tran Hai Binh,1994-04-23,Vung Tau,LOW,17,FULL
C03659,Nguyen Duc Tung,1990-10-06,Ha Noi,MEDIUM,8,FULL
C03660,Bui Khanh Linh,2001-01-03,Quang Ninh,MEDIUM,74,FULL
C03661,Dang Ngoc Lan,1985-10-12,Dong Nai,MEDIUM,52,PARTIAL
C03662,Huynh Tuan Binh,1988-12-07,Hai Phong,LOW,67,PARTIAL
C03663,Hoang Van Tung,1984-07-10,Da Nang,LOW,18,PARTIAL
C03664,Vo Huu An,1986-07-03,Ha Noi,LOW,71,FULL
C03665,Vo Minh Bao,1961-02-20,Hue,MEDIUM,92,FULL
C03666,Bui Thu Anh,1988-06-27,Hue,LOW,92,FULL
C03667,Bui Tuan Bao,1980-05-27,Nha Trang,LOW,22,PARTIAL
C03668,Phan Ngoc Kiet,1991-05-07,Hue,LOW,35,FULL
C03669,Hoang Thu Khoa,1976-03-03,Quang Ninh,LOW,83,FULL
C03670,Ngo Xuan An,1979-11-24,Nha Trang,LOW,34,FULL
C03671,Ho Hai Anh,1999-08-14,Vung Tau,LOW,52,FULL
C03672,Vo Quoc Binh,2000-05-07,Nha Trang,LOW,56,FULL
C03673,Dang Duc Vy,2002-05-02,Can Tho,LOW,11,FULL
C03674,Bui Van Binh,1988-08-19,Ho Chi Minh,HIGH,80,FULL
C03675,Ho Thanh Son,1974-05-18,Ho Chi Minh,MEDIUM,46,PARTIAL
C03676,Bui Hoang Nam,2005-01-08,Nha Trang,LOW,74,FULL
C03677,Hoang Tuan Anh,1968-05-13,Hai Phong,MEDIUM,9,FULL
C03678,Phan Tuan Tung,2000-10-10,Nha Trang,MEDIUM,44,PARTIAL
C03679,Dang Xuan Phuc,1960-02-08,Dong Nai,HIGH,85,FULL
C03680,Nguyen Xuan Vy,1979-01-26,Vung Tau,MEDIUM,41,PARTIAL
C03681,Vo Ngoc Phuc,1999-05-21,Can Tho,LOW,94,FULL
C03682,Tran Tuan Son,1993-06-27,Dong Nai,LOW,86,PARTIAL
C03683,Le Thi Nam,1992-05-19,Dong Nai,MEDIUM,70,FULL
C03684,Duong Tuan Anh,1960-07-09,Hue,MEDIUM,25,FULL
C03685,Vo Huu Khang,1997-07-15,Can Tho,MEDIUM,32,FULL
C03686,Ngo Quoc Dat,1972-05-12,Hue,LOW,32,FULL
C03687,Hoang Tuan Tung,1979-09-29,Nha Trang,HIGH,30,FULL
C03688,Do Khanh Hoang,1999-05-18,Quang Ninh,LOW,18,FULL
C03689,Ho Gia Dat,1989-07-29,Nha Trang,LOW,13,PARTIAL
C03690,Duong Khanh Nhung,1996-02-23,Hai Phong,LOW,82,FULL
C03691,Pham Van Son,1981-09-08,Can Tho,LOW,29,FULL
C03692,Phan Gia Anh,1968-09-29,Quang Ninh,MEDIUM,93,PARTIAL
C03693,Vo Van Bao,1966-04-24,Vung Tau,LOW,86,PARTIAL
C03694,Le Hai Son,1992-10-28,Da Nang,LOW,69,PARTIAL
C03695,Vo Hoang Phuc,1990-02-27,Dong Nai,LOW,15,FULL
C03696,Ho Xuan Linh,1998-01-08,Hai Phong,MEDIUM,85,FULL
C03697,Ho Hoang Linh,1974-05-12,Dong Nai,LOW,83,PARTIAL
C03698,Nguyen Hai Kiet,1983-03-07,Ha Noi,LOW,89,FULL
C03699,Dang Quoc Anh,1963-07-02,Quang Ninh,HIGH,32,FULL
C03700,Ngo Ngoc Nhung,1970-07-26,Da Nang,MEDIUM,17,PARTIAL
C03701,Huynh Thanh Nhung,1999-10-17,Can Tho,LOW,64,FULL
C03702,Ho Huu Tung,1963-11-17,Da Nang,LOW,80,FULL
C03703,Duong Van Bao,1975-11-27,Ha Noi,LOW,78,FULL
C03704,Hoang Ngoc Khoa,1967-10-07,Da Nang,LOW,48,FULL
C03705,Bui Thu Vy,1974-04-25,Dong Nai,HIGH,47,FULL
C03706,Ngo Xuan Huy,1962-06-30,Dong Nai,HIGH,73,PARTIAL
C03707,Huynh Quoc Son,1973-04-18,Ho Chi Minh,LOW,21,FULL
C03708,Ho Huu Son,1997-08-25,Can Tho,LOW,91,FULL
C03709,Nguyen Thu Nhung,2005-12-29,Nha Trang,LOW,90,PARTIAL
C03710,Huynh Quoc Nhung,1982-12-17,Nha Trang,LOW,92,FULL
C03711,Le Khanh Dat,1993-10-31,Nha Trang,LOW,14,FULL
C03712,Do Tuan Nhung,2003-09-25,Hue,MEDIUM,21,FULL
C03713,Dang Thi Dat,1999-11-21,Dong Nai,LOW,11,FULL
C03714,Do Huu Anh,1962-09-10,Vung Tau,HIGH,16,PARTIAL
C03715,Bui Xuan Tung,1974-11-24,Quang Ninh,HIGH,66,FULL
C03716,Duong Huu Anh,1968-04-06,Quang Ninh,LOW,25,PARTIAL
C03717,Phan Minh An,1997-06-26,Vung Tau,LOW,92,FULL
C03718,Vo Xuan Kiet,1989-12-29,Hai Phong,LOW,38,FULL
C03719,Bui Tuan Lan,2000-12-23,Da Nang,LOW,17,FULL
C03720,Pham Gia Hoang,1970-04-24,Can Tho,LOW,15,FULL
C03721,Ho Xuan Nam,1991-05-18,Hai Phong,LOW,91,FULL
C03722,Hoang Thu Bao,1986-10-24,Da Nang,MEDIUM,38,PARTIAL
C03723,Ngo Quoc Lan,1969-12-15,Quang Ninh,MEDIUM,22,FULL
C03724,Nguyen Van Bao,1977-11-08,Quang Ninh,LOW,63,FULL
C03725,Huynh Xuan Bao,1977-05-22,Da Nang,LOW,71,PARTIAL
C03726,Huynh Thi Huy,1965-07-23,Hai Phong,LOW,53,FULL
C03727,Vo Xuan Linh,2002-07-27,Quang Ninh,LOW,71,FULL
C03728,Vu Khanh Nhung,1980-10-08,Vung Tau,MEDIUM,28,FULL
C03729,Nguyen Khanh Son,1970-03-28,Dong Nai,LOW,13,FULL
C03730,Nguyen Van Tung,1995-07-15,Hue,MEDIUM,20,FULL
C03731,Ngo Duc Dat,1984-01-15,Hai Phong,LOW,35,FULL
C03732,Ngo Xuan Anh,1971-09-27,Hai Phong,MEDIUM,32,FULL
C03733,Ho Thanh Kiet,1960-03-16,Quang Ninh,MEDIUM,8,FULL
C03734,Bui Minh Khoa,1993-03-31,Can Tho,LOW,22,FULL
C03735,Pham Thu Binh,2001-09-27,Vung Tau,LOW,43,FULL
C03736,Ngo Hai Hoang,1990-10-20,Da Nang,LOW,46,FULL
C03737,Phan Van Hoang,1973-10-26,Ho Chi Minh,LOW,31,FULL
C03738,Bui Huu Kiet,2005-10-19,Vung Tau,MEDIUM,26,FULL
C03739,Vu Van Vy,1979-07-01,Hai Phong,LOW,94,FULL
C03740,Huynh Thanh Khang,1998-11-25,Nha Trang,LOW,45,FULL
C03741,Hoang Quoc Dat,1960-08-09,Ha Noi,LOW,19,PARTIAL
C03742,Ho Hoang Khang,1981-07-09,Vung Tau,LOW,22,FULL
C03743,Dang Van Huy,1979-11-24,Hue,MEDIUM,67,FULL
C03744,Ngo Minh Hoang,1981-05-01,Da Nang,MEDIUM,22,FULL
C03745,Ho Huu Huy,1966-03-15,Can Tho,LOW,61,FULL
C03746,Ngo Khanh An,1992-06-21,Vung Tau,MEDIUM,57,FULL
C03747,Vu Thi An,1967-11-08,Hai Phong,HIGH,8,FULL
C03748,Do Khanh Bao,1967-04-06,Da Nang,LOW,82,PARTIAL
C03749,Phan Thu Nam,1999-02-14,Ha Noi,HIGH,39,FULL
C03750,Phan Thanh Vy,1983-11-10,Da Nang,MEDIUM,86,FULL
C03751,Do Thu Son,1973-07-11,Hue,LOW,61,FULL
C03752,Pham Minh Tung,1988-07-23,Da Nang,LOW,91,FULL
C03753,Vu Thi Anh,1998-01-31,Ho Chi Minh,HIGH,89,FULL
C03754,Do Thanh Binh,1987-08-13,Nha Trang,LOW,31,FULL
C03755,Dang Huu Son,1971-03-16,Dong Nai,LOW,90,PARTIAL
C03756,Vo Hai Anh,1976-11-22,Hai Phong,LOW,77,FULL
C03757,Ngo Minh Khoa,2003-07-31,Quang Ninh,HIGH,14,PARTIAL
C03758,Phan Hai Bao,2003-10-21,Nha Trang,LOW,92,FULL
C03759,Bui Minh An,1992-04-15,Quang Ninh,LOW,43,FULL
C03760,Ho Xuan Hoang,1989-12-21,Hai Phong,MEDIUM,49,FULL
C03761,Bui Hoang Khoa,1965-04-23,Quang Ninh,HIGH,84,FULL
C03762,Nguyen Tuan Binh,1983-08-27,Ha Noi,LOW,72,PARTIAL
C03763,Ngo Gia Khang,1997-06-26,Hue,MEDIUM,20,PARTIAL
C03764,Nguyen Khanh Lan,1985-06-09,Dong Nai,LOW,87,FULL
C03765,Hoang Quoc Son,2000-01-03,Ho Chi Minh,LOW,90,FULL
C03766,Bui Tuan Tung,2005-11-18,Ho Chi Minh,LOW,63,FULL
C03767,Vu Thanh Binh,2000-11-30,Dong Nai,LOW,54,FULL
C03768,Dang Ngoc Linh,1982-09-09,Ho Chi Minh,LOW,35,PARTIAL
C03769,Huynh Duc Huy,1988-01-08,Da Nang,LOW,29,FULL
C03770,Phan Thu Dat,1985-07-21,Dong Nai,LOW,25,PARTIAL
C03771,Tran Thanh Long,1998-04-21,Ha Noi,LOW,11,FULL
C03772,Ho Tuan Huy,1969-03-03,Nha Trang,LOW,57,FULL
C03773,Do Ngoc Tung,1971-10-31,Nha Trang,LOW,17,FULL
C03774,Le Van Huy,1964-06-15,Hai Phong,LOW,36,FULL
C03775,Ho Quoc Phuc,1982-12-17,Vung Tau,LOW,10,FULL
C03776,Huynh Thu Phuc,1984-08-02,Vung Tau,MEDIUM,9,FULL
C03777,Huynh Khanh Phuc,1991-08-14,Nha Trang,LOW,60,FULL
C03778,Hoang Minh Trang,1984-09-12,Ha Noi,MEDIUM,28,FULL
C03779,Ngo Khanh Tung,1981-02-06,Hue,LOW,85,FULL
C03780,Bui Hai Khang,2002-12-09,Hue,LOW,59,FULL
C03781,Do Xuan Kiet,1964-05-02,Can Tho,LOW,74,FULL
C03782,Bui Hai Hoang,1965-12-19,Da Nang,LOW,13,PARTIAL
C03783,Vu Minh Kiet,1980-12-04,Ho Chi Minh,LOW,38,FULL
C03784,Hoang Khanh Binh,1980-12-17,Dong Nai,LOW,56,FULL
C03785,Dang Quoc An,1979-08-28,Quang Ninh,LOW,25,FULL
C03786,Le Tuan Bao,1985-05-13,Quang Ninh,LOW,55,FULL
C03787,Pham Tuan Lan,1987-10-23,Quang Ninh,HIGH,73,FULL
C03788,Hoang Minh Trang,2003-08-08,Can Tho,MEDIUM,44,FULL
C03789,Pham Minh Kiet,1980-10-14,Dong Nai,LOW,37,FULL
C03790,Hoang Duc Trang,2005-11-19,Quang Ninh,LOW,70,FULL
C03791,Do Ngoc An,1983-12-02,Ha Noi,LOW,53,FULL
C03792,Do Hai Huy,1977-05-18,Da Nang,LOW,86,FULL
C03793,Huynh Hoang Nhung,1988-05-13,Can Tho,LOW,34,FULL
C03794,Dang Xuan Nam,1969-08-31,Vung Tau,LOW,55,FULL
C03795,Huynh Hoang Son,1980-12-01,Ha Noi,LOW,7,PARTIAL
C03796,Phan Gia Hoang,2000-09-19,Hai Phong,LOW,55,FULL
C03797,Tran Thanh Bao,1997-05-14,Vung Tau,LOW,18,FULL
C03798,Vo Hoang Nam,1978-03-12,Ho Chi Minh,LOW,94,FULL
C03799,Bui Ngoc Trang,1970-11-05,Nha Trang,MEDIUM,5,FULL
C03800,Vu Ngoc Nhung,1989-09-21,Can Tho,LOW,64,FULL
C03801,Pham Minh Khoa,1961-04-28,Vung Tau,MEDIUM,13,FULL
C03802,Nguyen Hai Nhung,1985-02-28,Quang Ninh,MEDIUM,18,FULL
C03803,Bui Quoc Kiet,1981-07-21,Ha Noi,LOW,45,PARTIAL
C03804,Huynh Thanh Binh,1981-05-24,Hue,LOW,40,FULL
C03805,Pham Quoc Long,1974-11-08,Da Nang,MEDIUM,53,FULL
C03806,Dang Duc Kiet,1982-08-15,Ho Chi Minh,LOW,33,FULL
C03807,Vo Thu Tung,1962-07-04,Dong Nai,HIGH,59,FULL
C03808,Tran Hai Huy,1989-02-15,Vung Tau,LOW,52,FULL
C03809,Phan Khanh Lan,1977-02-09,Can Tho,LOW,45,FULL
C03810,Hoang Gia Lan,1992-09-24,Ha Noi,MEDIUM,31,FULL
C03811,Huynh Xuan An,1985-12-24,Hue,MEDIUM,50,FULL
C03812,Le Quoc Bao,1993-02-28,Ha Noi,LOW,34,FULL
C03813,Ngo Huu An,1984-05-30,Ho Chi Minh,LOW,77,FULL
C03814,Ho Khanh Hoang,1977-01-03,Vung Tau,LOW,21,FULL
C03815,Ho Gia Nhung,2003-06-15,Ha Noi,LOW,46,FULL
C03816,Huynh Ngoc Khoa,1976-10-23,Da Nang,LOW,16,PARTIAL
C03817,Phan Thi Son,2002-02-06,Dong Nai,LOW,42,FULL
C03818,Hoang Tuan Binh,1992-04-25,Ha Noi,LOW,15,FULL
C03819,Nguyen Duc Vy,2002-11-09,Can Tho,HIGH,46,PARTIAL
C03820,Vu Xuan Khang,1963-06-03,Hue,LOW,44,FULL
C03821,Duong Thanh Hoang,2005-10-28,Ha Noi,LOW,44,FULL
C03822,Ngo Hoang Khoa,1996-08-10,Dong Nai,LOW,11,PARTIAL
C03823,Ho Thi Nhung,1969-02-05,Can Tho,LOW,11,FULL
C03824,Ho Tuan Huy,1967-03-05,Ha Noi,LOW,34,PARTIAL
C03825,Bui Duc Khang,2004-11-22,Hai Phong,LOW,25,FULL
C03826,Tran Khanh Binh,1990-09-10,Hai Phong,LOW,74,FULL
C03827,Duong Khanh Linh,1991-01-25,Hai Phong,MEDIUM,79,FULL
C03828,Huynh Thu Lan,1978-03-12,Ha Noi,LOW,70,FULL
C03829,Vu Gia Anh,1986-06-10,Nha Trang,MEDIUM,19,FULL
C03830,Duong Tuan Tung,1972-03-03,Hue,LOW,40,FULL
C03831,Ngo Huu Binh,1988-03-15,Vung Tau,LOW,50,PARTIAL
C03832,Tran Khanh Hoang,2000-11-14,Dong Nai,LOW,21,FULL
C03833,Ngo Hoang Lan,2003-06-13,Dong Nai,MEDIUM,24,FULL
C03834,Huynh Duc Huy,1977-05-14,Da Nang,MEDIUM,84,FULL
C03835,Phan Thi Linh,1970-07-18,Da Nang,LOW,49,FULL
C03836,Nguyen Thu Tung,2003-07-25,Ho Chi Minh,LOW,44,PARTIAL
C03837,Duong Van Khoa,1989-07-02,Nha Trang,LOW,25,FULL
C03838,Huynh Hoang Linh,1978-05-10,Nha Trang,LOW,52,PARTIAL
C03839,Do Hai Dat,1965-09-07,Vung Tau,MEDIUM,25,FULL
C03840,Phan Khanh Huy,1983-12-30,Can Tho,LOW,61,FULL
C03841,Vo Thanh An,1989-12-10,Da Nang,LOW,69,FULL
C03842,Phan Khanh Nhung,1994-09-20,Ho Chi Minh,LOW,50,FULL
C03843,Hoang Khanh Khang,1975-06-22,Nha Trang,MEDIUM,74,FULL
C03844,Duong Thanh Lan,1986-05-02,Hai Phong,MEDIUM,24,FULL
C03845,Bui Khanh Huy,1965-02-06,Dong Nai,LOW,50,FULL
C03846,Pham Thanh Huy,1978-04-07,Hai Phong,HIGH,60,FULL
C03847,Ho Tuan Tung,1964-03-15,Vung Tau,LOW,51,FULL
C03848,Huynh Van Long,1978-05-24,Hue,LOW,71,PARTIAL
C03849,Dang Duc Phuc,1973-02-27,Da Nang,MEDIUM,77,FULL
C03850,Dang Hai Lan,2003-12-09,Nha Trang,LOW,7,FULL
C03851,Vu Tuan Phuc,1978-11-20,Vung Tau,LOW,57,FULL
C03852,Duong Huu Huy,2003-07-23,Quang Ninh,LOW,16,FULL
C03853,Tran Thu An,1984-04-03,Quang Ninh,LOW,51,PARTIAL
C03854,Huynh Quoc Khang,1975-02-08,Hue,LOW,35,FULL
C03855,Duong Huu Nam,1963-07-13,Ho Chi Minh,LOW,94,FULL
C03856,Duong Thi Anh,1995-04-03,Ha Noi,HIGH,9,PARTIAL
C03857,Tran Hai Khang,1994-12-27,Nha Trang,LOW,93,FULL
C03858,Dang Gia Binh,1995-12-27,Ho Chi Minh,LOW,85,FULL
C03859,Phan Thu Dat,1969-08-13,Vung Tau,LOW,44,FULL
C03860,Pham Hai Khang,1970-02-15,Hue,LOW,41,FULL
C03861,Duong Quoc Lan,1993-05-21,Ho Chi Minh,LOW,79,FULL
C03862,Tran Xuan Khoa,1977-12-29,Hue,LOW,84,FULL
C03863,Huynh Tuan An,1973-05-15,Ho Chi Minh,LOW,87,FULL
C03864,Nguyen Quoc Dat,1973-08-08,Da Nang,LOW,69,PARTIAL
C03865,Vo Ngoc Bao,1975-07-28,Dong Nai,LOW,58,FULL
C03866,Ngo Duc Phuc,1971-09-14,Nha Trang,LOW,71,FULL
C03867,Pham Khanh Son,2002-09-23,Ho Chi Minh,LOW,39,FULL
C03868,Phan Duc Linh,1991-03-03,Da Nang,LOW,26,FULL
C03869,Duong Van Linh,2005-08-31,Hai Phong,LOW,44,PARTIAL
C03870,Ngo Hai Khang,1985-11-23,Vung Tau,HIGH,91,FULL
C03871,Ho Hoang Binh,1977-10-26,Ha Noi,LOW,8,PARTIAL
C03872,Huynh Minh Son,1968-12-02,Hue,LOW,70,FULL
C03873,Bui Hoang Khang,1962-05-07,Quang Ninh,LOW,29,FULL
C03874,Duong Gia Vy,2002-11-02,Vung Tau,LOW,87,FULL
C03875,Pham Minh Huy,1974-10-23,Dong Nai,LOW,46,FULL
C03876,Dang Ngoc Lan,1979-04-06,Vung Tau,HIGH,11,FULL
C03877,Phan Quoc Khang,1999-02-11,Can Tho,LOW,15,FULL
C03878,Vo Huu Bao,1993-07-28,Hue,MEDIUM,14,FULL
C03879,Nguyen Duc Lan,1972-12-07,Dong Nai,LOW,62,PARTIAL
C03880,Huynh Minh Khang,1995-01-01,Can Tho,LOW,64,FULL
C03881,Le Hai Linh,1968-04-29,Quang Ninh,LOW,63,FULL
C03882,Vu Thanh Kiet,1976-11-28,Nha Trang,LOW,72,FULL
C03883,Huynh Thi Khang,1993-05-02,Vung Tau,LOW,29,FULL
C03884,Dang Thu Dat,1968-11-25,Da Nang,LOW,58,FULL
C03885,Tran Hai Bao,1968-10-22,Vung Tau,LOW,20,FULL
C03886,Ho Tuan An,2001-03-20,Ho Chi Minh,LOW,50,FULL
C03887,Phan Huu Lan,1995-01-27,Vung Tau,LOW,63,FULL
C03888,Phan Gia Nhung,1965-04-03,Dong Nai,LOW,45,PARTIAL
C03889,Hoang Thi Bao,1994-06-06,Nha Trang,LOW,42,FULL
C03890,Ho Thu Bao,2001-03-12,Hue,MEDIUM,29,PARTIAL
C03891,Hoang Khanh Nam,1965-05-21,Hai Phong,HIGH,34,FULL
C03892,Tran Huu Trang,1960-06-21,Vung Tau,LOW,92,FULL
C03893,Hoang Van Linh,2002-08-01,Hue,LOW,27,FULL
C03894,Ngo Ngoc Khoa,1995-04-23,Hue,LOW,61,PARTIAL
C03895,Ho Ngoc Bao,1999-11-10,Hai Phong,HIGH,32,FULL
C03896,Dang Quoc Linh,1990-06-22,Can Tho,LOW,41,FULL
C03897,Le Thu Anh,2005-09-19,Hue,LOW,35,FULL
C03898,Huynh Gia Trang,1998-11-12,Nha Trang,MEDIUM,51,FULL
C03899,Nguyen Xuan Bao,1983-05-14,Ho Chi Minh,LOW,27,FULL
C03900,Huynh Hoang Anh,2003-05-28,Quang Ninh,MEDIUM,12,FULL
C03901,Vo Thi Binh,1964-05-29,Hue,LOW,11,FULL
C03902,Ho Gia Dat,1987-02-04,Ha Noi,MEDIUM,31,FULL
C03903,Vu Thu Trang,1981-06-17,Da Nang,LOW,53,FULL
C03904,Ho Thi Son,1980-12-13,Da Nang,LOW,56,FULL
C03905,Pham Duc Binh,1964-10-07,Nha Trang,LOW,21,FULL
C03906,Le Gia Nam,2005-03-01,Ho Chi Minh,LOW,67,FULL
C03907,Pham Duc Khoa,1998-05-01,Nha Trang,LOW,7,FULL
C03908,Dang Huu Linh,2002-03-03,Ho Chi Minh,LOW,65,FULL
C03909,Nguyen Gia Tung,1971-01-03,Dong Nai,LOW,6,FULL
C03910,Ho Khanh Nam,1983-11-22,Nha Trang,LOW,49,FULL
C03911,Vo Huu An,2001-08-16,Ha Noi,LOW,88,FULL
C03912,Duong Thu Khoa,1975-04-03,Dong Nai,LOW,57,FULL
C03913,Do Thanh Hoang,1998-04-23,Can Tho,HIGH,8,FULL
C03914,Duong Ngoc Kiet,1998-02-17,Vung Tau,HIGH,48,FULL
C03915,Bui Hai Khoa,1972-04-27,Hue,MEDIUM,46,FULL
C03916,Phan Van Long,2002-05-20,Hai Phong,HIGH,71,FULL
C03917,Hoang Duc Linh,1992-10-18,Vung Tau,LOW,51,FULL
C03918,Le Quoc Huy,1960-07-18,Hai Phong,HIGH,20,FULL
C03919,Vo Gia Hoang,1983-01-14,Quang Ninh,LOW,67,FULL
C03920,Bui Quoc Nam,1971-08-29,Vung Tau,HIGH,87,FULL
C03921,Vu Hoang Binh,1999-04-17,Hue,MEDIUM,66,PARTIAL
C03922,Vo Duc Binh,2001-11-03,Can Tho,LOW,28,FULL
C03923,Phan Gia An,1983-01-02,Nha Trang,MEDIUM,10,FULL
C03924,Nguyen Gia Phuc,2000-01-18,Quang Ninh,LOW,73,FULL
C03925,Duong Thu Binh,1970-07-10,Dong Nai,LOW,78,FULL
C03926,Duong Khanh Anh,2001-09-16,Dong Nai,LOW,26,FULL
C03927,Nguyen Ngoc Huy,1998-02-08,Vung Tau,LOW,18,FULL
C03928,Huynh Duc Khang,1970-05-11,Ha Noi,LOW,34,FULL
C03929,Le Tuan Kiet,1970-02-22,Nha Trang,LOW,26,FULL
C03930,Nguyen Hai Long,1967-07-04,Quang Ninh,LOW,46,FULL
C03931,Hoang Tuan Khang,1977-02-07,Quang Ninh,MEDIUM,54,FULL
C03932,Bui Huu Long,1999-08-24,Hai Phong,HIGH,41,FULL
C03933,Pham Thi Lan,1981-11-25,Ha Noi,LOW,78,FULL
C03934,Hoang Van Dat,1974-06-30,Quang Ninh,LOW,14,FULL
C03935,Huynh Khanh Nam,1966-11-25,Dong Nai,MEDIUM,33,FULL
C03936,Phan Thanh Hoang,1995-07-31,Hai Phong,LOW,33,FULL
C03937,Hoang Hai Dat,1963-06-25,Vung Tau,LOW,5,FULL
C03938,Do Minh An,1961-11-23,Hue,LOW,67,FULL
C03939,Phan Ngoc Huy,1966-12-21,Dong Nai,LOW,86,FULL
C03940,Hoang Hoang An,1980-07-06,Ho Chi Minh,LOW,26,FULL
C03941,Tran Van An,1979-11-07,Can Tho,LOW,77,FULL
C03942,Ho Hoang Nam,1961-02-10,Hai Phong,MEDIUM,78,FULL
C03943,Vo Minh Lan,1993-01-05,Can Tho,LOW,91,FULL
C03944,Le Gia Phuc,1981-10-18,Quang Ninh,LOW,21,FULL
C03945,Nguyen Van Anh,1984-02-22,Da Nang,LOW,81,FULL
C03946,Pham Thanh Vy,1997-12-06,Nha Trang,LOW,91,PARTIAL
C03947,Dang Khanh Lan,1982-12-27,Hai Phong,LOW,33,FULL
C03948,Dang Hoang Khoa,1985-09-30,Da Nang,LOW,28,FULL
C03949,Tran Thi Tung,1965-09-07,Can Tho,LOW,9,PARTIAL
C03950,Huynh Tuan Khoa,1993-02-26,Dong Nai,LOW,43,PARTIAL
C03951,Phan Hoang Binh,1994-03-26,Can Tho,LOW,95,FULL
C03952,Do Quoc Son,1989-02-19,Ho Chi Minh,LOW,37,FULL
C03953,Dang Thanh Linh,1984-02-13,Quang Ninh,LOW,41,FULL
C03954,Phan Tuan Lan,1990-05-18,Vung Tau,LOW,70,FULL
C03955,Hoang Xuan Trang,2004-01-31,Vung Tau,LOW,12,FULL
C03956,Le Huu Tung,1969-03-07,Can Tho,HIGH,30,FULL
C03957,Ngo Van Phuc,1972-04-28,Hue,MEDIUM,48,FULL
C03958,Huynh Huu Hoang,1987-09-05,Hue,MEDIUM,46,PARTIAL
C03959,Tran Khanh Khoa,1990-02-09,Vung Tau,LOW,43,FULL
C03960,Duong Gia An,2002-06-27,Ha Noi,LOW,54,FULL
C03961,Bui Tuan Huy,1981-04-17,Dong Nai,LOW,39,FULL
C03962,Le Ngoc Huy,1991-04-06,Hai Phong,LOW,74,FULL
C03963,Vu Gia Trang,1981-10-29,Vung Tau,LOW,71,FULL
C03964,Ngo Thanh Trang,1965-09-04,Nha Trang,LOW,18,FULL
C03965,Vo Hoang Dat,1975-04-05,Ho Chi Minh,MEDIUM,10,PARTIAL
C03966,Pham Xuan Long,2004-07-30,Vung Tau,LOW,81,PARTIAL
C03967,Nguyen Hai Trang,1997-02-23,Da Nang,HIGH,34,FULL
C03968,Vo Minh Son,1962-10-05,Da Nang,LOW,26,FULL
C03969,Nguyen Xuan Anh,1975-11-14,Vung Tau,LOW,66,PARTIAL
C03970,Tran Xuan Anh,1966-09-07,Can Tho,MEDIUM,28,FULL
C03971,Dang Duc Nam,1986-10-15,Nha Trang,HIGH,6,FULL
C03972,Huynh Quoc Tung,1998-08-06,Hue,LOW,91,PARTIAL
C03973,Huynh Quoc Long,2000-09-25,Ho Chi Minh,LOW,7,FULL
C03974,Nguyen Hai Khang,1981-07-02,Hai Phong,LOW,51,FULL
C03975,Bui Quoc Phuc,1961-10-15,Can Tho,HIGH,83,FULL
C03976,Hoang Quoc Tung,2003-10-20,Quang Ninh,LOW,12,PARTIAL
C03977,Huynh Gia Linh,1995-06-03,Ho Chi Minh,MEDIUM,95,PARTIAL
C03978,Tran Minh Bao,1965-11-12,Quang Ninh,LOW,17,FULL
C03979,Duong Thu Huy,2005-08-03,Ho Chi Minh,HIGH,19,FULL
C03980,Huynh Ngoc Huy,1973-09-02,Da Nang,LOW,17,FULL
C03981,Tran Gia An,1965-04-22,Can Tho,MEDIUM,12,PARTIAL
C03982,Pham Hoang An,1960-11-24,Ha Noi,LOW,43,FULL
C03983,Bui Ngoc Dat,1987-09-29,Ha Noi,LOW,11,FULL
C03984,Hoang Khanh Son,1989-02-28,Nha Trang,LOW,79,FULL
C03985,Duong Thi Linh,1987-05-12,Dong Nai,LOW,18,FULL
C03986,Do Huu Linh,1961-07-07,Vung Tau,LOW,43,FULL
C03987,Huynh Hai Son,1967-06-25,Vung Tau,HIGH,53,PARTIAL
C03988,Phan Quoc Long,1986-11-07,Hue,HIGH,70,FULL
C03989,Phan Tuan Son,1996-11-16,Da Nang,LOW,9,FULL
C03990,Pham Duc Phuc,1988-10-14,Ho Chi Minh,LOW,82,FULL
C03991,Vo Van Tung,1974-01-22,Nha Trang,MEDIUM,12,FULL
C03992,Huynh Khanh Nhung,1960-01-03,Ha Noi,LOW,33,FULL
C03993,Le Thanh Binh,1969-12-05,Ha Noi,HIGH,71,FULL
C03994,Dang Hai Vy,1967-08-11,Ha Noi,LOW,69,PARTIAL
C03995,Hoang Tuan Dat,1986-03-01,Nha Trang,MEDIUM,46,FULL
C03996,Huynh Minh Nam,2002-01-29,Dong Nai,HIGH,38,FULL
C03997,Ngo Duc Hoang,1963-04-01,Ha Noi,HIGH,56,PARTIAL
C03998,Pham Thu Anh,1984-05-13,Ha Noi,MEDIUM,53,FULL
C03999,Duong Ngoc Long,1997-12-23,Can Tho,MEDIUM,56,FULL
C04000,Le Gia Long,1979-07-26,Hue,LOW,75,FULL
C04001,Le Quoc An,1965-03-04,Dong Nai,LOW,94,FULL
C04002,Huynh Ngoc Lan,1994-12-30,Hue,LOW,59,FULL
C04003,Nguyen Thu Anh,1995-06-11,Ha Noi,LOW,14,FULL
C04004,Bui Ngoc Linh,1962-08-03,Hue,LOW,52,FULL
C04005,Do Khanh Long,1987-10-23,Hai Phong,LOW,8,FULL
C04006,Do Hoang Dat,1978-07-07,Ha Noi,MEDIUM,60,FULL
C04007,Le Tuan Hoang,1970-11-06,Nha Trang,HIGH,27,FULL
C04008,Do Khanh Long,1974-04-10,Dong Nai,LOW,61,FULL
C04009,Phan Minh Hoang,1997-04-10,Dong Nai,MEDIUM,62,FULL
C04010,Dang Thi Dat,1995-05-14,Can Tho,MEDIUM,83,FULL
C04011,Nguyen Khanh Tung,1994-03-09,Can Tho,HIGH,94,FULL
C04012,Hoang Huu Nhung,2002-07-13,Can Tho,LOW,5,PARTIAL
C04013,Ngo Thanh Nam,1961-01-04,Ho Chi Minh,LOW,53,FULL
C04014,Nguyen Thanh Huy,1991-11-05,Nha Trang,LOW,33,PARTIAL
C04015,Hoang Hai Trang,1998-06-08,Vung Tau,LOW,81,FULL
C04016,Pham Xuan Hoang,1982-08-12,Can Tho,LOW,37,PARTIAL
C04017,Dang Thu Vy,1993-03-20,Hai Phong,HIGH,79,FULL
C04018,Duong Minh Kiet,1971-09-22,Vung Tau,LOW,80,FULL
C04019,Tran Thu Huy,2004-03-06,Hai Phong,LOW,26,FULL
C04020,Bui Huu Khang,1995-07-03,Dong Nai,LOW,42,FULL
C04021,Bui Van Khang,1971-03-08,Nha Trang,LOW,5,FULL
C04022,Le Ngoc Dat,2000-03-24,Vung Tau,MEDIUM,64,FULL
C04023,Hoang Hoang Tung,1996-11-01,Nha Trang,LOW,51,PARTIAL
C04024,Huynh Minh Bao,1985-07-15,Ho Chi Minh,MEDIUM,54,PARTIAL
C04025,Nguyen Ngoc Dat,1984-06-18,Hue,LOW,28,FULL
C04026,Pham Hai Tung,1983-07-22,Quang Ninh,LOW,21,FULL
C04027,Ho Thanh Nam,1966-03-20,Quang Ninh,HIGH,81,FULL
C04028,Duong Xuan Son,2000-02-05,Nha Trang,LOW,91,FULL
C04029,Vo Hai Khang,2000-06-27,Da Nang,LOW,41,PARTIAL
C04030,Phan Hoang Bao,1981-12-09,Vung Tau,LOW,93,FULL
C04031,Tran Van Long,2005-11-16,Ho Chi Minh,LOW,72,FULL
C04032,Ho Khanh Tung,1986-07-14,Hai Phong,HIGH,92,FULL
C04033,Le Thu Nam,2004-11-29,Ho Chi Minh,LOW,50,FULL
C04034,Vo Gia An,1960-09-29,Vung Tau,LOW,66,FULL
C04035,Le Quoc Bao,2000-10-24,Hue,LOW,28,PARTIAL
C04036,Ho Thu Hoang,1963-07-11,Nha Trang,LOW,64,PARTIAL
C04037,Vu Tuan Tung,1966-10-19,Ho Chi Minh,LOW,10,FULL
C04038,Do Quoc Khang,1961-11-23,Nha Trang,LOW,59,FULL
C04039,Do Thanh Trang,2004-10-31,Quang Ninh,LOW,84,FULL
C04040,Ngo Thu Kiet,1997-03-02,Ho Chi Minh,LOW,5,FULL
C04041,Phan Xuan An,1981-07-05,Hai Phong,LOW,54,PARTIAL
C04042,Ngo Quoc Vy,1962-08-07,Da Nang,LOW,49,FULL
C04043,Huynh Gia Long,1981-05-28,Nha Trang,LOW,41,FULL
C04044,Nguyen Thi Son,1966-08-09,Hue,LOW,83,FULL
C04045,Vo Huu Binh,1993-11-29,Can Tho,MEDIUM,76,PARTIAL
C04046,Duong Quoc Hoang,1961-12-20,Nha Trang,HIGH,16,FULL
C04047,Duong Thi Anh,1970-02-12,Quang Ninh,MEDIUM,13,FULL
C04048,Tran Thanh Anh,1964-11-21,Hue,LOW,66,PARTIAL
C04049,Huynh Duc Lan,1978-11-24,Dong Nai,HIGH,88,PARTIAL
C04050,Pham Minh Dat,1996-11-20,Can Tho,LOW,70,FULL
C04051,Phan Van Huy,1971-03-22,Dong Nai,LOW,11,FULL
C04052,Vo Thi Tung,1969-08-18,Dong Nai,LOW,84,FULL
C04053,Huynh Khanh Khoa,1992-02-01,Da Nang,LOW,74,FULL
C04054,Duong Duc Nhung,1995-10-21,Da Nang,LOW,28,FULL
C04055,Phan Hoang Hoang,1984-01-19,Can Tho,LOW,37,FULL
C04056,Phan Minh Linh,1987-10-08,Quang Ninh,MEDIUM,37,FULL
C04057,Hoang Thanh Binh,1993-12-30,Da Nang,MEDIUM,95,FULL
C04058,Phan Van Khang,2004-10-21,Quang Ninh,LOW,53,FULL
C04059,Ngo Ngoc Kiet,1996-09-19,Nha Trang,LOW,49,FULL
C04060,Dang Hoang Phuc,1976-09-27,Dong Nai,LOW,95,FULL
C04061,Vu Khanh Hoang,1981-03-04,Hue,LOW,54,FULL
C04062,Vu Hoang Bao,1997-03-20,Hue,LOW,89,FULL
C04063,Huynh Thi Dat,2003-04-24,Vung Tau,LOW,84,FULL
C04064,Do Thu Dat,1974-05-24,Hue,LOW,75,PARTIAL
C04065,Do Tuan Khang,1960-05-10,Quang Ninh,LOW,38,FULL
C04066,Le Van Bao,2002-01-03,Nha Trang,LOW,77,FULL
C04067,Le Xuan Lan,1974-06-16,Ho Chi Minh,LOW,53,FULL
C04068,Ho Ngoc Vy,2001-09-24,Ho Chi Minh,LOW,67,FULL
C04069,Duong Huu Linh,1968-04-30,Ha Noi,HIGH,20,FULL
C04070,Pham Minh Nhung,1991-06-23,Hue,LOW,14,FULL
C04071,Do Khanh Long,1968-10-07,Vung Tau,MEDIUM,66,FULL
C04072,Hoang Thu An,1973-11-25,Dong Nai,LOW,6,FULL
C04073,Duong Thu Anh,1991-02-24,Nha Trang,LOW,64,FULL
C04074,Vo Thu Dat,1975-03-01,Hai Phong,LOW,17,FULL
C04075,Huynh Thu Kiet,2002-04-13,Dong Nai,LOW,33,FULL
C04076,Do Hai Binh,2000-09-14,Vung Tau,LOW,58,FULL
C04077,Le Quoc Khoa,1981-02-07,Ho Chi Minh,HIGH,82,FULL
C04078,Dang Van Hoang,1960-10-23,Can Tho,HIGH,40,PARTIAL
C04079,Ngo Hoang Kiet,2001-05-12,Vung Tau,LOW,52,PARTIAL
C04080,Dang Minh Trang,1986-08-16,Quang Ninh,LOW,17,FULL
C04081,Tran Huu Kiet,1985-11-14,Ha Noi,LOW,75,FULL
C04082,Hoang Gia Kiet,2003-06-16,Ha Noi,HIGH,73,FULL
C04083,Le Thanh Son,1975-05-30,Ho Chi Minh,LOW,87,FULL
C04084,Hoang Ngoc Nam,1995-06-22,Dong Nai,MEDIUM,85,PARTIAL
C04085,Do Minh Nhung,1960-11-17,Can Tho,HIGH,27,FULL
C04086,Dang Thi Binh,2003-11-14,Da Nang,HIGH,95,PARTIAL
C04087,Huynh Hai Kiet,1999-05-24,Hai Phong,MEDIUM,28,FULL
C04088,Bui Hai An,1969-05-04,Hai Phong,LOW,37,FULL
C04089,Le Minh Tung,1962-01-30,Da Nang,MEDIUM,75,FULL
C04090,Nguyen Minh Phuc,2004-02-18,Can Tho,LOW,67,FULL
C04091,Pham Thi Tung,1979-05-08,Can Tho,LOW,51,FULL
C04092,Nguyen Hai Dat,1965-09-04,Can Tho,LOW,21,PARTIAL
C04093,Pham Van Hoang,1978-09-16,Ho Chi Minh,LOW,29,FULL
C04094,Do Duc Khoa,2002-04-21,Vung Tau,MEDIUM,49,FULL
C04095,Vo Hoang Bao,1988-01-23,Quang Ninh,LOW,74,FULL
C04096,Bui Thanh Hoang,2001-04-25,Dong Nai,LOW,50,PARTIAL
C04097,Do Van Nam,2002-11-20,Hai Phong,LOW,27,FULL
C04098,Phan Khanh Nam,1983-07-22,Ho Chi Minh,LOW,76,FULL
C04099,Pham Hoang Huy,1975-11-18,Hue,LOW,66,FULL
C04100,Duong Minh Son,1976-11-23,Quang Ninh,LOW,92,FULL
C04101,Pham Gia Anh,1983-09-25,Nha Trang,LOW,77,FULL
C04102,Huynh Huu Son,1986-02-12,Hai Phong,LOW,26,FULL
C04103,Vu Huu Tung,2000-03-05,Nha Trang,LOW,9,FULL
C04104,Duong Tuan Dat,1968-04-14,Ho Chi Minh,LOW,67,FULL
C04105,Ho Tuan Trang,1999-08-13,Dong Nai,MEDIUM,19,PARTIAL
C04106,Ngo Duc Dat,1976-09-21,Ha Noi,LOW,19,FULL
C04107,Hoang Ngoc Phuc,1964-05-18,Da Nang,LOW,93,FULL
C04108,Le Thanh Binh,1996-02-06,Vung Tau,LOW,94,FULL
C04109,Do Hoang Lan,1990-04-20,Vung Tau,LOW,42,FULL
C04110,Pham Duc Hoang,1972-09-04,Dong Nai,HIGH,95,FULL
C04111,Vu Van Nhung,1981-12-21,Dong Nai,LOW,25,FULL
C04112,Hoang Minh Binh,1963-11-28,Can Tho,LOW,18,FULL
C04113,Duong Duc Dat,1963-10-29,Quang Ninh,LOW,38,FULL
C04114,Nguyen Huu Khang,1989-10-24,Can Tho,LOW,53,FULL
C04115,Hoang Van Phuc,1972-12-04,Can Tho,HIGH,18,FULL
C04116,Pham Van An,1962-12-27,Quang Ninh,HIGH,52,FULL
C04117,Tran Xuan Khoa,1999-07-28,Dong Nai,LOW,18,FULL
C04118,Duong Hai Nam,1971-08-18,Quang Ninh,LOW,83,FULL
C04119,Le Thi Son,2005-07-01,Quang Ninh,LOW,19,FULL
C04120,Bui Hai Khang,1961-05-03,Can Tho,LOW,37,PARTIAL
C04121,Ho Thanh Khang,1986-07-30,Hue,LOW,38,FULL
C04122,Duong Huu Khang,1963-03-16,Ha Noi,LOW,62,FULL
C04123,Le Thanh Son,1998-07-22,Hue,MEDIUM,91,FULL
C04124,Dang Xuan Nam,2004-10-24,Can Tho,LOW,92,FULL
C04125,Ho Minh Nam,2003-04-25,Nha Trang,LOW,45,FULL
C04126,Hoang Ngoc Huy,1968-04-21,Vung Tau,LOW,53,PARTIAL
C04127,Vo Huu Trang,1965-10-18,Dong Nai,LOW,83,FULL
C04128,Pham Xuan Anh,1984-01-22,Vung Tau,MEDIUM,77,FULL
C04129,Phan Duc Hoang,1985-11-14,Hue,LOW,50,FULL
C04130,Ngo Hoang Anh,1983-08-04,Ha Noi,LOW,10,FULL
C04131,Duong Hai Bao,1962-06-13,Quang Ninh,LOW,24,FULL
C04132,Huynh Xuan Son,1993-07-22,Hue,LOW,11,FULL
C04133,Le Gia Khang,1982-04-04,Ho Chi Minh,LOW,17,FULL
C04134,Pham Minh Son,1998-11-25,Ha Noi,LOW,66,FULL
C04135,Nguyen Tuan Khoa,1970-11-28,Ha Noi,LOW,44,FULL
C04136,Phan Ngoc Linh,1991-06-05,Can Tho,LOW,72,FULL
C04137,Huynh Van Huy,1981-05-03,Da Nang,LOW,58,FULL
C04138,Duong Thu Hoang,1985-08-23,Nha Trang,MEDIUM,64,FULL
C04139,Vo Thanh Vy,1977-01-08,Hai Phong,LOW,70,FULL
C04140,Phan Ngoc Nhung,1982-07-07,Da Nang,MEDIUM,47,FULL
C04141,Vu Thi Anh,1961-12-16,Hai Phong,LOW,7,FULL
C04142,Tran Thi Huy,1982-06-16,Vung Tau,LOW,79,FULL
C04143,Vo Quoc Trang,1972-01-13,Ho Chi Minh,LOW,76,FULL
C04144,Ho Ngoc Khoa,1984-01-20,Dong Nai,LOW,19,FULL
C04145,Tran Van Vy,1996-09-23,Vung Tau,MEDIUM,82,FULL
C04146,Hoang Hoang Dat,1963-07-25,Dong Nai,MEDIUM,51,FULL
C04147,Vo Quoc Long,1968-04-23,Quang Ninh,LOW,88,PARTIAL
C04148,Pham Van Hoang,1970-12-25,Nha Trang,LOW,16,FULL
C04149,Duong Duc Dat,1968-11-03,Da Nang,LOW,20,FULL
C04150,Ho Khanh Long,1967-08-12,Ho Chi Minh,LOW,65,FULL
C04151,Bui Minh Tung,1993-04-05,Nha Trang,LOW,86,FULL
C04152,Le Huu Binh,1975-10-17,Vung Tau,LOW,40,FULL
C04153,Ngo Tuan Linh,1996-02-18,Da Nang,MEDIUM,34,FULL
C04154,Duong Huu Linh,1979-10-08,Vung Tau,LOW,95,FULL
C04155,Bui Ngoc Linh,1993-12-19,Nha Trang,LOW,66,FULL
C04156,Do Thanh Bao,2000-02-22,Da Nang,LOW,84,FULL
C04157,Do Duc Linh,1965-11-02,Hue,LOW,11,FULL
C04158,Duong Hai Son,1990-10-27,Nha Trang,LOW,18,FULL
C04159,Tran Khanh Khang,1989-09-25,Dong Nai,LOW,94,FULL
C04160,Bui Minh Binh,1971-07-18,Dong Nai,MEDIUM,87,FULL
C04161,Huynh Xuan Hoang,1963-10-20,Quang Ninh,MEDIUM,23,FULL
C04162,Nguyen Minh Trang,1976-01-27,Vung Tau,LOW,56,FULL
C04163,Hoang Gia Dat,1986-10-06,Vung Tau,HIGH,90,PARTIAL
C04164,Nguyen Hoang An,1982-10-07,Ho Chi Minh,MEDIUM,56,FULL
C04165,Vo Minh Long,1973-10-17,Hai Phong,LOW,42,FULL
C04166,Huynh Hai Trang,1988-10-01,Hue,LOW,62,FULL
C04167,Vu Hai Nhung,1986-03-03,Ha Noi,LOW,12,FULL
C04168,Ho Thu Nhung,1990-02-19,Dong Nai,LOW,59,FULL
C04169,Phan Thanh Hoang,2005-05-11,Ho Chi Minh,LOW,81,FULL
C04170,Vo Xuan Khoa,1978-02-08,Hai Phong,LOW,30,FULL
C04171,Duong Van Huy,1989-09-30,Hai Phong,LOW,72,FULL
C04172,Duong Khanh An,1981-03-18,Hue,LOW,43,FULL
C04173,Duong Minh Nam,1993-08-10,Can Tho,LOW,68,PARTIAL
C04174,Bui Minh Binh,2004-04-13,Nha Trang,LOW,8,PARTIAL
C04175,Phan Thanh Bao,2003-06-23,Da Nang,LOW,31,FULL
C04176,Vu Ngoc Tung,1980-10-24,Ha Noi,LOW,57,FULL
C04177,Phan Minh Khoa,1967-02-17,Vung Tau,MEDIUM,36,FULL
C04178,Do Tuan Phuc,2004-10-20,Ho Chi Minh,LOW,57,FULL
C04179,Duong Gia Trang,1996-04-12,Ho Chi Minh,MEDIUM,72,FULL
C04180,Hoang Thanh Vy,1979-11-11,Can Tho,LOW,7,FULL
C04181,Phan Hoang Nhung,1996-01-01,Ho Chi Minh,LOW,69,PARTIAL
C04182,Vu Xuan Binh,1996-07-02,Can Tho,LOW,49,FULL
C04183,Nguyen Hai Hoang,1983-07-23,Ho Chi Minh,LOW,40,FULL
C04184,Dang Khanh Huy,1961-01-12,Nha Trang,LOW,46,FULL
C04185,Bui Thanh Nhung,1992-10-02,Da Nang,MEDIUM,24,FULL
C04186,Duong Hoang An,1990-02-26,Ho Chi Minh,LOW,43,FULL
C04187,Tran Thi Kiet,2005-06-06,Nha Trang,LOW,93,FULL
C04188,Duong Hai Huy,1964-10-15,Da Nang,MEDIUM,26,FULL
C04189,Hoang Minh Linh,1981-05-01,Ha Noi,LOW,57,FULL
C04190,Vo Hoang Khang,1963-01-13,Dong Nai,LOW,18,FULL
C04191,Hoang Xuan Khoa,1967-06-03,Can Tho,LOW,7,FULL
C04192,Nguyen Huu Nhung,1979-03-01,Dong Nai,LOW,62,FULL
C04193,Vu Gia Vy,1964-11-11,Quang Ninh,LOW,27,PARTIAL
C04194,Duong Thi Dat,1987-08-12,Vung Tau,MEDIUM,31,FULL
C04195,Vu Xuan Dat,1962-11-15,Hue,LOW,30,PARTIAL
C04196,Nguyen Van Phuc,1983-01-13,Hue,LOW,50,FULL
C04197,Bui Huu Nhung,1961-06-22,Can Tho,LOW,7,FULL
C04198,Hoang Van Phuc,1991-01-28,Hai Phong,LOW,47,FULL
C04199,Vu Thi Phuc,2005-03-14,Can Tho,LOW,65,FULL
C04200,Le Xuan Dat,1992-12-18,Can Tho,LOW,50,FULL
C04201,Dang Tuan Linh,1990-03-28,Can Tho,LOW,67,FULL
C04202,Ngo Gia Nam,1996-11-13,Hue,MEDIUM,59,FULL
C04203,Bui Hai Huy,1990-05-20,Can Tho,LOW,37,FULL
C04204,Huynh Ngoc Khoa,1968-07-31,Ho Chi Minh,LOW,13,FULL
C04205,Le Hai Bao,1962-11-15,Quang Ninh,LOW,80,PARTIAL
C04206,Vu Huu Khoa,1997-01-02,Hai Phong,MEDIUM,28,FULL
C04207,Do Gia Trang,1997-03-03,Dong Nai,LOW,63,FULL
C04208,Duong Van Linh,1962-11-11,Dong Nai,LOW,33,FULL
C04209,Le Minh Hoang,1969-09-07,Ho Chi Minh,LOW,87,FULL
C04210,Ngo Thanh Hoang,1999-11-20,Nha Trang,HIGH,35,FULL
C04211,Bui Quoc Linh,1973-12-05,Dong Nai,MEDIUM,53,FULL
C04212,Ngo Khanh Long,1972-12-30,Can Tho,LOW,66,FULL
C04213,Ho Hoang Trang,1968-12-02,Ho Chi Minh,LOW,55,FULL
C04214,Pham Van An,1973-11-30,Vung Tau,LOW,20,FULL
C04215,Ngo Minh Vy,1983-06-13,Da Nang,LOW,87,PARTIAL
C04216,Dang Hai Binh,1979-07-23,Hue,LOW,91,FULL
C04217,Vo Huu Khoa,2000-03-22,Ho Chi Minh,LOW,54,FULL
C04218,Do Quoc Bao,1975-05-19,Nha Trang,LOW,64,FULL
C04219,Ho Gia Hoang,1996-04-30,Quang Ninh,MEDIUM,87,FULL
C04220,Bui Thu Bao,1998-11-02,Ha Noi,LOW,54,FULL
C04221,Tran Van Nam,2001-01-04,Hai Phong,HIGH,14,FULL
C04222,Tran Tuan Linh,1995-12-11,Ho Chi Minh,LOW,45,FULL
C04223,Pham Thi Anh,1972-12-30,Da Nang,LOW,57,FULL
C04224,Ho Van Khoa,1979-03-02,Can Tho,HIGH,78,FULL
C04225,Tran Thanh An,1986-12-01,Ho Chi Minh,LOW,47,FULL
C04226,Ho Ngoc Khoa,1997-06-03,Ha Noi,LOW,72,FULL
C04227,Vu Hoang Bao,1980-05-25,Can Tho,LOW,71,FULL
C04228,Ngo Huu Hoang,2000-05-29,Quang Ninh,LOW,86,FULL
C04229,Phan Quoc Khoa,2003-04-08,Ho Chi Minh,LOW,26,FULL
C04230,Le Gia Vy,1983-06-28,Quang Ninh,LOW,75,FULL
C04231,Ngo Thu Trang,1988-12-23,Ha Noi,MEDIUM,6,FULL
C04232,Bui Duc Nhung,1969-02-18,Ho Chi Minh,LOW,73,FULL
C04233,Vo Huu Binh,1999-05-29,Hai Phong,LOW,9,FULL
C04234,Le Tuan Lan,1965-09-01,Hue,LOW,56,FULL
C04235,Le Khanh Khoa,1988-01-18,Dong Nai,LOW,29,FULL
C04236,Vu Ngoc Hoang,1982-05-14,Quang Ninh,HIGH,17,PARTIAL
C04237,Hoang Huu Bao,1993-04-04,Quang Ninh,LOW,40,FULL
C04238,Bui Thi An,1973-05-03,Da Nang,LOW,20,FULL
C04239,Bui Minh Dat,1962-08-02,Quang Ninh,LOW,49,FULL
C04240,Do Thu Phuc,1965-03-16,Nha Trang,MEDIUM,15,FULL
C04241,Phan Hoang Nhung,2002-06-12,Quang Ninh,HIGH,25,FULL
C04242,Huynh Ngoc Khoa,1965-02-16,Hue,LOW,72,FULL
C04243,Ngo Xuan Son,1999-10-15,Hue,LOW,39,FULL
C04244,Tran Hai Khang,1981-06-15,Vung Tau,LOW,22,FULL
C04245,Vu Hoang Kiet,1986-03-30,Can Tho,LOW,41,FULL
C04246,Do Hoang Kiet,1978-10-21,Quang Ninh,MEDIUM,86,FULL
C04247,Nguyen Ngoc Son,1970-04-02,Hue,LOW,91,FULL
C04248,Duong Minh Tung,1988-07-21,Ho Chi Minh,LOW,47,FULL
C04249,Duong Thanh Huy,1988-03-09,Ha Noi,MEDIUM,35,FULL
C04250,Tran Ngoc Binh,1976-08-10,Dong Nai,LOW,5,FULL
C04251,Phan Thanh Huy,1986-11-28,Vung Tau,LOW,33,FULL
C04252,Phan Quoc Trang,1970-01-01,Hue,MEDIUM,16,FULL
C04253,Hoang Tuan Nam,1966-05-14,Ha Noi,LOW,5,FULL
C04254,Ngo Hai Huy,1962-02-21,Ho Chi Minh,LOW,86,FULL
C04255,Phan Ngoc Linh,1978-12-16,Dong Nai,LOW,41,FULL
C04256,Phan Thu An,1968-10-27,Dong Nai,LOW,72,FULL
C04257,Dang Xuan Huy,1988-11-14,Dong Nai,LOW,15,FULL
C04258,Huynh Ngoc Son,1997-10-03,Can Tho,LOW,26,FULL
C04259,Nguyen Van Khang,1975-02-01,Nha Trang,LOW,6,FULL
C04260,Tran Tuan Kiet,1972-02-28,Hue,MEDIUM,62,FULL
C04261,Do Ngoc Tung,2002-01-12,Dong Nai,MEDIUM,30,PARTIAL
C04262,Hoang Van Hoang,1979-04-12,Ha Noi,LOW,93,FULL
C04263,Vo Thu Anh,2002-12-15,Dong Nai,LOW,92,PARTIAL
C04264,Ho Hoang Lan,1985-10-05,Ho Chi Minh,LOW,79,FULL
C04265,Bui Gia Long,1969-05-20,Quang Ninh,MEDIUM,73,FULL
C04266,Huynh Thi Son,1972-09-21,Quang Ninh,LOW,28,PARTIAL
C04267,Phan Duc Phuc,1991-02-02,Hai Phong,LOW,12,FULL
C04268,Phan Huu Lan,1992-08-21,Quang Ninh,LOW,12,PARTIAL
C04269,Vu Thanh Tung,1990-01-18,Quang Ninh,LOW,82,FULL
C04270,Ngo Van Huy,1993-02-05,Can Tho,HIGH,68,FULL
C04271,Huynh Duc Kiet,1987-06-11,Quang Ninh,LOW,49,FULL
C04272,Do Thanh Vy,1988-12-28,Ha Noi,LOW,58,PARTIAL
C04273,Vo Thanh Tung,2000-04-04,Hue,LOW,26,FULL
C04274,Duong Duc Trang,1976-12-14,Quang Ninh,HIGH,40,FULL
C04275,Pham Tuan Phuc,1965-04-20,Quang Ninh,LOW,70,FULL
C04276,Dang Thu Long,1981-03-25,Hai Phong,LOW,17,FULL
C04277,Phan Minh Hoang,2003-02-04,Dong Nai,HIGH,51,FULL
C04278,Duong Duc Linh,1964-06-14,Vung Tau,LOW,14,FULL
C04279,Ho Van Trang,1979-08-06,Da Nang,LOW,44,FULL
C04280,Bui Huu Phuc,1968-11-21,Vung Tau,HIGH,11,FULL
C04281,Huynh Xuan Trang,1964-11-19,Quang Ninh,LOW,58,FULL
C04282,Phan Khanh Hoang,1986-09-23,Nha Trang,LOW,12,FULL
C04283,Tran Huu Bao,2004-09-29,Vung Tau,LOW,13,FULL
C04284,Nguyen Gia Khoa,1993-12-19,Da Nang,LOW,71,FULL
C04285,Vu Ngoc Dat,2004-02-08,Da Nang,MEDIUM,39,FULL
C04286,Vo Huu Linh,1973-11-12,Hai Phong,LOW,36,FULL
C04287,Le Van Linh,1974-10-27,Can Tho,LOW,56,FULL
C04288,Tran Thu Long,1991-03-15,Can Tho,LOW,24,FULL
C04289,Bui Tuan Dat,1981-09-04,Dong Nai,LOW,81,FULL
C04290,Vu Duc An,1976-04-18,Dong Nai,LOW,15,FULL
C04291,Do Huu Son,1999-12-31,Ho Chi Minh,LOW,75,FULL
C04292,Hoang Duc Anh,1974-10-08,Ho Chi Minh,MEDIUM,86,FULL
C04293,Vu Thu An,1964-01-05,Dong Nai,MEDIUM,31,FULL
C04294,Bui Van Trang,1982-11-01,Vung Tau,LOW,87,FULL
C04295,Do Ngoc Hoang,1979-05-08,Da Nang,LOW,68,FULL
C04296,Nguyen Thi Nam,1971-07-28,Da Nang,LOW,48,FULL
C04297,Tran Thi Lan,1988-06-06,Quang Ninh,LOW,56,FULL
C04298,Pham Tuan Bao,1996-07-24,Vung Tau,LOW,37,FULL
C04299,Le Minh Hoang,1980-09-30,Vung Tau,HIGH,95,FULL
C04300,Dang Xuan Kiet,1969-12-05,Hai Phong,LOW,69,FULL
C04301,Vu Xuan Vy,1988-08-16,Hue,LOW,52,FULL
C04302,Duong Xuan Hoang,1971-08-25,Quang Ninh,LOW,88,FULL
C04303,Nguyen Van Hoang,1983-01-12,Ho Chi Minh,LOW,17,FULL
C04304,Do Huu Nam,2001-11-17,Dong Nai,LOW,33,FULL
C04305,Vo Minh Khang,1961-07-17,Da Nang,LOW,60,PARTIAL
C04306,Nguyen Thanh Bao,2000-02-05,Nha Trang,MEDIUM,78,FULL
C04307,Vo Van Bao,1977-12-08,Can Tho,LOW,93,FULL
C04308,Ho Hoang Bao,1967-07-07,Hai Phong,LOW,86,FULL
C04309,Pham Thi Tung,1982-10-06,Vung Tau,LOW,85,FULL
C04310,Nguyen Xuan Long,1992-05-13,Hai Phong,LOW,53,FULL
C04311,Dang Quoc Dat,1997-07-10,Hue,MEDIUM,63,FULL
C04312,Ho Thi Hoang,1962-01-17,Dong Nai,LOW,82,FULL
C04313,Nguyen Thanh Son,1964-07-13,Nha Trang,LOW,19,FULL
C04314,Ho Thu Bao,1964-01-22,Da Nang,LOW,6,FULL
C04315,Le Khanh Tung,2000-01-14,Quang Ninh,MEDIUM,55,FULL
C04316,Tran Gia An,1971-06-15,Ho Chi Minh,LOW,23,FULL
C04317,Ngo Xuan Khang,1997-10-23,Dong Nai,LOW,84,FULL
C04318,Bui Khanh Nhung,1963-05-29,Hue,MEDIUM,38,FULL
C04319,Duong Minh Vy,2000-10-16,Hue,LOW,40,FULL
C04320,Do Thanh An,2001-05-24,Can Tho,MEDIUM,59,FULL
C04321,Vo Thanh Nhung,2000-06-09,Nha Trang,LOW,26,FULL
C04322,Vu Hai Bao,1988-11-08,Ha Noi,LOW,5,FULL
C04323,Hoang Hai Khoa,1995-12-03,Ha Noi,LOW,62,FULL
C04324,Ngo Duc Long,1985-06-21,Ha Noi,MEDIUM,9,FULL
C04325,Pham Minh Khoa,1990-03-26,Vung Tau,LOW,61,FULL
C04326,Dang Duc Khoa,1972-11-28,Hai Phong,LOW,85,FULL
C04327,Hoang Hoang Khang,1990-11-05,Hue,MEDIUM,18,FULL
C04328,Bui Thi Trang,1972-03-22,Nha Trang,LOW,27,FULL
C04329,Vo Hoang Bao,1979-06-16,Hai Phong,MEDIUM,29,FULL
C04330,Dang Gia Bao,1975-07-06,Hai Phong,LOW,85,FULL
C04331,Dang Thi An,1993-05-28,Da Nang,LOW,61,FULL
C04332,Hoang Hai Vy,1966-11-03,Da Nang,LOW,65,FULL
C04333,Duong Thanh Trang,1990-05-08,Dong Nai,LOW,29,FULL
C04334,Le Duc Lan,1969-07-07,Hue,LOW,82,FULL
C04335,Dang Huu Khoa,1979-12-30,Nha Trang,LOW,27,FULL
C04336,Hoang Hai An,1994-05-30,Quang Ninh,LOW,85,FULL
C04337,Nguyen Minh Kiet,1971-01-15,Hue,LOW,79,FULL
C04338,Nguyen Quoc Tung,1961-06-24,Nha Trang,LOW,21,FULL
C04339,Le Thi Nhung,1991-04-03,Dong Nai,HIGH,54,FULL
C04340,Vo Khanh Long,1969-11-21,Nha Trang,MEDIUM,44,FULL
C04341,Do Xuan Anh,1974-11-10,Hai Phong,HIGH,12,FULL
C04342,Hoang Tuan Kiet,1995-10-16,Vung Tau,LOW,64,FULL
C04343,Vo Thu Dat,1970-05-29,Vung Tau,LOW,74,FULL
C04344,Le Thanh Long,1976-12-17,Quang Ninh,LOW,7,FULL
C04345,Do Hai Hoang,1988-08-30,Da Nang,LOW,44,FULL
C04346,Do Van Tung,2000-08-10,Nha Trang,LOW,78,PARTIAL
C04347,Le Van Bao,1988-06-17,Nha Trang,MEDIUM,8,FULL
C04348,Tran Van Phuc,2002-09-24,Hue,LOW,19,FULL
C04349,Do Duc Huy,1973-03-16,Can Tho,MEDIUM,86,FULL
C04350,Duong Thu Bao,1980-08-24,Can Tho,LOW,54,FULL
C04351,Dang Hai Anh,1982-11-02,Quang Ninh,LOW,39,FULL
C04352,Phan Khanh Linh,2002-07-08,Nha Trang,MEDIUM,30,FULL
C04353,Tran Duc Kiet,1977-09-07,Vung Tau,LOW,22,FULL
C04354,Ho Thanh Long,2003-08-04,Hue,LOW,72,FULL
C04355,Dang Tuan Phuc,1979-10-25,Ho Chi Minh,MEDIUM,10,FULL
C04356,Pham Hai Hoang,1979-01-20,Hai Phong,LOW,30,FULL
C04357,Duong Xuan Trang,1980-08-06,Hai Phong,LOW,47,FULL
C04358,Pham Thi Bao,1991-07-04,Dong Nai,MEDIUM,42,FULL
C04359,Do Quoc An,1979-09-01,Ho Chi Minh,LOW,12,FULL
C04360,Le Quoc Binh,1975-06-15,Nha Trang,LOW,63,PARTIAL
C04361,Le Minh Khoa,2001-05-15,Nha Trang,LOW,18,FULL
C04362,Vo Tuan Vy,1964-04-24,Hai Phong,LOW,91,FULL
C04363,Nguyen Xuan Khoa,1998-08-02,Da Nang,LOW,47,FULL
C04364,Tran Thu Huy,2004-08-23,Hai Phong,LOW,61,FULL
C04365,Phan Duc Long,2004-12-24,Nha Trang,LOW,16,FULL
C04366,Ngo Minh Phuc,2005-07-01,Ha Noi,LOW,5,PARTIAL
C04367,Bui Xuan Lan,1981-04-19,Hai Phong,MEDIUM,54,FULL
C04368,Vu Hoang Nhung,1993-03-03,Hai Phong,HIGH,62,FULL
C04369,Vo Quoc Phuc,1974-08-06,Da Nang,LOW,56,PARTIAL
C04370,Dang Quoc Binh,1964-01-19,Ho Chi Minh,LOW,63,FULL
C04371,Phan Quoc Nhung,2002-02-27,Ha Noi,LOW,18,FULL
C04372,Tran Quoc Nhung,1989-08-11,Dong Nai,LOW,37,FULL
C04373,Phan Khanh Lan,2000-08-11,Dong Nai,LOW,60,FULL
C04374,Le Gia Phuc,1989-08-16,Hue,LOW,66,FULL
C04375,Le Xuan Khoa,1984-11-15,Hue,LOW,76,FULL
C04376,Tran Xuan Linh,1980-08-12,Da Nang,LOW,39,PARTIAL
C04377,Duong Huu Son,1966-10-28,Ha Noi,LOW,24,FULL
C04378,Le Minh Phuc,1998-01-11,Da Nang,LOW,38,FULL
C04379,Duong Van Nhung,1984-04-11,Can Tho,LOW,26,FULL
C04380,Tran Thi Lan,1971-10-17,Nha Trang,LOW,90,FULL
C04381,Tran Hai Trang,1979-06-15,Dong Nai,LOW,8,PARTIAL
C04382,Dang Xuan Trang,1979-11-17,Hai Phong,MEDIUM,89,PARTIAL
C04383,Hoang Quoc Phuc,2002-08-08,Vung Tau,LOW,53,FULL
C04384,Tran Thi Binh,1962-05-07,Vung Tau,LOW,18,FULL
C04385,Vu Duc Khoa,1973-11-12,Dong Nai,MEDIUM,42,FULL
C04386,Do Tuan Huy,1997-07-19,Hue,LOW,18,FULL
C04387,Bui Duc Lan,1970-02-22,Quang Ninh,MEDIUM,77,FULL
C04388,Huynh Gia Linh,1963-01-28,Dong Nai,LOW,46,FULL
C04389,Phan Van Lan,1977-04-06,Da Nang,LOW,74,FULL
C04390,Bui Hai Vy,1969-10-23,Da Nang,LOW,53,FULL
C04391,Ngo Thi An,1968-07-31,Dong Nai,LOW,84,FULL
C04392,Bui Khanh An,1979-08-10,Hai Phong,MEDIUM,50,FULL
C04393,Vu Minh Huy,1999-09-26,Ho Chi Minh,MEDIUM,45,PARTIAL
C04394,Do Thi Linh,1966-09-22,Dong Nai,LOW,28,FULL
C04395,Dang Thu Trang,1968-09-25,Vung Tau,LOW,67,PARTIAL
C04396,Huynh Minh Hoang,1961-05-21,Ho Chi Minh,LOW,34,FULL
C04397,Ho Tuan Khoa,1981-10-22,Hue,LOW,19,FULL
C04398,Ho Huu Khoa,1999-02-24,Dong Nai,HIGH,22,PARTIAL
C04399,Phan Ngoc Nhung,1975-01-09,Hue,HIGH,44,FULL
C04400,Vu Xuan Vy,2003-02-16,Quang Ninh,LOW,18,FULL
C04401,Bui Xuan Huy,1965-12-14,Da Nang,LOW,68,FULL
C04402,Ngo Hoang Dat,1981-08-01,Ho Chi Minh,MEDIUM,91,PARTIAL
C04403,Duong Quoc Nam,1966-01-11,Hue,LOW,95,FULL
C04404,Tran Quoc Khang,1972-03-29,Hue,LOW,18,PARTIAL
C04405,Phan Hai Bao,2004-10-12,Vung Tau,LOW,70,FULL
C04406,Ho Thu Kiet,1974-05-20,Hue,LOW,33,PARTIAL
C04407,Duong Khanh Trang,1982-08-12,Dong Nai,LOW,67,FULL
C04408,Ngo Quoc Vy,1969-08-30,Ho Chi Minh,LOW,12,FULL
C04409,Hoang Xuan Son,1974-02-08,Da Nang,HIGH,10,PARTIAL
C04410,Ngo Ngoc Linh,1991-01-12,Quang Ninh,MEDIUM,92,FULL
C04411,Tran Gia Nhung,2005-10-28,Nha Trang,MEDIUM,47,PARTIAL
C04412,Nguyen Ngoc Khang,2005-12-12,Dong Nai,MEDIUM,28,PARTIAL
C04413,Bui Thu Linh,1980-12-11,Nha Trang,LOW,28,FULL
C04414,Vu Tuan Kiet,1974-08-07,Vung Tau,LOW,8,FULL
C04415,Do Duc Son,1973-10-29,Ho Chi Minh,LOW,91,FULL
C04416,Huynh Huu Anh,1994-11-25,Dong Nai,LOW,49,FULL
C04417,Bui Van Kiet,2003-02-28,Nha Trang,LOW,68,FULL
C04418,Ngo Ngoc Bao,2005-10-20,Quang Ninh,LOW,86,PARTIAL
C04419,Dang Xuan Trang,1975-08-11,Da Nang,LOW,13,FULL
C04420,Ngo Quoc Tung,1997-08-28,Can Tho,LOW,60,FULL
C04421,Nguyen Duc Lan,1988-01-24,Quang Ninh,LOW,36,FULL
C04422,Ho Thanh Linh,1992-06-27,Dong Nai,LOW,55,FULL
C04423,Phan Thi Binh,1993-08-07,Da Nang,MEDIUM,88,FULL
C04424,Vu Van Khoa,1999-09-07,Ha Noi,LOW,36,PARTIAL
C04425,Duong Xuan Trang,1976-10-29,Can Tho,HIGH,44,FULL
C04426,Bui Hoang Hoang,1960-12-13,Hue,LOW,70,PARTIAL
C04427,Phan Gia Phuc,1986-10-26,Nha Trang,LOW,81,PARTIAL
C04428,Huynh Gia Vy,2004-12-23,Ha Noi,LOW,24,PARTIAL
C04429,Vu Huu Kiet,1996-11-10,Vung Tau,LOW,62,FULL
C04430,Do Gia Trang,1965-08-13,Nha Trang,MEDIUM,43,FULL
C04431,Hoang Quoc Hoang,1960-05-21,Ho Chi Minh,LOW,53,FULL
C04432,Vu Khanh Dat,1965-06-17,Vung Tau,HIGH,82,FULL
C04433,Bui Ngoc Tung,1968-12-11,Hue,LOW,11,FULL
C04434,Tran Minh Long,1971-11-13,Ho Chi Minh,HIGH,13,FULL
C04435,Ngo Thu Trang,1980-09-24,Dong Nai,LOW,70,FULL
C04436,Huynh Ngoc Khoa,1998-08-09,Vung Tau,LOW,42,PARTIAL
C04437,Bui Hoang Kiet,1984-06-22,Da Nang,LOW,66,FULL
C04438,Huynh Xuan Khang,1991-04-21,Ha Noi,LOW,7,FULL
C04439,Phan Khanh Binh,1983-07-11,Ha Noi,LOW,26,PARTIAL
C04440,Bui Tuan Trang,2005-10-29,Nha Trang,LOW,81,PARTIAL
C04441,Bui Minh Tung,1980-01-11,Ho Chi Minh,LOW,82,FULL
C04442,Tran Hoang Linh,1992-11-01,Dong Nai,LOW,93,FULL
C04443,Nguyen Thanh Hoang,1963-08-18,Da Nang,LOW,29,FULL
C04444,Le Duc Lan,1977-11-18,Ha Noi,LOW,67,FULL
C04445,Nguyen Hoang Binh,1993-06-07,Nha Trang,LOW,38,FULL
C04446,Bui Minh An,2000-06-17,Da Nang,LOW,29,FULL
C04447,Duong Quoc Bao,1971-05-12,Ha Noi,LOW,51,PARTIAL
C04448,Pham Duc Linh,1960-07-13,Ho Chi Minh,LOW,7,FULL
C04449,Dang Khanh Anh,1973-10-22,Nha Trang,LOW,65,FULL
C04450,Phan Huu Son,1973-01-25,Hue,LOW,18,FULL
C04451,Le Duc Nhung,1977-06-07,Quang Ninh,LOW,43,FULL
C04452,Do Quoc Lan,1991-01-10,Ho Chi Minh,LOW,84,FULL
C04453,Nguyen Thanh Binh,1993-01-16,Hue,LOW,9,FULL
C04454,Le Gia Binh,1993-09-29,Vung Tau,MEDIUM,60,FULL
C04455,Bui Ngoc Binh,1978-02-21,Ha Noi,LOW,46,FULL
C04456,Huynh Thi Long,1964-11-22,Nha Trang,HIGH,53,FULL
C04457,Huynh Thi Long,1961-07-19,Nha Trang,MEDIUM,93,FULL
C04458,Huynh Huu Linh,1971-03-15,Ho Chi Minh,LOW,12,FULL
C04459,Tran Minh Phuc,1971-08-15,Can Tho,LOW,69,FULL
C04460,Hoang Quoc Lan,1970-10-03,Hue,LOW,5,FULL
C04461,Dang Thi Son,1994-05-23,Da Nang,HIGH,83,FULL
C04462,Ho Xuan Vy,1988-05-30,Da Nang,LOW,12,FULL
C04463,Duong Duc Tung,1970-11-24,Vung Tau,LOW,24,FULL
C04464,Bui Thu An,1975-12-11,Da Nang,LOW,14,FULL
C04465,Do Huu Vy,1991-07-23,Nha Trang,LOW,60,FULL
C04466,Nguyen Van Son,1978-09-21,Ho Chi Minh,MEDIUM,75,FULL
C04467,Tran Xuan Trang,1994-01-14,Dong Nai,LOW,18,FULL
C04468,Huynh Thi Khoa,1962-03-12,Dong Nai,LOW,69,FULL
C04469,Hoang Quoc Tung,1997-06-02,Vung Tau,HIGH,85,FULL
C04470,Do Thu Hoang,2000-07-12,Da Nang,LOW,22,FULL
C04471,Nguyen Thu Kiet,1977-06-30,Can Tho,MEDIUM,66,FULL
C04472,Hoang Minh Hoang,1962-02-06,Dong Nai,MEDIUM,43,PARTIAL
C04473,Bui Thanh Hoang,1969-02-23,Vung Tau,LOW,31,FULL
C04474,Vo Huu Trang,1987-12-01,Hai Phong,LOW,77,FULL
C04475,Nguyen Ngoc Son,1984-06-15,Hue,MEDIUM,34,FULL
C04476,Vu Thanh Hoang,1975-08-28,Da Nang,LOW,93,FULL
C04477,Do Thu Anh,1962-10-05,Hai Phong,LOW,48,FULL
C04478,Ngo Van Phuc,1967-06-22,Ha Noi,HIGH,79,FULL
C04479,Hoang Thi Khoa,1984-02-08,Hue,HIGH,83,PARTIAL
C04480,Duong Quoc Khang,1968-02-21,Quang Ninh,MEDIUM,31,FULL
C04481,Phan Van Dat,1966-01-04,Hai Phong,LOW,41,FULL
C04482,Hoang Quoc An,1980-12-20,Ho Chi Minh,MEDIUM,95,FULL
C04483,Huynh Thanh Linh,1960-10-12,Ha Noi,LOW,71,FULL
C04484,Huynh Tuan Linh,1973-04-05,Dong Nai,MEDIUM,60,FULL
C04485,Pham Duc An,1968-04-01,Quang Ninh,LOW,58,FULL
C04486,Ngo Gia Trang,2003-04-01,Hue,LOW,38,FULL
C04487,Vo Gia Anh,1974-03-12,Nha Trang,LOW,65,FULL
C04488,Duong Khanh Son,1984-02-06,Hue,MEDIUM,79,FULL
C04489,Pham Tuan Lan,1984-08-26,Can Tho,MEDIUM,14,FULL
C04490,Nguyen Xuan An,1967-04-21,Ha Noi,LOW,38,FULL
C04491,Vu Huu Binh,1992-01-22,Can Tho,HIGH,46,FULL
C04492,Vu Gia Son,1997-08-30,Quang Ninh,LOW,25,PARTIAL
C04493,Phan Thanh Khang,1970-03-11,Da Nang,LOW,13,FULL
C04494,Do Thanh Linh,1985-01-16,Can Tho,LOW,88,FULL
C04495,Hoang Van Tung,1967-04-14,Da Nang,LOW,19,FULL
C04496,Pham Thi Phuc,1974-12-26,Can Tho,MEDIUM,69,FULL
C04497,Vu Huu Binh,1999-12-09,Nha Trang,LOW,92,FULL
C04498,Phan Gia Nam,2002-07-26,Quang Ninh,LOW,58,FULL
C04499,Le Duc An,1974-01-07,Da Nang,LOW,13,FULL
C04500,Vu Minh Lan,1972-04-10,Hai Phong,HIGH,89,FULL
C04501,Tran Thanh Nam,1979-08-03,Dong Nai,MEDIUM,88,FULL
C04502,Tran Ngoc Anh,1963-12-23,Quang Ninh,LOW,17,FULL
C04503,Le Khanh An,1976-11-26,Hue,LOW,27,FULL
C04504,Do Thu Nam,1984-02-14,Quang Ninh,LOW,73,FULL
C04505,Tran Quoc An,1999-05-24,Ho Chi Minh,LOW,88,FULL
C04506,Pham Quoc Trang,1999-06-22,Vung Tau,LOW,71,FULL
C04507,Vo Thanh Huy,2000-07-01,Hue,LOW,65,PARTIAL
C04508,Bui Gia Nam,1966-09-11,Vung Tau,LOW,27,FULL
C04509,Phan Xuan Anh,1981-12-30,Vung Tau,LOW,89,PARTIAL
C04510,Nguyen Xuan Kiet,1991-02-20,Vung Tau,LOW,7,FULL
C04511,Bui Hoang Kiet,1979-12-11,Ho Chi Minh,LOW,57,FULL
C04512,Huynh Hai Phuc,1999-01-27,Dong Nai,LOW,51,FULL
C04513,Huynh Huu Phuc,1998-06-15,Vung Tau,LOW,13,PARTIAL
C04514,Nguyen Quoc Vy,1977-07-28,Ho Chi Minh,LOW,95,FULL
C04515,Duong Van Nhung,1993-05-22,Hue,LOW,8,FULL
C04516,Do Huu Binh,1975-02-04,Dong Nai,LOW,43,FULL
C04517,Do Tuan Khang,1969-08-07,Vung Tau,LOW,48,FULL
C04518,Pham Hoang An,1994-07-22,Ha Noi,LOW,54,FULL
C04519,Nguyen Duc Linh,1963-03-29,Nha Trang,LOW,79,FULL
C04520,Hoang Quoc An,1975-01-26,Can Tho,LOW,17,FULL
C04521,Huynh Khanh Long,1991-08-29,Can Tho,LOW,39,FULL
C04522,Hoang Khanh Long,1976-01-07,Can Tho,LOW,95,FULL
C04523,Ngo Hoang Son,2000-02-06,Dong Nai,HIGH,54,FULL
C04524,Bui Quoc Kiet,1978-01-10,Hai Phong,LOW,56,FULL
C04525,Bui Ngoc Son,1960-03-22,Hai Phong,MEDIUM,75,FULL
C04526,Duong Quoc Anh,1981-01-31,Da Nang,LOW,79,FULL
C04527,Ngo Thi Tung,1979-01-23,Hai Phong,MEDIUM,32,FULL
C04528,Duong Quoc Nhung,1997-12-19,Da Nang,MEDIUM,48,FULL
C04529,Dang Hoang Phuc,1963-08-13,Da Nang,MEDIUM,43,FULL
C04530,Le Khanh Trang,1984-09-22,Da Nang,LOW,29,FULL
C04531,Vu Thi An,1988-07-20,Can Tho,LOW,13,FULL
C04532,Vu Quoc Hoang,1989-01-16,Ha Noi,MEDIUM,6,FULL
C04533,Dang Minh Linh,1966-12-20,Ho Chi Minh,HIGH,32,FULL
C04534,Pham Duc Vy,1978-10-15,Ho Chi Minh,LOW,37,PARTIAL
C04535,Phan Xuan Bao,1996-11-03,Da Nang,LOW,56,FULL
C04536,Ngo Hoang Huy,1970-01-13,Ha Noi,LOW,47,FULL
C04537,Nguyen Thu Lan,1964-04-23,Ho Chi Minh,LOW,30,FULL
C04538,Dang Gia Linh,1966-04-06,Da Nang,MEDIUM,7,FULL
C04539,Bui Thi Nhung,2002-04-23,Dong Nai,MEDIUM,15,FULL
C04540,Hoang Tuan Nhung,1991-09-22,Quang Ninh,MEDIUM,47,FULL
C04541,Nguyen Ngoc Trang,1985-04-28,Ha Noi,LOW,82,FULL
C04542,Le Quoc Hoang,1967-11-01,Nha Trang,LOW,33,PARTIAL
C04543,Ngo Ngoc Huy,2003-02-21,Can Tho,HIGH,91,FULL
C04544,Tran Ngoc Son,1988-05-28,Can Tho,MEDIUM,77,FULL
C04545,Huynh Tuan An,1999-10-28,Can Tho,MEDIUM,73,FULL
C04546,Vo Van Nam,2001-11-03,Hai Phong,LOW,21,FULL
C04547,Vo Quoc Long,1998-01-29,Can Tho,LOW,76,FULL
C04548,Duong Van Lan,1979-11-18,Ho Chi Minh,LOW,10,FULL
C04549,Do Tuan Khang,1970-05-28,Ho Chi Minh,LOW,25,FULL
C04550,Duong Van Linh,1981-08-26,Vung Tau,LOW,60,FULL
C04551,Huynh Gia Vy,1974-07-24,Can Tho,LOW,75,FULL
C04552,Huynh Khanh Vy,1960-10-31,Da Nang,MEDIUM,53,PARTIAL
C04553,Le Huu Anh,1980-11-05,Vung Tau,LOW,29,FULL
C04554,Dang Ngoc Khang,1999-08-20,Nha Trang,HIGH,44,FULL
C04555,Le Thanh Tung,1986-06-05,Quang Ninh,MEDIUM,91,FULL
C04556,Nguyen Tuan Kiet,1961-04-26,Vung Tau,LOW,93,FULL
C04557,Ho Thu Khoa,1995-12-31,Ha Noi,MEDIUM,57,FULL
C04558,Nguyen Van Anh,1976-09-19,Nha Trang,LOW,79,FULL
C04559,Duong Ngoc Hoang,1989-01-17,Da Nang,LOW,30,FULL
C04560,Pham Minh Son,1963-09-12,Hue,LOW,79,FULL
C04561,Vu Ngoc Bao,1974-08-01,Nha Trang,MEDIUM,88,FULL
C04562,Pham Van Bao,2002-02-21,Dong Nai,MEDIUM,51,FULL
C04563,Le Gia Dat,1986-10-28,Hai Phong,LOW,54,FULL
C04564,Nguyen Thi Tung,1966-09-26,Hue,MEDIUM,60,FULL
C04565,Huynh Hoang Lan,1970-07-18,Hue,LOW,65,FULL
C04566,Phan Tuan Nhung,1983-09-07,Vung Tau,LOW,18,FULL
C04567,Vu Thu Vy,1995-06-13,Hue,HIGH,47,FULL
C04568,Pham Ngoc Tung,1985-02-15,Hue,HIGH,46,FULL
C04569,Le Xuan Trang,1994-01-01,Dong Nai,LOW,72,FULL
C04570,Nguyen Quoc Phuc,1970-06-28,Dong Nai,LOW,70,FULL
C04571,Pham Minh Lan,1997-02-05,Ho Chi Minh,HIGH,74,FULL
C04572,Vo Hai Bao,1961-07-09,Da Nang,LOW,29,FULL
C04573,Do Ngoc Huy,1965-01-17,Dong Nai,LOW,94,FULL
C04574,Le Minh Linh,1964-09-27,Ha Noi,LOW,86,FULL
C04575,Nguyen Tuan Long,2000-12-14,Ho Chi Minh,MEDIUM,27,FULL
C04576,Le Huu An,2005-08-23,Vung Tau,LOW,85,FULL
C04577,Duong Ngoc Lan,1994-05-07,Nha Trang,LOW,94,PARTIAL
C04578,Dang Gia Nhung,1984-06-30,Hai Phong,LOW,35,FULL
C04579,Hoang Minh Phuc,1994-04-21,Hai Phong,MEDIUM,60,FULL
C04580,Ngo Hoang Nhung,1976-11-19,Ha Noi,MEDIUM,95,FULL
C04581,Le Tuan Tung,1970-07-14,Can Tho,MEDIUM,56,PARTIAL
C04582,Dang Hai Dat,1968-08-27,Ha Noi,MEDIUM,66,FULL
C04583,Vo Xuan Bao,1968-06-22,Dong Nai,LOW,43,FULL
C04584,Dang Quoc Huy,1986-12-03,Dong Nai,LOW,87,FULL
C04585,Dang Thi Son,2004-08-18,Hue,MEDIUM,47,FULL
C04586,Ngo Khanh Lan,1973-01-19,Ho Chi Minh,LOW,94,FULL
C04587,Le Khanh Tung,1967-08-11,Ha Noi,MEDIUM,20,FULL
C04588,Huynh Gia Binh,1999-07-15,Da Nang,LOW,59,PARTIAL
C04589,Duong Minh Long,1966-11-06,Da Nang,HIGH,27,PARTIAL
C04590,Bui Duc Long,1991-10-04,Dong Nai,LOW,70,FULL
C04591,Hoang Hoang Khoa,1974-06-09,Vung Tau,LOW,39,FULL
C04592,Do Duc Dat,1999-11-05,Nha Trang,LOW,19,PARTIAL
C04593,Dang Duc Anh,2000-04-10,Ho Chi Minh,MEDIUM,79,FULL
C04594,Nguyen Minh Lan,1965-09-30,Nha Trang,MEDIUM,73,FULL
C04595,Nguyen Van Nam,1995-05-28,Hue,LOW,78,FULL
C04596,Le Huu Nam,1977-12-12,Da Nang,LOW,50,PARTIAL
C04597,Tran Thi Huy,1996-04-27,Ho Chi Minh,LOW,12,FULL
C04598,Vu Minh Dat,1964-06-12,Vung Tau,LOW,63,FULL
C04599,Ngo Tuan Nhung,2000-12-23,Dong Nai,LOW,45,FULL
C04600,Pham Gia Khoa,1961-05-22,Ho Chi Minh,LOW,70,FULL
C04601,Vu Gia Dat,2005-06-04,Ho Chi Minh,LOW,18,PARTIAL
C04602,Pham Van Phuc,1979-05-06,Nha Trang,LOW,65,FULL
C04603,Do Van Vy,1992-10-22,Dong Nai,LOW,18,FULL
C04604,Vo Tuan Phuc,1986-03-11,Vung Tau,LOW,72,PARTIAL
C04605,Vu Thu Lan,1985-04-18,Nha Trang,LOW,63,FULL
C04606,Ngo Khanh Phuc,1969-05-10,Quang Ninh,LOW,30,FULL
C04607,Do Xuan Anh,1968-06-01,Quang Ninh,LOW,18,FULL
C04608,Pham Thi Binh,2000-11-25,Ha Noi,MEDIUM,35,FULL
C04609,Phan Hoang Phuc,1965-09-22,Can Tho,LOW,33,FULL
C04610,Vu Ngoc Nam,1980-11-20,Can Tho,LOW,72,PARTIAL
C04611,Vo Thi Binh,1960-03-05,Vung Tau,MEDIUM,94,FULL
C04612,Le Hai Hoang,1965-03-05,Ho Chi Minh,LOW,5,FULL
C04613,Ngo Quoc Nhung,1992-04-22,Quang Ninh,LOW,42,PARTIAL
C04614,Nguyen Thu Huy,1961-06-26,Hue,MEDIUM,62,FULL
C04615,Pham Tuan Hoang,1975-11-27,Hue,LOW,64,FULL
C04616,Phan Quoc Nam,1975-04-01,Nha Trang,LOW,18,FULL
C04617,Dang Duc Dat,1974-07-08,Ha Noi,LOW,77,FULL
C04618,Vo Thu Dat,1960-12-01,Can Tho,MEDIUM,54,FULL
C04619,Duong Thu Tung,1981-10-09,Ha Noi,LOW,39,FULL
C04620,Nguyen Khanh Linh,1995-07-14,Ha Noi,LOW,16,FULL
C04621,Dang Huu Long,1970-11-11,Hai Phong,MEDIUM,32,FULL
C04622,Pham Ngoc Bao,1975-09-24,Dong Nai,LOW,24,FULL
C04623,Do Tuan Nhung,1999-07-05,Quang Ninh,LOW,92,FULL
C04624,Phan Van Khang,1963-04-04,Hue,HIGH,52,FULL
C04625,Hoang Huu Nhung,1994-02-22,Da Nang,HIGH,49,FULL
C04626,Duong Hoang Dat,1977-05-26,Hue,LOW,48,FULL
C04627,Vo Hai Binh,2002-06-22,Hue,LOW,69,FULL
C04628,Tran Duc Lan,1975-08-01,Quang Ninh,LOW,5,FULL
C04629,Hoang Quoc Huy,1994-05-20,Hue,LOW,11,FULL
C04630,Phan Tuan Phuc,1978-08-04,Da Nang,HIGH,23,FULL
C04631,Huynh Thi Tung,1971-09-15,Ha Noi,LOW,41,FULL
C04632,Hoang Hoang Khoa,1994-02-10,Hai Phong,LOW,35,FULL
C04633,Bui Thanh Phuc,1969-11-13,Ho Chi Minh,LOW,38,FULL
C04634,Pham Quoc An,1977-09-25,Dong Nai,LOW,90,FULL
C04635,Vo Van Kiet,1986-02-14,Da Nang,MEDIUM,88,FULL
C04636,Ngo Duc Long,1965-08-05,Vung Tau,HIGH,56,FULL
C04637,Phan Khanh Khoa,1971-02-06,Nha Trang,HIGH,43,FULL
C04638,Dang Quoc Long,1975-11-19,Hai Phong,LOW,26,FULL
C04639,Ngo Van Nam,1966-12-26,Vung Tau,LOW,62,FULL
C04640,Vu Minh An,1969-02-18,Vung Tau,MEDIUM,21,FULL
C04641,Tran Huu Vy,1993-04-20,Ha Noi,LOW,56,FULL
C04642,Do Gia Lan,1981-02-01,Dong Nai,HIGH,10,FULL
C04643,Bui Huu Huy,1987-01-22,Dong Nai,LOW,73,FULL
C04644,Do Huu Linh,1986-07-14,Da Nang,LOW,82,FULL
C04645,Vo Minh Huy,1992-02-25,Ha Noi,LOW,41,FULL
C04646,Bui Van Khang,1989-04-10,Dong Nai,LOW,58,FULL
C04647,Duong Gia Long,2001-02-16,Hai Phong,MEDIUM,33,FULL
C04648,Hoang Hoang Dat,1981-08-26,Da Nang,HIGH,49,FULL
C04649,Bui Thu Tung,1978-04-07,Hai Phong,LOW,22,FULL
C04650,Phan Gia Binh,1987-04-01,Hai Phong,LOW,65,FULL
C04651,Ngo Ngoc Khang,2000-09-05,Nha Trang,LOW,24,FULL
C04652,Dang Ngoc Trang,1998-08-24,Ho Chi Minh,LOW,61,FULL
C04653,Le Huu Linh,2004-12-21,Hai Phong,LOW,23,PARTIAL
C04654,Nguyen Hai Lan,2005-04-04,Hai Phong,MEDIUM,5,FULL
C04655,Nguyen Xuan Khang,1962-02-01,Ho Chi Minh,MEDIUM,35,PARTIAL
C04656,Do Thanh Son,1984-01-05,Ho Chi Minh,MEDIUM,12,FULL
C04657,Huynh Thi Hoang,1984-04-11,Ho Chi Minh,LOW,16,FULL
C04658,Ngo Gia Phuc,1997-01-05,Nha Trang,LOW,13,FULL
C04659,Dang Thanh Khoa,1990-10-14,Ho Chi Minh,LOW,33,FULL
C04660,Pham Xuan Nam,1995-01-08,Ha Noi,LOW,31,FULL
C04661,Bui Thi Khang,1962-06-01,Nha Trang,LOW,16,FULL
C04662,Phan Huu Kiet,1999-07-24,Da Nang,LOW,6,PARTIAL
C04663,Hoang Quoc Trang,1976-09-12,Nha Trang,MEDIUM,40,FULL
C04664,Pham Hai Kiet,1964-07-30,Vung Tau,MEDIUM,63,PARTIAL
C04665,Huynh Thanh An,1995-05-13,Can Tho,LOW,90,FULL
C04666,Phan Thi An,1985-12-21,Hai Phong,LOW,67,FULL
C04667,Dang Thi Long,1995-12-01,Dong Nai,LOW,60,FULL
C04668,Phan Hoang Binh,1993-03-25,Can Tho,LOW,36,FULL
C04669,Nguyen Minh Anh,1967-03-14,Hue,MEDIUM,9,FULL
C04670,Ho Quoc Vy,1995-01-31,Nha Trang,MEDIUM,19,FULL
C04671,Huynh Ngoc Linh,2002-06-30,Dong Nai,LOW,85,FULL
C04672,Nguyen Xuan Tung,1963-02-11,Ha Noi,HIGH,20,FULL
C04673,Ngo Minh Anh,1964-09-02,Da Nang,LOW,47,FULL
C04674,Nguyen Hai Trang,1960-04-04,Hue,LOW,42,FULL
C04675,Hoang Gia Hoang,1993-05-20,Da Nang,LOW,5,FULL
C04676,Bui Khanh Dat,1976-04-07,Vung Tau,LOW,43,FULL
C04677,Vu Tuan Vy,2003-10-08,Ho Chi Minh,HIGH,13,FULL
C04678,Ho Duc Son,1963-06-29,Hue,LOW,16,FULL
C04679,Bui Duc Hoang,1964-03-30,Hai Phong,LOW,89,FULL
C04680,Dang Thanh Binh,2001-11-08,Dong Nai,LOW,22,FULL
C04681,Phan Tuan An,1964-06-13,Da Nang,LOW,67,FULL
C04682,Nguyen Thi Khoa,1997-06-08,Da Nang,LOW,52,FULL
C04683,Hoang Hoang Phuc,1987-06-29,Hue,LOW,23,FULL
C04684,Dang Thi Nam,1989-06-27,Quang Ninh,LOW,24,FULL
C04685,Duong Thanh Nam,2003-05-22,Dong Nai,LOW,47,FULL
C04686,Nguyen Xuan Linh,2003-09-15,Ha Noi,LOW,49,PARTIAL
C04687,Nguyen Huu Nhung,1992-08-18,Ho Chi Minh,MEDIUM,93,FULL
C04688,Pham Duc Tung,1983-08-16,Ha Noi,LOW,19,FULL
C04689,Duong Khanh An,1985-05-13,Ho Chi Minh,MEDIUM,68,FULL
C04690,Vo Gia Long,1976-03-07,Vung Tau,MEDIUM,50,PARTIAL
C04691,Le Van Nam,2001-08-24,Can Tho,LOW,67,PARTIAL
C04692,Phan Ngoc Trang,1983-03-22,Vung Tau,MEDIUM,12,FULL
C04693,Ho Quoc Long,1974-05-11,Hue,MEDIUM,75,FULL
C04694,Vu Khanh Tung,1971-07-27,Can Tho,LOW,60,FULL
C04695,Ho Huu Tung,1971-08-15,Nha Trang,HIGH,24,FULL
C04696,Duong Thi Dat,1962-05-22,Hai Phong,LOW,46,FULL
C04697,Huynh Tuan Khoa,1988-04-12,Nha Trang,LOW,6,FULL
C04698,Duong Quoc Khang,1972-03-19,Can Tho,LOW,91,FULL
C04699,Ho Quoc Kiet,1965-06-06,Can Tho,LOW,34,FULL
C04700,Tran Hai Binh,1964-11-19,Nha Trang,LOW,44,FULL
C04701,Phan Thu Nhung,1964-11-15,Hue,LOW,46,FULL
C04702,Nguyen Thu Nhung,2000-08-10,Can Tho,LOW,37,FULL
C04703,Do Ngoc Khang,1996-04-28,Ha Noi,LOW,37,FULL
C04704,Huynh Khanh Huy,1984-04-19,Ha Noi,LOW,91,FULL
C04705,Ngo Thanh Hoang,1979-11-29,Can Tho,LOW,33,FULL
C04706,Vo Hai Kiet,1971-04-06,Quang Ninh,LOW,64,FULL
C04707,Bui Thu Anh,2002-05-15,Can Tho,LOW,30,FULL
C04708,Hoang Duc Son,1978-02-07,Can Tho,LOW,39,FULL
C04709,Tran Hai Lan,1998-07-24,Nha Trang,MEDIUM,57,FULL
C04710,Duong Quoc Hoang,2002-07-17,Hue,LOW,69,FULL
C04711,Huynh Duc Phuc,1998-03-07,Nha Trang,MEDIUM,88,FULL
C04712,Vu Thi Nhung,1990-04-23,Ha Noi,LOW,92,FULL
C04713,Nguyen Ngoc Hoang,1975-01-20,Dong Nai,LOW,63,FULL
C04714,Huynh Van Kiet,1961-08-13,Hai Phong,MEDIUM,79,FULL
C04715,Pham Minh Nam,1970-05-17,Can Tho,LOW,35,FULL
C04716,Le Khanh Phuc,1978-01-20,Vung Tau,LOW,79,FULL
C04717,Tran Thi Hoang,1982-08-22,Ho Chi Minh,LOW,62,FULL
C04718,Ho Tuan Linh,2005-08-21,Dong Nai,LOW,79,FULL
C04719,Ngo Tuan An,1980-08-08,Hue,LOW,31,FULL
C04720,Dang Gia Trang,1973-08-13,Nha Trang,LOW,16,FULL
C04721,Huynh Ngoc Phuc,1963-06-09,Can Tho,LOW,57,PARTIAL
C04722,Dang Tuan Dat,1982-11-20,Vung Tau,MEDIUM,84,FULL
C04723,Le Tuan Vy,1979-05-27,Quang Ninh,LOW,23,FULL
C04724,Pham Hai Lan,1982-04-08,Nha Trang,LOW,33,FULL
C04725,Bui Huu Nam,2002-02-13,Quang Ninh,LOW,47,FULL
C04726,Vu Hai Tung,1992-10-15,Quang Ninh,MEDIUM,63,FULL
C04727,Ho Huu Long,1990-05-22,Hai Phong,LOW,24,FULL
C04728,Pham Van Khoa,2003-11-25,Hue,LOW,13,FULL
C04729,Hoang Hoang Long,1986-08-03,Dong Nai,LOW,25,FULL
C04730,Nguyen Quoc Hoang,1972-05-26,Dong Nai,LOW,66,FULL
C04731,Dang Thanh Huy,1975-07-03,Can Tho,LOW,6,FULL
C04732,Vo Khanh Trang,1981-05-23,Da Nang,MEDIUM,12,FULL
C04733,Nguyen Xuan Lan,1996-10-02,Da Nang,LOW,9,FULL
C04734,Pham Thanh Khoa,2004-06-12,Dong Nai,LOW,62,FULL
C04735,Huynh Khanh Khoa,1969-07-13,Ho Chi Minh,LOW,71,FULL
C04736,Ho Ngoc Long,1964-02-19,Da Nang,LOW,86,FULL
C04737,Huynh Thanh Khoa,1984-01-10,Ha Noi,LOW,87,FULL
C04738,Ngo Huu Trang,1980-11-15,Can Tho,HIGH,31,PARTIAL
C04739,Do Duc Phuc,1977-06-15,Ho Chi Minh,HIGH,37,PARTIAL
C04740,Nguyen Xuan Phuc,1996-10-01,Can Tho,LOW,43,FULL
C04741,Nguyen Tuan Son,1987-07-05,Can Tho,LOW,57,FULL
C04742,Duong Gia Nam,1995-10-20,Hue,LOW,24,FULL
C04743,Duong Ngoc Phuc,1964-12-13,Hue,HIGH,67,FULL
C04744,Tran Thu Trang,1974-08-28,Ha Noi,LOW,8,FULL
C04745,Hoang Thi Khang,1996-12-11,Ho Chi Minh,LOW,51,FULL
C04746,Bui Van Khang,1967-10-19,Dong Nai,LOW,28,FULL
C04747,Do Ngoc Long,1981-11-06,Hue,LOW,18,FULL
C04748,Pham Hoang Lan,1974-07-02,Da Nang,LOW,47,FULL
C04749,Phan Gia Son,1986-05-06,Hue,LOW,69,FULL
C04750,Ho Gia Phuc,1979-07-24,Nha Trang,MEDIUM,51,PARTIAL
C04751,Duong Gia Trang,1999-02-25,Dong Nai,LOW,72,PARTIAL
C04752,Vu Quoc Hoang,1979-02-28,Can Tho,HIGH,82,FULL
C04753,Duong Quoc Vy,1984-07-25,Hue,LOW,44,PARTIAL
C04754,Tran Quoc Nam,1992-11-10,Quang Ninh,LOW,45,FULL
C04755,Vu Khanh Huy,1969-04-19,Ha Noi,MEDIUM,60,FULL
C04756,Vo Xuan Long,1998-01-26,Dong Nai,MEDIUM,57,FULL
C04757,Do Minh Hoang,1978-09-24,Hue,HIGH,86,FULL
C04758,Vo Thanh Nhung,1971-05-08,Vung Tau,LOW,16,FULL
C04759,Hoang Tuan Khang,1979-03-29,Can Tho,LOW,67,FULL
C04760,Vo Ngoc Hoang,1986-05-09,Da Nang,LOW,16,FULL
C04761,Nguyen Thanh Vy,1993-09-21,Quang Ninh,LOW,57,PARTIAL
C04762,Huynh Quoc An,1962-07-29,Vung Tau,LOW,54,FULL
C04763,Hoang Khanh Long,1982-03-31,Vung Tau,LOW,49,FULL
C04764,Bui Gia Tung,2002-08-31,Hue,HIGH,57,FULL
C04765,Dang Xuan Khang,2002-04-26,Quang Ninh,LOW,50,FULL
C04766,Huynh Hai Nam,1996-06-05,Nha Trang,LOW,28,FULL
C04767,Bui Van Bao,1975-05-31,Vung Tau,LOW,28,FULL
C04768,Bui Minh Lan,1989-03-20,Dong Nai,HIGH,8,PARTIAL
C04769,Phan Tuan Kiet,1966-01-04,Hue,LOW,93,FULL
C04770,Duong Hoang Vy,2003-03-23,Da Nang,MEDIUM,30,FULL
C04771,Ngo Van Dat,1984-10-06,Nha Trang,LOW,60,FULL
C04772,Do Huu Huy,1972-02-01,Quang Ninh,LOW,72,FULL
C04773,Hoang Huu Anh,1992-11-14,Vung Tau,LOW,52,FULL
C04774,Tran Hoang Vy,1977-04-22,Hai Phong,HIGH,56,FULL
C04775,Vo Hoang Khoa,1975-10-28,Nha Trang,LOW,60,FULL
C04776,Duong Thu Anh,2002-04-23,Nha Trang,LOW,11,FULL
C04777,Vu Thanh Linh,1970-02-13,Dong Nai,HIGH,20,FULL
C04778,Phan Thanh Nhung,1973-06-06,Ho Chi Minh,LOW,87,FULL
C04779,Ngo Van Anh,1968-01-10,Nha Trang,MEDIUM,64,FULL
C04780,Duong Ngoc Lan,1967-05-11,Da Nang,LOW,49,FULL
C04781,Vo Huu Nam,1970-02-05,Ha Noi,LOW,74,FULL
C04782,Vu Thu Nhung,1991-08-21,Da Nang,LOW,79,PARTIAL
C04783,Huynh Thu Dat,1983-05-06,Hue,LOW,12,FULL
C04784,Ho Khanh Long,1970-10-15,Ha Noi,LOW,17,FULL
C04785,Le Van Nam,1996-02-24,Can Tho,LOW,42,FULL
C04786,Phan Huu Hoang,1982-02-19,Vung Tau,LOW,95,FULL
C04787,Hoang Minh Bao,1996-07-29,Vung Tau,LOW,67,FULL
C04788,Vo Khanh Hoang,1989-07-27,Nha Trang,MEDIUM,80,FULL
C04789,Nguyen Van An,1973-04-18,Ho Chi Minh,LOW,8,FULL
C04790,Le Ngoc Anh,1998-10-11,Ha Noi,LOW,41,FULL
C04791,Bui Duc Anh,1977-12-10,Da Nang,LOW,16,FULL
C04792,Le Thanh Trang,1996-02-28,Can Tho,LOW,58,FULL
C04793,Vo Van Binh,1963-11-19,Da Nang,LOW,29,FULL
C04794,Duong Quoc Dat,1972-11-18,Ho Chi Minh,LOW,93,FULL
C04795,Duong Hoang Anh,1964-10-17,Can Tho,LOW,46,FULL
C04796,Huynh Hoang Vy,1975-09-13,Vung Tau,LOW,78,FULL
C04797,Hoang Thanh Nhung,1990-11-09,Nha Trang,LOW,50,FULL
C04798,Pham Quoc Lan,1976-04-06,Can Tho,LOW,51,PARTIAL
C04799,Bui Thanh Lan,1997-09-27,Ho Chi Minh,MEDIUM,17,FULL
C04800,Dang Thu Anh,1999-08-08,Vung Tau,LOW,40,PARTIAL
C04801,Pham Thi Khoa,1960-02-19,Dong Nai,LOW,18,FULL
C04802,Nguyen Quoc Binh,1995-10-01,Vung Tau,LOW,53,PARTIAL
C04803,Do Quoc Nhung,1982-06-20,Hue,LOW,20,FULL
C04804,Bui Tuan Nhung,1999-03-30,Ha Noi,LOW,88,FULL
C04805,Ngo Minh Huy,1969-06-03,Vung Tau,LOW,12,PARTIAL
C04806,Hoang Duc Trang,2005-10-11,Dong Nai,LOW,14,FULL
C04807,Vo Tuan Nam,1995-06-01,Ho Chi Minh,LOW,64,FULL
C04808,Pham Hoang Binh,1996-08-04,Can Tho,LOW,88,FULL
C04809,Vo Hoang Long,2003-12-13,Da Nang,LOW,18,FULL
C04810,Do Gia Bao,1961-03-14,Can Tho,LOW,33,FULL
C04811,Le Minh An,1965-03-30,Ha Noi,LOW,7,FULL
C04812,Bui Ngoc Nam,2002-01-07,Hai Phong,LOW,95,FULL
C04813,Dang Quoc Khoa,1965-06-15,Quang Ninh,MEDIUM,88,FULL
C04814,Dang Ngoc Kiet,1994-05-09,Vung Tau,HIGH,79,FULL
C04815,Do Thu Tung,1971-05-01,Hai Phong,MEDIUM,90,FULL
C04816,Pham Khanh Phuc,1989-12-30,Da Nang,LOW,39,FULL
C04817,Tran Duc Son,1961-11-16,Nha Trang,LOW,16,FULL
C04818,Le Huu Khang,1991-03-30,Vung Tau,LOW,57,FULL
C04819,Hoang Minh Linh,1977-12-27,Hue,LOW,76,FULL
C04820,Duong Xuan An,1961-10-31,Nha Trang,LOW,89,FULL
C04821,Duong Xuan Nhung,1979-07-18,Quang Ninh,LOW,19,FULL
C04822,Bui Tuan Son,1999-10-04,Can Tho,LOW,33,FULL
C04823,Duong Ngoc Phuc,1971-10-21,Hai Phong,MEDIUM,13,FULL
C04824,Dang Duc Long,1989-11-07,Vung Tau,LOW,55,FULL
C04825,Duong Xuan Binh,1971-03-04,Dong Nai,LOW,75,FULL
C04826,Dang Hoang Vy,1972-04-12,Hue,LOW,45,FULL
C04827,Do Quoc Long,1996-07-29,Dong Nai,LOW,20,PARTIAL
C04828,Hoang Duc Trang,1979-01-18,Vung Tau,MEDIUM,42,PARTIAL
C04829,Tran Ngoc Long,1988-07-22,Vung Tau,LOW,56,FULL
C04830,Ngo Thanh An,1997-01-23,Quang Ninh,MEDIUM,14,PARTIAL
C04831,Tran Quoc Khoa,2002-06-21,Quang Ninh,LOW,93,FULL
C04832,Do Van Anh,1991-03-18,Can Tho,MEDIUM,13,FULL
C04833,Dang Duc Bao,2001-07-23,Ho Chi Minh,LOW,5,FULL
C04834,Vu Thi Hoang,1977-10-09,Dong Nai,LOW,14,FULL
C04835,Le Quoc Kiet,1979-04-07,Vung Tau,LOW,69,PARTIAL
C04836,Do Tuan Nam,1992-01-10,Da Nang,MEDIUM,39,FULL
C04837,Hoang Khanh Kiet,1978-12-16,Ha Noi,LOW,20,FULL
C04838,Ho Thu An,1975-09-25,Vung Tau,MEDIUM,36,FULL
C04839,Ho Khanh Tung,1981-05-01,Hue,LOW,19,FULL
C04840,Ngo Hoang Trang,1970-09-12,Da Nang,HIGH,94,FULL
C04841,Duong Thi Vy,1988-12-19,Quang Ninh,LOW,95,FULL
C04842,Le Thu Binh,1977-05-12,Vung Tau,LOW,12,PARTIAL
C04843,Vu Tuan Khang,1969-08-30,Vung Tau,HIGH,50,PARTIAL
C04844,Huynh Minh Long,1966-01-14,Dong Nai,LOW,38,FULL
C04845,Vo Minh Nam,1986-06-02,Dong Nai,MEDIUM,94,FULL
C04846,Hoang Minh Nam,1975-03-15,Ho Chi Minh,MEDIUM,18,FULL
C04847,Phan Xuan Linh,2005-04-18,Hai Phong,LOW,32,PARTIAL
C04848,Duong Thu Binh,1992-01-31,Hue,LOW,6,FULL
C04849,Le Minh Son,1962-12-10,Ha Noi,LOW,81,FULL
C04850,Vu Hoang An,1968-03-21,Dong Nai,MEDIUM,72,FULL
C04851,Hoang Thi An,1996-04-10,Vung Tau,LOW,21,FULL
C04852,Phan Quoc Khoa,1978-07-10,Da Nang,LOW,34,FULL
C04853,Dang Khanh Long,1965-02-24,Can Tho,LOW,70,PARTIAL
C04854,Hoang Huu Khang,1989-02-03,Ha Noi,LOW,44,FULL
C04855,Dang Minh Binh,1993-01-30,Ha Noi,LOW,18,PARTIAL
C04856,Bui Tuan Trang,1972-09-12,Can Tho,LOW,52,FULL
C04857,Tran Thu Bao,1961-12-28,Dong Nai,LOW,64,FULL
C04858,Dang Hai Nhung,1966-07-28,Vung Tau,LOW,73,PARTIAL
C04859,Ho Hoang Trang,1974-01-13,Da Nang,LOW,20,FULL
C04860,Le Thu Nhung,1974-02-07,Ha Noi,LOW,36,FULL
C04861,Ngo Thi Anh,1981-03-09,Hai Phong,LOW,67,FULL
C04862,Le Van Anh,1969-05-19,Dong Nai,LOW,27,FULL
C04863,Phan Thi Khoa,1976-03-14,Quang Ninh,LOW,11,FULL
C04864,Nguyen Xuan Trang,1986-01-25,Quang Ninh,HIGH,18,PARTIAL
C04865,Duong Thanh Khang,1974-02-15,Da Nang,LOW,33,FULL
C04866,Duong Xuan Hoang,1977-03-31,Nha Trang,LOW,88,FULL
C04867,Vo Xuan Son,2003-08-12,Can Tho,LOW,71,PARTIAL
C04868,Bui Ngoc Nam,2005-01-13,Hue,LOW,63,FULL
C04869,Bui Thu Linh,1968-02-17,Nha Trang,LOW,9,FULL
C04870,Phan Huu Long,1968-06-05,Hai Phong,LOW,70,FULL
C04871,Duong Hoang Binh,1983-01-12,Da Nang,LOW,78,FULL
C04872,Do Hai Trang,1985-02-04,Nha Trang,LOW,77,FULL
C04873,Vo Ngoc Dat,2001-02-03,Nha Trang,LOW,42,FULL
C04874,Do Thi Lan,1992-10-19,Da Nang,HIGH,76,FULL
C04875,Bui Quoc Anh,1976-03-07,Nha Trang,LOW,45,PARTIAL
C04876,Do Xuan Long,1977-06-17,Vung Tau,LOW,5,FULL
C04877,Tran Van Khang,1978-07-02,Da Nang,LOW,37,FULL
C04878,Le Tuan Son,1981-08-21,Can Tho,LOW,14,FULL
C04879,Dang Thu An,2005-08-16,Ho Chi Minh,MEDIUM,40,FULL
C04880,Pham Van Binh,1964-02-03,Can Tho,LOW,34,FULL
C04881,Duong Duc Tung,1990-04-21,Nha Trang,LOW,44,PARTIAL
C04882,Phan Minh Tung,1987-06-14,Da Nang,HIGH,71,FULL
C04883,Do Tuan Trang,1974-07-19,Hue,LOW,79,PARTIAL
C04884,Ho Xuan Nhung,2000-12-06,Vung Tau,HIGH,38,FULL
C04885,Duong Duc Tung,2000-03-10,Hue,LOW,60,FULL
C04886,Tran Thu Long,1988-04-25,Vung Tau,MEDIUM,36,FULL
C04887,Le Thi Kiet,1971-09-27,Vung Tau,LOW,31,PARTIAL
C04888,Ho Thu Tung,1963-09-02,Quang Ninh,LOW,87,FULL
C04889,Pham Khanh Huy,1989-03-04,Hue,MEDIUM,13,FULL
C04890,Le Khanh Trang,1965-09-20,Hue,LOW,24,FULL
C04891,Ho Xuan Nam,1999-04-01,Nha Trang,LOW,51,FULL
C04892,Bui Hoang Trang,1968-06-29,Quang Ninh,MEDIUM,78,FULL
C04893,Phan Khanh Linh,1964-12-31,Quang Ninh,LOW,79,FULL
C04894,Dang Minh Lan,1978-04-13,Can Tho,MEDIUM,85,FULL
C04895,Phan Thanh Nam,1998-08-08,Quang Ninh,LOW,48,FULL
C04896,Tran Duc Khang,1992-05-12,Can Tho,LOW,69,FULL
C04897,Dang Khanh Lan,1999-12-16,Quang Ninh,LOW,36,FULL
C04898,Huynh Duc Kiet,1966-11-09,Hai Phong,LOW,47,PARTIAL
C04899,Le Hoang Nhung,1969-02-09,Can Tho,LOW,63,FULL
C04900,Ngo Xuan An,2005-02-21,Hai Phong,LOW,63,PARTIAL
C04901,Huynh Quoc Huy,1974-06-23,Can Tho,LOW,64,FULL
C04902,Duong Thi Bao,2005-12-24,Nha Trang,LOW,16,FULL
C04903,Ho Hai Lan,2003-07-04,Vung Tau,LOW,74,FULL
C04904,Bui Hai Phuc,2002-03-02,Nha Trang,LOW,28,FULL
C04905,Phan Duc Nam,1966-06-24,Nha Trang,LOW,72,FULL
C04906,Vu Khanh Lan,1968-10-22,Da Nang,LOW,76,FULL
C04907,Vo Hai Hoang,1990-09-05,Can Tho,LOW,36,FULL
C04908,Duong Khanh An,1994-07-05,Da Nang,MEDIUM,48,FULL
C04909,Dang Ngoc Khang,1965-08-26,Nha Trang,HIGH,73,FULL
C04910,Dang Minh Linh,1965-03-03,Da Nang,MEDIUM,35,FULL
C04911,Nguyen Duc Dat,1961-11-12,Dong Nai,HIGH,38,PARTIAL
C04912,Bui Quoc Phuc,1978-05-01,Can Tho,HIGH,47,FULL
C04913,Do Ngoc Phuc,1993-12-08,Hue,MEDIUM,37,FULL
C04914,Duong Hai Khang,1976-06-09,Hai Phong,HIGH,36,FULL
C04915,Tran Thi Huy,1988-08-12,Quang Ninh,LOW,82,FULL
C04916,Tran Hoang Phuc,1988-04-18,Ha Noi,HIGH,83,PARTIAL
C04917,Le Thanh Linh,1988-02-04,Quang Ninh,LOW,82,FULL
C04918,Huynh Thi Anh,1983-07-30,Ho Chi Minh,LOW,87,FULL
C04919,Pham Tuan Hoang,2003-01-23,Quang Ninh,LOW,53,PARTIAL
C04920,Ngo Quoc Anh,1999-05-31,Vung Tau,LOW,12,PARTIAL
C04921,Nguyen Huu Khoa,1978-06-09,Ho Chi Minh,HIGH,34,FULL
C04922,Nguyen Ngoc Long,1960-08-28,Vung Tau,LOW,53,FULL
C04923,Do Ngoc Nam,2005-05-20,Ho Chi Minh,LOW,51,FULL
C04924,Nguyen Gia Son,2002-02-04,Can Tho,LOW,95,FULL
C04925,Pham Huu Khang,1995-10-30,Ha Noi,LOW,41,FULL
C04926,Vu Khanh Nhung,1996-04-16,Ha Noi,HIGH,48,FULL
C04927,Vo Ngoc Phuc,1965-02-16,Ha Noi,LOW,73,FULL
C04928,Duong Quoc Huy,1980-07-04,Hue,HIGH,56,FULL
C04929,Pham Tuan Huy,1978-03-07,Ho Chi Minh,HIGH,16,PARTIAL
C04930,Bui Gia An,1990-08-24,Ho Chi Minh,LOW,16,FULL
C04931,Bui Thanh Phuc,1968-09-11,Ha Noi,LOW,49,FULL
C04932,Huynh Huu Hoang,1994-11-05,Quang Ninh,LOW,53,FULL
C04933,Phan Ngoc Phuc,1990-05-21,Vung Tau,LOW,54,FULL
C04934,Vo Ngoc Nam,1988-06-20,Hai Phong,LOW,84,FULL
C04935,Ho Huu Huy,1993-12-20,Can Tho,MEDIUM,77,FULL
C04936,Bui Tuan Son,1979-08-17,Quang Ninh,LOW,43,FULL
C04937,Duong Quoc Khoa,1983-04-16,Ha Noi,LOW,75,FULL
C04938,Dang Ngoc Long,2004-10-23,Quang Ninh,LOW,94,FULL
C04939,Vo Hoang Hoang,1960-02-28,Hai Phong,LOW,81,PARTIAL
C04940,Ngo Thi Kiet,1972-05-02,Dong Nai,MEDIUM,80,FULL
C04941,Huynh Duc Tung,1983-06-14,Hai Phong,LOW,35,FULL
C04942,Dang Duc Trang,1997-08-03,Quang Ninh,LOW,48,FULL
C04943,Nguyen Xuan Hoang,1970-03-03,Ha Noi,LOW,17,FULL
C04944,Pham Minh Binh,1991-12-15,Dong Nai,LOW,44,FULL
C04945,Vu Hai Phuc,1973-04-23,Dong Nai,LOW,70,FULL
C04946,Do Tuan Lan,1963-12-27,Ho Chi Minh,LOW,62,PARTIAL
C04947,Ho Huu Hoang,1991-05-18,Da Nang,LOW,84,FULL
C04948,Vo Gia Tung,1966-09-26,Hue,LOW,48,FULL
C04949,Vo Hai Son,1997-11-19,Hue,LOW,12,FULL
C04950,Huynh Tuan Anh,1960-12-25,Da Nang,LOW,37,FULL
C04951,Vu Duc Nhung,1986-04-07,Can Tho,LOW,30,FULL
C04952,Hoang Minh Khang,1987-08-25,Can Tho,LOW,36,PARTIAL
C04953,Bui Xuan Phuc,1973-06-22,Can Tho,LOW,85,FULL
C04954,Huynh Hoang Lan,2001-04-12,Ho Chi Minh,LOW,44,FULL
C04955,Hoang Hoang Binh,1963-05-26,Nha Trang,LOW,83,FULL
C04956,Pham Khanh Son,1998-07-04,Da Nang,MEDIUM,86,FULL
C04957,Dang Quoc Dat,1965-06-03,Can Tho,HIGH,42,FULL
C04958,Duong Huu Nhung,1976-01-22,Ho Chi Minh,LOW,86,PARTIAL
C04959,Vu Minh Binh,1965-08-07,Da Nang,LOW,34,FULL
C04960,Phan Thi Kiet,1978-11-06,Dong Nai,MEDIUM,80,FULL
C04961,Do Thu Khoa,2004-09-06,Hue,HIGH,23,FULL
C04962,Huynh Hoang Dat,2005-03-29,Nha Trang,LOW,66,PARTIAL
C04963,Le Khanh Anh,1962-10-14,Da Nang,LOW,20,FULL
C04964,Vo Quoc Nhung,1976-09-16,Ho Chi Minh,LOW,81,FULL
C04965,Phan Gia Long,1993-10-17,Dong Nai,LOW,85,FULL
C04966,Duong Van Binh,1962-02-22,Hue,LOW,24,FULL
C04967,Huynh Gia Vy,1964-08-18,Da Nang,LOW,95,FULL
C04968,Phan Xuan Khoa,1990-05-27,Quang Ninh,LOW,12,FULL
C04969,Phan Tuan Huy,1997-09-28,Dong Nai,MEDIUM,22,FULL
C04970,Tran Khanh Khang,1964-01-15,Hai Phong,HIGH,62,FULL
C04971,Do Xuan Khoa,1970-09-28,Can Tho,LOW,9,FULL
C04972,Pham Minh Binh,1995-11-17,Da Nang,LOW,35,FULL
C04973,Dang Xuan Lan,1964-06-15,Hai Phong,LOW,93,PARTIAL
C04974,Nguyen Huu Anh,1975-05-14,Ha Noi,MEDIUM,48,FULL
C04975,Ho Thu Tung,1976-07-21,Quang Ninh,LOW,14,FULL
C04976,Nguyen Minh Hoang,1993-09-07,Can Tho,HIGH,85,PARTIAL
C04977,Ngo Huu Anh,1975-06-02,Can Tho,MEDIUM,82,FULL
C04978,Hoang Duc Son,2004-06-25,Nha Trang,MEDIUM,62,FULL
C04979,Bui Ngoc Nhung,1986-03-08,Dong Nai,LOW,41,FULL
C04980,Do Thu Lan,1971-07-29,Hai Phong,LOW,10,FULL
C04981,Vo Huu Nam,1972-05-14,Dong Nai,LOW,57,PARTIAL
C04982,Ho Quoc Khang,1961-12-20,Hue,LOW,33,FULL
C04983,Vo Quoc Linh,1966-12-24,Ho Chi Minh,LOW,17,FULL
C04984,Le Duc Khoa,2000-04-15,Dong Nai,LOW,55,PARTIAL
C04985,Vo Hoang An,1960-06-16,Ha Noi,HIGH,31,FULL
C04986,Phan Van Phuc,2002-02-21,Can Tho,LOW,6,PARTIAL
C04987,Nguyen Xuan An,1967-05-14,Hue,LOW,84,FULL
C04988,Hoang Xuan Khang,1961-12-27,Ho Chi Minh,MEDIUM,17,FULL
C04989,Vu Thi An,1999-09-13,Da Nang,MEDIUM,90,FULL
C04990,Vu Hai Huy,1983-05-11,Da Nang,LOW,78,FULL
C04991,Phan Gia Dat,2003-08-21,Da Nang,LOW,55,FULL
C04992,Duong Thu Nhung,1985-04-26,Ho Chi Minh,LOW,53,FULL
C04993,Nguyen Tuan Tung,1995-11-10,Quang Ninh,HIGH,57,FULL
C04994,Nguyen Khanh Nhung,1995-02-09,Quang Ninh,LOW,83,FULL
C04995,Phan Thanh Nhung,1975-02-04,Hai Phong,LOW,34,FULL
C04996,Pham Gia An,1977-11-09,Vung Tau,LOW,49,FULL
C04997,Nguyen Tuan Lan,1993-07-11,Ho Chi Minh,LOW,60,FULL
C04998,Tran Hai Huy,1999-11-13,Hai Phong,MEDIUM,55,FULL
C04999,Huynh Ngoc Phuc,1985-10-22,Can Tho,LOW,89,PARTIAL
C05000,Vo Minh Son,1983-09-24,Quang Ninh,MEDIUM,43,FULL
C05001,Bui Xuan Son,1998-01-31,Ho Chi Minh,LOW,61,FULL
C05002,Dang Thanh Bao,2000-01-03,Dong Nai,LOW,69,FULL
C05003,Tran Duc Dat,1993-08-11,Hue,LOW,76,FULL
C05004,Nguyen Thu Hoang,1980-09-06,Dong Nai,LOW,92,FULL
C05005,Vo Huu Son,1999-04-21,Can Tho,LOW,87,FULL
C05006,Ngo Gia Nhung,1965-04-05,Ha Noi,LOW,5,FULL
C05007,Phan Gia Son,2001-01-25,Can Tho,MEDIUM,58,FULL
C05008,Pham Xuan Nam,1981-09-06,Hue,LOW,42,FULL
C05009,Phan Huu Long,1994-02-14,Da Nang,LOW,5,FULL
C05010,Bui Xuan Son,1978-02-08,Ha Noi,MEDIUM,78,FULL
C05011,Phan Quoc Son,1964-08-10,Da Nang,HIGH,21,FULL
C05012,Vo Duc Nhung,1969-11-11,Hue,LOW,14,FULL
C05013,Vo Tuan Khang,1992-05-12,Can Tho,LOW,12,FULL
C05014,Pham Thi Trang,1980-06-19,Can Tho,HIGH,13,FULL
C05015,Tran Tuan Long,1977-12-12,Vung Tau,LOW,70,FULL
C05016,Dang Ngoc Binh,1986-10-29,Nha Trang,LOW,36,FULL
C05017,Dang Van Phuc,1987-07-01,Can Tho,LOW,32,PARTIAL
C05018,Bui Ngoc Lan,1966-06-17,Ha Noi,LOW,75,FULL
C05019,Tran Quoc Khang,1998-09-19,Nha Trang,MEDIUM,78,FULL
C05020,Do Thi Long,1985-04-14,Hai Phong,MEDIUM,88,FULL
C05021,Hoang Thanh Tung,1977-12-12,Ho Chi Minh,LOW,15,FULL
C05022,Huynh Gia Vy,1989-05-05,Da Nang,LOW,35,FULL
C05023,Duong Thi Khoa,1972-05-10,Ha Noi,MEDIUM,69,FULL
C05024,Phan Tuan Vy,1974-06-20,Hai Phong,LOW,60,FULL
C05025,Nguyen Gia An,1960-08-06,Ho Chi Minh,HIGH,15,FULL
C05026,Duong Xuan Long,1991-05-14,Da Nang,MEDIUM,41,FULL
C05027,Do Khanh Nam,2004-10-21,Hue,MEDIUM,38,FULL
C05028,Bui Huu Bao,1970-12-03,Hue,HIGH,53,FULL
C05029,Bui Xuan Linh,1969-03-26,Quang Ninh,LOW,93,FULL
C05030,Vu Hai Tung,1960-01-04,Da Nang,LOW,46,FULL
C05031,Nguyen Tuan Kiet,2004-06-02,Ho Chi Minh,LOW,47,FULL
C05032,Bui Hoang Hoang,1969-07-30,Nha Trang,LOW,83,FULL
C05033,Dang Xuan Son,1994-05-15,Ha Noi,LOW,69,FULL
C05034,Dang Huu Nam,1961-02-16,Da Nang,LOW,26,FULL
C05035,Phan Gia Huy,2002-01-15,Da Nang,LOW,30,FULL
C05036,Huynh Xuan Linh,1995-06-06,Hai Phong,MEDIUM,76,PARTIAL
C05037,Duong Van Trang,1994-03-12,Ho Chi Minh,LOW,57,FULL
C05038,Ngo Minh An,1962-09-04,Dong Nai,LOW,73,FULL
C05039,Duong Hai Binh,2002-04-07,Can Tho,HIGH,30,PARTIAL
C05040,Phan Hai Dat,1976-05-02,Nha Trang,LOW,32,FULL
C05041,Do Quoc Nam,1970-09-13,Ha Noi,LOW,79,FULL
C05042,Dang Huu Long,1962-08-01,Quang Ninh,LOW,76,FULL
C05043,Duong Van Anh,1998-05-29,Ho Chi Minh,LOW,65,FULL
C05044,Dang Hoang Nam,1970-07-22,Da Nang,HIGH,22,FULL
C05045,Dang Thu Anh,1967-06-12,Nha Trang,HIGH,55,FULL
C05046,Vu Thi Vy,1988-05-31,Nha Trang,LOW,33,FULL
C05047,Huynh Quoc Trang,1973-11-08,Hai Phong,LOW,16,FULL
C05048,Tran Quoc Huy,2000-06-07,Dong Nai,LOW,49,FULL
C05049,Tran Thi Lan,1967-10-04,Hue,LOW,49,FULL
C05050,Ho Gia Hoang,1971-11-28,Dong Nai,LOW,51,FULL
C05051,Tran Thi Dat,1975-03-06,Vung Tau,LOW,43,FULL
C05052,Dang Tuan Anh,1978-02-04,Hue,LOW,91,FULL
C05053,Ho Hai Nhung,1968-05-30,Hue,LOW,42,FULL
C05054,Duong Van Hoang,1993-06-26,Quang Ninh,HIGH,42,FULL
C05055,Hoang Hoang Phuc,1974-03-07,Can Tho,LOW,7,FULL
C05056,Nguyen Tuan Hoang,1970-12-20,Hue,MEDIUM,47,FULL
C05057,Hoang Khanh An,2000-01-15,Ho Chi Minh,HIGH,73,FULL
C05058,Le Thu Nhung,1987-02-21,Da Nang,HIGH,49,FULL
C05059,Vo Quoc Huy,1960-10-08,Ho Chi Minh,LOW,75,FULL
C05060,Vu Tuan Linh,2001-01-18,Da Nang,LOW,87,PARTIAL
C05061,Phan Ngoc Tung,1990-04-11,Ho Chi Minh,MEDIUM,53,FULL
C05062,Hoang Thu Kiet,1990-03-23,Can Tho,HIGH,66,FULL
C05063,Nguyen Huu Kiet,2005-04-29,Hue,LOW,26,FULL
C05064,Le Ngoc Lan,1978-01-22,Vung Tau,LOW,66,FULL
C05065,Vu Ngoc Kiet,1961-06-21,Hai Phong,HIGH,59,FULL
C05066,Pham Van Kiet,1971-05-10,Nha Trang,HIGH,69,FULL
C05067,Dang Quoc Hoang,1986-05-31,Quang Ninh,LOW,13,FULL
C05068,Ngo Thu Nhung,1981-11-04,Hai Phong,LOW,52,FULL
C05069,Phan Thu Tung,1962-06-19,Quang Ninh,LOW,70,FULL
C05070,Phan Thanh Lan,1993-06-24,Hai Phong,HIGH,40,FULL
C05071,Pham Xuan Tung,2001-08-22,Vung Tau,MEDIUM,21,FULL
C05072,Bui Ngoc Nam,2004-05-12,Ha Noi,LOW,63,PARTIAL
C05073,Pham Ngoc Nhung,1973-03-11,Nha Trang,HIGH,7,FULL
C05074,Duong Van Khang,1968-02-21,Quang Ninh,LOW,11,FULL
C05075,Ho Thu Son,1970-05-19,Hai Phong,MEDIUM,6,FULL
C05076,Dang Tuan Long,1960-08-16,Hue,LOW,40,FULL
C05077,Pham Xuan Tung,1996-08-21,Ho Chi Minh,LOW,40,PARTIAL
C05078,Do Huu Dat,1981-04-17,Dong Nai,LOW,38,FULL
C05079,Nguyen Khanh Kiet,1967-05-12,Ho Chi Minh,LOW,38,FULL
C05080,Huynh Hai Linh,1999-02-12,Vung Tau,LOW,12,PARTIAL
C05081,Hoang Ngoc Nhung,1972-09-02,Nha Trang,LOW,22,PARTIAL
C05082,Le Thi Nhung,1991-04-14,Hue,HIGH,19,FULL
C05083,Do Khanh Tung,1971-01-04,Hue,LOW,30,FULL
C05084,Dang Thu Khang,1991-01-15,Vung Tau,LOW,39,FULL
C05085,Vu Ngoc Bao,1984-11-29,Hai Phong,LOW,36,FULL
C05086,Ngo Gia Nhung,1976-05-29,Quang Ninh,LOW,43,FULL
C05087,Phan Thu Long,1996-11-29,Hue,LOW,28,FULL
C05088,Hoang Khanh Anh,2002-03-30,Ho Chi Minh,HIGH,27,PARTIAL
C05089,Bui Quoc Khoa,1999-08-17,Ho Chi Minh,LOW,21,FULL
C05090,Ho Thu Hoang,1988-04-12,Vung Tau,LOW,59,FULL
C05091,Tran Ngoc Phuc,2002-07-09,Da Nang,LOW,45,PARTIAL
C05092,Phan Minh Vy,2002-03-21,Hue,LOW,85,FULL
C05093,Dang Tuan Lan,1990-10-20,Hai Phong,MEDIUM,80,PARTIAL
C05094,Le Quoc Bao,1988-02-18,Hue,LOW,44,FULL
C05095,Vu Khanh Vy,1987-10-24,Ho Chi Minh,LOW,87,FULL
C05096,Duong Gia Nam,1997-02-07,Ha Noi,LOW,94,PARTIAL
C05097,Duong Minh Long,1993-10-01,Hue,LOW,63,FULL
C05098,Phan Duc Huy,1972-12-01,Dong Nai,LOW,12,FULL
C05099,Bui Duc Trang,2005-11-05,Hue,LOW,82,PARTIAL
C05100,Vo Thanh Tung,2005-05-13,Vung Tau,LOW,34,FULL
C05101,Le Minh Tung,1972-08-23,Da Nang,HIGH,22,PARTIAL
C05102,Ho Thu Hoang,2001-09-20,Can Tho,HIGH,87,FULL
C05103,Huynh Minh Khang,1971-07-30,Hai Phong,LOW,33,FULL
C05104,Vo Thi Anh,1968-12-30,Hai Phong,LOW,55,FULL
C05105,Duong Khanh Nam,1965-09-05,Ha Noi,LOW,16,FULL
C05106,Ho Tuan An,1981-01-05,Ho Chi Minh,LOW,12,FULL
C05107,Bui Quoc Khoa,2005-08-05,Hue,LOW,47,FULL
C05108,Le Hai Bao,1986-02-15,Ha Noi,LOW,88,FULL
C05109,Vo Van Tung,1984-02-04,Dong Nai,LOW,26,FULL
C05110,Vu Thu Dat,1987-04-01,Quang Ninh,LOW,24,FULL
C05111,Huynh Quoc Son,1972-05-29,Ho Chi Minh,LOW,55,FULL
C05112,Vo Thi Kiet,1997-09-03,Hue,LOW,65,FULL
C05113,Bui Van Khang,1974-01-15,Vung Tau,LOW,43,FULL
C05114,Dang Hoang Long,1979-09-20,Ho Chi Minh,LOW,25,FULL
C05115,Do Quoc Nam,1963-09-27,Dong Nai,LOW,44,FULL
C05116,Ngo Thi Son,1986-01-08,Can Tho,LOW,8,FULL
C05117,Nguyen Thi Binh,1997-12-12,Ha Noi,LOW,13,FULL
C05118,Vu Hoang Anh,1981-07-29,Vung Tau,MEDIUM,45,FULL
C05119,Hoang Minh Trang,1971-09-08,Ha Noi,LOW,46,FULL
C05120,Pham Hoang Linh,1983-12-13,Nha Trang,LOW,15,FULL
C05121,Vo Thu Lan,1970-07-23,Da Nang,HIGH,39,FULL
C05122,Vo Tuan Phuc,1962-10-01,Hai Phong,HIGH,79,FULL
C05123,Vu Quoc Nam,1993-07-21,Quang Ninh,LOW,8,FULL
C05124,Ngo Huu Khoa,1964-07-02,Da Nang,LOW,88,PARTIAL
C05125,Ngo Minh Long,1992-11-23,Hue,MEDIUM,72,FULL
C05126,Phan Ngoc Lan,1962-09-29,Nha Trang,MEDIUM,91,FULL
C05127,Ngo Duc Phuc,1989-09-01,Dong Nai,MEDIUM,75,FULL
C05128,Duong Duc Binh,1982-03-08,Nha Trang,LOW,87,FULL
C05129,Vu Thanh Vy,1995-02-28,Ho Chi Minh,LOW,34,FULL
C05130,Phan Minh Kiet,1979-07-26,Nha Trang,HIGH,41,FULL
C05131,Vo Duc Phuc,1998-11-17,Quang Ninh,LOW,88,FULL
C05132,Dang Thu Trang,2003-12-29,Hue,LOW,53,FULL
C05133,Le Gia Kiet,2003-08-19,Da Nang,LOW,45,PARTIAL
C05134,Huynh Hai Kiet,1976-03-30,Ha Noi,MEDIUM,65,FULL
C05135,Phan Ngoc Linh,1990-01-21,Ho Chi Minh,MEDIUM,78,FULL
C05136,Vu Minh Dat,2005-10-24,Hai Phong,LOW,6,PARTIAL
C05137,Le Thi An,1982-04-08,Ha Noi,LOW,21,FULL
C05138,Vu Thi Nam,1976-05-10,Vung Tau,MEDIUM,39,FULL
C05139,Tran Ngoc Trang,1974-03-20,Vung Tau,LOW,71,FULL
C05140,Vo Hoang Nam,2001-07-16,Quang Ninh,LOW,54,FULL
C05141,Nguyen Duc Vy,1990-02-16,Dong Nai,HIGH,69,FULL
C05142,Vo Tuan Long,1970-07-04,Ho Chi Minh,LOW,29,FULL
C05143,Ngo Thanh Son,1961-07-14,Dong Nai,HIGH,24,FULL
C05144,Pham Duc Kiet,2000-03-25,Can Tho,LOW,29,FULL
C05145,Do Thi Lan,1975-02-10,Dong Nai,MEDIUM,33,FULL
C05146,Duong Hai Bao,1966-08-16,Da Nang,LOW,65,FULL
C05147,Tran Quoc Tung,1990-01-24,Nha Trang,LOW,93,FULL
C05148,Phan Thanh Hoang,1983-03-26,Da Nang,MEDIUM,60,PARTIAL
C05149,Pham Duc Khoa,1963-06-24,Vung Tau,MEDIUM,68,FULL
C05150,Nguyen Tuan Trang,1966-04-09,Ho Chi Minh,LOW,81,PARTIAL
C05151,Huynh Xuan Phuc,2000-11-05,Can Tho,MEDIUM,70,FULL
C05152,Huynh Ngoc Bao,1980-02-09,Da Nang,MEDIUM,86,FULL
C05153,Vu Gia Bao,1997-03-13,Vung Tau,LOW,83,FULL
C05154,Do Xuan Son,1996-02-05,Dong Nai,MEDIUM,80,FULL
C05155,Ho Thanh Kiet,1997-11-22,Ho Chi Minh,LOW,10,FULL
C05156,Bui Thi Long,1996-12-16,Nha Trang,LOW,65,FULL
C05157,Huynh Quoc Nam,1977-05-14,Can Tho,LOW,9,FULL
C05158,Phan Huu Hoang,1990-11-04,Ho Chi Minh,LOW,61,PARTIAL
C05159,Huynh Hoang Huy,1971-12-09,Da Nang,LOW,69,FULL
C05160,Pham Quoc Kiet,1996-07-16,Hai Phong,MEDIUM,85,FULL
C05161,Nguyen Gia Tung,1997-11-25,Can Tho,MEDIUM,35,FULL
C05162,Ho Thu Lan,1967-02-23,Ho Chi Minh,LOW,44,FULL
C05163,Dang Quoc Kiet,1975-05-10,Da Nang,LOW,17,FULL
C05164,Huynh Ngoc An,1974-03-18,Hue,HIGH,46,FULL
C05165,Ho Minh Dat,1990-01-06,Hue,MEDIUM,64,FULL
C05166,Do Khanh Kiet,1979-11-16,Nha Trang,LOW,51,FULL
C05167,Pham Thu An,1982-10-11,Vung Tau,LOW,92,FULL
C05168,Ho Van Son,1963-09-22,Can Tho,MEDIUM,82,FULL
C05169,Bui Hai Dat,1994-12-20,Vung Tau,LOW,48,FULL
C05170,Le Hai Hoang,2005-11-06,Da Nang,LOW,37,FULL
C05171,Le Ngoc Lan,1960-04-15,Nha Trang,MEDIUM,89,PARTIAL
C05172,Pham Hai An,1968-01-13,Can Tho,LOW,82,FULL
C05173,Nguyen Hai Linh,1966-11-01,Can Tho,LOW,75,FULL
C05174,Vu Van Tung,1987-05-05,Vung Tau,LOW,78,FULL
C05175,Pham Huu Kiet,1963-05-20,Hai Phong,LOW,52,FULL
C05176,Huynh Thi Nhung,2000-04-09,Da Nang,LOW,64,FULL
C05177,Le Van Son,1976-10-21,Nha Trang,LOW,9,PARTIAL
C05178,Dang Ngoc Anh,1984-12-14,Dong Nai,LOW,82,FULL
C05179,Do Hai Anh,1982-11-06,Quang Ninh,LOW,42,FULL
C05180,Ngo Thanh An,1985-02-16,Hai Phong,LOW,24,FULL
C05181,Bui Huu Long,1987-11-01,Vung Tau,LOW,88,FULL
C05182,Dang Thi Vy,1992-03-25,Hue,LOW,31,FULL
C05183,Ngo Tuan Linh,1971-10-02,Da Nang,LOW,58,FULL
C05184,Hoang Thi Dat,1990-11-24,Ho Chi Minh,LOW,8,FULL
C05185,Phan Duc Vy,1973-04-14,Hue,HIGH,42,FULL
C05186,Huynh Ngoc Linh,1974-06-18,Da Nang,MEDIUM,15,FULL
C05187,Do Thanh Khang,1968-08-12,Hue,LOW,40,FULL
C05188,Vo Gia Vy,1993-05-17,Ha Noi,LOW,43,FULL
C05189,Duong Thu Nhung,2005-07-17,Hue,MEDIUM,82,FULL
C05190,Vo Quoc Linh,1972-11-18,Ho Chi Minh,LOW,40,FULL
C05191,Dang Duc Anh,1965-10-27,Ho Chi Minh,MEDIUM,73,FULL
C05192,Phan Xuan Trang,1961-08-07,Quang Ninh,LOW,39,FULL
C05193,Dang Tuan Nam,1975-11-13,Nha Trang,LOW,87,FULL
C05194,Phan Hai Huy,1998-01-20,Can Tho,MEDIUM,24,FULL
C05195,Ngo Hai Bao,1975-11-01,Vung Tau,LOW,36,PARTIAL
C05196,Ho Hai Binh,1975-07-24,Nha Trang,LOW,27,FULL
C05197,Ngo Tuan Binh,1978-09-12,Can Tho,LOW,57,PARTIAL
C05198,Hoang Hai Nam,1977-09-03,Hai Phong,LOW,66,FULL
C05199,Le Thi Anh,2000-11-21,Quang Ninh,MEDIUM,67,FULL
C05200,Phan Van Binh,1976-01-23,Nha Trang,LOW,11,FULL
C05201,Vo Thi Binh,1964-02-11,Can Tho,MEDIUM,87,FULL
C05202,Ngo Duc Bao,1965-04-13,Nha Trang,MEDIUM,37,FULL
C05203,Le Minh Nam,1963-11-25,Ha Noi,LOW,50,FULL
C05204,Vu Tuan Long,1960-12-05,Dong Nai,LOW,95,FULL
C05205,Tran Thu Kiet,2002-02-03,Da Nang,LOW,90,FULL
C05206,Phan Minh Tung,1984-11-15,Hai Phong,LOW,49,PARTIAL
C05207,Ngo Xuan Trang,1966-11-17,Hue,LOW,82,FULL
C05208,Vu Huu Tung,1970-05-07,Ho Chi Minh,LOW,14,FULL
C05209,Tran Hoang Bao,1988-04-01,Nha Trang,LOW,21,FULL
C05210,Nguyen Xuan Hoang,1989-06-13,Ha Noi,LOW,91,FULL
C05211,Dang Hai Huy,1974-12-21,Da Nang,LOW,41,FULL
C05212,Phan Gia Nhung,1993-11-12,Nha Trang,LOW,11,FULL
C05213,Ngo Hoang Bao,1965-04-15,Dong Nai,LOW,62,FULL
C05214,Vo Thi Dat,1994-03-31,Can Tho,LOW,50,FULL
C05215,Huynh Khanh Tung,1989-10-31,Da Nang,MEDIUM,25,FULL
C05216,Vo Xuan Tung,1985-09-13,Da Nang,LOW,16,FULL
C05217,Pham Hoang Linh,2001-06-06,Can Tho,HIGH,61,FULL
C05218,Huynh Van Nam,1962-12-20,Nha Trang,LOW,6,PARTIAL
C05219,Tran Minh Bao,2005-08-24,Hue,LOW,78,PARTIAL
C05220,Phan Thanh Hoang,1971-01-09,Nha Trang,MEDIUM,8,FULL
C05221,Ngo Thanh Hoang,1965-09-07,Ho Chi Minh,LOW,68,PARTIAL
C05222,Ngo Thi Son,1991-02-03,Quang Ninh,LOW,59,PARTIAL
C05223,Vo Duc Anh,1965-12-09,Quang Ninh,LOW,77,FULL
C05224,Bui Huu Hoang,1996-02-01,Can Tho,LOW,20,PARTIAL
C05225,Le Thanh Hoang,1978-03-28,Ho Chi Minh,LOW,42,FULL
C05226,Ho Khanh Khoa,1962-09-22,Quang Ninh,HIGH,36,FULL
C05227,Do Duc Dat,1990-10-18,Hue,LOW,37,FULL
C05228,Hoang Duc An,1979-05-20,Hue,LOW,92,FULL
C05229,Dang Gia Khoa,1984-09-22,Vung Tau,LOW,16,FULL
C05230,Bui Huu Trang,2002-12-27,Vung Tau,LOW,66,FULL
C05231,Phan Thi Son,1967-02-10,Da Nang,LOW,15,FULL
C05232,Nguyen Minh Son,1961-04-28,Dong Nai,LOW,56,FULL
C05233,Tran Ngoc Long,1964-03-04,Vung Tau,LOW,9,FULL
C05234,Duong Minh Kiet,2005-07-26,Dong Nai,LOW,17,FULL
C05235,Vo Ngoc Binh,1998-07-17,Hai Phong,LOW,11,FULL
C05236,Tran Thu Huy,1978-09-16,Vung Tau,LOW,37,FULL
C05237,Huynh Hai Lan,1972-05-01,Dong Nai,LOW,55,FULL
C05238,Vu Ngoc Long,2002-10-09,Can Tho,LOW,94,FULL
C05239,Pham Hoang Long,1998-03-16,Quang Ninh,LOW,46,FULL
C05240,Tran Duc Huy,1978-07-07,Ho Chi Minh,LOW,37,FULL
C05241,Vu Thanh Lan,1993-04-25,Ho Chi Minh,LOW,30,PARTIAL
C05242,Duong Thi Anh,1984-05-20,Can Tho,LOW,73,FULL
C05243,Hoang Hoang Huy,1960-03-08,Dong Nai,LOW,78,PARTIAL
C05244,Bui Huu Long,1979-12-29,Quang Ninh,LOW,41,PARTIAL
C05245,Vu Thanh Tung,1997-04-21,Can Tho,LOW,41,FULL
C05246,Pham Duc Binh,1999-06-09,Hai Phong,LOW,93,FULL
C05247,Hoang Xuan Dat,1960-06-04,Hai Phong,LOW,64,FULL
C05248,Vo Minh An,1995-04-12,Vung Tau,MEDIUM,30,FULL
C05249,Ho Huu Dat,1989-12-15,Ho Chi Minh,LOW,10,PARTIAL
C05250,Hoang Xuan Binh,1987-09-27,Dong Nai,LOW,45,FULL
C05251,Duong Hoang Nhung,1962-09-09,Nha Trang,LOW,51,FULL
C05252,Do Duc Son,2004-04-15,Da Nang,LOW,83,FULL
C05253,Vu Minh Dat,1986-05-17,Vung Tau,LOW,69,FULL
C05254,Tran Thi Tung,1973-05-24,Ha Noi,LOW,50,FULL
C05255,Le Quoc Hoang,1991-11-30,Da Nang,LOW,8,FULL
C05256,Ngo Khanh Binh,1967-12-31,Quang Ninh,LOW,61,FULL
C05257,Bui Gia Bao,1968-06-07,Can Tho,LOW,31,FULL
C05258,Vu Huu Binh,1982-02-14,Vung Tau,LOW,34,FULL
C05259,Vo Thi An,1977-07-16,Ha Noi,HIGH,17,FULL
C05260,Pham Thi Tung,1982-03-04,Ha Noi,LOW,43,FULL
C05261,Pham Khanh Tung,1992-08-27,Hue,LOW,79,FULL
C05262,Huynh Khanh Lan,1981-10-30,Ho Chi Minh,MEDIUM,55,FULL
C05263,Phan Van Dat,1984-02-19,Da Nang,LOW,14,FULL
C05264,Pham Minh Bao,1967-02-23,Nha Trang,MEDIUM,12,FULL
C05265,Ho Huu Tung,1992-03-19,Hue,MEDIUM,66,PARTIAL
C05266,Do Quoc Vy,1971-05-19,Hai Phong,LOW,28,PARTIAL
C05267,Vo Hoang Nam,1984-02-18,Da Nang,LOW,74,FULL
C05268,Duong Hoang Anh,2003-11-24,Dong Nai,MEDIUM,9,FULL
C05269,Dang Hai Trang,1977-09-27,Dong Nai,LOW,75,FULL
C05270,Vo Thanh Khang,1981-05-25,Ha Noi,LOW,24,PARTIAL
C05271,Ho Xuan Nam,1970-06-21,Hai Phong,LOW,59,FULL
C05272,Huynh Ngoc Hoang,1960-08-28,Hue,LOW,94,FULL
C05273,Hoang Thi Nhung,1973-06-17,Can Tho,LOW,90,PARTIAL
C05274,Dang Ngoc Anh,1964-09-25,Hai Phong,LOW,82,PARTIAL
C05275,Phan Duc Nam,1996-11-30,Da Nang,LOW,77,FULL
C05276,Ngo Ngoc Son,1987-03-19,Can Tho,LOW,77,FULL
C05277,Bui Thu Long,1966-02-22,Can Tho,LOW,19,FULL
C05278,Le Van Phuc,1985-12-01,Da Nang,LOW,7,FULL
C05279,Duong Thanh Trang,2003-12-01,Hai Phong,MEDIUM,40,FULL
C05280,Bui Thanh Son,1985-01-18,Dong Nai,LOW,40,PARTIAL
C05281,Huynh Hoang Tung,1972-10-27,Ho Chi Minh,LOW,44,FULL
C05282,Tran Thi Linh,1986-12-28,Vung Tau,LOW,28,FULL
C05283,Ngo Thi Dat,1998-04-09,Nha Trang,MEDIUM,12,PARTIAL
C05284,Vo Van Nam,1960-05-06,Hue,LOW,80,FULL
C05285,Pham Quoc Nhung,1960-10-16,Dong Nai,LOW,74,FULL
C05286,Hoang Ngoc Huy,1982-01-30,Da Nang,HIGH,11,FULL
C05287,Ho Thu Lan,1983-05-30,Quang Ninh,LOW,51,PARTIAL
C05288,Huynh Hoang Linh,1969-08-06,Ha Noi,LOW,94,PARTIAL
C05289,Do Duc Hoang,1961-07-18,Ho Chi Minh,LOW,54,FULL
C05290,Hoang Hai Vy,1985-02-08,Vung Tau,LOW,82,PARTIAL
C05291,Ngo Thu Huy,1962-08-30,Ho Chi Minh,LOW,8,FULL
C05292,Pham Thu Vy,1967-02-09,Can Tho,MEDIUM,67,PARTIAL
C05293,Dang Thanh Binh,1969-08-31,Vung Tau,LOW,55,PARTIAL
C05294,Ho Hoang Binh,2002-08-21,Nha Trang,LOW,87,FULL
C05295,Le Ngoc Khoa,1992-02-14,Vung Tau,LOW,80,PARTIAL
C05296,Huynh Ngoc Binh,1971-04-30,Hai Phong,MEDIUM,60,FULL
C05297,Vu Ngoc Binh,1967-11-06,Can Tho,LOW,51,FULL
C05298,Tran Quoc Vy,1978-02-22,Quang Ninh,LOW,13,PARTIAL
C05299,Huynh Thu Vy,2004-10-19,Hai Phong,MEDIUM,62,FULL
C05300,Nguyen Khanh Huy,1975-06-09,Ha Noi,LOW,70,FULL
C05301,Pham Duc Nam,1985-10-13,Vung Tau,LOW,32,FULL
C05302,Bui Thi Linh,1969-07-06,Da Nang,LOW,37,FULL
C05303,Tran Thanh Khoa,1973-07-23,Hue,MEDIUM,22,FULL
C05304,Bui Khanh Anh,1986-07-10,Nha Trang,LOW,70,PARTIAL
C05305,Pham Hoang Khang,1981-12-29,Da Nang,LOW,31,FULL
C05306,Nguyen Khanh Huy,1991-12-04,Nha Trang,LOW,80,FULL
C05307,Vu Hai Hoang,1973-11-21,Ha Noi,LOW,83,FULL
C05308,Ngo Thu Anh,1996-03-21,Can Tho,LOW,18,FULL
C05309,Vu Ngoc Nhung,2000-05-23,Can Tho,LOW,54,PARTIAL
C05310,Do Gia Bao,1961-08-16,Can Tho,HIGH,22,PARTIAL
C05311,Dang Thi Linh,1995-05-21,Can Tho,LOW,79,FULL
C05312,Nguyen Quoc Khoa,1995-12-12,Vung Tau,LOW,51,PARTIAL
C05313,Huynh Hoang Kiet,1988-06-29,Ha Noi,LOW,53,FULL
C05314,Le Huu Nhung,1971-12-03,Vung Tau,LOW,22,FULL
C05315,Hoang Duc Binh,1965-06-17,Vung Tau,MEDIUM,27,FULL
C05316,Bui Khanh Hoang,1988-12-29,Ha Noi,LOW,22,FULL
C05317,Duong Tuan Kiet,1964-10-20,Quang Ninh,LOW,94,PARTIAL
C05318,Phan Quoc Son,1971-06-12,Hai Phong,LOW,20,FULL
C05319,Huynh Quoc Trang,1998-03-07,Vung Tau,LOW,72,FULL
C05320,Ho Tuan Khang,1976-07-05,Da Nang,HIGH,67,FULL
C05321,Le Tuan Son,2003-03-17,Vung Tau,LOW,40,FULL
C05322,Duong Thanh Nhung,2005-07-21,Quang Ninh,LOW,35,FULL
C05323,Tran Van Nam,1997-09-18,Ho Chi Minh,LOW,15,FULL
C05324,Vo Duc Lan,1984-06-17,Hue,LOW,14,FULL
C05325,Le Van Khang,1985-06-04,Quang Ninh,HIGH,48,FULL
C05326,Huynh Minh Trang,1977-01-10,Can Tho,HIGH,22,FULL
C05327,Do Thanh Anh,1962-10-31,Vung Tau,LOW,31,FULL
C05328,Tran Thi Nam,1977-03-04,Da Nang,LOW,32,FULL
C05329,Phan Thanh An,1984-04-02,Hai Phong,LOW,8,FULL
C05330,Le Thanh Nam,1974-11-10,Can Tho,LOW,16,FULL
C05331,Vu Hoang Binh,1996-04-28,Da Nang,LOW,19,FULL
C05332,Nguyen Duc Dat,1986-01-20,Hai Phong,LOW,50,FULL
C05333,Pham Ngoc Trang,1982-06-01,Quang Ninh,LOW,29,FULL
C05334,Phan Thu Nam,1975-08-17,Quang Ninh,MEDIUM,79,FULL
C05335,Le Thanh Khoa,1970-12-26,Can Tho,LOW,77,FULL
C05336,Phan Xuan Lan,1998-10-24,Hue,LOW,10,FULL
C05337,Tran Khanh Dat,2004-02-07,Can Tho,MEDIUM,50,FULL
C05338,Vu Hoang Nam,2002-06-29,Vung Tau,LOW,62,FULL
C05339,Bui Gia Phuc,1983-07-13,Can Tho,HIGH,95,FULL
C05340,Vu Duc Bao,1965-12-15,Vung Tau,LOW,93,FULL
C05341,Do Thanh Nhung,1992-01-25,Vung Tau,LOW,77,FULL
C05342,Vo Thu Lan,1988-03-22,Quang Ninh,LOW,36,FULL
C05343,Huynh Xuan Nam,1978-09-25,Dong Nai,LOW,14,FULL
C05344,Dang Duc Khang,1993-02-15,Vung Tau,MEDIUM,36,FULL
C05345,Huynh Thanh Long,1971-10-21,Quang Ninh,LOW,78,FULL
C05346,Pham Thanh An,1985-10-02,Can Tho,MEDIUM,5,FULL
C05347,Pham Thanh Dat,1994-11-16,Dong Nai,LOW,5,FULL
C05348,Vo Duc Nam,2002-06-17,Can Tho,LOW,28,FULL
C05349,Do Hai Bao,1982-06-26,Da Nang,LOW,35,FULL
C05350,Le Duc Linh,1976-12-19,Vung Tau,LOW,67,FULL
C05351,Ho Thanh Huy,2003-06-01,Da Nang,LOW,38,FULL
C05352,Ho Van Linh,1960-12-06,Ha Noi,LOW,60,FULL
C05353,Ho Hai Son,2005-01-23,Da Nang,LOW,82,FULL
C05354,Nguyen Thi Son,1981-02-15,Nha Trang,LOW,55,FULL
C05355,Do Khanh Lan,1990-09-10,Vung Tau,LOW,63,PARTIAL
C05356,Tran Thi Anh,1980-12-06,Ho Chi Minh,MEDIUM,50,FULL
C05357,Bui Huu Kiet,2003-08-12,Vung Tau,LOW,16,PARTIAL
C05358,Phan Minh Anh,1989-02-19,Ha Noi,MEDIUM,67,FULL
C05359,Dang Quoc Binh,2001-09-04,Can Tho,LOW,54,FULL
C05360,Le Thu Tung,1960-12-23,Vung Tau,MEDIUM,71,FULL
C05361,Bui Thanh Khang,1978-05-07,Quang Ninh,LOW,32,FULL
C05362,Hoang Van Trang,1992-12-08,Ha Noi,HIGH,11,FULL
C05363,Tran Van Nam,1991-08-21,Can Tho,LOW,82,PARTIAL
C05364,Bui Thi Anh,1975-03-31,Dong Nai,LOW,91,FULL
C05365,Tran Van Bao,1965-06-20,Vung Tau,LOW,88,FULL
C05366,Bui Van Nam,1974-03-07,Nha Trang,LOW,13,PARTIAL
C05367,Pham Hai Dat,1978-04-02,Ha Noi,MEDIUM,36,FULL
C05368,Dang Khanh Kiet,1998-08-14,Vung Tau,LOW,5,FULL
C05369,Hoang Thanh Trang,1982-02-17,Ho Chi Minh,MEDIUM,86,FULL
C05370,Do Minh Anh,2001-11-04,Nha Trang,LOW,44,FULL
C05371,Tran Khanh Linh,1969-04-11,Ho Chi Minh,MEDIUM,68,PARTIAL
C05372,Phan Gia Bao,1961-11-21,Dong Nai,LOW,71,FULL
C05373,Huynh Khanh Vy,1999-03-06,Nha Trang,LOW,77,FULL
C05374,Nguyen Duc Long,1993-05-13,Da Nang,LOW,33,FULL
C05375,Phan Thanh Binh,1973-09-14,Hue,LOW,36,FULL
C05376,Le Thu Nhung,1988-02-08,Da Nang,LOW,71,FULL
C05377,Hoang Thu Dat,1964-09-26,Hue,LOW,50,PARTIAL
C05378,Ngo Thu Son,1964-01-25,Can Tho,LOW,54,FULL
C05379,Phan Thu Vy,1996-09-08,Hai Phong,LOW,53,FULL
C05380,Hoang Tuan Huy,1995-01-27,Hai Phong,MEDIUM,15,PARTIAL
C05381,Nguyen Huu Son,1978-11-17,Nha Trang,MEDIUM,26,FULL
C05382,Do Gia Khang,1967-12-28,Dong Nai,LOW,88,FULL
C05383,Do Xuan An,1963-09-10,Ho Chi Minh,LOW,75,FULL
C05384,Vu Tuan Khang,1988-04-13,Dong Nai,LOW,63,FULL
C05385,Hoang Minh Son,1966-09-04,Quang Ninh,LOW,29,FULL
C05386,Pham Hai Khoa,1960-09-18,Dong Nai,LOW,20,FULL
C05387,Huynh Xuan Binh,1987-11-06,Quang Ninh,MEDIUM,27,FULL
C05388,Dang Thanh Long,1975-05-09,Vung Tau,LOW,18,FULL
C05389,Dang Tuan Binh,1970-11-30,Ho Chi Minh,LOW,82,FULL
C05390,Pham Van Vy,1986-06-20,Can Tho,LOW,10,PARTIAL
C05391,Huynh Hai An,1993-08-22,Hue,LOW,53,FULL
C05392,Huynh Thu Hoang,2004-11-11,Da Nang,LOW,43,FULL
C05393,Ngo Quoc Bao,1962-10-23,Dong Nai,LOW,73,FULL
C05394,Le Thi Kiet,1975-01-16,Ha Noi,LOW,37,FULL
C05395,Vo Duc Vy,2003-01-28,Ho Chi Minh,HIGH,53,FULL
C05396,Pham Ngoc Kiet,1964-09-26,Ho Chi Minh,MEDIUM,77,FULL
C05397,Duong Quoc Dat,1983-07-12,Can Tho,LOW,69,FULL
C05398,Huynh Hoang Dat,2005-08-09,Hue,HIGH,32,PARTIAL
C05399,Hoang Hoang Binh,1991-06-27,Ha Noi,LOW,84,FULL
C05400,Tran Xuan Nam,1986-05-22,Dong Nai,LOW,53,FULL
C05401,Ngo Thu Bao,2004-11-16,Da Nang,LOW,71,PARTIAL
C05402,Hoang Huu Long,1964-04-21,Can Tho,LOW,12,FULL
C05403,Tran Ngoc Tung,1985-07-16,Hue,MEDIUM,23,FULL
C05404,Nguyen Ngoc Dat,1978-10-20,Da Nang,LOW,51,PARTIAL
C05405,Ngo Thanh Kiet,1973-09-17,Quang Ninh,LOW,14,PARTIAL
C05406,Phan Tuan Vy,1960-04-01,Vung Tau,MEDIUM,16,FULL
C05407,Ngo Thu Tung,1973-01-02,Vung Tau,MEDIUM,27,FULL
C05408,Huynh Quoc Phuc,1968-04-24,Dong Nai,MEDIUM,75,PARTIAL
C05409,Do Thanh Trang,2004-04-20,Nha Trang,LOW,19,FULL
C05410,Ngo Thu Vy,1964-11-26,Nha Trang,LOW,89,FULL
C05411,Duong Van Trang,1984-08-31,Da Nang,LOW,90,FULL
C05412,Vo Thanh Nhung,1969-02-08,Ha Noi,LOW,71,FULL
C05413,Huynh Minh Linh,1968-10-13,Ha Noi,MEDIUM,85,FULL
C05414,Ngo Hai Vy,1963-03-24,Nha Trang,LOW,80,FULL
C05415,Vo Duc Anh,1961-05-16,Dong Nai,LOW,26,FULL
C05416,Vo Duc Kiet,1963-11-01,Quang Ninh,LOW,39,FULL
C05417,Hoang Gia Vy,1990-08-16,Ha Noi,LOW,34,FULL
C05418,Hoang Thanh Linh,1972-05-24,Quang Ninh,LOW,81,FULL
C05419,Nguyen Quoc Anh,2001-08-18,Quang Ninh,HIGH,76,FULL
C05420,Phan Gia Lan,1985-06-24,Vung Tau,LOW,78,FULL
C05421,Hoang Ngoc Kiet,1989-04-22,Ha Noi,LOW,69,FULL
C05422,Pham Hai Nam,2001-02-12,Nha Trang,LOW,29,FULL
C05423,Phan Hai Phuc,1970-02-13,Ho Chi Minh,MEDIUM,68,FULL
C05424,Hoang Ngoc Nhung,1989-08-07,Ho Chi Minh,LOW,61,FULL
C05425,Do Ngoc Anh,1987-07-21,Can Tho,MEDIUM,21,PARTIAL
C05426,Phan Hoang Nhung,1995-12-07,Da Nang,LOW,56,FULL
C05427,Nguyen Khanh Long,1998-10-08,Vung Tau,LOW,50,FULL
C05428,Vu Duc An,1991-10-25,Quang Ninh,LOW,63,FULL
C05429,Ngo Huu Hoang,1979-03-16,Nha Trang,MEDIUM,82,FULL
C05430,Pham Thanh Lan,1994-12-08,Can Tho,MEDIUM,54,FULL
C05431,Huynh Thu Nam,1966-01-13,Ho Chi Minh,LOW,30,FULL
C05432,Vo Xuan Lan,1977-10-16,Da Nang,LOW,55,FULL
C05433,Nguyen Khanh Trang,1994-05-16,Hai Phong,LOW,13,FULL
C05434,Duong Xuan Huy,1973-06-08,Ho Chi Minh,MEDIUM,24,FULL
C05435,Tran Xuan Vy,1977-11-10,Vung Tau,LOW,67,FULL
C05436,Dang Duc Hoang,1978-10-21,Vung Tau,LOW,54,FULL
C05437,Hoang Van Son,2004-12-05,Hue,HIGH,82,FULL
C05438,Phan Duc Tung,1979-03-19,Ho Chi Minh,LOW,78,FULL
C05439,Bui Huu Vy,2003-10-01,Dong Nai,LOW,56,FULL
C05440,Dang Thu Anh,1979-07-15,Dong Nai,MEDIUM,95,FULL
C05441,Dang Tuan Dat,1998-01-31,Nha Trang,LOW,43,FULL
C05442,Tran Minh Bao,1965-07-09,Hai Phong,MEDIUM,16,FULL
C05443,Le Quoc Linh,1966-02-27,Ho Chi Minh,LOW,64,FULL
C05444,Vu Thu Khang,1974-09-02,Hue,LOW,37,FULL
C05445,Pham Minh Phuc,1980-11-14,Hue,LOW,46,FULL
C05446,Do Van Bao,1978-12-22,Hai Phong,LOW,59,FULL
C05447,Nguyen Van Kiet,1992-04-23,Nha Trang,MEDIUM,95,FULL
C05448,Ngo Hai Hoang,1993-03-19,Hai Phong,LOW,73,FULL
C05449,Ngo Hai Tung,1964-09-15,Ho Chi Minh,LOW,12,PARTIAL
C05450,Ho Hoang Linh,1980-08-25,Nha Trang,LOW,31,FULL
C05451,Vo Quoc Nam,1987-09-09,Hai Phong,LOW,61,FULL
C05452,Phan Xuan Hoang,1986-02-27,Hue,LOW,18,FULL
C05453,Duong Xuan Lan,1996-07-20,Vung Tau,LOW,66,FULL
C05454,Hoang Duc Nam,1971-05-29,Quang Ninh,LOW,38,FULL
C05455,Ho Khanh Khoa,1969-05-04,Quang Ninh,LOW,92,FULL
C05456,Nguyen Minh Kiet,1981-08-30,Quang Ninh,LOW,20,FULL
C05457,Pham Minh Khoa,1970-07-21,Da Nang,LOW,9,PARTIAL
C05458,Phan Thu Nhung,1977-04-13,Quang Ninh,MEDIUM,14,FULL
C05459,Ho Gia Nam,2001-11-22,Dong Nai,MEDIUM,20,FULL
C05460,Phan Thu Bao,1999-12-25,Ho Chi Minh,LOW,25,FULL
C05461,Le Minh Vy,1973-05-19,Ho Chi Minh,LOW,79,PARTIAL
C05462,Bui Minh Huy,1981-06-04,Hue,LOW,55,FULL
C05463,Pham Ngoc Bao,1998-04-24,Nha Trang,LOW,54,PARTIAL
C05464,Bui Thi Khang,1961-09-22,Hue,HIGH,57,FULL
C05465,Le Xuan An,1982-08-12,Quang Ninh,LOW,29,FULL
C05466,Vu Tuan Phuc,1994-03-08,Dong Nai,LOW,31,FULL
C05467,Dang Van Trang,1970-06-23,Ha Noi,LOW,72,FULL
C05468,Bui Ngoc Anh,1964-02-26,Quang Ninh,MEDIUM,39,FULL
C05469,Vu Xuan Bao,1965-08-04,Dong Nai,MEDIUM,85,FULL
C05470,Huynh Gia Lan,1983-12-21,Vung Tau,LOW,85,FULL
C05471,Ho Ngoc An,1988-02-23,Vung Tau,LOW,94,FULL
C05472,Do Thu Vy,1997-02-28,Dong Nai,LOW,27,FULL
C05473,Duong Thi Vy,1961-10-21,Ho Chi Minh,LOW,19,PARTIAL
C05474,Ho Khanh Long,1960-01-09,Da Nang,LOW,10,PARTIAL
C05475,Pham Thanh Dat,1962-02-17,Hue,MEDIUM,43,PARTIAL
C05476,Phan Xuan Dat,2003-10-23,Vung Tau,LOW,25,PARTIAL
C05477,Phan Thi Tung,2003-10-02,Ha Noi,LOW,34,PARTIAL
C05478,Phan Khanh Phuc,1976-09-10,Dong Nai,LOW,69,FULL
C05479,Bui Thanh Tung,1964-10-11,Dong Nai,LOW,43,PARTIAL
C05480,Vo Minh Vy,1988-09-04,Can Tho,LOW,76,PARTIAL
C05481,Dang Ngoc Khang,1997-01-24,Can Tho,HIGH,18,FULL
C05482,Duong Huu Khoa,1985-10-15,Quang Ninh,LOW,32,FULL
C05483,Nguyen Duc Long,1972-02-28,Ho Chi Minh,MEDIUM,12,FULL
C05484,Phan Hai Bao,1987-03-19,Hue,HIGH,66,FULL
C05485,Dang Quoc Binh,1984-12-31,Vung Tau,LOW,77,FULL
C05486,Dang Khanh Tung,1985-06-21,Ha Noi,LOW,79,PARTIAL
C05487,Huynh Minh Hoang,1984-10-05,Da Nang,LOW,35,FULL
C05488,Le Thanh Kiet,1992-08-29,Da Nang,LOW,89,PARTIAL
C05489,Phan Xuan Nam,1968-02-03,Ho Chi Minh,MEDIUM,47,PARTIAL
C05490,Le Thi Vy,2003-07-13,Can Tho,LOW,13,FULL
C05491,Dang Khanh Huy,2003-10-21,Can Tho,MEDIUM,7,FULL
C05492,Ngo Thu Lan,1979-10-20,Ha Noi,MEDIUM,33,FULL
C05493,Ho Minh Kiet,1993-04-14,Nha Trang,MEDIUM,51,FULL
C05494,Tran Xuan An,1964-10-02,Dong Nai,LOW,80,PARTIAL
C05495,Nguyen Thu Tung,1989-09-24,Hue,LOW,30,PARTIAL
C05496,Tran Van Linh,1960-07-15,Hue,LOW,72,FULL
C05497,Phan Ngoc Nhung,1965-01-12,Hue,LOW,10,PARTIAL
C05498,Vu Thu Hoang,1972-06-04,Ho Chi Minh,LOW,14,FULL
C05499,Bui Xuan Khoa,1966-05-24,Vung Tau,LOW,65,FULL
C05500,Pham Hai Dat,1968-11-09,Vung Tau,LOW,50,FULL
C05501,Huynh Van Long,1975-12-28,Quang Ninh,LOW,66,FULL
C05502,Vu Hai Trang,1968-10-25,Quang Ninh,LOW,34,FULL
C05503,Pham Xuan Linh,1977-06-30,Quang Ninh,MEDIUM,66,FULL
C05504,Bui Huu Lan,1996-11-21,Can Tho,LOW,29,FULL
C05505,Pham Ngoc Hoang,1985-01-30,Vung Tau,LOW,14,FULL
C05506,Vo Tuan Dat,2005-01-21,Quang Ninh,LOW,84,FULL
C05507,Hoang Thanh Kiet,1994-06-07,Hai Phong,HIGH,81,FULL
C05508,Bui Xuan Huy,1971-01-22,Dong Nai,LOW,88,FULL
C05509,Hoang Gia Long,2002-10-15,Vung Tau,MEDIUM,25,FULL
C05510,Ngo Quoc Khang,1974-01-12,Vung Tau,MEDIUM,60,FULL
C05511,Tran Hai Long,1988-12-09,Nha Trang,LOW,18,FULL
C05512,Nguyen Duc Trang,1986-09-04,Quang Ninh,LOW,77,PARTIAL
C05513,Le Thi Dat,2004-05-06,Vung Tau,LOW,67,FULL
C05514,Pham Tuan Huy,1986-11-29,Ha Noi,LOW,94,FULL
C05515,Ho Minh Bao,1975-06-04,Quang Ninh,HIGH,67,FULL
C05516,Nguyen Minh Vy,1963-08-02,Ho Chi Minh,LOW,77,FULL
C05517,Tran Quoc Trang,1973-01-02,Ho Chi Minh,HIGH,87,FULL
C05518,Nguyen Hai An,1966-07-31,Da Nang,LOW,39,FULL
C05519,Vu Khanh Phuc,1988-06-03,Dong Nai,MEDIUM,76,FULL
C05520,Huynh Hoang Khang,1986-11-01,Can Tho,LOW,84,FULL
C05521,Le Van An,1990-05-18,Dong Nai,LOW,8,FULL
C05522,Duong Minh Tung,1995-07-17,Can Tho,LOW,93,FULL
C05523,Ngo Minh Huy,1966-11-16,Vung Tau,LOW,22,FULL
C05524,Phan Huu Son,1994-03-28,Vung Tau,LOW,78,FULL
C05525,Huynh Van Trang,1965-07-12,Hai Phong,LOW,54,FULL
C05526,Dang Tuan Bao,1981-06-07,Hai Phong,MEDIUM,92,FULL
C05527,Tran Ngoc Bao,1972-12-23,Nha Trang,LOW,68,FULL
C05528,Phan Quoc Khang,1969-09-28,Ha Noi,LOW,14,FULL
C05529,Do Gia Nam,1984-06-12,Dong Nai,LOW,30,FULL
C05530,Phan Hoang Hoang,1969-12-05,Ha Noi,MEDIUM,78,FULL
C05531,Hoang Gia Hoang,1966-05-13,Nha Trang,LOW,14,PARTIAL
C05532,Bui Minh Kiet,1984-06-12,Can Tho,LOW,68,FULL
C05533,Pham Gia Lan,1961-05-30,Quang Ninh,MEDIUM,94,FULL
C05534,Dang Thu Anh,2000-08-28,Hue,MEDIUM,5,FULL
C05535,Do Ngoc Bao,1981-08-23,Vung Tau,LOW,64,PARTIAL
C05536,Dang Hai Binh,1977-04-05,Ho Chi Minh,LOW,76,FULL
C05537,Vu Gia Khoa,2005-04-08,Hue,LOW,17,FULL
C05538,Nguyen Quoc An,1975-12-26,Vung Tau,LOW,79,FULL
C05539,Le Thu Trang,1986-10-25,Hai Phong,LOW,9,PARTIAL
C05540,Bui Minh Anh,1976-08-31,Hai Phong,LOW,34,FULL
C05541,Vu Xuan Nhung,1964-06-23,Ha Noi,LOW,43,FULL
C05542,Duong Xuan Tung,1978-02-10,Ho Chi Minh,LOW,75,FULL
C05543,Bui Quoc Phuc,1980-10-07,Da Nang,LOW,86,FULL
C05544,Nguyen Khanh Hoang,2001-07-15,Quang Ninh,LOW,61,FULL
C05545,Ngo Khanh Huy,1973-10-28,Hue,LOW,8,PARTIAL
C05546,Do Huu Binh,1998-11-10,Nha Trang,LOW,74,FULL
C05547,Do Huu Vy,1965-06-05,Hue,MEDIUM,76,PARTIAL
C05548,Do Ngoc Anh,1965-01-14,Hai Phong,LOW,62,FULL
C05549,Tran Duc Tung,1971-08-19,Nha Trang,MEDIUM,84,FULL
C05550,Vu Ngoc Kiet,1998-04-06,Hue,LOW,20,FULL
C05551,Hoang Hai Son,1998-12-31,Dong Nai,LOW,14,FULL
C05552,Pham Van Trang,1975-09-18,Da Nang,LOW,30,FULL
C05553,Phan Thu Khoa,1987-01-26,Vung Tau,LOW,45,PARTIAL
C05554,Hoang Duc Khoa,2000-11-28,Ho Chi Minh,LOW,46,FULL
C05555,Le Duc Khoa,1993-12-13,Hue,LOW,75,FULL
C05556,Nguyen Tuan Phuc,1999-02-14,Dong Nai,LOW,17,FULL
C05557,Nguyen Thanh Huy,1960-02-13,Ho Chi Minh,LOW,42,FULL
C05558,Phan Duc Kiet,1995-03-16,Vung Tau,HIGH,69,FULL
C05559,Phan Hoang Hoang,1961-11-19,Vung Tau,HIGH,37,FULL
C05560,Tran Khanh Dat,1997-07-19,Vung Tau,LOW,67,FULL
C05561,Hoang Minh Trang,1962-04-20,Vung Tau,LOW,45,PARTIAL
C05562,Tran Thu Dat,1971-05-10,Ho Chi Minh,LOW,70,FULL
C05563,Bui Ngoc Nam,1974-07-08,Hue,LOW,44,PARTIAL
C05564,Duong Ngoc Vy,1964-10-17,Vung Tau,LOW,51,FULL
C05565,Phan Huu Hoang,1985-08-08,Hue,LOW,49,FULL
C05566,Vo Quoc Binh,2000-12-24,Nha Trang,LOW,56,FULL
C05567,Vu Khanh Kiet,1994-11-05,Vung Tau,MEDIUM,82,FULL
C05568,Duong Thanh Bao,1971-04-01,Ha Noi,LOW,24,FULL
C05569,Nguyen Duc Linh,1992-10-08,Da Nang,LOW,16,FULL
C05570,Nguyen Duc Huy,1972-09-05,Hue,LOW,28,FULL
C05571,Vo Khanh Anh,2002-07-14,Vung Tau,LOW,84,FULL
C05572,Nguyen Khanh Bao,1991-12-28,Dong Nai,LOW,42,FULL
C05573,Ngo Thi Khoa,1981-01-30,Vung Tau,MEDIUM,94,FULL
C05574,Ngo Van Nam,1968-09-20,Hai Phong,MEDIUM,22,FULL
C05575,Phan Hai Hoang,1969-01-22,Dong Nai,LOW,75,FULL
C05576,Pham Thanh Tung,1972-10-24,Ho Chi Minh,LOW,48,FULL
C05577,Ngo Thu Phuc,1998-04-11,Dong Nai,LOW,35,FULL
C05578,Bui Ngoc Tung,1965-09-01,Quang Ninh,LOW,40,FULL
C05579,Pham Hoang Khang,1970-11-15,Nha Trang,LOW,70,FULL
C05580,Tran Hoang Nhung,1988-11-30,Dong Nai,LOW,78,FULL
C05581,Ho Van Dat,1960-05-30,Can Tho,LOW,76,FULL
C05582,Vu Gia Khang,1989-06-17,Quang Ninh,LOW,60,PARTIAL
C05583,Do Tuan Vy,2002-05-15,Da Nang,LOW,92,FULL
C05584,Le Van Nam,1997-06-03,Nha Trang,LOW,51,PARTIAL
C05585,Pham Hoang Bao,1983-07-18,Can Tho,MEDIUM,10,FULL
C05586,Vo Thu Bao,2003-12-17,Ha Noi,LOW,39,FULL
C05587,Hoang Huu Nhung,1977-09-08,Quang Ninh,HIGH,17,FULL
C05588,Do Hai Nam,1983-03-24,Dong Nai,MEDIUM,37,FULL
C05589,Dang Hai Dat,1988-09-05,Hai Phong,LOW,63,PARTIAL
C05590,Hoang Duc Dat,1996-11-25,Ho Chi Minh,LOW,85,FULL
C05591,Nguyen Van Phuc,1981-10-21,Dong Nai,LOW,65,FULL
C05592,Phan Thanh Linh,1966-12-30,Quang Ninh,LOW,17,FULL
C05593,Le Xuan Long,2005-07-31,Ho Chi Minh,LOW,66,FULL
C05594,Duong Quoc Trang,1981-04-01,Quang Ninh,LOW,78,FULL
C05595,Tran Thi Huy,2003-04-13,Hue,MEDIUM,31,PARTIAL
C05596,Vu Xuan Tung,1972-11-29,Da Nang,LOW,48,FULL
C05597,Ho Quoc Nam,1985-10-08,Quang Ninh,MEDIUM,58,FULL
C05598,Bui Tuan Huy,1980-09-07,Dong Nai,LOW,57,FULL
C05599,Bui Hoang Vy,1999-03-08,Hai Phong,LOW,9,FULL
C05600,Phan Huu Khoa,1975-12-27,Nha Trang,LOW,94,PARTIAL
C05601,Hoang Hai Long,1990-07-01,Can Tho,MEDIUM,70,FULL
C05602,Ngo Van Bao,1979-12-23,Dong Nai,LOW,49,FULL
C05603,Tran Thanh Linh,1963-01-24,Ho Chi Minh,MEDIUM,77,FULL
C05604,Nguyen Minh Binh,2001-02-22,Ho Chi Minh,LOW,17,FULL
C05605,Vu Van Linh,1969-06-12,Dong Nai,MEDIUM,64,PARTIAL
C05606,Pham Hoang Hoang,1970-01-04,Hue,LOW,35,FULL
C05607,Le Thi Binh,1977-03-21,Ho Chi Minh,LOW,42,PARTIAL
C05608,Tran Khanh Tung,1985-05-20,Ha Noi,LOW,66,FULL
C05609,Ho Duc Son,1999-02-22,Vung Tau,LOW,14,FULL
C05610,Hoang Hoang Nam,1966-03-22,Ha Noi,LOW,53,FULL
C05611,Ho Ngoc Son,1974-07-22,Hue,HIGH,94,PARTIAL
C05612,Nguyen Huu Tung,1986-03-29,Ho Chi Minh,MEDIUM,59,FULL
C05613,Duong Quoc Linh,1985-09-06,Quang Ninh,MEDIUM,41,PARTIAL
C05614,Le Thi An,1993-07-25,Da Nang,LOW,16,FULL
C05615,Pham Thanh Lan,1985-08-08,Hue,LOW,94,FULL
C05616,Huynh Thi Bao,1994-12-30,Hai Phong,LOW,46,FULL
C05617,Vu Huu Nhung,2003-11-26,Hai Phong,LOW,23,FULL
C05618,Ho Hoang Long,1972-04-14,Ho Chi Minh,LOW,81,FULL
C05619,Huynh Thu Hoang,1991-06-26,Can Tho,MEDIUM,91,FULL
C05620,Phan Tuan Anh,1992-05-07,Vung Tau,MEDIUM,46,FULL
C05621,Tran Tuan Trang,1987-11-25,Ha Noi,LOW,7,FULL
C05622,Vu Khanh Nhung,1977-06-10,Hai Phong,LOW,88,FULL
C05623,Duong Khanh Huy,1994-03-09,Hai Phong,LOW,12,FULL
C05624,Tran Quoc Long,1978-07-21,Nha Trang,LOW,74,FULL
C05625,Huynh Thi Tung,1974-07-10,Nha Trang,LOW,41,FULL
C05626,Ngo Xuan Bao,1982-10-04,Hue,LOW,52,FULL
C05627,Pham Van Linh,1988-07-24,Ho Chi Minh,MEDIUM,78,FULL
C05628,Le Quoc Anh,1973-02-09,Hai Phong,LOW,51,PARTIAL
C05629,Le Quoc Long,1988-07-02,Can Tho,MEDIUM,75,PARTIAL
C05630,Huynh Ngoc Phuc,1988-01-03,Vung Tau,LOW,49,FULL
C05631,Tran Huu Dat,1996-07-07,Ho Chi Minh,LOW,88,FULL
C05632,Hoang Tuan Vy,1990-03-19,Vung Tau,LOW,86,FULL
C05633,Hoang Ngoc Bao,1965-03-09,Hai Phong,HIGH,32,FULL
C05634,Nguyen Hai Khoa,1989-05-12,Quang Ninh,LOW,41,PARTIAL
C05635,Le Gia Lan,1973-03-28,Da Nang,LOW,48,PARTIAL
C05636,Ngo Hai Khang,1980-06-04,Quang Ninh,MEDIUM,73,FULL
C05637,Huynh Xuan Tung,2004-01-05,Hai Phong,LOW,17,FULL
C05638,Huynh Van Dat,1980-02-24,Quang Ninh,LOW,46,FULL
C05639,Pham Hai Bao,1992-11-07,Dong Nai,LOW,68,PARTIAL
C05640,Ho Duc Long,2005-03-20,Hue,LOW,83,FULL
C05641,Hoang Van Lan,2001-12-07,Nha Trang,HIGH,70,FULL
C05642,Nguyen Ngoc Vy,1990-04-12,Ho Chi Minh,LOW,63,FULL
C05643,Phan Tuan An,1982-02-28,Quang Ninh,LOW,50,FULL
C05644,Ho Hai Phuc,1986-04-07,Dong Nai,MEDIUM,38,FULL
C05645,Nguyen Ngoc Kiet,1985-05-23,Quang Ninh,HIGH,49,FULL
C05646,Phan Quoc Vy,2000-06-27,Ha Noi,LOW,34,FULL
C05647,Huynh Gia Khang,1982-06-12,Da Nang,HIGH,36,FULL
C05648,Bui Ngoc An,1991-01-16,Ha Noi,MEDIUM,14,FULL
C05649,Hoang Thanh Khoa,2003-08-19,Hai Phong,LOW,77,FULL
C05650,Nguyen Tuan Lan,2004-02-17,Ha Noi,LOW,76,PARTIAL
C05651,Duong Quoc Nhung,1985-01-20,Nha Trang,LOW,93,FULL
C05652,Vo Thu Phuc,1976-01-18,Hue,LOW,17,FULL
C05653,Phan Thu Khang,1968-02-25,Hue,LOW,91,FULL
C05654,Duong Quoc Dat,1971-02-26,Hai Phong,LOW,93,FULL
C05655,Tran Tuan Kiet,1995-02-20,Ho Chi Minh,MEDIUM,67,FULL
C05656,Nguyen Xuan Trang,2005-10-31,Can Tho,LOW,68,FULL
C05657,Tran Khanh Nhung,1989-03-16,Nha Trang,LOW,64,FULL
C05658,Ho Hai Binh,1971-04-25,Quang Ninh,LOW,42,FULL
C05659,Le Hai Long,1967-01-30,Da Nang,LOW,30,FULL
C05660,Pham Huu Lan,1964-06-13,Ha Noi,LOW,86,FULL
C05661,Vu Gia Lan,1960-04-11,Nha Trang,LOW,88,FULL
C05662,Tran Duc An,1996-11-05,Ho Chi Minh,LOW,41,FULL
C05663,Tran Quoc Huy,2005-12-26,Ha Noi,MEDIUM,43,FULL
C05664,Tran Tuan Bao,2000-11-03,Hai Phong,LOW,41,PARTIAL
C05665,Le Thi Khang,1978-01-02,Quang Ninh,MEDIUM,20,FULL
C05666,Pham Thi Dat,1978-01-26,Da Nang,LOW,29,PARTIAL
C05667,Ngo Thi Khang,2001-03-29,Quang Ninh,LOW,44,FULL
C05668,Duong Thanh Dat,1981-03-21,Ho Chi Minh,LOW,35,FULL
C05669,Hoang Gia Binh,1984-12-29,Da Nang,LOW,18,FULL
C05670,Ho Thi Vy,1962-07-26,Nha Trang,LOW,30,FULL
C05671,Ho Ngoc Bao,1981-03-06,Hue,LOW,92,FULL
C05672,Vo Tuan Phuc,1967-03-29,Ha Noi,LOW,35,FULL
C05673,Le Thu Bao,1993-06-22,Ho Chi Minh,LOW,37,FULL
C05674,Tran Thanh Phuc,1990-07-27,Ho Chi Minh,HIGH,15,FULL
C05675,Ho Van Bao,1996-10-07,Quang Ninh,LOW,45,FULL
C05676,Nguyen Thu Lan,1967-05-19,Hue,MEDIUM,14,FULL
C05677,Vo Ngoc Long,1975-04-18,Nha Trang,LOW,74,FULL
C05678,Duong Gia Nhung,1974-08-26,Hai Phong,LOW,78,PARTIAL
C05679,Bui Thi Tung,1989-11-22,Ho Chi Minh,LOW,16,FULL
C05680,Vo Hai Long,1984-11-24,Quang Ninh,LOW,45,FULL
C05681,Nguyen Gia Hoang,1990-01-22,Vung Tau,LOW,34,FULL
C05682,Phan Khanh Nam,1999-11-08,Da Nang,MEDIUM,70,PARTIAL
C05683,Dang Duc Vy,1979-09-02,Quang Ninh,LOW,64,FULL
C05684,Nguyen Huu Son,1997-07-20,Hue,LOW,53,PARTIAL
C05685,Phan Thanh An,1999-05-23,Ho Chi Minh,LOW,42,FULL
C05686,Do Ngoc Binh,2000-07-23,Vung Tau,LOW,50,FULL
C05687,Le Hai Linh,2005-06-02,Hue,MEDIUM,16,FULL
C05688,Do Huu Bao,1992-08-29,Ha Noi,LOW,28,FULL
C05689,Hoang Gia Tung,1965-09-07,Hue,LOW,10,FULL
C05690,Vo Thi An,1961-12-01,Vung Tau,LOW,76,FULL
C05691,Pham Xuan Binh,1997-02-14,Ho Chi Minh,LOW,13,FULL
C05692,Vu Tuan Lan,1987-12-26,Hai Phong,LOW,9,FULL
C05693,Vo Thu Huy,1963-09-12,Can Tho,MEDIUM,30,FULL
C05694,Vu Khanh Son,1985-10-08,Can Tho,LOW,6,FULL
C05695,Vo Van Hoang,1993-09-26,Da Nang,LOW,18,FULL
C05696,Hoang Thi Huy,2005-01-13,Hai Phong,MEDIUM,55,PARTIAL
C05697,Ngo Hoang Long,1973-08-14,Hue,LOW,32,FULL
C05698,Le Thanh Linh,1998-02-17,Dong Nai,LOW,94,FULL
C05699,Vo Duc Trang,1978-08-26,Dong Nai,LOW,76,FULL
C05700,Bui Minh Lan,1992-06-25,Hai Phong,LOW,44,FULL
C05701,Tran Thanh Nam,1990-08-08,Quang Ninh,LOW,74,FULL
C05702,Le Hai Bao,1969-01-03,Ha Noi,LOW,24,FULL
C05703,Duong Tuan Dat,1969-04-01,Ha Noi,LOW,40,FULL
C05704,Pham Gia Phuc,2005-05-11,Ha Noi,LOW,64,FULL
C05705,Ho Khanh Khoa,1967-12-28,Ha Noi,LOW,31,FULL
C05706,Pham Hai Trang,1962-03-06,Ho Chi Minh,HIGH,18,FULL
C05707,Vu Thanh Bao,1972-03-20,Hue,LOW,43,PARTIAL
C05708,Pham Hai Khang,1964-09-21,Nha Trang,LOW,86,FULL
C05709,Nguyen Hoang Linh,2001-10-18,Ha Noi,LOW,24,PARTIAL
C05710,Duong Hoang An,1995-07-23,Da Nang,LOW,18,FULL
C05711,Ngo Thu Lan,1998-08-12,Hue,LOW,23,FULL
C05712,Phan Xuan Anh,1989-09-24,Quang Ninh,LOW,44,FULL
C05713,Pham Minh Kiet,1996-12-17,Dong Nai,LOW,38,PARTIAL
C05714,Bui Gia Khang,1989-05-04,Hai Phong,HIGH,60,FULL
C05715,Nguyen Ngoc Vy,1997-11-03,Quang Ninh,LOW,49,PARTIAL
C05716,Nguyen Thi Dat,2004-01-27,Hai Phong,LOW,72,PARTIAL
C05717,Phan Gia Vy,1986-08-02,Dong Nai,MEDIUM,7,FULL
C05718,Dang Hoang Dat,2001-03-01,Can Tho,LOW,22,FULL
C05719,Huynh Huu Binh,1982-03-28,Hue,MEDIUM,95,FULL
C05720,Duong Hoang Nam,2002-01-13,Hue,LOW,78,FULL
C05721,Do Huu Vy,1972-11-19,Hai Phong,LOW,12,FULL
C05722,Tran Minh Binh,1966-08-13,Quang Ninh,LOW,21,FULL
C05723,Dang Duc Lan,1982-07-30,Da Nang,LOW,20,PARTIAL
C05724,Duong Minh Dat,1986-03-05,Dong Nai,LOW,60,FULL
C05725,Huynh Hoang Nhung,1995-12-11,Nha Trang,LOW,94,FULL
C05726,Le Thi Nhung,1999-02-08,Vung Tau,HIGH,48,FULL
C05727,Tran Thanh An,1978-10-11,Hue,MEDIUM,87,FULL
C05728,Le Minh Binh,1973-10-16,Da Nang,LOW,77,FULL
C05729,Ngo Ngoc Dat,1994-05-22,Ho Chi Minh,LOW,85,FULL
C05730,Bui Duc Nhung,1966-09-20,Hai Phong,MEDIUM,80,FULL
C05731,Nguyen Minh Bao,1983-08-06,Vung Tau,MEDIUM,70,FULL
C05732,Do Xuan Anh,1974-10-22,Quang Ninh,LOW,50,FULL
C05733,Duong Hoang Lan,1965-04-23,Dong Nai,LOW,6,FULL
C05734,Bui Thi Trang,1960-03-09,Ha Noi,MEDIUM,43,FULL
C05735,Hoang Van Khoa,1964-09-21,Quang Ninh,LOW,67,PARTIAL
C05736,Duong Thanh Kiet,1982-04-20,Dong Nai,LOW,40,FULL
C05737,Ho Thi Huy,1990-09-07,Can Tho,HIGH,33,FULL
C05738,Bui Xuan Trang,2002-01-27,Nha Trang,LOW,53,FULL
C05739,Duong Thi Lan,1973-09-30,Can Tho,HIGH,21,FULL
C05740,Huynh Quoc Vy,2005-07-19,Ho Chi Minh,LOW,82,FULL
C05741,Tran Duc Phuc,1988-04-22,Ho Chi Minh,LOW,52,FULL
C05742,Bui Thu Tung,1998-10-16,Hue,LOW,35,FULL
C05743,Vo Hoang Kiet,2003-10-28,Quang Ninh,HIGH,23,FULL
C05744,Dang Xuan Kiet,1999-11-07,Nha Trang,LOW,94,FULL
C05745,Vo Khanh Linh,1960-02-25,Nha Trang,LOW,28,FULL
C05746,Hoang Quoc Linh,1992-09-30,Nha Trang,HIGH,7,PARTIAL
C05747,Huynh Tuan Hoang,1964-09-23,Da Nang,LOW,6,FULL
C05748,Do Xuan Trang,1976-10-16,Quang Ninh,LOW,87,FULL
C05749,Do Gia Nam,2005-12-28,Dong Nai,LOW,43,FULL
C05750,Bui Duc Hoang,2000-11-28,Dong Nai,MEDIUM,80,PARTIAL
C05751,Phan Hoang Phuc,1981-06-12,Ha Noi,LOW,46,FULL
C05752,Vu Ngoc Khang,1962-12-28,Nha Trang,MEDIUM,63,FULL
C05753,Nguyen Huu Trang,1995-08-11,Dong Nai,HIGH,87,PARTIAL
C05754,Vo Hoang Khoa,1962-12-04,Vung Tau,LOW,30,FULL
C05755,Dang Minh Son,1977-10-09,Dong Nai,MEDIUM,74,PARTIAL
C05756,Tran Duc Khoa,1975-08-31,Dong Nai,LOW,41,FULL
C05757,Le Quoc Dat,1975-02-27,Quang Ninh,HIGH,54,FULL
C05758,Huynh Tuan Khoa,1992-06-02,Da Nang,LOW,43,FULL
C05759,Le Thanh Huy,1976-01-12,Hai Phong,LOW,32,FULL
C05760,Vo Duc Lan,1960-01-11,Nha Trang,LOW,46,PARTIAL
C05761,Bui Duc Nam,1996-03-13,Quang Ninh,HIGH,43,FULL
C05762,Vu Thi Huy,1982-09-12,Ho Chi Minh,LOW,29,FULL
C05763,Pham Minh Trang,1968-07-10,Ha Noi,LOW,46,FULL
C05764,Hoang Hoang Tung,1997-11-21,Ho Chi Minh,LOW,57,FULL
C05765,Hoang Thanh Son,1963-10-28,Ha Noi,LOW,38,FULL
C05766,Duong Tuan Bao,1989-07-17,Hue,LOW,94,FULL
C05767,Vo Thanh Kiet,1986-07-23,Ho Chi Minh,LOW,87,FULL
C05768,Phan Gia Nam,1995-11-23,Vung Tau,MEDIUM,24,FULL
C05769,Vu Van Son,2005-10-17,Dong Nai,LOW,9,FULL
C05770,Duong Duc Huy,1968-06-06,Dong Nai,HIGH,22,FULL
C05771,Vu Xuan Nam,1987-10-07,Vung Tau,LOW,76,FULL
C05772,Pham Thanh Binh,1984-09-20,Can Tho,LOW,16,FULL
C05773,Phan Ngoc Kiet,1964-12-03,Ho Chi Minh,HIGH,8,FULL
C05774,Vu Gia Trang,1986-03-03,Hai Phong,LOW,89,FULL
C05775,Huynh Van Son,1968-04-20,Da Nang,LOW,62,FULL
C05776,Duong Huu Kiet,1985-11-05,Quang Ninh,MEDIUM,53,FULL
C05777,Do Thanh Linh,1978-07-18,Vung Tau,MEDIUM,28,PARTIAL
C05778,Phan Quoc Anh,1988-09-05,Ha Noi,MEDIUM,75,FULL
C05779,Nguyen Huu Tung,1999-07-27,Can Tho,LOW,90,FULL
C05780,Ho Ngoc Huy,1967-10-28,Ha Noi,LOW,52,FULL
C05781,Do Minh Son,1981-12-25,Ha Noi,LOW,88,FULL
C05782,Dang Gia Nhung,1999-09-07,Nha Trang,MEDIUM,22,FULL
C05783,Ho Thi Hoang,1992-04-05,Nha Trang,LOW,11,FULL
C05784,Nguyen Khanh Long,1971-10-14,Ha Noi,LOW,10,FULL
C05785,Huynh Thu Dat,2002-11-13,Ha Noi,LOW,75,FULL
C05786,Huynh Thu An,1994-03-17,Quang Ninh,LOW,90,FULL
C05787,Le Minh Nhung,1982-06-22,Dong Nai,LOW,60,FULL
C05788,Bui Thu Khoa,1966-04-23,Nha Trang,HIGH,80,FULL
C05789,Do Gia Binh,1987-04-02,Da Nang,MEDIUM,67,FULL
C05790,Ho Khanh Lan,1989-01-03,Dong Nai,LOW,48,PARTIAL
C05791,Pham Thi Khang,1975-12-20,Nha Trang,HIGH,19,FULL
C05792,Do Duc Binh,1988-03-21,Ho Chi Minh,LOW,67,FULL
C05793,Vo Duc Khoa,1962-05-20,Vung Tau,LOW,18,FULL
C05794,Huynh Thanh Kiet,1990-12-11,Da Nang,LOW,62,FULL
C05795,Ngo Van Khang,1974-06-10,Dong Nai,LOW,81,FULL
C05796,Vu Hoang Hoang,1978-03-30,Can Tho,LOW,52,FULL
C05797,Dang Thi Tung,1990-02-12,Nha Trang,MEDIUM,9,FULL
C05798,Hoang Khanh Phuc,1963-01-22,Hai Phong,LOW,31,FULL
C05799,Pham Hai Dat,2001-12-28,Da Nang,LOW,26,FULL
C05800,Duong Minh Khoa,2005-11-06,Hai Phong,HIGH,13,FULL
C05801,Tran Duc Dat,1992-09-14,Ho Chi Minh,LOW,32,FULL
C05802,Bui Tuan Tung,1986-07-27,Ha Noi,MEDIUM,43,PARTIAL
C05803,Dang Hai Phuc,1999-07-05,Quang Ninh,HIGH,6,FULL
C05804,Bui Thi Nhung,1994-09-26,Dong Nai,LOW,83,FULL
C05805,Ngo Huu Son,1966-10-11,Hai Phong,HIGH,42,FULL
C05806,Phan Duc Kiet,1993-04-29,Hue,LOW,52,FULL
C05807,Tran Khanh Dat,1997-03-23,Ha Noi,LOW,20,FULL
C05808,Duong Hoang Nam,1973-02-27,Vung Tau,LOW,8,FULL
C05809,Nguyen Minh Tung,1980-12-28,Ho Chi Minh,LOW,11,FULL
C05810,Bui Duc Kiet,1990-03-17,Can Tho,HIGH,88,FULL
C05811,Pham Gia Kiet,1988-10-06,Hue,LOW,73,FULL
C05812,Le Tuan Khoa,1963-02-22,Vung Tau,LOW,78,FULL
C05813,Hoang Minh Phuc,1978-07-18,Hai Phong,HIGH,84,FULL
C05814,Phan Minh Linh,1997-11-18,Dong Nai,MEDIUM,47,PARTIAL
C05815,Do Minh Khang,1973-12-23,Vung Tau,HIGH,40,FULL
C05816,Le Hai Nhung,2002-11-28,Vung Tau,LOW,13,FULL
C05817,Tran Hai Hoang,1980-10-24,Dong Nai,MEDIUM,6,PARTIAL
C05818,Huynh Minh Huy,1982-05-04,Dong Nai,LOW,94,FULL
C05819,Do Duc Kiet,1962-06-02,Can Tho,LOW,60,FULL
C05820,Le Hoang Khoa,1970-12-13,Ha Noi,LOW,60,PARTIAL
C05821,Do Huu Anh,2001-11-15,Da Nang,HIGH,81,FULL
C05822,Pham Duc Khang,1994-11-05,Nha Trang,LOW,17,FULL
C05823,Do Thu An,2003-08-23,Quang Ninh,LOW,72,FULL
C05824,Bui Gia Anh,1978-07-15,Ha Noi,LOW,84,FULL
C05825,Vu Gia Tung,1960-05-04,Can Tho,MEDIUM,66,FULL
C05826,Hoang Thanh Huy,1983-09-21,Dong Nai,LOW,41,FULL
C05827,Tran Quoc Trang,1972-01-16,Dong Nai,HIGH,83,FULL
C05828,Vu Thu Nam,2004-10-08,Nha Trang,LOW,45,FULL
C05829,Huynh Hai Nhung,1989-08-04,Da Nang,MEDIUM,68,PARTIAL
C05830,Le Tuan Lan,2003-01-31,Can Tho,LOW,48,FULL
C05831,Huynh Thanh An,1984-12-15,Ha Noi,MEDIUM,66,FULL
C05832,Duong Tuan Khang,1987-01-02,Ha Noi,MEDIUM,93,FULL
C05833,Nguyen Van Trang,1979-04-13,Quang Ninh,MEDIUM,30,FULL
C05834,Vo Huu Dat,1981-05-17,Dong Nai,LOW,47,FULL
C05835,Vo Thu Hoang,1988-07-08,Hai Phong,LOW,57,FULL
C05836,Le Thi Vy,1988-06-20,Hai Phong,LOW,13,FULL
C05837,Hoang Tuan Trang,1973-01-16,Ha Noi,MEDIUM,39,FULL
C05838,Ho Duc Huy,2001-09-01,Hai Phong,LOW,26,FULL
C05839,Huynh Xuan Huy,1997-07-30,Ha Noi,HIGH,43,FULL
C05840,Phan Thi Khang,1992-09-08,Da Nang,MEDIUM,35,FULL
C05841,Do Tuan Trang,1973-03-28,Hai Phong,LOW,51,FULL
C05842,Phan Minh Kiet,1983-08-14,Quang Ninh,LOW,86,FULL
C05843,Nguyen Duc Long,1984-11-12,Hue,MEDIUM,19,FULL
C05844,Vu Thanh Phuc,1993-01-30,Da Nang,LOW,26,FULL
C05845,Hoang Minh Phuc,1969-05-27,Hue,LOW,12,FULL
C05846,Tran Tuan Tung,2002-07-04,Nha Trang,LOW,92,FULL
C05847,Tran Xuan Bao,1971-08-12,Vung Tau,MEDIUM,84,FULL
C05848,Phan Duc Vy,1993-06-14,Vung Tau,LOW,84,FULL
C05849,Do Minh Binh,1997-09-29,Dong Nai,LOW,42,FULL
C05850,Ho Minh Bao,1984-07-29,Dong Nai,MEDIUM,45,FULL
C05851,Ngo Duc Tung,1978-07-09,Nha Trang,LOW,75,FULL
C05852,Vo Khanh Dat,1999-12-11,Da Nang,MEDIUM,31,FULL
C05853,Ngo Thi Huy,1973-01-11,Dong Nai,LOW,32,FULL
C05854,Phan Thanh Khoa,1977-01-06,Ho Chi Minh,LOW,88,FULL
C05855,Ngo Khanh Kiet,1986-02-11,Ho Chi Minh,LOW,80,FULL
C05856,Bui Quoc Hoang,1986-07-04,Can Tho,HIGH,41,FULL
C05857,Tran Thu Bao,1962-08-14,Hue,MEDIUM,32,FULL
C05858,Phan Duc Nam,1997-12-27,Quang Ninh,LOW,47,FULL
C05859,Tran Thanh Binh,1990-12-28,Hai Phong,MEDIUM,74,FULL
C05860,Duong Duc Binh,1995-08-01,Quang Ninh,LOW,69,FULL
C05861,Pham Van Son,1996-07-13,Dong Nai,MEDIUM,94,FULL
C05862,Duong Quoc Vy,1972-12-11,Hue,LOW,92,FULL
C05863,Phan Xuan Long,1997-08-01,Ha Noi,LOW,92,FULL
C05864,Do Thanh Vy,1969-09-15,Can Tho,LOW,20,FULL
C05865,Le Thi Kiet,1982-05-31,Hue,MEDIUM,89,FULL
C05866,Le Van Phuc,1983-08-16,Nha Trang,LOW,58,FULL
C05867,Tran Thanh Long,2003-10-15,Ha Noi,LOW,62,FULL
C05868,Dang Xuan Bao,1999-09-19,Dong Nai,MEDIUM,81,PARTIAL
C05869,Pham Duc Vy,2001-12-13,Dong Nai,MEDIUM,27,FULL
C05870,Dang Thi Linh,1999-03-22,Quang Ninh,LOW,12,PARTIAL
C05871,Phan Tuan Vy,1971-08-01,Hue,LOW,25,FULL
C05872,Le Huu Nhung,2001-12-19,Quang Ninh,LOW,31,FULL
C05873,Dang Duc Binh,1986-04-01,Hai Phong,LOW,12,FULL
C05874,Nguyen Huu Dat,1982-09-28,Hai Phong,LOW,47,FULL
C05875,Duong Hoang Son,1993-05-27,Ha Noi,LOW,24,FULL
C05876,Phan Quoc Hoang,1997-03-05,Ha Noi,HIGH,90,FULL
C05877,Huynh Huu Khoa,1975-05-28,Da Nang,LOW,14,FULL
C05878,Pham Thi Dat,2001-12-13,Quang Ninh,LOW,90,FULL
C05879,Bui Van Son,1997-03-17,Da Nang,LOW,41,FULL
C05880,Phan Khanh Trang,1987-09-29,Hai Phong,LOW,42,FULL
C05881,Ngo Hai Anh,1964-05-25,Ho Chi Minh,LOW,90,FULL
C05882,Ho Thanh Nhung,1973-03-03,Ha Noi,LOW,57,FULL
C05883,Ngo Gia Anh,1979-08-16,Hue,MEDIUM,77,PARTIAL
C05884,Phan Minh Nhung,1972-09-08,Ho Chi Minh,LOW,68,PARTIAL
C05885,Hoang Huu Son,1989-12-03,Can Tho,HIGH,70,FULL
C05886,Duong Minh Vy,1960-09-18,Hue,HIGH,19,FULL
C05887,Duong Thi Nam,2004-06-28,Can Tho,LOW,53,FULL
C05888,Hoang Huu Huy,1992-08-05,Da Nang,MEDIUM,30,FULL
C05889,Ngo Hai Lan,1987-01-06,Quang Ninh,LOW,49,FULL
C05890,Phan Khanh Tung,1992-07-23,Hue,LOW,51,FULL
C05891,Nguyen Minh Kiet,1990-11-07,Vung Tau,LOW,64,FULL
C05892,Nguyen Van Lan,1972-02-19,Can Tho,LOW,73,FULL
C05893,Le Xuan Phuc,1976-06-23,Can Tho,LOW,63,FULL
C05894,Hoang Khanh Nhung,1997-01-20,Ha Noi,LOW,69,PARTIAL
C05895,Ngo Xuan Dat,2004-06-11,Vung Tau,LOW,79,FULL
C05896,Phan Tuan Binh,1961-07-08,Ho Chi Minh,LOW,39,PARTIAL
C05897,Duong Hoang Phuc,1982-06-26,Ho Chi Minh,HIGH,33,FULL
C05898,Dang Quoc Lan,1963-11-03,Ha Noi,LOW,83,FULL
C05899,Do Gia Dat,2001-02-16,Dong Nai,LOW,73,FULL
C05900,Huynh Hai Lan,1976-12-14,Vung Tau,LOW,45,FULL
C05901,Do Thu An,1996-11-01,Hai Phong,LOW,25,FULL
C05902,Hoang Huu Phuc,1967-02-02,Nha Trang,LOW,64,PARTIAL
C05903,Tran Thanh Binh,1988-02-27,Ho Chi Minh,LOW,21,FULL
C05904,Bui Duc Nhung,1962-11-20,Vung Tau,LOW,40,FULL
C05905,Dang Ngoc Dat,1984-08-11,Vung Tau,LOW,8,FULL
C05906,Nguyen Thanh Tung,1977-12-21,Da Nang,MEDIUM,95,FULL
C05907,Hoang Thi Khoa,1975-03-17,Vung Tau,LOW,18,FULL
C05908,Bui Gia Long,1980-06-27,Vung Tau,LOW,22,FULL
C05909,Nguyen Tuan Khang,1967-12-23,Ho Chi Minh,LOW,5,FULL
C05910,Le Minh Lan,1968-06-14,Vung Tau,LOW,72,FULL
C05911,Tran Khanh Khang,1966-11-04,Vung Tau,MEDIUM,11,FULL
C05912,Vu Minh Long,1982-12-29,Ha Noi,LOW,75,FULL
C05913,Vo Khanh Bao,1974-09-02,Nha Trang,MEDIUM,31,FULL
C05914,Huynh Thanh Huy,1976-10-11,Ha Noi,LOW,70,FULL
C05915,Vu Thi Bao,2003-10-17,Ha Noi,LOW,77,FULL
C05916,Bui Quoc Lan,1993-08-15,Can Tho,HIGH,24,FULL
C05917,Duong Tuan Bao,1968-01-11,Ho Chi Minh,LOW,33,FULL
C05918,Pham Hoang Vy,1974-11-16,Can Tho,MEDIUM,16,FULL
C05919,Ho Thanh Dat,1975-08-27,Nha Trang,LOW,92,FULL
C05920,Ho Thanh Bao,1985-06-10,Nha Trang,LOW,16,FULL
C05921,Dang Duc Khang,1986-06-02,Da Nang,LOW,80,FULL
C05922,Ho Thu Anh,1993-02-20,Vung Tau,LOW,71,FULL
C05923,Nguyen Tuan Huy,2005-07-03,Can Tho,LOW,65,PARTIAL
C05924,Le Hoang Tung,1998-07-29,Hue,LOW,14,FULL
C05925,Tran Duc Khang,1966-09-29,Vung Tau,HIGH,72,FULL
C05926,Tran Thu Nhung,1988-03-06,Can Tho,LOW,37,FULL
C05927,Vu Van Linh,2003-01-06,Nha Trang,LOW,83,FULL
C05928,Vu Gia Khoa,1964-11-05,Ha Noi,LOW,26,FULL
C05929,Le Thu Binh,1974-08-26,Ha Noi,LOW,95,FULL
C05930,Le Duc Kiet,2004-04-16,Vung Tau,LOW,31,PARTIAL
C05931,Do Xuan Dat,1977-02-03,Can Tho,LOW,95,FULL
C05932,Ngo Duc An,1992-11-22,Ha Noi,MEDIUM,65,FULL
C05933,Ho Khanh Tung,1987-01-11,Vung Tau,MEDIUM,61,FULL
C05934,Bui Huu Trang,1995-11-03,Nha Trang,MEDIUM,14,FULL
C05935,Bui Hai Long,1980-09-03,Quang Ninh,MEDIUM,16,FULL
C05936,Bui Huu Bao,1982-10-11,Da Nang,LOW,26,FULL
C05937,Huynh Xuan Vy,1966-07-26,Vung Tau,MEDIUM,90,FULL
C05938,Ho Van Long,1984-03-20,Vung Tau,LOW,34,FULL
C05939,Dang Khanh Kiet,1978-12-23,Hai Phong,LOW,19,FULL
C05940,Ngo Hai Son,1984-01-24,Dong Nai,LOW,65,FULL
C05941,Bui Hai Bao,1976-08-06,Ho Chi Minh,MEDIUM,25,FULL
C05942,Vu Ngoc Kiet,1990-07-28,Vung Tau,LOW,16,FULL
C05943,Vo Thu Tung,1965-02-03,Dong Nai,MEDIUM,54,FULL
C05944,Bui Thanh Son,1999-05-02,Quang Ninh,LOW,30,FULL
C05945,Bui Van Bao,1995-07-31,Nha Trang,LOW,59,FULL
C05946,Nguyen Thi Hoang,2003-07-11,Ha Noi,MEDIUM,77,FULL
C05947,Hoang Hoang Trang,1963-06-06,Dong Nai,HIGH,60,FULL
C05948,Le Van Khang,1965-11-01,Can Tho,LOW,59,FULL
C05949,Hoang Khanh Khang,1965-05-13,Vung Tau,LOW,27,FULL
C05950,Pham Duc Anh,1965-10-31,Quang Ninh,LOW,88,FULL
C05951,Phan Tuan Anh,1984-08-20,Nha Trang,LOW,28,FULL
C05952,Phan Khanh Linh,1974-09-12,Da Nang,LOW,91,FULL
C05953,Ngo Gia Tung,2004-04-16,Hue,LOW,62,FULL
C05954,Le Huu An,1980-01-24,Dong Nai,LOW,54,FULL
C05955,Tran Khanh Vy,1998-09-15,Nha Trang,MEDIUM,56,FULL
C05956,Pham Thanh Kiet,1979-08-05,Ho Chi Minh,MEDIUM,28,FULL
C05957,Ngo Thanh An,1972-06-04,Dong Nai,LOW,45,FULL
C05958,Duong Khanh Trang,1965-01-23,Nha Trang,MEDIUM,84,FULL
C05959,Vo Hoang Anh,1970-09-26,Nha Trang,MEDIUM,5,FULL
C05960,Tran Huu Phuc,1965-06-11,Hai Phong,LOW,52,FULL
C05961,Nguyen Duc Binh,1977-12-19,Can Tho,LOW,59,FULL
C05962,Ho Hoang An,1969-08-20,Ho Chi Minh,LOW,80,PARTIAL
C05963,Bui Khanh Hoang,1998-05-19,Hai Phong,HIGH,68,FULL
C05964,Nguyen Duc Hoang,1989-11-29,Da Nang,LOW,43,FULL
C05965,Bui Duc Khoa,2000-04-09,Ho Chi Minh,MEDIUM,21,FULL
C05966,Bui Huu An,1988-11-27,Hue,MEDIUM,71,FULL
C05967,Hoang Xuan Binh,1962-05-10,Ho Chi Minh,LOW,54,FULL
C05968,Vu Ngoc Binh,1976-05-18,Dong Nai,MEDIUM,84,FULL
C05969,Ngo Thanh Son,1996-03-30,Nha Trang,LOW,64,FULL
C05970,Bui Van Long,1971-11-15,Dong Nai,LOW,8,FULL
C05971,Do Van Long,1981-06-03,Quang Ninh,LOW,11,PARTIAL
C05972,Huynh Thi Kiet,1981-11-06,Ho Chi Minh,MEDIUM,9,FULL
C05973,Vo Gia Nam,1970-08-23,Da Nang,LOW,55,FULL
C05974,Duong Huu Anh,1970-07-18,Ho Chi Minh,LOW,59,PARTIAL
C05975,Ho Tuan Khang,1991-11-24,Ha Noi,LOW,74,FULL
C05976,Hoang Gia Khang,1960-01-11,Da Nang,MEDIUM,80,FULL
C05977,Tran Xuan Trang,1981-06-10,Dong Nai,LOW,88,FULL
C05978,Do Thanh Bao,1983-08-23,Dong Nai,MEDIUM,20,FULL
C05979,Do Gia Huy,1994-03-27,Dong Nai,MEDIUM,31,FULL
C05980,Ho Duc Linh,1981-11-05,Hai Phong,LOW,15,FULL
C05981,Huynh Minh Huy,1990-04-13,Ho Chi Minh,LOW,68,FULL
C05982,Tran Hai Nam,1965-03-15,Can Tho,LOW,66,FULL
C05983,Ngo Van Bao,1964-12-11,Quang Ninh,LOW,29,FULL
C05984,Le Thanh Kiet,1979-09-13,Ho Chi Minh,HIGH,66,FULL
C05985,Hoang Duc Tung,1963-06-13,Ho Chi Minh,LOW,63,FULL
C05986,Dang Gia Phuc,1988-09-12,Nha Trang,LOW,59,FULL
C05987,Ho Hai Binh,1970-10-08,Dong Nai,LOW,91,FULL
C05988,Vu Hoang Hoang,1973-03-16,Ha Noi,LOW,74,FULL
C05989,Do Xuan Nhung,1982-06-02,Hue,LOW,10,FULL
C05990,Pham Xuan Khoa,1992-04-15,Da Nang,MEDIUM,22,PARTIAL
C05991,Tran Tuan Vy,1986-05-03,Da Nang,MEDIUM,40,FULL
C05992,Phan Thu Son,1986-02-26,Can Tho,LOW,51,FULL
C05993,Ngo Thi Phuc,1976-03-01,Ho Chi Minh,HIGH,30,FULL
C05994,Duong Minh Khoa,1993-08-17,Ha Noi,LOW,43,FULL
C05995,Huynh Tuan Huy,2000-02-27,Dong Nai,MEDIUM,76,PARTIAL
C05996,Duong Ngoc Long,1982-01-29,Vung Tau,LOW,18,PARTIAL
C05997,Dang Thanh Vy,1980-08-24,Can Tho,MEDIUM,6,FULL
C05998,Le Huu Long,1983-05-19,Ha Noi,LOW,52,FULL
C05999,Phan Xuan Vy,1999-05-14,Hue,LOW,22,FULL
C06000,Duong Thu Long,1961-11-17,Ha Noi,LOW,17,FULL
C06001,Hoang Quoc Huy,1973-12-14,Nha Trang,MEDIUM,95,FULL
C06002,Do Duc Long,2004-10-20,Dong Nai,LOW,21,FULL
C06003,Vo Thi An,1990-02-02,Nha Trang,LOW,9,FULL
C06004,Vu Xuan Huy,1995-12-24,Da Nang,LOW,12,FULL
C06005,Pham Minh Vy,1983-01-22,Ha Noi,LOW,7,PARTIAL
C06006,Pham Hai Khoa,2001-03-03,Dong Nai,HIGH,66,FULL
C06007,Dang Khanh Bao,1993-12-12,Ho Chi Minh,LOW,91,FULL
C06008,Do Duc Kiet,1990-06-26,Dong Nai,LOW,73,FULL
C06009,Le Minh Vy,1986-05-11,Nha Trang,LOW,73,FULL
C06010,Ngo Quoc Son,1967-10-15,Can Tho,LOW,23,FULL
C06011,Vo Thi Nam,1961-02-12,Quang Ninh,LOW,28,FULL
C06012,Nguyen Duc Son,1961-04-29,Hue,MEDIUM,27,FULL
C06013,Vu Duc Lan,1986-10-04,Ho Chi Minh,HIGH,89,FULL
C06014,Do Tuan Son,1979-03-19,Quang Ninh,LOW,38,PARTIAL
C06015,Huynh Minh Lan,1982-01-16,Ha Noi,LOW,44,PARTIAL
C06016,Duong Hoang Nhung,1991-04-24,Quang Ninh,LOW,61,FULL
C06017,Do Khanh Khang,1996-07-30,Quang Ninh,MEDIUM,41,FULL
C06018,Huynh Khanh Phuc,1982-06-02,Quang Ninh,LOW,14,FULL
C06019,Hoang Minh Trang,1992-08-13,Hai Phong,MEDIUM,45,FULL
C06020,Ho Thu Nam,1963-10-13,Hai Phong,MEDIUM,47,FULL
C06021,Phan Minh Bao,1995-04-22,Da Nang,LOW,11,PARTIAL
C06022,Vo Thanh Long,1997-04-05,Hue,LOW,41,FULL
C06023,Pham Gia Long,1977-10-09,Can Tho,LOW,48,FULL
C06024,Tran Quoc Son,1976-09-11,Ha Noi,LOW,26,FULL
C06025,Dang Xuan Bao,1997-09-29,Vung Tau,MEDIUM,70,FULL
C06026,Phan Huu Trang,1978-04-18,Vung Tau,MEDIUM,44,FULL
C06027,Phan Gia Linh,1976-12-22,Hue,LOW,53,PARTIAL
C06028,Le Minh Nhung,1966-05-09,Ho Chi Minh,LOW,32,FULL
C06029,Vu Tuan Khoa,1964-07-06,Ha Noi,MEDIUM,55,FULL
C06030,Duong Ngoc Hoang,1977-12-24,Da Nang,LOW,42,FULL
C06031,Phan Van Huy,1991-01-12,Da Nang,LOW,19,FULL
C06032,Nguyen Minh Linh,1970-04-04,Can Tho,MEDIUM,71,FULL
C06033,Tran Khanh Long,1961-05-06,Nha Trang,LOW,35,FULL
C06034,Vo Van Khoa,1972-06-20,Can Tho,MEDIUM,50,FULL
C06035,Vu Xuan Binh,1967-01-21,Da Nang,MEDIUM,73,PARTIAL
C06036,Phan Minh Trang,2004-03-19,Hai Phong,MEDIUM,26,FULL
C06037,Ho Tuan Hoang,1985-10-28,Can Tho,MEDIUM,49,FULL
C06038,Ho Quoc Dat,1969-06-21,Hue,LOW,17,PARTIAL
C06039,Pham Thu Long,1993-05-22,Ha Noi,LOW,11,PARTIAL
C06040,Pham Duc Phuc,2001-10-18,Hue,LOW,31,FULL
C06041,Nguyen Ngoc Bao,1977-10-02,Vung Tau,LOW,22,FULL
C06042,Vo Quoc Dat,1964-12-31,Quang Ninh,LOW,60,FULL
C06043,Pham Duc Nhung,1990-04-24,Vung Tau,MEDIUM,78,FULL
C06044,Vu Khanh Linh,2002-12-24,Ha Noi,MEDIUM,30,PARTIAL
C06045,Duong Gia Son,1990-12-07,Quang Ninh,MEDIUM,20,PARTIAL
C06046,Nguyen Huu Huy,1960-05-07,Can Tho,LOW,54,FULL
C06047,Duong Thanh Hoang,1985-11-24,Vung Tau,LOW,45,FULL
C06048,Pham Minh Nam,2001-01-26,Nha Trang,MEDIUM,74,FULL
C06049,Vu Huu Anh,1986-06-24,Hai Phong,LOW,75,FULL
C06050,Nguyen Duc Binh,1993-02-23,Hue,LOW,28,FULL
C06051,Ngo Huu Kiet,1976-07-26,Da Nang,LOW,87,FULL
C06052,Bui Duc Huy,1999-04-29,Can Tho,LOW,39,FULL
C06053,Tran Minh Nam,1983-12-30,Can Tho,LOW,47,FULL
C06054,Bui Thanh Dat,1982-02-02,Ho Chi Minh,MEDIUM,80,FULL
C06055,Nguyen Khanh Anh,1996-08-12,Da Nang,LOW,13,FULL
C06056,Le Xuan Dat,1960-09-26,Can Tho,LOW,84,FULL
C06057,Ho Hoang Long,1966-08-03,Quang Ninh,LOW,32,FULL
C06058,Dang Thanh Vy,1980-11-24,Hue,LOW,13,FULL
C06059,Le Tuan Phuc,1996-11-19,Hai Phong,LOW,75,FULL
C06060,Nguyen Khanh Trang,1966-02-18,Hue,LOW,85,FULL
C06061,Ngo Hai Nhung,2002-03-05,Ho Chi Minh,LOW,26,FULL
C06062,Huynh Van Huy,1981-09-08,Can Tho,HIGH,15,FULL
C06063,Duong Xuan Son,1994-09-25,Hai Phong,LOW,20,FULL
C06064,Ho Duc Linh,2004-06-10,Hai Phong,LOW,28,FULL
C06065,Bui Tuan Hoang,1990-11-21,Dong Nai,LOW,42,PARTIAL
C06066,Do Hoang Vy,1998-06-22,Hue,MEDIUM,32,FULL
C06067,Bui Gia Son,1962-05-07,Quang Ninh,LOW,33,FULL
C06068,Hoang Duc Vy,1982-01-23,Nha Trang,LOW,42,FULL
C06069,Do Thanh Hoang,2003-07-11,Nha Trang,LOW,84,FULL
C06070,Phan Xuan Kiet,2000-08-14,Hue,LOW,33,FULL
C06071,Hoang Tuan Linh,1963-03-10,Can Tho,LOW,60,FULL
C06072,Tran Quoc Bao,1999-12-07,Ho Chi Minh,LOW,22,FULL
C06073,Dang Thanh Vy,1981-06-26,Hai Phong,MEDIUM,16,FULL
C06074,Duong Duc Dat,1985-04-26,Vung Tau,LOW,39,PARTIAL
C06075,Vu Duc Tung,1965-04-14,Can Tho,LOW,9,FULL
C06076,Nguyen Minh Dat,2004-09-21,Quang Ninh,MEDIUM,70,FULL
C06077,Phan Thi Hoang,1988-08-13,Hai Phong,LOW,44,FULL
C06078,Tran Thu Linh,1962-01-11,Hue,LOW,35,FULL
C06079,Pham Tuan Hoang,1987-03-13,Da Nang,LOW,36,PARTIAL
C06080,Hoang Xuan Tung,1999-01-01,Quang Ninh,MEDIUM,84,FULL
C06081,Nguyen Gia Bao,1963-11-28,Nha Trang,LOW,37,FULL
C06082,Ho Van Long,1967-12-31,Ha Noi,LOW,8,PARTIAL
C06083,Tran Gia Nam,1983-03-11,Vung Tau,MEDIUM,14,FULL
C06084,Phan Ngoc Kiet,1975-12-12,Da Nang,LOW,84,PARTIAL
C06085,Do Tuan Bao,2005-03-15,Dong Nai,LOW,90,PARTIAL
C06086,Bui Huu Dat,1999-06-13,Ho Chi Minh,LOW,92,FULL
C06087,Duong Quoc Tung,1978-04-11,Nha Trang,LOW,56,FULL
C06088,Dang Huu Tung,2003-04-06,Dong Nai,LOW,10,FULL
C06089,Huynh Huu Nhung,2002-12-06,Hai Phong,LOW,84,FULL
C06090,Tran Thu Linh,1994-06-22,Quang Ninh,LOW,24,FULL
C06091,Tran Van Bao,1982-03-16,Da Nang,LOW,89,FULL
C06092,Nguyen Duc Khang,1979-07-13,Ha Noi,LOW,83,FULL
C06093,Pham Gia Vy,1971-06-10,Can Tho,LOW,25,FULL
C06094,Pham Quoc Hoang,1975-12-31,Hai Phong,LOW,48,FULL
C06095,Dang Duc Huy,1961-12-03,Ho Chi Minh,LOW,31,FULL
C06096,Le Gia Khang,1976-06-29,Hai Phong,LOW,16,FULL
C06097,Duong Ngoc Dat,2002-03-17,Hai Phong,LOW,53,FULL
C06098,Ngo Van Anh,1995-03-29,Dong Nai,MEDIUM,47,FULL
C06099,Duong Duc Son,1977-03-30,Ho Chi Minh,MEDIUM,63,FULL
C06100,Tran Quoc Hoang,1968-09-16,Hai Phong,LOW,52,FULL
C06101,Ngo Hoang Bao,1972-02-29,Can Tho,LOW,45,FULL
C06102,Bui Duc Dat,1970-11-18,Ho Chi Minh,LOW,18,FULL
C06103,Huynh Hoang Bao,1975-03-20,Hai Phong,LOW,43,FULL
C06104,Pham Thi Nam,1978-04-25,Ho Chi Minh,HIGH,15,FULL
C06105,Ngo Khanh Bao,1985-10-09,Nha Trang,MEDIUM,73,FULL
C06106,Phan Ngoc Lan,1973-11-23,Dong Nai,LOW,44,FULL
C06107,Vo Ngoc Lan,1964-04-29,Hai Phong,HIGH,47,FULL
C06108,Le Ngoc Bao,1974-02-15,Ha Noi,HIGH,52,PARTIAL
C06109,Ngo Minh Tung,1960-12-31,Vung Tau,MEDIUM,33,PARTIAL
C06110,Vu Hai Huy,2003-01-14,Nha Trang,MEDIUM,38,PARTIAL
C06111,Bui Gia Trang,1986-09-15,Hue,HIGH,93,FULL
C06112,Vo Duc Binh,2000-09-04,Can Tho,LOW,39,FULL
C06113,Nguyen Khanh Bao,2005-02-19,Da Nang,LOW,75,PARTIAL
C06114,Tran Huu Dat,1972-03-06,Hue,LOW,29,FULL
C06115,Duong Ngoc Vy,1989-03-29,Can Tho,LOW,95,PARTIAL
C06116,Le Minh Bao,1985-05-05,Quang Ninh,LOW,69,FULL
C06117,Vo Tuan Nam,1960-09-24,Dong Nai,MEDIUM,73,FULL
C06118,Dang Hoang Nam,1992-12-25,Ho Chi Minh,LOW,87,FULL
C06119,Tran Khanh An,2004-07-08,Nha Trang,LOW,61,FULL
C06120,Phan Minh Vy,2003-07-04,Hai Phong,LOW,71,FULL
C06121,Ngo Khanh Khoa,2001-11-14,Ha Noi,HIGH,59,FULL
C06122,Do Quoc Dat,2005-10-18,Hai Phong,LOW,13,FULL
C06123,Ngo Ngoc Anh,1985-03-10,Ho Chi Minh,LOW,66,FULL
C06124,Vu Duc Tung,1998-01-24,Hai Phong,LOW,24,PARTIAL
C06125,Bui Quoc Kiet,1977-11-24,Dong Nai,HIGH,30,FULL
C06126,Hoang Thi Khoa,1972-10-23,Hue,MEDIUM,28,FULL
C06127,Huynh Thu Huy,1998-09-01,Quang Ninh,LOW,16,FULL
C06128,Hoang Duc Phuc,1969-03-30,Hai Phong,MEDIUM,94,FULL
C06129,Phan Thu An,2001-12-30,Can Tho,LOW,14,FULL
C06130,Tran Khanh Khang,1967-07-06,Quang Ninh,LOW,35,FULL
C06131,Pham Tuan Khoa,1969-04-04,Vung Tau,LOW,65,FULL
C06132,Vu Thu Hoang,1964-08-13,Quang Ninh,MEDIUM,30,FULL
C06133,Ngo Gia Nam,1965-06-08,Ho Chi Minh,LOW,31,FULL
C06134,Nguyen Quoc An,1995-08-16,Dong Nai,HIGH,57,FULL
C06135,Do Gia Long,1982-03-15,Ho Chi Minh,MEDIUM,8,FULL
C06136,Phan Minh Lan,1996-04-23,Quang Ninh,LOW,87,FULL
C06137,Hoang Thanh Khoa,1980-02-24,Dong Nai,LOW,46,FULL
C06138,Vo Tuan Hoang,1986-05-29,Nha Trang,LOW,41,FULL
C06139,Vo Minh Tung,1963-01-26,Da Nang,MEDIUM,35,FULL
C06140,Huynh Duc Khang,1962-05-22,Vung Tau,LOW,80,FULL
C06141,Ngo Van Hoang,1983-01-25,Can Tho,LOW,73,FULL
C06142,Hoang Van Son,2001-04-23,Vung Tau,MEDIUM,75,FULL
C06143,Hoang Tuan An,1982-10-11,Da Nang,LOW,14,FULL
C06144,Phan Quoc Lan,1979-04-21,Hue,LOW,77,FULL
C06145,Vo Minh Vy,1980-03-30,Hue,LOW,34,FULL
C06146,Hoang Khanh Binh,1981-12-25,Hai Phong,LOW,81,FULL
C06147,Ngo Huu Lan,1981-06-17,Ho Chi Minh,LOW,86,FULL
C06148,Vu Thanh Linh,1963-03-17,Quang Ninh,MEDIUM,88,FULL
C06149,Ngo Tuan Linh,2001-05-06,Ho Chi Minh,LOW,36,FULL
C06150,Le Gia Khoa,1990-03-10,Can Tho,MEDIUM,57,FULL
C06151,Pham Hai An,2005-12-31,Can Tho,MEDIUM,86,FULL
C06152,Hoang Hoang Khoa,1966-05-25,Hue,LOW,34,FULL
C06153,Do Xuan Long,1967-12-25,Nha Trang,LOW,8,PARTIAL
C06154,Nguyen Huu Trang,1985-04-17,Da Nang,LOW,6,FULL
C06155,Vo Thanh Son,1980-01-24,Hai Phong,LOW,16,FULL
C06156,Dang Gia Dat,2003-05-19,Hai Phong,LOW,19,FULL
C06157,Le Khanh Trang,2001-10-28,Vung Tau,LOW,73,FULL
C06158,Nguyen Minh Bao,1983-12-31,Nha Trang,LOW,7,FULL
C06159,Ngo Quoc Son,1986-03-26,Hai Phong,LOW,41,FULL
C06160,Phan Van Hoang,1984-07-24,Quang Ninh,LOW,64,FULL
C06161,Pham Xuan Anh,2002-09-18,Hai Phong,MEDIUM,28,FULL
C06162,Le Quoc Lan,1977-07-28,Hai Phong,LOW,18,FULL
C06163,Ngo Hoang Huy,1992-09-14,Ha Noi,MEDIUM,73,FULL
C06164,Le Quoc Son,1977-12-17,Nha Trang,LOW,32,FULL
C06165,Vu Duc Bao,1969-12-05,Quang Ninh,LOW,69,FULL
C06166,Ngo Van Son,1996-08-05,Ho Chi Minh,HIGH,57,FULL
C06167,Do Minh Huy,1993-05-09,Da Nang,MEDIUM,46,FULL
C06168,Duong Thu Long,1963-11-03,Ha Noi,LOW,58,PARTIAL
C06169,Phan Minh Bao,1979-06-05,Can Tho,LOW,11,FULL
C06170,Ho Thanh Bao,1983-06-03,Nha Trang,HIGH,64,FULL
C06171,Vo Hoang Nam,1962-05-26,Can Tho,LOW,22,FULL
C06172,Hoang Minh Phuc,2002-08-20,Vung Tau,MEDIUM,21,FULL
C06173,Dang Ngoc An,1997-06-06,Ho Chi Minh,MEDIUM,24,PARTIAL
C06174,Huynh Gia Binh,1998-09-05,Nha Trang,MEDIUM,28,FULL
C06175,Nguyen Xuan Vy,2000-12-08,Hue,LOW,36,FULL
C06176,Bui Van Dat,1964-07-03,Ha Noi,LOW,25,FULL
C06177,Vu Tuan Dat,1965-02-03,Nha Trang,LOW,86,FULL
C06178,Vu Van Lan,1981-08-05,Ho Chi Minh,MEDIUM,44,FULL
C06179,Le Huu An,1996-04-05,Nha Trang,LOW,41,FULL
C06180,Le Minh Son,1964-05-26,Nha Trang,LOW,68,PARTIAL
C06181,Vo Khanh Huy,1966-11-04,Dong Nai,LOW,53,FULL
C06182,Ho Xuan Anh,1961-11-25,Ha Noi,HIGH,77,FULL
C06183,Dang Khanh Phuc,1964-08-04,Quang Ninh,LOW,26,FULL
C06184,Bui Duc Vy,1987-06-07,Nha Trang,LOW,10,FULL
C06185,Vu Xuan Phuc,1965-10-22,Ho Chi Minh,HIGH,18,FULL
C06186,Tran Gia Vy,1973-06-30,Ho Chi Minh,LOW,84,FULL
C06187,Bui Thanh Khang,1980-05-23,Hai Phong,LOW,43,FULL
C06188,Ngo Thanh Phuc,2000-02-24,Quang Ninh,LOW,77,FULL
C06189,Ho Thi Huy,1980-08-16,Ha Noi,HIGH,44,FULL
C06190,Ho Quoc Khang,1967-12-29,Da Nang,LOW,95,FULL
C06191,Huynh Van Trang,1989-06-01,Nha Trang,MEDIUM,90,PARTIAL
C06192,Bui Duc Nam,1983-01-30,Nha Trang,HIGH,13,FULL
C06193,Phan Thi Anh,1971-01-14,Ho Chi Minh,LOW,12,FULL
C06194,Vo Hoang Nhung,1994-01-27,Hue,LOW,11,FULL
C06195,Huynh Minh Trang,1997-02-07,Hue,LOW,46,FULL
C06196,Pham Minh Linh,1967-12-04,Vung Tau,MEDIUM,61,FULL
C06197,Le Xuan Trang,1976-01-07,Nha Trang,HIGH,23,FULL
C06198,Do Hai Son,1974-06-26,Vung Tau,LOW,59,FULL
C06199,Huynh Van Khang,1997-02-28,Hue,LOW,65,FULL
C06200,Ho Ngoc Tung,1960-07-30,Hai Phong,LOW,5,FULL
C06201,Phan Ngoc An,1994-03-15,Ho Chi Minh,LOW,60,FULL
C06202,Duong Hai Vy,1973-10-08,Quang Ninh,LOW,92,PARTIAL
C06203,Le Khanh Huy,1989-02-05,Ha Noi,MEDIUM,83,FULL
C06204,Nguyen Huu Anh,2005-06-05,Ha Noi,MEDIUM,30,FULL
C06205,Vu Gia Linh,1965-11-12,Quang Ninh,MEDIUM,7,FULL
C06206,Tran Huu Nam,1997-12-23,Can Tho,LOW,71,FULL
C06207,Ho Xuan Nhung,1996-01-16,Dong Nai,LOW,44,FULL
C06208,Do Duc Nam,1993-03-31,Ho Chi Minh,MEDIUM,92,PARTIAL
C06209,Phan Hoang Vy,1982-02-09,Ho Chi Minh,MEDIUM,47,FULL
C06210,Huynh Duc Linh,1992-02-24,Ho Chi Minh,LOW,10,FULL
C06211,Duong Xuan Phuc,1987-07-08,Nha Trang,HIGH,22,FULL
C06212,Bui Quoc Nhung,1987-09-07,Dong Nai,LOW,11,FULL
C06213,Vu Huu Vy,1970-03-19,Nha Trang,LOW,49,FULL
C06214,Duong Thu An,1964-07-25,Dong Nai,LOW,19,FULL
C06215,Pham Duc Anh,2000-09-26,Nha Trang,MEDIUM,46,FULL
C06216,Phan Tuan Lan,2001-02-25,Can Tho,LOW,76,FULL
C06217,Vu Thi An,1989-05-31,Hue,LOW,87,FULL
C06218,Pham Ngoc Phuc,1987-01-10,Ha Noi,HIGH,25,FULL
C06219,Ho Thi Lan,1999-04-05,Hue,MEDIUM,14,FULL
C06220,Do Van Long,1980-12-17,Hai Phong,LOW,50,PARTIAL
C06221,Le Xuan Khoa,1971-10-03,Hue,LOW,5,FULL
C06222,Do Huu Trang,1999-02-25,Ha Noi,LOW,52,FULL
C06223,Tran Thu Long,1996-05-20,Vung Tau,LOW,80,FULL
C06224,Ho Hoang Hoang,2004-06-18,Quang Ninh,LOW,43,FULL
C06225,Le Khanh Tung,1989-09-20,Nha Trang,LOW,84,FULL
C06226,Do Hai Huy,1974-01-13,Vung Tau,LOW,70,FULL
C06227,Do Khanh Huy,1999-03-18,Nha Trang,HIGH,26,FULL
C06228,Ho Gia Binh,1970-08-25,Ho Chi Minh,LOW,49,FULL
C06229,Hoang Xuan Dat,1960-07-18,Hai Phong,MEDIUM,5,FULL
C06230,Phan Quoc Phuc,1972-06-07,Hue,HIGH,89,FULL
C06231,Nguyen Duc Hoang,2004-08-16,Ho Chi Minh,LOW,62,FULL
C06232,Ho Thu Tung,1989-04-05,Ho Chi Minh,LOW,75,FULL
C06233,Do Tuan Tung,1972-04-07,Dong Nai,MEDIUM,7,PARTIAL
C06234,Do Khanh Khoa,1976-08-20,Ho Chi Minh,MEDIUM,74,FULL
C06235,Huynh Huu Nam,1984-01-31,Ha Noi,LOW,89,FULL
C06236,Vu Thanh Huy,2000-08-06,Ha Noi,HIGH,56,FULL
C06237,Do Thu Tung,1962-02-24,Ho Chi Minh,LOW,34,FULL
C06238,Vu Duc Lan,1973-09-02,Hai Phong,LOW,48,FULL
C06239,Huynh Huu Vy,2002-05-02,Vung Tau,LOW,94,PARTIAL
C06240,Nguyen Huu Huy,1990-10-05,Dong Nai,LOW,56,FULL
C06241,Bui Huu An,1964-09-10,Nha Trang,LOW,15,FULL
C06242,Tran Thanh Vy,1990-01-02,Can Tho,LOW,66,FULL
C06243,Pham Thanh Hoang,1995-01-04,Da Nang,MEDIUM,8,FULL
C06244,Nguyen Van Son,2005-11-13,Hai Phong,HIGH,21,FULL
C06245,Vu Huu Trang,1995-12-10,Ha Noi,LOW,24,FULL
C06246,Do Duc Huy,1999-02-06,Quang Ninh,LOW,60,FULL
C06247,Bui Hai Binh,1988-09-30,Dong Nai,MEDIUM,95,FULL
C06248,Ho Duc Linh,1980-08-04,Hai Phong,HIGH,67,PARTIAL
C06249,Vo Thanh Trang,1972-11-23,Quang Ninh,LOW,48,PARTIAL
C06250,Ngo Tuan Phuc,1996-03-16,Ha Noi,LOW,90,FULL
C06251,Le Duc Nam,1969-07-23,Dong Nai,LOW,12,FULL
C06252,Nguyen Thi Khoa,1990-01-01,Hai Phong,LOW,48,FULL
C06253,Vo Thu Trang,2002-01-23,Can Tho,LOW,62,FULL
C06254,Ho Minh Lan,2002-01-03,Da Nang,LOW,58,FULL
C06255,Bui Hoang Khoa,1960-03-30,Dong Nai,LOW,94,FULL
C06256,Le Huu Khoa,1993-02-08,Hue,LOW,30,FULL
C06257,Ngo Thanh Phuc,1968-02-17,Hai Phong,LOW,53,FULL
C06258,Pham Minh Khang,1975-10-21,Vung Tau,LOW,33,FULL
C06259,Bui Minh Nam,1971-11-03,Hue,LOW,23,FULL
C06260,Vu Thanh Nhung,1961-09-21,Dong Nai,HIGH,84,FULL
C06261,Pham Ngoc Hoang,1969-02-12,Da Nang,LOW,94,FULL
C06262,Duong Quoc Bao,1984-10-15,Quang Ninh,LOW,27,FULL
C06263,Tran Gia Anh,1998-10-07,Ho Chi Minh,LOW,13,FULL
C06264,Pham Minh An,1987-12-10,Hai Phong,MEDIUM,34,FULL
C06265,Nguyen Duc Khoa,1972-06-15,Dong Nai,LOW,14,FULL
C06266,Dang Thanh Linh,1981-07-10,Can Tho,HIGH,47,FULL
C06267,Dang Duc An,1996-11-17,Da Nang,LOW,57,PARTIAL
C06268,Do Thi An,1973-09-26,Ho Chi Minh,LOW,14,FULL
C06269,Dang Hai Nam,2003-02-27,Quang Ninh,LOW,62,FULL
C06270,Le Huu Nhung,1962-08-21,Hue,HIGH,87,FULL
C06271,Le Khanh Nam,2005-07-16,Vung Tau,MEDIUM,37,FULL
C06272,Pham Hai Huy,1991-07-23,Hai Phong,LOW,56,FULL
C06273,Hoang Xuan Nhung,1981-10-19,Dong Nai,HIGH,37,FULL
C06274,Vu Minh Hoang,1972-04-25,Can Tho,LOW,23,FULL
C06275,Dang Hai Bao,1973-12-12,Da Nang,LOW,44,FULL
C06276,Vo Duc Bao,1977-06-15,Dong Nai,HIGH,28,PARTIAL
C06277,Vu Van Nam,1992-11-28,Nha Trang,MEDIUM,42,FULL
C06278,Pham Gia Huy,2004-10-24,Hai Phong,LOW,89,FULL
C06279,Phan Van Khoa,1967-05-27,Ha Noi,LOW,42,FULL
C06280,Phan Quoc Binh,1961-03-18,Ha Noi,LOW,53,PARTIAL
C06281,Bui Ngoc Son,2000-04-28,Ho Chi Minh,MEDIUM,91,FULL
C06282,Huynh Duc Dat,1980-07-07,Dong Nai,MEDIUM,25,FULL
C06283,Le Ngoc Anh,2003-12-18,Can Tho,LOW,26,FULL
C06284,Bui Ngoc Linh,1964-07-08,Vung Tau,LOW,61,FULL
C06285,Hoang Quoc Lan,1975-07-05,Hue,LOW,38,FULL
C06286,Tran Thanh Hoang,1972-04-19,Ha Noi,LOW,9,FULL
C06287,Duong Gia Nhung,1979-05-05,Can Tho,LOW,10,PARTIAL
C06288,Vu Xuan Long,1996-01-25,Dong Nai,LOW,11,FULL
C06289,Tran Hoang Kiet,1996-01-10,Can Tho,LOW,42,FULL
C06290,Bui Ngoc Anh,2004-04-20,Quang Ninh,LOW,14,PARTIAL
C06291,Le Duc Hoang,1961-03-21,Hue,MEDIUM,8,FULL
C06292,Ngo Xuan Dat,1995-06-02,Nha Trang,LOW,51,FULL
C06293,Ho Thanh Trang,1960-12-10,Nha Trang,LOW,35,FULL
C06294,Dang Thu Binh,1988-02-07,Hai Phong,LOW,87,FULL
C06295,Le Tuan Bao,1971-12-22,Ha Noi,LOW,29,FULL
C06296,Dang Thu Tung,1997-02-15,Hue,LOW,32,FULL
C06297,Vu Thanh Lan,1976-08-20,Can Tho,LOW,5,FULL
C06298,Duong Thanh Trang,1983-11-12,Hai Phong,LOW,69,FULL
C06299,Le Hoang Anh,1963-01-17,Nha Trang,MEDIUM,30,PARTIAL
C06300,Tran Hai Khang,1974-12-28,Ho Chi Minh,LOW,7,FULL
C06301,Phan Thanh Hoang,1981-06-22,Dong Nai,LOW,38,FULL
C06302,Hoang Khanh Son,1987-08-20,Hai Phong,LOW,28,FULL
C06303,Vo Quoc Tung,1977-01-22,Ha Noi,MEDIUM,66,FULL
C06304,Vo Thanh Phuc,1984-09-18,Dong Nai,LOW,67,FULL
C06305,Phan Hai Hoang,1974-11-25,Nha Trang,MEDIUM,5,FULL
C06306,Vu Ngoc Son,1976-09-25,Quang Ninh,LOW,83,FULL
C06307,Hoang Thi Binh,1966-07-06,Dong Nai,LOW,14,FULL
C06308,Vu Thi Bao,1967-05-12,Ho Chi Minh,LOW,67,FULL
C06309,Phan Quoc Hoang,1997-08-16,Can Tho,LOW,25,FULL
C06310,Vo Gia Bao,1963-06-30,Quang Ninh,MEDIUM,92,FULL
C06311,Pham Khanh Khoa,2003-10-10,Can Tho,LOW,16,FULL
C06312,Do Xuan Nhung,1962-05-21,Hue,LOW,45,FULL
C06313,Dang Thi Long,1975-08-16,Nha Trang,HIGH,51,FULL
C06314,Le Khanh Binh,2001-04-23,Can Tho,HIGH,87,FULL
C06315,Vo Van Long,1975-11-26,Ho Chi Minh,LOW,42,FULL
C06316,Nguyen Ngoc Anh,1994-01-12,Da Nang,LOW,53,FULL
C06317,Dang Thu Tung,1972-03-25,Ha Noi,LOW,19,FULL
C06318,Ho Khanh Trang,1993-01-02,Da Nang,MEDIUM,64,FULL
C06319,Dang Hai Vy,2002-03-05,Can Tho,LOW,64,FULL
C06320,Nguyen Quoc Vy,1981-04-10,Ho Chi Minh,HIGH,42,FULL
C06321,Nguyen Khanh Nam,1961-08-22,Can Tho,LOW,94,FULL
C06322,Duong Quoc Khoa,1976-03-27,Quang Ninh,LOW,23,FULL
C06323,Le Tuan Phuc,1979-05-04,Quang Ninh,LOW,29,PARTIAL
C06324,Nguyen Tuan Linh,1966-02-04,Nha Trang,MEDIUM,41,FULL
C06325,Hoang Huu Binh,1975-04-05,Quang Ninh,LOW,19,PARTIAL
C06326,Tran Duc Long,1994-04-16,Hai Phong,MEDIUM,20,FULL
C06327,Huynh Thi Long,2002-08-12,Hue,MEDIUM,71,FULL
C06328,Huynh Quoc Vy,1998-11-30,Ha Noi,MEDIUM,64,FULL
C06329,Do Thu Linh,1971-05-08,Can Tho,LOW,58,FULL
C06330,Bui Minh Phuc,1976-02-22,Can Tho,MEDIUM,69,FULL
C06331,Nguyen Gia Anh,2004-10-06,Can Tho,MEDIUM,77,PARTIAL
C06332,Huynh Hai Long,1992-11-29,Vung Tau,LOW,40,FULL
C06333,Huynh Khanh Khang,1976-11-17,Hue,LOW,76,FULL
C06334,Bui Minh Tung,1963-08-09,Ho Chi Minh,LOW,75,PARTIAL
C06335,Huynh Hai Tung,1975-12-30,Nha Trang,LOW,38,FULL
C06336,Ngo Khanh Nhung,1982-07-16,Can Tho,LOW,17,FULL
C06337,Ngo Thu Anh,1993-10-05,Hai Phong,LOW,93,FULL
C06338,Duong Thu Hoang,1967-05-09,Hai Phong,LOW,91,FULL
C06339,Ngo Tuan Linh,1976-10-19,Vung Tau,LOW,16,FULL
C06340,Phan Hai Dat,1992-02-08,Dong Nai,LOW,76,FULL
C06341,Phan Thu An,1970-04-16,Hue,LOW,59,FULL
C06342,Nguyen Xuan Nam,1997-06-26,Hai Phong,MEDIUM,35,FULL
C06343,Ngo Huu Phuc,1980-09-12,Hai Phong,LOW,13,FULL
C06344,Do Khanh Phuc,1980-03-03,Dong Nai,MEDIUM,87,FULL
C06345,Dang Quoc Anh,1991-07-01,Can Tho,HIGH,9,FULL
C06346,Do Quoc An,1984-03-03,Dong Nai,LOW,19,FULL
C06347,Ho Van Binh,1964-06-19,Ho Chi Minh,LOW,30,FULL
C06348,Pham Tuan An,1996-10-08,Da Nang,LOW,60,FULL
C06349,Duong Thu Trang,1968-04-21,Da Nang,MEDIUM,48,FULL
C06350,Nguyen Xuan Bao,1965-04-20,Ha Noi,LOW,27,PARTIAL
C06351,Huynh Hoang Son,2000-12-16,Ha Noi,LOW,6,FULL
C06352,Le Van Phuc,1960-11-22,Nha Trang,LOW,15,FULL
C06353,Vo Gia Trang,1989-03-15,Can Tho,LOW,42,FULL
C06354,Ho Huu Binh,1975-10-12,Ha Noi,LOW,86,FULL
C06355,Do Hoang Phuc,1977-10-14,Da Nang,HIGH,57,FULL
C06356,Hoang Xuan Long,2004-05-29,Vung Tau,MEDIUM,92,FULL
C06357,Phan Tuan Vy,1971-07-26,Quang Ninh,LOW,45,PARTIAL
C06358,Dang Ngoc Bao,1974-01-13,Hue,LOW,37,FULL
C06359,Tran Gia Phuc,1977-09-13,Can Tho,LOW,16,FULL
C06360,Nguyen Gia Hoang,1995-04-17,Hai Phong,LOW,25,PARTIAL
C06361,Phan Duc Bao,1988-06-29,Hai Phong,MEDIUM,79,FULL
C06362,Do Van Phuc,1986-05-26,Quang Ninh,MEDIUM,7,FULL
C06363,Le Hoang Nhung,1967-05-27,Da Nang,LOW,14,PARTIAL
C06364,Le Huu Long,1980-05-02,Hai Phong,MEDIUM,61,FULL
C06365,Do Minh Anh,1960-11-06,Hue,MEDIUM,36,FULL
C06366,Huynh Tuan Linh,1961-05-26,Vung Tau,LOW,21,FULL
C06367,Vo Van Nam,1983-08-16,Can Tho,LOW,69,PARTIAL
C06368,Nguyen Thu Bao,1981-08-04,Hue,MEDIUM,29,FULL
C06369,Ngo Minh Anh,1983-10-16,Hue,LOW,55,FULL
C06370,Duong Ngoc Khoa,1978-11-24,Quang Ninh,LOW,39,FULL
C06371,Phan Huu Son,2003-03-07,Hue,LOW,31,FULL
C06372,Nguyen Thanh Lan,1988-08-21,Hue,LOW,49,PARTIAL
C06373,Huynh Hai Bao,1968-10-07,Hai Phong,LOW,59,PARTIAL
C06374,Hoang Quoc Hoang,1990-03-16,Vung Tau,LOW,90,FULL
C06375,Phan Xuan Linh,1968-04-18,Nha Trang,LOW,59,FULL
C06376,Ngo Xuan Long,1972-10-02,Dong Nai,LOW,91,FULL
C06377,Ngo Hai Hoang,1990-07-15,Hai Phong,LOW,67,FULL
C06378,Phan Duc An,2003-04-23,Hue,LOW,14,FULL
C06379,Pham Huu Long,2004-10-16,Nha Trang,LOW,89,FULL
C06380,Tran Thi Khang,1981-03-13,Hai Phong,MEDIUM,81,FULL
C06381,Le Thanh Binh,2003-08-12,Da Nang,LOW,74,FULL
C06382,Bui Hai Phuc,2002-01-15,Can Tho,HIGH,42,PARTIAL
C06383,Phan Van Son,1962-01-24,Dong Nai,LOW,19,FULL
C06384,Vu Hai Vy,1983-02-25,Da Nang,HIGH,18,FULL
C06385,Hoang Thu Phuc,1972-04-22,Hai Phong,MEDIUM,19,FULL
C06386,Ngo Duc Lan,1991-08-24,Hai Phong,LOW,80,PARTIAL
C06387,Vu Hai Nhung,1980-07-17,Nha Trang,MEDIUM,57,FULL
C06388,Vo Ngoc Vy,1963-04-23,Ho Chi Minh,MEDIUM,83,FULL
C06389,Nguyen Quoc Long,2000-03-30,Ha Noi,LOW,36,FULL
C06390,Nguyen Ngoc Nam,1993-12-03,Da Nang,LOW,68,FULL
C06391,Hoang Tuan Binh,1966-04-06,Quang Ninh,LOW,32,FULL
C06392,Huynh Ngoc Long,1984-01-20,Hue,LOW,86,FULL
C06393,Dang Tuan Dat,1992-06-21,Ha Noi,LOW,94,FULL
C06394,Dang Tuan Nam,2004-01-05,Da Nang,MEDIUM,94,FULL
C06395,Phan Van Khoa,1973-04-23,Quang Ninh,LOW,14,PARTIAL
C06396,Huynh Thu Khoa,1985-03-23,Ho Chi Minh,HIGH,36,FULL
C06397,Nguyen Hai Nhung,1967-05-04,Quang Ninh,LOW,52,PARTIAL
C06398,Huynh Huu Khang,1971-09-21,Hue,LOW,80,FULL
C06399,Ngo Xuan An,1990-11-30,Da Nang,LOW,60,FULL
C06400,Pham Minh Nhung,1970-11-13,Nha Trang,LOW,91,FULL
C06401,Ngo Xuan Binh,1992-10-16,Ho Chi Minh,LOW,56,FULL
C06402,Phan Hoang Binh,1995-03-30,Vung Tau,MEDIUM,80,PARTIAL
C06403,Phan Ngoc An,1998-10-07,Ha Noi,LOW,16,FULL
C06404,Vu Thi Long,1975-01-30,Da Nang,MEDIUM,76,FULL
C06405,Duong Duc Vy,1976-10-25,Quang Ninh,LOW,31,FULL
C06406,Duong Duc Phuc,2002-06-03,Ha Noi,LOW,25,FULL
C06407,Hoang Xuan Tung,1998-09-23,Da Nang,LOW,43,FULL
C06408,Bui Van Tung,1998-03-17,Ho Chi Minh,LOW,15,FULL
C06409,Ngo Van Phuc,2004-07-02,Vung Tau,MEDIUM,29,PARTIAL
C06410,Do Tuan Khoa,1991-08-18,Quang Ninh,MEDIUM,36,FULL
C06411,Do Thi Khang,1991-01-10,Quang Ninh,MEDIUM,32,FULL
C06412,Le Tuan Hoang,1965-10-28,Ha Noi,LOW,62,FULL
C06413,Hoang Khanh Nhung,1973-04-11,Can Tho,LOW,73,FULL
C06414,Ngo Quoc Dat,1965-05-12,Nha Trang,MEDIUM,18,FULL
C06415,Dang Quoc Nhung,1988-11-27,Da Nang,LOW,19,FULL
C06416,Nguyen Duc Tung,1990-07-21,Dong Nai,LOW,75,FULL
C06417,Duong Van Lan,1971-06-30,Hue,LOW,41,FULL
C06418,Do Huu Huy,1978-03-02,Quang Ninh,MEDIUM,41,FULL
C06419,Do Hai Binh,1969-09-04,Ho Chi Minh,LOW,16,FULL
C06420,Bui Duc Phuc,1985-04-29,Ho Chi Minh,HIGH,54,FULL
C06421,Ngo Quoc Khoa,1972-05-16,Ha Noi,LOW,54,FULL
C06422,Hoang Khanh Bao,1987-12-04,Ha Noi,HIGH,43,FULL
C06423,Hoang Xuan Bao,1960-02-19,Dong Nai,LOW,5,PARTIAL
C06424,Vo Tuan Huy,1989-02-02,Can Tho,LOW,92,FULL
C06425,Vu Khanh Khang,1962-08-27,Dong Nai,LOW,69,FULL
C06426,Dang Quoc Long,1967-11-23,Nha Trang,LOW,88,FULL
C06427,Huynh Minh Vy,1994-10-15,Da Nang,MEDIUM,58,FULL
C06428,Vo Van Linh,1992-11-26,Quang Ninh,LOW,92,PARTIAL
C06429,Vu Thi Binh,1986-01-10,Can Tho,LOW,57,FULL
C06430,Ho Thu Nam,1991-08-30,Nha Trang,HIGH,15,FULL
C06431,Phan Van Linh,1971-09-30,Nha Trang,HIGH,22,FULL
C06432,Vu Hai An,1967-08-19,Dong Nai,LOW,68,FULL
C06433,Bui Khanh Phuc,1960-05-29,Vung Tau,LOW,17,PARTIAL
C06434,Ngo Thu Trang,2003-10-28,Hue,LOW,35,FULL
C06435,Vu Huu Lan,1972-10-22,Nha Trang,LOW,64,FULL
C06436,Vu Huu Bao,1986-08-31,Vung Tau,LOW,83,FULL
C06437,Hoang Tuan Hoang,1966-02-22,Da Nang,LOW,53,PARTIAL
C06438,Vo Thi Bao,1968-04-18,Da Nang,LOW,53,FULL
C06439,Hoang Hoang Huy,1974-01-17,Dong Nai,LOW,29,PARTIAL
C06440,Duong Hai Nam,1984-05-26,Can Tho,HIGH,89,FULL
C06441,Dang Thanh Anh,1965-01-07,Can Tho,LOW,48,FULL
C06442,Tran Gia Son,1992-02-09,Ho Chi Minh,LOW,6,FULL
C06443,Tran Minh Tung,1963-02-28,Quang Ninh,MEDIUM,94,FULL
C06444,Do Gia Dat,1988-01-27,Ha Noi,LOW,92,FULL
C06445,Ho Gia Hoang,1986-06-27,Ha Noi,LOW,82,PARTIAL
C06446,Vu Xuan Tung,1988-06-17,Hue,MEDIUM,81,FULL
C06447,Pham Van Vy,1974-03-04,Hai Phong,LOW,82,FULL
C06448,Nguyen Hoang Tung,1998-12-04,Dong Nai,LOW,7,FULL
C06449,Tran Minh Anh,1960-01-09,Hai Phong,LOW,20,FULL
C06450,Tran Khanh Son,1997-02-08,Nha Trang,MEDIUM,81,FULL
C06451,Vu Ngoc Nam,1995-07-25,Da Nang,LOW,27,PARTIAL
C06452,Ngo Hoang Lan,1977-10-07,Ha Noi,LOW,64,FULL
C06453,Duong Duc Nhung,2003-03-31,Hue,LOW,95,PARTIAL
C06454,Hoang Quoc Dat,1974-08-27,Ha Noi,LOW,35,FULL
C06455,Bui Van Binh,1989-01-04,Quang Ninh,LOW,30,FULL
C06456,Pham Thanh Long,1969-08-13,Dong Nai,MEDIUM,64,FULL
C06457,Bui Xuan Linh,1988-04-26,Vung Tau,LOW,85,FULL
C06458,Vo Khanh Anh,1976-07-16,Ho Chi Minh,LOW,12,FULL
C06459,Duong Gia Kiet,1999-04-21,Vung Tau,LOW,23,FULL
C06460,Ho Duc Kiet,1974-06-11,Hue,MEDIUM,15,FULL
C06461,Le Xuan Vy,2003-12-18,Ho Chi Minh,MEDIUM,62,FULL
C06462,Duong Huu Lan,1981-04-21,Da Nang,MEDIUM,35,FULL
C06463,Bui Thu Binh,1983-03-17,Quang Ninh,MEDIUM,48,FULL
C06464,Ho Huu Khoa,2000-06-25,Nha Trang,LOW,5,PARTIAL
C06465,Ngo Van Nam,1961-11-03,Hue,LOW,56,FULL
C06466,Hoang Duc Khang,2000-05-27,Ha Noi,LOW,68,FULL
C06467,Pham Thi Vy,1987-07-31,Da Nang,LOW,30,FULL
C06468,Pham Thanh An,1981-08-29,Ho Chi Minh,HIGH,76,FULL
C06469,Hoang Hoang Dat,1994-06-26,Da Nang,LOW,78,PARTIAL
C06470,Vo Duc Anh,1984-12-13,Dong Nai,HIGH,63,FULL
C06471,Do Huu Binh,1969-09-26,Dong Nai,MEDIUM,64,FULL
C06472,Do Xuan Son,1961-11-26,Ho Chi Minh,MEDIUM,33,PARTIAL
C06473,Dang Quoc Binh,1994-04-22,Ha Noi,MEDIUM,39,FULL
C06474,Pham Thu Nhung,1964-01-11,Quang Ninh,LOW,94,FULL
C06475,Nguyen Thanh Long,1990-04-02,Da Nang,MEDIUM,37,FULL
C06476,Bui Hoang Tung,1980-03-31,Hai Phong,MEDIUM,22,PARTIAL
C06477,Do Thu Khang,1994-05-21,Dong Nai,MEDIUM,92,FULL
C06478,Le Van Bao,1974-03-21,Vung Tau,LOW,30,FULL
C06479,Do Xuan Anh,1982-12-18,Hue,LOW,69,FULL
C06480,Phan Van Vy,1994-04-30,Da Nang,LOW,76,FULL
C06481,Dang Minh Nhung,1988-05-13,Quang Ninh,HIGH,29,FULL
C06482,Vo Huu Linh,2000-09-20,Hai Phong,LOW,42,FULL
C06483,Vo Hai Linh,1974-03-17,Hue,LOW,46,FULL
C06484,Phan Xuan Lan,1983-12-14,Hue,LOW,11,FULL
C06485,Huynh Thanh Linh,1983-09-26,Can Tho,LOW,6,FULL
C06486,Bui Xuan Binh,2003-08-26,Dong Nai,LOW,13,FULL
C06487,Ho Van Son,1997-04-27,Da Nang,MEDIUM,6,FULL
C06488,Ngo Ngoc Huy,1998-10-03,Hue,HIGH,79,FULL
C06489,Ho Duc Tung,2005-08-11,Ho Chi Minh,HIGH,87,FULL
C06490,Phan Minh Phuc,1992-09-21,Vung Tau,HIGH,67,FULL
C06491,Do Van Dat,1997-07-25,Nha Trang,HIGH,73,FULL
C06492,Duong Van Binh,1976-05-28,Quang Ninh,MEDIUM,49,FULL
C06493,Bui Duc Long,1988-02-15,Dong Nai,LOW,76,FULL
C06494,Dang Huu Lan,1990-06-24,Hai Phong,LOW,34,FULL
C06495,Le Khanh Nam,1977-04-29,Nha Trang,LOW,71,FULL
C06496,Ngo Duc Vy,1969-11-29,Quang Ninh,HIGH,70,FULL
C06497,Duong Huu Kiet,1977-03-20,Vung Tau,LOW,20,PARTIAL
C06498,Bui Minh Bao,1971-09-07,Hai Phong,LOW,32,PARTIAL
C06499,Le Hai Lan,1977-05-19,Dong Nai,LOW,25,FULL
C06500,Phan Duc An,1968-05-17,Can Tho,HIGH,59,FULL
C06501,Vo Thanh Trang,1986-04-15,Hue,HIGH,5,FULL
C06502,Vo Hoang Nhung,1970-01-17,Can Tho,LOW,25,FULL
C06503,Bui Gia Trang,1992-07-20,Quang Ninh,LOW,13,PARTIAL
C06504,Do Gia Khang,1998-06-29,Dong Nai,LOW,61,FULL
C06505,Ngo Quoc Binh,1984-12-19,Hai Phong,LOW,46,FULL
C06506,Huynh Huu Kiet,1974-06-22,Ha Noi,MEDIUM,63,FULL
C06507,Ngo Huu Vy,1989-07-15,Can Tho,MEDIUM,91,FULL
C06508,Ngo Gia Tung,1976-07-21,Vung Tau,MEDIUM,91,FULL
C06509,Nguyen Khanh Khoa,1974-02-23,Quang Ninh,MEDIUM,74,FULL
C06510,Do Minh Bao,1968-06-01,Can Tho,MEDIUM,21,FULL
C06511,Hoang Hai Phuc,1991-02-05,Nha Trang,HIGH,78,FULL
C06512,Ngo Thi Tung,1991-06-23,Ho Chi Minh,LOW,93,PARTIAL
C06513,Vu Duc Dat,1986-05-31,Ho Chi Minh,HIGH,88,PARTIAL
C06514,Hoang Thanh Binh,1970-01-07,Hai Phong,LOW,63,PARTIAL
C06515,Huynh Ngoc Bao,2002-06-25,Ha Noi,LOW,46,FULL
C06516,Huynh Ngoc Khang,1979-11-18,Ha Noi,MEDIUM,37,FULL
C06517,Phan Xuan Son,1975-12-28,Can Tho,HIGH,55,FULL
C06518,Tran Thu Nam,1978-09-21,Ho Chi Minh,MEDIUM,94,FULL
C06519,Ngo Xuan An,2002-01-21,Can Tho,LOW,22,FULL
C06520,Hoang Hai Anh,1977-08-14,Ha Noi,LOW,59,PARTIAL
C06521,Hoang Huu Huy,1987-10-26,Ha Noi,MEDIUM,31,FULL
C06522,Do Van Bao,1974-09-09,Vung Tau,LOW,92,FULL
C06523,Nguyen Thanh Phuc,1989-08-23,Dong Nai,LOW,92,FULL
C06524,Duong Quoc An,1989-08-09,Hue,LOW,38,FULL
C06525,Ho Duc Anh,1986-05-13,Da Nang,LOW,59,FULL
C06526,Huynh Tuan Huy,1968-02-29,Hue,LOW,88,PARTIAL
C06527,Tran Duc Anh,1999-12-08,Quang Ninh,MEDIUM,32,FULL
C06528,Ngo Van Bao,1976-04-19,Ha Noi,LOW,82,FULL
C06529,Vo Thu Hoang,1998-10-11,Dong Nai,LOW,70,FULL
C06530,Ngo Van Son,1978-10-02,Hue,LOW,87,FULL
C06531,Vu Xuan Bao,1964-11-24,Hue,LOW,31,FULL
C06532,Nguyen Van Hoang,1961-11-30,Quang Ninh,LOW,38,FULL
C06533,Pham Thi Khang,2005-12-09,Vung Tau,MEDIUM,64,FULL
C06534,Hoang Thu Nam,1995-02-05,Can Tho,LOW,17,FULL
C06535,Huynh Hai Khoa,1970-07-17,Hai Phong,LOW,69,FULL
C06536,Bui Duc Linh,1987-02-23,Ho Chi Minh,LOW,94,FULL
C06537,Tran Thi Nam,1963-03-12,Nha Trang,LOW,30,FULL
C06538,Hoang Thanh Phuc,1989-12-06,Nha Trang,LOW,63,FULL
C06539,Dang Khanh Binh,1975-09-22,Nha Trang,LOW,78,FULL
C06540,Hoang Gia Kiet,1992-08-27,Can Tho,MEDIUM,17,FULL
C06541,Phan Khanh Binh,1977-10-01,Vung Tau,MEDIUM,52,FULL
C06542,Huynh Hoang Huy,2001-01-25,Da Nang,HIGH,28,FULL
C06543,Bui Duc Long,1974-12-13,Ha Noi,HIGH,36,FULL
C06544,Pham Quoc Vy,1979-02-08,Quang Ninh,LOW,47,FULL
C06545,Do Ngoc Phuc,1983-10-10,Ha Noi,LOW,33,FULL
C06546,Tran Hoang Nam,1971-03-26,Vung Tau,LOW,70,FULL
C06547,Bui Xuan Trang,2003-01-24,Dong Nai,MEDIUM,23,FULL
C06548,Pham Hoang Vy,2004-09-25,Da Nang,LOW,61,PARTIAL
C06549,Nguyen Quoc Trang,1974-05-27,Hai Phong,LOW,88,FULL
C06550,Huynh Quoc Anh,1973-07-19,Dong Nai,LOW,89,FULL
C06551,Vu Thanh Hoang,1960-08-19,Ha Noi,LOW,35,FULL
C06552,Duong Tuan Linh,1994-04-02,Ho Chi Minh,LOW,74,FULL
C06553,Tran Hai Linh,1989-01-27,Nha Trang,MEDIUM,83,FULL
C06554,Nguyen Khanh Khoa,1989-09-27,Hai Phong,LOW,22,PARTIAL
C06555,Duong Khanh Dat,1969-05-02,Ho Chi Minh,LOW,79,FULL
C06556,Do Hai Huy,1976-08-26,Quang Ninh,LOW,75,FULL
C06557,Dang Thi Bao,1992-05-10,Nha Trang,MEDIUM,23,FULL
C06558,Duong Thi Nam,1968-09-19,Nha Trang,MEDIUM,91,FULL
C06559,Nguyen Xuan Khoa,1985-07-12,Can Tho,LOW,59,FULL
C06560,Bui Thanh Linh,1999-03-26,Dong Nai,LOW,12,FULL
C06561,Ho Hoang Huy,1994-06-22,Da Nang,LOW,71,PARTIAL
C06562,Pham Ngoc Khang,1983-12-18,Hai Phong,LOW,63,FULL
C06563,Hoang Ngoc Huy,1980-12-01,Da Nang,LOW,34,FULL
C06564,Dang Thu Binh,1978-04-15,Dong Nai,LOW,72,PARTIAL
C06565,Duong Khanh Hoang,1984-10-07,Hai Phong,LOW,7,PARTIAL
C06566,Do Huu Linh,1979-03-01,Da Nang,LOW,35,FULL
C06567,Bui Minh Hoang,1977-11-05,Can Tho,LOW,66,FULL
C06568,Ho Duc Hoang,1971-08-18,Hue,HIGH,75,PARTIAL
C06569,Dang Van An,1979-10-19,Ha Noi,LOW,7,FULL
C06570,Ngo Khanh Son,1971-01-27,Ho Chi Minh,MEDIUM,95,FULL
C06571,Dang Hai Huy,2005-09-30,Hai Phong,MEDIUM,94,FULL
C06572,Le Minh Huy,1975-08-21,Dong Nai,LOW,54,FULL
C06573,Vo Khanh An,2003-11-26,Hai Phong,MEDIUM,95,FULL
C06574,Pham Khanh Son,1990-02-10,Nha Trang,LOW,37,FULL
C06575,Le Thanh An,1993-03-20,Quang Ninh,LOW,46,FULL
C06576,Do Tuan An,1960-04-24,Hue,HIGH,42,FULL
C06577,Bui Van Bao,1968-09-22,Ha Noi,LOW,77,FULL
C06578,Dang Thu Son,1964-10-18,Da Nang,MEDIUM,18,FULL
C06579,Do Thi Son,1988-03-19,Quang Ninh,MEDIUM,37,PARTIAL
C06580,Le Tuan Vy,1978-03-12,Dong Nai,LOW,35,FULL
C06581,Dang Thanh Nam,1963-09-19,Hai Phong,LOW,15,FULL
C06582,Do Quoc An,1977-10-25,Dong Nai,HIGH,92,FULL
C06583,Ho Thanh Bao,1986-11-26,Hue,LOW,87,FULL
C06584,Duong Duc Khoa,1966-02-03,Can Tho,LOW,89,FULL
C06585,Vu Quoc Huy,1988-04-14,Vung Tau,HIGH,15,FULL
C06586,Tran Quoc Dat,1967-06-04,Hue,LOW,61,FULL
C06587,Do Quoc Dat,1986-04-30,Da Nang,MEDIUM,68,FULL
C06588,Dang Hoang Hoang,1962-08-01,Can Tho,LOW,46,FULL
C06589,Ho Duc Nam,1991-09-21,Can Tho,HIGH,19,FULL
C06590,Ngo Gia Huy,1969-06-07,Dong Nai,LOW,62,FULL
C06591,Le Thi Dat,1991-01-19,Ha Noi,HIGH,9,FULL
C06592,Bui Khanh Long,1975-09-08,Can Tho,LOW,5,PARTIAL
C06593,Do Van Nam,1960-08-14,Da Nang,MEDIUM,61,FULL
C06594,Huynh Gia Lan,1972-02-14,Hai Phong,LOW,24,PARTIAL
C06595,Pham Hoang Huy,1968-08-25,Ha Noi,HIGH,68,PARTIAL
C06596,Duong Tuan Anh,1982-04-01,Ha Noi,LOW,79,FULL
C06597,Dang Van Linh,1970-07-14,Can Tho,LOW,17,PARTIAL
C06598,Duong Huu Kiet,1992-03-12,Da Nang,MEDIUM,27,FULL
C06599,Le Minh Vy,1987-05-08,Da Nang,HIGH,62,FULL
C06600,Tran Duc Huy,1985-02-15,Quang Ninh,LOW,10,FULL
C06601,Ho Duc Nhung,1960-10-02,Quang Ninh,LOW,49,FULL
C06602,Vo Thi Bao,1988-02-11,Hai Phong,LOW,23,PARTIAL
C06603,Pham Tuan Tung,1965-09-10,Vung Tau,LOW,62,PARTIAL
C06604,Vo Hai Phuc,1963-01-08,Ho Chi Minh,MEDIUM,72,FULL
C06605,Bui Thu Son,1997-08-31,Ho Chi Minh,LOW,27,FULL
C06606,Huynh Thi Nhung,1988-05-28,Dong Nai,LOW,95,FULL
C06607,Vu Quoc Hoang,1979-09-23,Ho Chi Minh,LOW,67,FULL
C06608,Vo Quoc Khang,2004-11-27,Hai Phong,LOW,22,PARTIAL
C06609,Duong Huu Trang,1974-01-23,Hue,LOW,45,FULL
C06610,Ho Xuan Phuc,1972-05-07,Nha Trang,LOW,17,FULL
C06611,Phan Thu Nhung,1971-02-06,Ho Chi Minh,LOW,92,FULL
C06612,Pham Hai Long,1979-08-29,Ho Chi Minh,LOW,33,FULL
C06613,Vo Minh An,1991-09-24,Vung Tau,LOW,32,FULL
C06614,Nguyen Huu Dat,1973-07-28,Dong Nai,LOW,84,FULL
C06615,Phan Ngoc Dat,1977-08-25,Ho Chi Minh,LOW,49,FULL
C06616,Vo Thu An,1999-02-05,Quang Ninh,LOW,68,FULL
C06617,Bui Thu Tung,1960-12-14,Ho Chi Minh,LOW,42,PARTIAL
C06618,Dang Tuan Binh,1968-10-02,Vung Tau,LOW,15,FULL
C06619,Huynh Thu Huy,1993-09-08,Hai Phong,LOW,16,FULL
C06620,Phan Van Vy,1986-05-17,Nha Trang,LOW,32,FULL
C06621,Le Khanh Lan,1973-09-06,Hai Phong,LOW,27,FULL
C06622,Vu Khanh Son,1982-03-10,Vung Tau,LOW,36,FULL
C06623,Vo Quoc Lan,1965-09-07,Ha Noi,HIGH,39,FULL
C06624,Vo Ngoc Vy,1996-11-14,Da Nang,LOW,21,FULL
C06625,Vu Xuan Phuc,1993-12-29,Dong Nai,LOW,65,FULL
C06626,Phan Tuan Bao,1991-10-30,Ha Noi,LOW,46,FULL
C06627,Tran Duc Anh,1993-02-20,Da Nang,LOW,92,PARTIAL
C06628,Pham Hai Lan,1969-07-14,Quang Ninh,HIGH,24,PARTIAL
C06629,Hoang Tuan Phuc,1969-04-18,Quang Ninh,MEDIUM,80,FULL
C06630,Nguyen Thu Nhung,1960-01-02,Can Tho,LOW,57,FULL
C06631,Huynh Hoang Nhung,1994-03-02,Dong Nai,LOW,81,FULL
C06632,Do Hai An,1974-02-07,Ha Noi,LOW,33,FULL
C06633,Pham Thu Hoang,1985-11-08,Ha Noi,MEDIUM,47,FULL
C06634,Nguyen Huu Kiet,1986-11-21,Dong Nai,MEDIUM,20,PARTIAL
C06635,Tran Duc Tung,1993-03-08,Nha Trang,LOW,69,FULL
C06636,Duong Van Trang,1964-08-09,Da Nang,MEDIUM,48,FULL
C06637,Vo Khanh Nhung,2002-11-25,Can Tho,HIGH,43,FULL
C06638,Phan Tuan Khang,1977-01-03,Can Tho,LOW,93,PARTIAL
C06639,Dang Xuan Hoang,1984-08-03,Ha Noi,LOW,33,FULL
C06640,Do Tuan Huy,1969-08-18,Can Tho,LOW,10,FULL
C06641,Vo Hoang Khang,1981-12-31,Vung Tau,LOW,32,FULL
C06642,Pham Van Anh,1996-04-04,Nha Trang,MEDIUM,87,PARTIAL
C06643,Dang Quoc Khoa,2004-07-18,Can Tho,LOW,83,FULL
C06644,Hoang Ngoc Huy,1982-03-19,Quang Ninh,LOW,63,FULL
C06645,Le Huu Dat,1992-12-11,Ha Noi,LOW,92,FULL
C06646,Duong Ngoc Anh,1994-09-11,Ho Chi Minh,LOW,68,FULL
C06647,Le Thu Son,1964-12-17,Vung Tau,LOW,73,FULL
C06648,Nguyen Thanh Vy,1967-10-16,Da Nang,LOW,16,FULL
C06649,Bui Hai Nhung,1970-02-06,Quang Ninh,MEDIUM,37,PARTIAL
C06650,Le Van Huy,1985-04-17,Da Nang,LOW,59,FULL
C06651,Phan Ngoc Tung,1991-08-19,Can Tho,LOW,23,FULL
C06652,Le Ngoc Linh,1987-06-28,Nha Trang,MEDIUM,85,FULL
C06653,Ho Khanh Bao,1981-12-08,Can Tho,LOW,26,FULL
C06654,Vo Van Khoa,1971-10-13,Nha Trang,HIGH,89,FULL
C06655,Vu Hoang Hoang,1991-02-16,Quang Ninh,HIGH,26,FULL
C06656,Hoang Minh Khang,2004-03-20,Da Nang,LOW,10,FULL
C06657,Vu Thi Kiet,2002-06-01,Nha Trang,HIGH,50,FULL
C06658,Le Huu Bao,2005-08-22,Can Tho,LOW,87,PARTIAL
C06659,Phan Thu Son,1998-04-30,Ha Noi,LOW,82,FULL
C06660,Hoang Thu Khoa,2000-03-03,Dong Nai,LOW,92,FULL
C06661,Tran Xuan Vy,1990-11-19,Ho Chi Minh,LOW,45,FULL
C06662,Do Hai An,1973-08-27,Hue,LOW,86,FULL
C06663,Pham Hai Dat,2002-08-05,Da Nang,LOW,18,FULL
C06664,Hoang Khanh Phuc,1997-07-29,Quang Ninh,LOW,72,FULL
C06665,Le Huu Bao,1972-08-30,Quang Ninh,LOW,37,FULL
C06666,Bui Hai Khoa,1968-07-27,Nha Trang,LOW,74,FULL
C06667,Do Huu Dat,1970-04-23,Ha Noi,LOW,79,FULL
C06668,Do Duc Tung,1988-05-29,Can Tho,LOW,43,FULL
C06669,Vu Quoc Khang,1973-08-21,Ho Chi Minh,LOW,8,FULL
C06670,Hoang Thi Anh,1991-03-05,Vung Tau,LOW,71,FULL
C06671,Vo Khanh Binh,1973-08-06,Quang Ninh,LOW,23,FULL
C06672,Tran Gia Vy,1966-01-08,Hai Phong,LOW,40,FULL
C06673,Ho Thu Nam,1993-10-05,Quang Ninh,LOW,5,FULL
C06674,Vu Hai Trang,1988-07-27,Vung Tau,LOW,80,PARTIAL
C06675,Bui Van Linh,1985-02-11,Vung Tau,HIGH,90,FULL
C06676,Ho Huu Tung,1996-11-02,Ha Noi,LOW,20,FULL
C06677,Dang Minh Khang,1970-02-14,Hue,LOW,24,FULL
C06678,Dang Xuan Nam,1975-06-30,Can Tho,LOW,51,FULL
C06679,Ho Quoc Tung,1980-12-04,Quang Ninh,HIGH,42,PARTIAL
C06680,Nguyen Xuan Kiet,1986-10-28,Ho Chi Minh,LOW,35,PARTIAL
C06681,Do Tuan Tung,1966-11-09,Hue,LOW,86,FULL
C06682,Huynh Hai Dat,1983-08-15,Quang Ninh,LOW,42,FULL
C06683,Tran Ngoc Nam,2002-12-24,Hue,LOW,33,FULL
C06684,Huynh Ngoc An,1998-05-25,Can Tho,LOW,83,FULL
C06685,Vo Thi Nam,1976-09-25,Quang Ninh,LOW,77,FULL
C06686,Tran Xuan Phuc,1970-05-29,Ho Chi Minh,LOW,84,FULL
C06687,Ngo Hai Hoang,1992-01-27,Hue,LOW,34,FULL
C06688,Le Thu Kiet,1987-01-07,Can Tho,MEDIUM,54,FULL
C06689,Nguyen Thu Huy,1965-11-27,Quang Ninh,HIGH,15,FULL
C06690,Huynh Huu Nam,1993-08-27,Hue,LOW,64,FULL
C06691,Bui Hoang Trang,2001-07-04,Dong Nai,LOW,93,FULL
C06692,Huynh Thanh Binh,2004-11-23,Nha Trang,LOW,10,FULL
C06693,Ngo Thi An,1999-07-03,Da Nang,MEDIUM,66,FULL
C06694,Tran Khanh Bao,2002-11-12,Hue,LOW,83,FULL
C06695,Do Minh Nam,1991-11-02,Dong Nai,LOW,83,FULL
C06696,Huynh Thu Tung,1994-06-24,Ho Chi Minh,LOW,93,FULL
C06697,Ho Thu Khoa,2000-06-29,Can Tho,HIGH,6,PARTIAL
C06698,Phan Hoang Binh,2004-07-30,Vung Tau,LOW,63,FULL
C06699,Bui Thu Khang,2005-11-05,Hue,LOW,83,FULL
C06700,Phan Hai Dat,1980-03-18,Hue,LOW,28,FULL
C06701,Ngo Khanh An,1974-03-08,Dong Nai,MEDIUM,64,FULL
C06702,Ho Duc Phuc,1962-06-01,Ha Noi,LOW,83,PARTIAL
C06703,Do Ngoc Bao,1966-05-13,Hai Phong,LOW,7,FULL
C06704,Ho Gia Vy,1963-10-12,Can Tho,LOW,52,FULL
C06705,Dang Gia Anh,1980-01-04,Hai Phong,MEDIUM,69,FULL
C06706,Le Tuan Kiet,1988-05-23,Hai Phong,LOW,40,FULL
C06707,Ho Huu Bao,1965-08-09,Hue,LOW,48,FULL
C06708,Phan Ngoc Vy,1983-02-01,Vung Tau,LOW,7,FULL
C06709,Duong Ngoc Khang,1971-02-15,Ho Chi Minh,LOW,85,FULL
C06710,Ngo Tuan Son,1961-11-21,Da Nang,MEDIUM,8,FULL
C06711,Vo Minh Hoang,1988-02-01,Da Nang,MEDIUM,62,FULL
C06712,Pham Huu Long,1963-02-23,Ho Chi Minh,HIGH,94,PARTIAL
C06713,Do Thanh Huy,1960-06-18,Hai Phong,LOW,89,FULL
C06714,Hoang Huu Dat,1994-06-01,Ho Chi Minh,MEDIUM,86,PARTIAL
C06715,Pham Hai Trang,1996-11-23,Dong Nai,HIGH,58,FULL
C06716,Nguyen Thi Dat,1987-10-31,Da Nang,LOW,13,PARTIAL
C06717,Ngo Thi Anh,1964-08-01,Hue,LOW,33,FULL
C06718,Do Quoc Linh,1982-01-14,Vung Tau,LOW,77,FULL
C06719,Pham Thu Linh,1989-11-14,Da Nang,MEDIUM,40,FULL
C06720,Vu Van Kiet,1964-01-09,Nha Trang,LOW,83,FULL
C06721,Ngo Tuan Bao,1961-09-01,Hue,LOW,55,FULL
C06722,Tran Thu Bao,1991-12-12,Hai Phong,HIGH,74,FULL
C06723,Tran Thi Anh,1996-08-03,Da Nang,MEDIUM,61,FULL
C06724,Nguyen Xuan Hoang,1998-02-25,Dong Nai,LOW,85,FULL
C06725,Ngo Khanh Lan,1969-07-31,Vung Tau,LOW,51,FULL
C06726,Bui Thu Anh,1983-07-12,Ha Noi,LOW,61,PARTIAL
C06727,Duong Thanh Tung,1962-04-06,Vung Tau,LOW,34,FULL
C06728,Hoang Gia Vy,1961-05-12,Quang Ninh,LOW,21,FULL
C06729,Vo Ngoc Phuc,2001-11-02,Da Nang,LOW,5,FULL
C06730,Hoang Duc Binh,1983-10-17,Can Tho,LOW,72,FULL
C06731,Vo Minh Linh,1970-04-24,Dong Nai,LOW,73,PARTIAL
C06732,Bui Hai Nhung,1998-10-09,Quang Ninh,LOW,65,FULL
C06733,Ho Ngoc Lan,2001-12-28,Ho Chi Minh,MEDIUM,19,FULL
C06734,Ngo Tuan An,2005-08-11,Vung Tau,HIGH,12,FULL
C06735,Bui Tuan Tung,1999-08-19,Hue,LOW,70,FULL
C06736,Nguyen Minh Bao,1995-07-12,Nha Trang,MEDIUM,41,FULL
C06737,Phan Minh Kiet,1974-12-09,Da Nang,LOW,62,FULL
C06738,Bui Quoc Trang,1981-08-31,Can Tho,LOW,63,FULL
C06739,Tran Van Anh,1978-02-22,Ha Noi,LOW,31,FULL
C06740,Le Hoang An,1994-09-04,Quang Ninh,MEDIUM,33,FULL
C06741,Nguyen Gia Khoa,1966-05-31,Can Tho,LOW,58,FULL
C06742,Hoang Khanh Lan,1993-09-16,Da Nang,HIGH,55,FULL
C06743,Bui Khanh Lan,1970-11-22,Nha Trang,HIGH,43,FULL
C06744,Hoang Thi Bao,1960-09-08,Dong Nai,MEDIUM,43,FULL
C06745,Pham Ngoc Hoang,1961-03-30,Ho Chi Minh,MEDIUM,79,FULL
C06746,Do Xuan Khang,1997-04-13,Can Tho,LOW,71,FULL
C06747,Dang Huu Kiet,1969-12-28,Vung Tau,HIGH,74,FULL
C06748,Le Huu Hoang,1968-05-04,Hue,LOW,52,PARTIAL
C06749,Vu Duc Dat,1976-01-25,Nha Trang,LOW,46,FULL
C06750,Vu Minh Trang,1983-12-25,Dong Nai,LOW,30,FULL
C06751,Le Minh Vy,1993-03-16,Nha Trang,LOW,12,FULL
C06752,Tran Minh Binh,1992-01-16,Hue,LOW,78,FULL
C06753,Vu Huu Son,1982-08-14,Dong Nai,LOW,12,FULL
C06754,Phan Duc Trang,1982-01-10,Da Nang,MEDIUM,51,FULL
C06755,Pham Duc Huy,1964-02-09,Hue,LOW,77,FULL
C06756,Ngo Ngoc Vy,1970-12-31,Vung Tau,LOW,92,FULL
C06757,Bui Thanh Long,1988-08-21,Ha Noi,LOW,75,FULL
C06758,Nguyen Khanh Khang,1983-07-29,Quang Ninh,LOW,8,FULL
C06759,Duong Gia Khoa,1978-01-27,Can Tho,LOW,72,FULL
C06760,Hoang Thu Son,1987-02-08,Da Nang,LOW,17,FULL
C06761,Le Thanh An,1963-03-25,Da Nang,LOW,33,FULL
C06762,Bui Khanh Long,1970-08-02,Nha Trang,LOW,42,PARTIAL
C06763,Ho Thanh Linh,1988-12-14,Ho Chi Minh,LOW,50,PARTIAL
C06764,Nguyen Ngoc Lan,1974-10-05,Vung Tau,LOW,89,FULL
C06765,Hoang Hai An,1983-04-11,Dong Nai,MEDIUM,17,FULL
C06766,Ho Hoang Huy,1976-11-07,Ha Noi,LOW,23,FULL
C06767,Dang Khanh Son,1970-12-27,Hue,LOW,84,FULL
C06768,Ho Quoc Huy,1991-08-10,Ho Chi Minh,MEDIUM,20,PARTIAL
C06769,Le Thanh Tung,1962-02-16,Dong Nai,LOW,16,FULL
C06770,Ngo Thanh Lan,1996-12-08,Vung Tau,LOW,70,FULL
C06771,Vo Tuan Trang,1969-11-30,Nha Trang,HIGH,57,FULL
C06772,Hoang Thu Tung,1981-03-31,Hue,LOW,52,FULL
C06773,Duong Duc Hoang,1963-10-21,Can Tho,HIGH,15,PARTIAL
C06774,Bui Ngoc An,1960-12-20,Ho Chi Minh,HIGH,6,FULL
C06775,Vo Tuan Khang,1999-11-23,Can Tho,LOW,65,FULL
C06776,Duong Hoang Phuc,1984-03-22,Nha Trang,LOW,54,FULL
C06777,Dang Duc Anh,1968-07-28,Quang Ninh,LOW,34,FULL
C06778,Duong Minh Long,1960-09-11,Ha Noi,LOW,38,PARTIAL
C06779,Le Duc Phuc,1997-10-25,Dong Nai,LOW,65,FULL
C06780,Do Hai Bao,2002-11-04,Nha Trang,LOW,10,PARTIAL
C06781,Hoang Huu Phuc,1991-08-30,Nha Trang,LOW,67,FULL
C06782,Bui Van Nhung,1977-09-21,Hai Phong,HIGH,88,FULL
C06783,Pham Thi Son,1970-03-09,Ha Noi,MEDIUM,34,FULL
C06784,Do Hoang Vy,1961-07-09,Vung Tau,LOW,89,PARTIAL
C06785,Hoang Duc Tung,1999-05-22,Nha Trang,LOW,67,FULL
C06786,Do Duc An,2001-07-14,Can Tho,LOW,7,FULL
C06787,Ho Thi Phuc,1998-01-11,Ho Chi Minh,LOW,71,PARTIAL
C06788,Pham Khanh An,1961-08-23,Hue,MEDIUM,18,FULL
C06789,Ngo Huu Dat,1995-07-07,Quang Ninh,LOW,89,FULL
C06790,Nguyen Tuan Huy,1973-04-13,Hai Phong,LOW,16,PARTIAL
C06791,Ho Huu Khoa,1999-03-20,Ho Chi Minh,LOW,61,FULL
C06792,Dang Tuan Kiet,2000-10-26,Ho Chi Minh,HIGH,88,FULL
C06793,Le Gia Linh,1992-01-05,Hai Phong,MEDIUM,7,FULL
C06794,Phan Thi Son,2001-10-22,Ho Chi Minh,LOW,75,FULL
C06795,Vo Hai Kiet,1978-04-26,Nha Trang,LOW,26,FULL
C06796,Vo Hai Trang,1961-10-22,Ha Noi,LOW,23,FULL
C06797,Hoang Khanh Dat,1999-09-02,Hai Phong,LOW,35,PARTIAL
C06798,Huynh Thanh Tung,1964-11-07,Vung Tau,MEDIUM,13,FULL
C06799,Tran Quoc Khang,1976-12-22,Dong Nai,LOW,44,FULL
C06800,Phan Huu Trang,1978-05-13,Ha Noi,LOW,32,FULL
C06801,Duong Khanh Huy,1996-12-19,Vung Tau,LOW,83,FULL
C06802,Phan Van Huy,1987-06-26,Hai Phong,LOW,36,PARTIAL
C06803,Bui Xuan Kiet,1970-02-19,Ho Chi Minh,LOW,92,PARTIAL
C06804,Do Ngoc Son,1965-10-09,Can Tho,LOW,58,FULL
C06805,Le Thanh Bao,1998-02-08,Nha Trang,LOW,45,FULL
C06806,Do Tuan Vy,1966-08-26,Quang Ninh,LOW,10,FULL
C06807,Do Duc Lan,1988-12-30,Ha Noi,LOW,37,PARTIAL
C06808,Tran Khanh Tung,1969-11-01,Nha Trang,LOW,7,FULL
C06809,Do Ngoc Nam,1971-08-15,Ha Noi,HIGH,50,FULL
C06810,Dang Xuan Lan,1985-06-29,Ho Chi Minh,MEDIUM,78,FULL
C06811,Dang Ngoc Tung,1998-05-16,Da Nang,LOW,11,FULL
C06812,Phan Thanh Trang,1970-03-27,Hai Phong,LOW,59,FULL
C06813,Ngo Thu Nam,2002-03-02,Nha Trang,LOW,75,FULL
C06814,Nguyen Hoang Hoang,1997-06-30,Ha Noi,LOW,56,FULL
C06815,Phan Huu Son,1960-12-08,Nha Trang,LOW,29,FULL
C06816,Dang Van Phuc,1995-02-10,Hai Phong,LOW,35,PARTIAL
C06817,Hoang Van Dat,1999-06-29,Vung Tau,HIGH,76,FULL
C06818,Ngo Thi Kiet,1964-05-09,Quang Ninh,LOW,45,FULL
C06819,Nguyen Khanh Binh,1987-06-08,Ho Chi Minh,HIGH,44,PARTIAL
C06820,Do Minh Binh,1964-02-17,Nha Trang,LOW,14,FULL
C06821,Duong Hai Lan,1996-01-09,Nha Trang,MEDIUM,21,FULL
C06822,Dang Duc Nhung,1964-01-10,Hai Phong,MEDIUM,30,FULL
C06823,Vo Gia Kiet,1969-11-24,Quang Ninh,LOW,12,FULL
C06824,Vu Minh Nhung,1963-03-03,Dong Nai,LOW,93,FULL
C06825,Vo Thi Nhung,1983-03-30,Can Tho,LOW,33,FULL
C06826,Duong Thu Dat,2005-09-30,Ha Noi,MEDIUM,40,FULL
C06827,Duong Thanh Khang,1982-11-07,Hai Phong,MEDIUM,48,FULL
C06828,Ho Khanh Hoang,1970-07-15,Ho Chi Minh,MEDIUM,65,PARTIAL
C06829,Nguyen Ngoc Huy,1974-11-19,Vung Tau,LOW,89,PARTIAL
C06830,Tran Khanh Khang,1961-03-17,Nha Trang,MEDIUM,81,FULL
C06831,Phan Thi Dat,1986-09-01,Ho Chi Minh,LOW,32,FULL
C06832,Huynh Hoang Son,1965-08-19,Ha Noi,LOW,27,PARTIAL
C06833,Le Tuan Kiet,1987-06-15,Da Nang,LOW,55,FULL
C06834,Dang Quoc Huy,1978-04-26,Ha Noi,LOW,80,FULL
C06835,Hoang Huu An,1973-02-13,Da Nang,MEDIUM,73,FULL
C06836,Nguyen Ngoc Long,1983-08-31,Da Nang,MEDIUM,40,FULL
C06837,Ngo Xuan Son,2003-03-09,Nha Trang,LOW,62,FULL
C06838,Ngo Hai Khang,1971-03-11,Dong Nai,LOW,32,FULL
C06839,Ho Thu Hoang,1990-10-04,Ho Chi Minh,LOW,90,PARTIAL
C06840,Pham Xuan Hoang,1993-02-02,Nha Trang,LOW,28,FULL
C06841,Dang Ngoc Bao,1992-07-05,Dong Nai,LOW,24,FULL
C06842,Tran Thi Bao,1986-07-24,Hai Phong,LOW,79,FULL
C06843,Le Hai Huy,1967-11-20,Can Tho,LOW,16,PARTIAL
C06844,Ngo Van Son,1982-10-11,Da Nang,MEDIUM,84,FULL
C06845,Pham Thi Khang,1977-07-19,Hai Phong,LOW,51,FULL
C06846,Do Gia Anh,1992-06-14,Dong Nai,HIGH,26,FULL
C06847,Dang Thanh Nam,1983-06-29,Nha Trang,LOW,41,FULL
C06848,Duong Hai Khang,1975-12-10,Dong Nai,LOW,16,FULL
C06849,Dang Xuan Huy,1964-10-15,Dong Nai,LOW,8,FULL
C06850,Vo Xuan Long,1993-04-01,Hai Phong,LOW,68,FULL
C06851,Vu Hai Kiet,1982-08-05,Ho Chi Minh,HIGH,71,FULL
C06852,Bui Hoang Anh,1985-07-13,Vung Tau,LOW,17,PARTIAL
C06853,Huynh Thi Linh,1980-09-09,Hue,LOW,55,FULL
C06854,Ngo Khanh An,1998-10-25,Hue,LOW,81,FULL
C06855,Tran Tuan Nhung,1975-04-05,Hue,LOW,17,FULL
C06856,Nguyen Quoc Vy,1980-01-23,Hue,LOW,23,FULL
C06857,Bui Duc Binh,1973-09-15,Da Nang,MEDIUM,56,FULL
C06858,Nguyen Thu Long,1999-08-15,Can Tho,LOW,39,FULL
C06859,Ngo Khanh Trang,1974-03-28,Dong Nai,MEDIUM,76,FULL
C06860,Ngo Thu Lan,2001-03-01,Vung Tau,LOW,12,FULL
C06861,Do Tuan Long,1986-01-25,Can Tho,LOW,20,FULL
C06862,Le Duc Huy,1998-10-02,Dong Nai,LOW,63,PARTIAL
C06863,Le Khanh Hoang,1971-02-28,Ha Noi,LOW,22,FULL
C06864,Ngo Thanh Vy,1973-06-21,Quang Ninh,LOW,63,FULL
C06865,Vo Tuan Tung,2004-01-10,Nha Trang,HIGH,33,FULL
C06866,Ho Hai Binh,1971-03-19,Dong Nai,LOW,26,FULL
C06867,Huynh Quoc Nam,1985-10-11,Quang Ninh,LOW,25,FULL
C06868,Huynh Gia Hoang,1986-02-27,Dong Nai,HIGH,51,FULL
C06869,Dang Xuan Binh,1993-07-20,Ha Noi,LOW,77,FULL
C06870,Pham Huu An,1996-11-30,Quang Ninh,MEDIUM,50,FULL
C06871,Huynh Duc Long,1983-06-25,Vung Tau,LOW,87,FULL
C06872,Duong Duc Anh,1968-12-31,Can Tho,LOW,76,FULL
C06873,Bui Thi Khoa,1990-11-14,Da Nang,LOW,68,FULL
C06874,Vo Huu An,1963-09-30,Dong Nai,MEDIUM,49,FULL
C06875,Le Xuan Trang,2005-09-14,Hue,LOW,91,FULL
C06876,Duong Tuan Nhung,1963-01-09,Dong Nai,LOW,54,FULL
C06877,Ho Minh An,2005-11-19,Ho Chi Minh,MEDIUM,73,FULL
C06878,Tran Xuan Phuc,1999-06-09,Da Nang,MEDIUM,8,FULL
C06879,Huynh Hoang Nhung,1994-06-07,Hai Phong,HIGH,17,FULL
C06880,Duong Quoc Anh,1983-10-31,Vung Tau,LOW,8,FULL
C06881,Dang Ngoc Bao,2002-06-17,Can Tho,MEDIUM,45,FULL
C06882,Phan Thanh Tung,1989-06-10,Quang Ninh,MEDIUM,83,FULL
C06883,Pham Khanh Bao,1977-02-10,Nha Trang,HIGH,54,FULL
C06884,Do Quoc Binh,2004-01-13,Quang Ninh,LOW,58,PARTIAL
C06885,Duong Thi Bao,2004-01-19,Ho Chi Minh,LOW,87,FULL
C06886,Duong Khanh Trang,1973-05-25,Quang Ninh,LOW,83,PARTIAL
C06887,Vo Thi Dat,1994-08-24,Can Tho,LOW,64,FULL
C06888,Bui Hai Khoa,1995-04-01,Ho Chi Minh,LOW,13,FULL
C06889,Vu Huu Nam,1987-10-21,Quang Ninh,HIGH,25,FULL
C06890,Ngo Minh An,1961-05-11,Ha Noi,LOW,12,PARTIAL
C06891,Vu Thu Hoang,1985-07-09,Dong Nai,LOW,17,FULL
C06892,Ho Tuan Nam,1966-05-16,Ho Chi Minh,HIGH,35,FULL
C06893,Vu Minh Long,1998-07-01,Dong Nai,MEDIUM,11,FULL
C06894,Duong Thu Khoa,1980-10-27,Nha Trang,LOW,59,FULL
C06895,Tran Huu Khang,1997-12-17,Da Nang,LOW,53,FULL
C06896,Ngo Thi Bao,1979-09-23,Vung Tau,LOW,84,FULL
C06897,Duong Huu Long,1978-11-17,Ho Chi Minh,HIGH,9,FULL
C06898,Do Thanh Dat,2004-07-11,Dong Nai,LOW,83,FULL
C06899,Hoang Duc Son,1977-12-31,Hai Phong,LOW,91,FULL
C06900,Ngo Huu Tung,1975-10-14,Ho Chi Minh,MEDIUM,92,FULL
C06901,Vu Thi Son,1973-02-11,Dong Nai,HIGH,54,PARTIAL
C06902,Pham Thanh Kiet,1969-11-15,Ho Chi Minh,LOW,31,PARTIAL
C06903,Duong Xuan Anh,1991-07-23,Ho Chi Minh,LOW,90,FULL
C06904,Vu Quoc Binh,1975-01-16,Hai Phong,MEDIUM,18,FULL
C06905,Hoang Quoc Dat,1995-01-05,Quang Ninh,HIGH,62,FULL
C06906,Tran Quoc Hoang,1968-01-28,Dong Nai,LOW,89,FULL
C06907,Duong Tuan Long,1982-01-29,Can Tho,LOW,8,FULL
C06908,Ngo Hai Phuc,1996-11-17,Nha Trang,LOW,74,PARTIAL
C06909,Ho Khanh Kiet,1989-11-02,Can Tho,LOW,29,FULL
C06910,Tran Huu Binh,1977-09-23,Quang Ninh,LOW,9,PARTIAL
C06911,Hoang Thu Kiet,1979-08-12,Hai Phong,LOW,87,FULL
C06912,Bui Gia Lan,1986-06-28,Quang Ninh,LOW,70,FULL
C06913,Pham Thi Nam,2005-11-29,Can Tho,LOW,61,FULL
C06914,Nguyen Minh Nam,1991-02-08,Hue,LOW,20,FULL
C06915,Phan Huu Phuc,1964-12-04,Hai Phong,MEDIUM,19,PARTIAL
C06916,Dang Thi Nhung,2004-04-05,Ha Noi,LOW,62,FULL
C06917,Ho Van Binh,1991-01-21,Ha Noi,LOW,92,FULL
C06918,Do Thanh An,1972-05-12,Hue,MEDIUM,17,FULL
C06919,Pham Thi Khoa,1977-12-20,Hai Phong,LOW,71,FULL
C06920,Bui Duc Nhung,1977-04-03,Ho Chi Minh,LOW,36,FULL
C06921,Pham Thi Nam,1992-10-10,Can Tho,LOW,65,FULL
C06922,Pham Duc Tung,1980-06-13,Hue,LOW,12,FULL
C06923,Le Thu Linh,1989-11-04,Hai Phong,LOW,33,FULL
C06924,Huynh Minh Binh,1964-12-09,Can Tho,HIGH,72,FULL
C06925,Vo Khanh Anh,1973-06-15,Hue,LOW,65,PARTIAL
C06926,Duong Thu Khoa,1987-06-05,Quang Ninh,LOW,91,FULL
C06927,Phan Minh Son,1987-09-28,Quang Ninh,MEDIUM,91,FULL
C06928,Phan Thi Hoang,1987-04-05,Da Nang,LOW,86,PARTIAL
C06929,Tran Huu Lan,1969-11-10,Vung Tau,HIGH,89,FULL
C06930,Ho Gia Trang,1972-10-11,Vung Tau,LOW,37,FULL
C06931,Nguyen Thu Trang,1981-11-04,Da Nang,LOW,47,FULL
C06932,Nguyen Duc Phuc,1976-10-11,Da Nang,LOW,87,FULL
C06933,Duong Tuan Trang,1976-08-24,Hai Phong,HIGH,69,FULL
C06934,Ngo Hai Son,1963-04-29,Hue,MEDIUM,75,FULL
C06935,Tran Gia Son,1974-10-22,Nha Trang,LOW,55,FULL
C06936,Phan Quoc Vy,1966-09-09,Hai Phong,LOW,67,FULL
C06937,Le Xuan Vy,1968-09-02,Ho Chi Minh,LOW,7,FULL
C06938,Vo Hoang Dat,2004-10-04,Quang Ninh,LOW,8,FULL
C06939,Duong Xuan Lan,1967-09-22,Vung Tau,LOW,52,FULL
C06940,Dang Khanh Hoang,1979-12-26,Ho Chi Minh,LOW,83,PARTIAL
C06941,Tran Xuan Khang,1969-06-11,Hue,LOW,31,FULL
C06942,Phan Thu Kiet,1992-01-13,Da Nang,LOW,75,PARTIAL
C06943,Dang Thu Bao,1986-02-21,Hai Phong,LOW,21,FULL
C06944,Pham Tuan Lan,1984-11-30,Hue,LOW,91,FULL
C06945,Dang Tuan Phuc,1968-05-27,Quang Ninh,LOW,94,FULL
C06946,Do Thanh Vy,1990-05-04,Quang Ninh,LOW,41,FULL
C06947,Vu Thu Phuc,1964-04-04,Nha Trang,LOW,88,FULL
C06948,Bui Thu Bao,1974-02-24,Hue,LOW,14,FULL
C06949,Do Ngoc Lan,2001-08-18,Can Tho,LOW,46,FULL
C06950,Tran Tuan Vy,2002-11-04,Quang Ninh,HIGH,84,FULL
C06951,Ho Huu Nhung,2000-07-13,Da Nang,LOW,14,PARTIAL
C06952,Duong Xuan Bao,1974-07-05,Da Nang,LOW,14,FULL
C06953,Vo Ngoc Linh,2002-01-03,Dong Nai,LOW,48,FULL
C06954,Pham Quoc Lan,1970-03-27,Nha Trang,LOW,7,FULL
C06955,Dang Van An,1994-06-22,Ha Noi,LOW,63,FULL
C06956,Ngo Ngoc Khoa,2003-01-24,Vung Tau,HIGH,95,FULL
C06957,Duong Hai Vy,1981-02-05,Da Nang,LOW,6,FULL
C06958,Hoang Ngoc Nhung,1981-06-02,Dong Nai,HIGH,19,FULL
C06959,Bui Hai An,1981-12-02,Quang Ninh,LOW,35,FULL
C06960,Ho Quoc Linh,1993-12-11,Quang Ninh,LOW,30,FULL
C06961,Hoang Ngoc Linh,1978-04-25,Can Tho,LOW,21,PARTIAL
C06962,Le Khanh Vy,1981-04-23,Ho Chi Minh,MEDIUM,74,FULL
C06963,Ho Hoang An,1984-11-02,Hai Phong,HIGH,5,FULL
C06964,Pham Huu Dat,1997-06-16,Vung Tau,LOW,57,FULL
C06965,Pham Khanh Bao,2005-08-12,Hue,LOW,30,FULL
C06966,Do Thanh Binh,1978-04-20,Vung Tau,LOW,34,FULL
C06967,Nguyen Quoc Linh,1996-07-17,Hai Phong,LOW,72,FULL
C06968,Do Thu Nam,1962-03-02,Hai Phong,LOW,85,PARTIAL
C06969,Dang Minh Nam,1963-02-10,Nha Trang,LOW,24,FULL
C06970,Phan Gia Trang,1982-08-04,Vung Tau,HIGH,27,FULL
C06971,Duong Khanh Huy,1982-06-09,Vung Tau,LOW,52,FULL
C06972,Ho Khanh Nhung,1990-12-14,Nha Trang,LOW,56,PARTIAL
C06973,Ngo Minh Lan,1998-11-29,Dong Nai,LOW,36,FULL
C06974,Le Minh Nam,1995-04-21,Quang Ninh,LOW,51,FULL
C06975,Le Gia Hoang,1971-12-04,Quang Ninh,MEDIUM,49,FULL
C06976,Tran Ngoc Son,1977-12-31,Vung Tau,MEDIUM,20,PARTIAL
C06977,Pham Huu Phuc,1979-12-26,Ha Noi,LOW,25,FULL
C06978,Tran Tuan Vy,1990-10-27,Ha Noi,MEDIUM,10,PARTIAL
C06979,Phan Duc Son,1967-05-31,Dong Nai,LOW,25,FULL
C06980,Duong Hai Anh,1978-12-15,Can Tho,LOW,68,FULL
C06981,Do Xuan Nhung,1983-10-03,Hai Phong,LOW,52,FULL
C06982,Ho Duc Anh,2000-03-15,Hue,LOW,54,PARTIAL
C06983,Phan Xuan Kiet,1983-10-15,Quang Ninh,LOW,41,FULL
C06984,Le Khanh An,1997-12-20,Can Tho,LOW,21,FULL
C06985,Duong Thi Binh,1965-03-21,Ho Chi Minh,MEDIUM,33,FULL
C06986,Duong Tuan Nam,1976-12-16,Dong Nai,MEDIUM,73,PARTIAL
C06987,Vo Khanh Hoang,1987-05-03,Ha Noi,HIGH,80,FULL
C06988,Huynh Thanh Dat,1985-06-11,Ha Noi,LOW,21,FULL
C06989,Bui Hai An,1977-09-02,Ha Noi,LOW,46,PARTIAL
C06990,Le Xuan Khang,1980-10-18,Quang Ninh,LOW,27,FULL
C06991,Tran Hai Khoa,1969-03-12,Can Tho,HIGH,87,FULL
C06992,Duong Quoc An,1967-07-11,Hue,LOW,31,FULL
C06993,Do Duc Anh,1994-08-23,Ha Noi,LOW,46,FULL
C06994,Dang Huu Hoang,2000-09-18,Vung Tau,MEDIUM,64,FULL
C06995,Vu Thu Binh,1987-05-26,Da Nang,HIGH,71,FULL
C06996,Le Thu An,1966-08-06,Hai Phong,MEDIUM,33,FULL
C06997,Vu Gia Nhung,1968-12-19,Ho Chi Minh,LOW,14,PARTIAL
C06998,Ngo Ngoc Kiet,1989-11-16,Dong Nai,LOW,29,FULL
C06999,Le Thu Vy,1966-12-30,Hai Phong,LOW,70,FULL
C07000,Vu Ngoc An,1978-01-24,Nha Trang,LOW,53,FULL
C07001,Dang Ngoc Linh,1975-03-01,Nha Trang,MEDIUM,75,FULL
C07002,Phan Xuan Trang,1980-07-26,Hue,LOW,41,FULL
C07003,Bui Thu Binh,1979-10-21,Ho Chi Minh,LOW,43,FULL
C07004,Phan Hai Son,1994-08-13,Vung Tau,LOW,43,FULL
C07005,Bui Quoc Long,1975-12-25,Ha Noi,LOW,69,FULL
C07006,Pham Hai An,1983-09-05,Ho Chi Minh,LOW,20,FULL
C07007,Phan Thanh Trang,1993-08-03,Quang Ninh,LOW,7,FULL
C07008,Pham Khanh Trang,1968-04-26,Hue,MEDIUM,78,FULL
C07009,Dang Ngoc Anh,1983-04-10,Hai Phong,MEDIUM,30,FULL
C07010,Ngo Minh Trang,1989-12-08,Ho Chi Minh,LOW,70,FULL
C07011,Duong Gia Nhung,1975-05-11,Vung Tau,LOW,81,FULL
C07012,Le Quoc Hoang,1986-05-11,Quang Ninh,LOW,75,FULL
C07013,Ho Huu Trang,1966-12-20,Dong Nai,LOW,43,FULL
C07014,Dang Thanh Hoang,1999-09-21,Quang Ninh,LOW,43,PARTIAL
C07015,Vu Thi Vy,1975-04-13,Vung Tau,LOW,94,FULL
C07016,Bui Gia Dat,1992-01-19,Hai Phong,LOW,35,FULL
C07017,Phan Hai Kiet,1989-06-22,Hue,LOW,51,FULL
C07018,Phan Thi Trang,1979-11-18,Nha Trang,LOW,61,FULL
C07019,Le Minh Khoa,1984-06-25,Hue,LOW,90,FULL
C07020,Do Duc Binh,2001-12-16,Da Nang,LOW,75,FULL
C07021,Bui Minh Lan,1985-09-14,Ho Chi Minh,MEDIUM,21,FULL
C07022,Vo Minh Hoang,1961-02-10,Vung Tau,MEDIUM,57,FULL
C07023,Pham Minh Trang,1979-12-13,Quang Ninh,HIGH,46,FULL
C07024,Hoang Minh Huy,1973-07-05,Quang Ninh,LOW,34,PARTIAL
C07025,Ho Van Nam,1978-10-09,Hue,LOW,63,PARTIAL
C07026,Do Hai Hoang,1969-08-15,Ho Chi Minh,MEDIUM,34,FULL
C07027,Bui Thanh Binh,1981-02-21,Can Tho,HIGH,91,PARTIAL
C07028,Le Thi Hoang,1987-07-21,Can Tho,MEDIUM,13,FULL
C07029,Nguyen Quoc Binh,1998-09-22,Vung Tau,MEDIUM,75,FULL
C07030,Phan Van An,1999-10-11,Nha Trang,LOW,94,FULL
C07031,Ho Xuan Long,1985-02-26,Hai Phong,MEDIUM,84,FULL
C07032,Do Quoc Nam,1979-04-12,Quang Ninh,HIGH,62,FULL
C07033,Bui Ngoc Kiet,1994-05-08,Nha Trang,MEDIUM,47,FULL
C07034,Bui Duc Vy,1997-12-24,Dong Nai,LOW,76,FULL
C07035,Vu Quoc Phuc,1990-04-18,Nha Trang,LOW,21,FULL
C07036,Le Duc Trang,1969-11-06,Hue,MEDIUM,74,FULL
C07037,Huynh Gia Nhung,1974-04-08,Hai Phong,LOW,92,FULL
C07038,Nguyen Huu Bao,1984-12-13,Hai Phong,LOW,55,FULL
C07039,Phan Thanh Vy,1978-03-07,Can Tho,LOW,40,FULL
C07040,Vu Duc Long,1970-08-21,Ho Chi Minh,MEDIUM,27,PARTIAL
C07041,Ngo Thanh Linh,1986-05-21,Vung Tau,LOW,70,FULL
C07042,Tran Hoang Anh,1983-06-27,Vung Tau,LOW,33,FULL
C07043,Vu Thi Nhung,1995-12-09,Ha Noi,LOW,91,FULL
C07044,Ho Thu Anh,1973-07-13,Vung Tau,LOW,6,FULL
C07045,Phan Minh Lan,2004-10-30,Quang Ninh,LOW,77,FULL
C07046,Vo Gia Bao,1960-09-19,Vung Tau,LOW,22,FULL
C07047,Do Thi Binh,1997-03-26,Nha Trang,LOW,44,FULL
C07048,Ngo Minh Hoang,1985-12-16,Hue,LOW,64,FULL
C07049,Nguyen Hoang Khang,1991-10-27,Da Nang,LOW,34,FULL
C07050,Nguyen Ngoc Anh,2005-01-13,Hai Phong,LOW,35,PARTIAL
C07051,Bui Huu Bao,1984-04-18,Ho Chi Minh,LOW,61,FULL
C07052,Bui Gia Khoa,1964-12-01,Ha Noi,LOW,83,FULL
C07053,Vu Xuan Khoa,1962-09-26,Da Nang,LOW,90,FULL
C07054,Dang Quoc Vy,1988-11-06,Ha Noi,LOW,60,FULL
C07055,Vu Tuan An,2002-05-12,Da Nang,LOW,54,FULL
C07056,Dang Thi Lan,2004-06-16,Ha Noi,LOW,25,FULL
C07057,Vo Thi Long,1987-05-27,Ho Chi Minh,MEDIUM,66,FULL
C07058,Do Ngoc Lan,1964-07-20,Dong Nai,LOW,70,FULL
C07059,Le Khanh Vy,1996-12-22,Nha Trang,LOW,67,FULL
C07060,Bui Quoc Vy,1968-03-13,Ho Chi Minh,LOW,53,FULL
C07061,Ho Van Bao,1961-01-14,Ha Noi,HIGH,34,FULL
C07062,Vu Tuan An,2000-06-26,Quang Ninh,LOW,43,FULL
C07063,Huynh Huu Huy,1994-07-24,Hai Phong,LOW,68,FULL
C07064,Do Gia Khang,1991-06-27,Hue,LOW,37,FULL
C07065,Nguyen Hoang Binh,1993-07-10,Dong Nai,LOW,77,FULL
C07066,Huynh Xuan Dat,2005-02-23,Ha Noi,LOW,91,FULL
C07067,Hoang Thanh Linh,2002-10-25,Ha Noi,LOW,35,FULL
C07068,Hoang Khanh Bao,1984-03-31,Ho Chi Minh,LOW,80,PARTIAL
C07069,Le Hai Dat,1999-08-17,Ho Chi Minh,LOW,30,FULL
C07070,Hoang Thu Kiet,1966-08-22,Hai Phong,LOW,45,FULL
C07071,Nguyen Tuan Bao,2005-12-06,Nha Trang,LOW,57,FULL
C07072,Do Gia Huy,1960-12-11,Quang Ninh,LOW,50,FULL
C07073,Dang Tuan Huy,1985-12-01,Dong Nai,LOW,93,FULL
C07074,Tran Quoc Kiet,1974-03-16,Dong Nai,LOW,55,FULL
C07075,Huynh Xuan Khoa,1997-10-09,Can Tho,LOW,34,FULL
C07076,Duong Thanh Huy,1981-04-09,Hai Phong,MEDIUM,40,FULL
C07077,Phan Thi Binh,1996-10-02,Quang Ninh,LOW,80,FULL
C07078,Le Huu Son,1964-11-29,Ho Chi Minh,MEDIUM,25,FULL
C07079,Le Duc Nhung,1997-02-07,Hai Phong,LOW,40,FULL
C07080,Nguyen Thanh Anh,1976-07-25,Dong Nai,LOW,28,FULL
C07081,Vo Quoc Khoa,1975-03-22,Nha Trang,LOW,30,FULL
C07082,Phan Van Bao,1990-07-01,Can Tho,LOW,27,FULL
C07083,Hoang Thu An,1989-05-09,Hue,MEDIUM,91,FULL
C07084,Le Van Khang,1994-07-23,Hai Phong,LOW,69,PARTIAL
C07085,Ho Hai Huy,1961-08-26,Hai Phong,LOW,7,FULL
C07086,Ngo Huu Bao,1992-06-21,Ho Chi Minh,MEDIUM,12,FULL
C07087,Ngo Xuan Nhung,1984-05-02,Quang Ninh,MEDIUM,86,FULL
C07088,Le Van Hoang,1984-12-21,Hue,LOW,74,PARTIAL
C07089,Pham Gia Son,1962-07-19,Dong Nai,MEDIUM,66,FULL
C07090,Pham Khanh Binh,1980-03-31,Da Nang,LOW,37,FULL
C07091,Bui Huu Hoang,1978-12-20,Hai Phong,LOW,47,FULL
C07092,Le Thu Linh,1961-09-15,Vung Tau,HIGH,66,FULL
C07093,Nguyen Tuan Hoang,1975-07-03,Hue,LOW,58,PARTIAL
C07094,Duong Van An,2004-12-26,Hai Phong,HIGH,50,FULL
C07095,Bui Xuan Son,1980-11-16,Ha Noi,LOW,86,FULL
C07096,Ho Huu Huy,2001-03-01,Hue,LOW,48,PARTIAL
C07097,Dang Thanh Anh,1998-02-22,Can Tho,MEDIUM,18,FULL
C07098,Bui Xuan Hoang,1973-12-21,Quang Ninh,MEDIUM,6,FULL
C07099,Ngo Thanh Dat,1994-09-08,Ho Chi Minh,LOW,33,FULL
C07100,Bui Hai Son,1993-04-25,Can Tho,LOW,54,PARTIAL
C07101,Vo Thu Tung,1999-04-27,Ha Noi,LOW,84,FULL
C07102,Dang Hai Kiet,1962-05-20,Quang Ninh,LOW,93,FULL
C07103,Dang Khanh Huy,2004-07-29,Nha Trang,LOW,69,FULL
C07104,Ngo Thu Son,1985-05-30,Nha Trang,LOW,35,FULL
C07105,Phan Hai Son,1986-09-06,Quang Ninh,LOW,56,FULL
C07106,Le Thu Bao,2000-01-20,Hue,MEDIUM,82,FULL
C07107,Le Thi Lan,2000-05-24,Da Nang,LOW,73,FULL
C07108,Do Thi Dat,1996-10-08,Dong Nai,LOW,56,FULL
C07109,Bui Khanh Khoa,1992-09-27,Ha Noi,LOW,39,FULL
C07110,Nguyen Gia Khoa,1967-09-21,Nha Trang,HIGH,36,FULL
C07111,Tran Tuan Son,2002-02-27,Da Nang,LOW,13,FULL
C07112,Dang Hoang Phuc,1983-09-25,Hai Phong,MEDIUM,56,FULL
C07113,Bui Xuan Lan,1998-11-13,Da Nang,MEDIUM,52,FULL
C07114,Ngo Minh Vy,1974-01-08,Nha Trang,LOW,34,PARTIAL
C07115,Vo Minh Kiet,1990-01-08,Ha Noi,LOW,91,FULL
C07116,Huynh Tuan Khoa,1971-02-18,Hue,LOW,27,FULL
C07117,Tran Thu Nhung,1982-03-13,Vung Tau,HIGH,28,FULL
C07118,Ho Hoang Vy,2004-02-26,Nha Trang,LOW,41,FULL
C07119,Do Khanh Kiet,1983-12-05,Da Nang,LOW,94,FULL
C07120,Duong Tuan Nam,2000-09-04,Ho Chi Minh,LOW,95,PARTIAL
C07121,Pham Minh Bao,1987-09-30,Quang Ninh,LOW,45,PARTIAL
C07122,Pham Khanh Trang,1994-02-25,Quang Ninh,LOW,83,FULL
C07123,Vu Thanh Anh,1993-08-22,Can Tho,LOW,25,FULL
C07124,Vu Hai Trang,1971-05-29,Vung Tau,HIGH,25,FULL
C07125,Vo Minh An,1993-01-10,Da Nang,HIGH,45,FULL
C07126,Nguyen Hoang Tung,1962-05-21,Ho Chi Minh,MEDIUM,79,FULL
C07127,Dang Hai Nam,1972-12-04,Can Tho,LOW,67,FULL
C07128,Pham Hoang Kiet,1965-05-13,Can Tho,MEDIUM,94,PARTIAL
C07129,Ho Van Trang,2005-10-05,Nha Trang,LOW,40,FULL
C07130,Ngo Hoang An,1980-08-17,Ha Noi,LOW,18,FULL
C07131,Tran Minh Dat,1991-08-31,Ho Chi Minh,HIGH,78,FULL
C07132,Phan Gia Phuc,1968-10-04,Ho Chi Minh,LOW,81,FULL
C07133,Nguyen Ngoc Anh,1961-02-14,Hue,MEDIUM,13,FULL
C07134,Dang Tuan Linh,1966-11-28,Ha Noi,LOW,30,FULL
C07135,Dang Khanh Hoang,1987-05-21,Ho Chi Minh,LOW,15,FULL
C07136,Phan Ngoc Binh,1968-12-18,Hue,LOW,41,FULL
C07137,Bui Minh Binh,2002-01-01,Hue,LOW,28,FULL
C07138,Dang Minh Khoa,1964-06-15,Nha Trang,LOW,43,PARTIAL
C07139,Do Khanh Trang,1979-06-28,Dong Nai,MEDIUM,8,PARTIAL
C07140,Hoang Gia Tung,1961-03-02,Quang Ninh,LOW,41,FULL
C07141,Hoang Thi Lan,1975-11-17,Hue,LOW,59,FULL
C07142,Vo Khanh Hoang,1969-07-19,Can Tho,HIGH,65,FULL
C07143,Ngo Huu Bao,1977-03-05,Da Nang,LOW,20,FULL
C07144,Vo Xuan Long,2003-06-17,Hue,LOW,78,PARTIAL
C07145,Nguyen Gia Trang,1984-01-21,Ha Noi,LOW,46,FULL
C07146,Vo Khanh Lan,1968-08-17,Ho Chi Minh,LOW,74,FULL
C07147,Vo Tuan Trang,1995-06-20,Hue,LOW,61,FULL
C07148,Duong Thanh Dat,1994-02-16,Hai Phong,LOW,17,FULL
C07149,Huynh Xuan Long,1960-09-14,Hai Phong,LOW,93,FULL
C07150,Dang Tuan Kiet,1971-03-29,Da Nang,LOW,61,FULL
C07151,Vu Gia Phuc,1998-03-24,Hue,MEDIUM,67,FULL
C07152,Dang Van Tung,1985-06-20,Can Tho,LOW,12,FULL
C07153,Huynh Thu Lan,1977-02-03,Da Nang,LOW,94,FULL
C07154,Vo Thu Vy,1965-08-31,Hai Phong,LOW,77,FULL
C07155,Vu Tuan Binh,1962-05-05,Can Tho,MEDIUM,11,FULL
C07156,Le Van Khang,1970-06-02,Hai Phong,LOW,47,FULL
C07157,Phan Quoc Long,1973-12-24,Vung Tau,LOW,14,FULL
C07158,Tran Van Khang,1999-06-18,Dong Nai,LOW,33,FULL
C07159,Duong Tuan Phuc,1981-04-01,Vung Tau,LOW,90,FULL
C07160,Le Khanh Anh,1994-12-26,Hai Phong,LOW,5,FULL
C07161,Nguyen Khanh Tung,1966-11-19,Ho Chi Minh,LOW,49,FULL
C07162,Ngo Duc Anh,1993-12-10,Quang Ninh,MEDIUM,75,FULL
C07163,Duong Van Nam,1994-11-09,Vung Tau,LOW,68,FULL
C07164,Bui Tuan Binh,1972-10-01,Quang Ninh,LOW,77,FULL
C07165,Vo Duc Kiet,1975-10-28,Vung Tau,LOW,23,PARTIAL
C07166,Phan Xuan Bao,1964-04-08,Da Nang,MEDIUM,7,FULL
C07167,Pham Xuan Khoa,1972-09-02,Ho Chi Minh,HIGH,27,FULL
C07168,Phan Quoc Phuc,1983-09-18,Nha Trang,HIGH,84,FULL
C07169,Vo Ngoc Trang,1981-04-08,Can Tho,LOW,88,FULL
C07170,Do Huu Dat,1984-04-25,Quang Ninh,LOW,42,FULL
C07171,Hoang Hai Tung,2001-11-08,Hai Phong,LOW,81,FULL
C07172,Tran Khanh Anh,1997-04-02,Dong Nai,LOW,79,FULL
C07173,Duong Thi An,2002-09-13,Quang Ninh,LOW,5,FULL
C07174,Nguyen Thu Bao,1969-06-22,Vung Tau,MEDIUM,61,FULL
C07175,Duong Hai Long,1964-06-07,Dong Nai,LOW,63,FULL
C07176,Hoang Thu Binh,2002-02-17,Ha Noi,LOW,46,FULL
C07177,Dang Van Nam,1963-09-15,Vung Tau,LOW,58,FULL
C07178,Tran Thi Nam,2004-10-10,Ho Chi Minh,LOW,59,FULL
C07179,Ngo Khanh Khang,1969-01-16,Hue,LOW,72,FULL
C07180,Bui Hoang Tung,1987-03-28,Ho Chi Minh,HIGH,70,FULL
C07181,Bui Van Phuc,1984-01-09,Can Tho,MEDIUM,33,FULL
C07182,Tran Gia Binh,1973-03-26,Nha Trang,MEDIUM,11,FULL
C07183,Huynh Thi Nhung,1985-09-04,Can Tho,LOW,78,FULL
C07184,Duong Huu Trang,1969-09-20,Can Tho,LOW,26,FULL
C07185,Hoang Gia An,1973-06-25,Can Tho,MEDIUM,6,FULL
C07186,Hoang Gia Khoa,1963-03-04,Hai Phong,LOW,49,FULL
C07187,Dang Huu Son,1996-06-05,Can Tho,LOW,27,FULL
C07188,Nguyen Hai Linh,1996-06-27,Ha Noi,LOW,32,FULL
C07189,Le Ngoc Long,1966-08-29,Dong Nai,MEDIUM,44,FULL
C07190,Tran Thu Linh,1997-05-13,Vung Tau,LOW,63,FULL
C07191,Duong Ngoc Tung,1967-11-21,Hue,MEDIUM,79,FULL
C07192,Ngo Van Kiet,1980-08-29,Hue,LOW,21,FULL
C07193,Ngo Hai Nam,1973-08-30,Quang Ninh,LOW,37,PARTIAL
C07194,Vo Hoang Binh,1961-08-08,Nha Trang,MEDIUM,74,FULL
C07195,Pham Thi Lan,2001-04-11,Hue,LOW,50,FULL
C07196,Tran Thu Kiet,1962-02-08,Can Tho,LOW,82,FULL
C07197,Le Thu Trang,1984-02-11,Can Tho,LOW,84,PARTIAL
C07198,Ngo Duc Khang,1992-11-18,Nha Trang,LOW,65,FULL
C07199,Vu Ngoc Nhung,1989-07-02,Dong Nai,LOW,41,FULL
C07200,Duong Tuan Trang,1997-09-28,Da Nang,MEDIUM,60,PARTIAL
C07201,Ngo Xuan Dat,1995-12-22,Vung Tau,LOW,36,FULL
C07202,Bui Hoang Trang,1971-03-22,Ha Noi,MEDIUM,80,FULL
C07203,Duong Minh Anh,2005-11-05,Ho Chi Minh,MEDIUM,65,FULL
C07204,Huynh Thi Trang,1986-09-28,Hue,MEDIUM,49,FULL
C07205,Vu Xuan An,1993-03-15,Vung Tau,LOW,92,FULL
C07206,Tran Quoc Dat,1987-01-26,Ho Chi Minh,LOW,93,FULL
C07207,Dang Ngoc Long,1977-05-15,Dong Nai,MEDIUM,91,FULL
C07208,Dang Quoc Nhung,1979-11-15,Nha Trang,LOW,87,FULL
C07209,Huynh Quoc Phuc,1979-04-25,Nha Trang,HIGH,85,PARTIAL
C07210,Le Minh Nam,1991-12-09,Da Nang,MEDIUM,46,FULL
C07211,Nguyen Thanh Kiet,1962-02-11,Ho Chi Minh,LOW,14,FULL
C07212,Nguyen Khanh Anh,1992-09-05,Vung Tau,LOW,49,FULL
C07213,Vu Thi Phuc,1965-04-09,Hue,LOW,12,FULL
C07214,Do Thi Phuc,1995-01-30,Hai Phong,LOW,89,FULL
C07215,Vu Thi Anh,2000-09-08,Dong Nai,LOW,63,PARTIAL
C07216,Le Hai Nam,1962-05-12,Dong Nai,LOW,31,FULL
C07217,Duong Khanh An,2002-04-16,Nha Trang,HIGH,45,PARTIAL
C07218,Nguyen Hai Phuc,2005-12-15,Dong Nai,HIGH,35,PARTIAL
C07219,Ngo Thu Son,1985-08-12,Dong Nai,MEDIUM,8,FULL
C07220,Tran Thu Vy,1985-03-31,Ha Noi,HIGH,89,FULL
C07221,Ngo Duc Huy,1967-02-24,Hue,HIGH,19,PARTIAL
C07222,Le Tuan Bao,1997-06-07,Can Tho,MEDIUM,47,PARTIAL
C07223,Phan Tuan Huy,1969-09-22,Hue,LOW,77,PARTIAL
C07224,Bui Hai Khoa,2002-03-17,Ha Noi,LOW,95,FULL
C07225,Le Quoc Vy,1965-12-24,Quang Ninh,LOW,36,FULL
C07226,Huynh Hoang Huy,1999-09-26,Nha Trang,LOW,9,FULL
C07227,Vu Thanh Trang,1984-04-17,Ho Chi Minh,LOW,45,FULL
C07228,Ho Quoc Khang,1966-12-25,Da Nang,LOW,43,FULL
C07229,Pham Quoc Anh,2004-09-10,Can Tho,LOW,10,FULL
C07230,Ngo Duc Nam,1999-04-13,Vung Tau,LOW,23,FULL
C07231,Duong Thu Nam,2003-05-20,Da Nang,LOW,91,FULL
C07232,Vo Huu Nam,1986-05-27,Hue,LOW,90,FULL
C07233,Vu Gia An,1975-10-12,Dong Nai,HIGH,37,FULL
C07234,Ho Xuan Hoang,1967-10-14,Ha Noi,LOW,21,PARTIAL
C07235,Phan Thu Vy,1969-12-10,Dong Nai,HIGH,19,FULL
C07236,Dang Khanh Nhung,1983-04-17,Dong Nai,LOW,62,FULL
C07237,Bui Huu Huy,1961-08-15,Da Nang,LOW,22,FULL
C07238,Duong Duc Khang,1961-12-13,Ha Noi,LOW,24,FULL
C07239,Do Gia Tung,1981-10-24,Hai Phong,LOW,86,FULL
C07240,Pham Thanh Anh,1973-03-07,Dong Nai,LOW,6,FULL
C07241,Vo Quoc Trang,1962-01-11,Hai Phong,LOW,66,FULL
C07242,Do Thanh Khang,1983-12-22,Ho Chi Minh,LOW,50,FULL
C07243,Ho Thi Vy,1987-03-01,Vung Tau,LOW,47,FULL
C07244,Ngo Ngoc Trang,1996-08-02,Ha Noi,MEDIUM,55,FULL
C07245,Ngo Thanh Nhung,1982-08-10,Can Tho,LOW,66,FULL
C07246,Vo Thu Vy,1966-01-02,Quang Ninh,LOW,84,FULL
C07247,Bui Thu Trang,1969-11-27,Ho Chi Minh,HIGH,39,PARTIAL
C07248,Dang Gia Hoang,1963-01-26,Hue,MEDIUM,85,FULL
C07249,Vu Khanh Linh,1980-01-14,Nha Trang,MEDIUM,40,FULL
C07250,Bui Huu Son,1976-10-16,Hai Phong,MEDIUM,36,FULL
C07251,Tran Quoc Khang,1991-09-18,Da Nang,LOW,43,FULL
C07252,Pham Hai Khoa,2003-02-26,Vung Tau,LOW,77,FULL
C07253,Do Khanh An,1973-09-09,Nha Trang,LOW,41,FULL
C07254,Huynh Xuan Anh,1997-12-26,Quang Ninh,LOW,12,FULL
C07255,Vo Duc Anh,1967-09-15,Ho Chi Minh,LOW,16,PARTIAL
C07256,Huynh Van Binh,1966-06-03,Ha Noi,LOW,76,FULL
C07257,Le Thi Phuc,1977-12-03,Quang Ninh,LOW,74,FULL
C07258,Ho Gia An,1992-12-27,Ha Noi,LOW,61,PARTIAL
C07259,Nguyen Huu Vy,1980-08-10,Hue,LOW,76,FULL
C07260,Do Khanh Tung,2005-09-12,Vung Tau,LOW,49,PARTIAL
C07261,Huynh Huu Nhung,1979-04-23,Da Nang,MEDIUM,64,FULL
C07262,Ngo Gia An,1971-09-14,Hue,HIGH,39,FULL
C07263,Bui Minh Bao,1999-08-22,Hue,HIGH,68,FULL
C07264,Vo Ngoc Tung,1967-03-30,Hai Phong,MEDIUM,56,FULL
C07265,Phan Xuan Tung,1987-10-05,Ha Noi,LOW,34,PARTIAL
C07266,Ngo Duc Nhung,1986-05-30,Can Tho,HIGH,36,FULL
C07267,Pham Xuan Son,1973-07-13,Ha Noi,LOW,80,FULL
C07268,Huynh Hoang Hoang,1971-09-16,Can Tho,LOW,75,FULL
C07269,Tran Hoang Huy,1999-11-13,Can Tho,LOW,53,FULL
C07270,Do Ngoc Long,1995-11-15,Ha Noi,LOW,90,PARTIAL
C07271,Hoang Thi Trang,2000-10-01,Ha Noi,LOW,5,FULL
C07272,Ngo Ngoc Bao,1979-10-24,Hai Phong,LOW,5,FULL
C07273,Do Hai Binh,1972-04-25,Hai Phong,LOW,12,FULL
C07274,Do Xuan Anh,1981-03-07,Da Nang,LOW,89,FULL
C07275,Vo Xuan Tung,1999-05-20,Vung Tau,MEDIUM,72,FULL
C07276,Do Quoc Nam,1969-05-06,Nha Trang,LOW,47,FULL
C07277,Ho Tuan Trang,1993-10-08,Dong Nai,LOW,58,FULL
C07278,Huynh Khanh An,2000-01-06,Hai Phong,LOW,13,FULL
C07279,Phan Thu Nhung,1997-06-27,Hue,LOW,8,FULL
C07280,Duong Xuan Khang,1965-10-01,Can Tho,HIGH,20,FULL
C07281,Ho Thu Nam,1989-10-06,Vung Tau,MEDIUM,80,FULL
C07282,Vu Tuan Trang,1978-01-13,Hai Phong,HIGH,69,FULL
C07283,Hoang Xuan Huy,1961-12-19,Quang Ninh,LOW,56,FULL
C07284,Ngo Xuan Phuc,1983-11-09,Hue,LOW,44,FULL
C07285,Dang Van Tung,1991-03-27,Da Nang,MEDIUM,54,FULL
C07286,Huynh Ngoc Long,1973-08-17,Ha Noi,LOW,38,FULL
C07287,Dang Huu Nhung,1967-04-09,Hai Phong,MEDIUM,32,FULL
C07288,Hoang Minh Lan,1987-01-22,Da Nang,LOW,20,FULL
C07289,Phan Ngoc Lan,1970-05-27,Quang Ninh,LOW,78,FULL
C07290,Ho Van Trang,1988-11-19,Dong Nai,HIGH,73,PARTIAL
C07291,Pham Huu Kiet,1977-01-13,Hue,LOW,60,FULL
C07292,Dang Gia Hoang,1980-11-07,Nha Trang,LOW,94,FULL
C07293,Ngo Thu Dat,1966-02-27,Nha Trang,LOW,15,FULL
C07294,Tran Thanh Binh,1974-04-06,Ha Noi,MEDIUM,49,FULL
C07295,Hoang Hai Tung,1982-10-23,Hue,MEDIUM,43,FULL
C07296,Vu Minh Son,1961-04-18,Da Nang,HIGH,77,FULL
C07297,Huynh Thanh Phuc,2004-02-01,Quang Ninh,LOW,48,FULL
C07298,Vo Huu Phuc,1975-09-08,Vung Tau,LOW,7,FULL
C07299,Vu Ngoc Huy,1966-07-10,Dong Nai,LOW,95,FULL
C07300,Huynh Duc An,1996-02-17,Dong Nai,MEDIUM,19,FULL
C07301,Nguyen Tuan Binh,1965-11-05,Hai Phong,HIGH,10,FULL
C07302,Tran Xuan Binh,1994-07-14,Can Tho,LOW,28,FULL
C07303,Duong Thanh Hoang,1963-10-10,Quang Ninh,MEDIUM,89,FULL
C07304,Le Huu Trang,1969-06-21,Ha Noi,MEDIUM,66,FULL
C07305,Bui Van Son,1994-05-08,Ho Chi Minh,MEDIUM,28,FULL
C07306,Hoang Thu Long,1981-01-28,Nha Trang,LOW,7,PARTIAL
C07307,Do Quoc Phuc,2000-06-28,Ho Chi Minh,LOW,19,FULL
C07308,Tran Minh Phuc,1962-03-14,Nha Trang,LOW,68,FULL
C07309,Hoang Thu Bao,2001-08-14,Ho Chi Minh,HIGH,7,FULL
C07310,Nguyen Duc Nhung,1977-09-23,Can Tho,LOW,74,FULL
C07311,Bui Hoang Khang,1999-12-23,Da Nang,LOW,18,FULL
C07312,Pham Hoang Son,1969-05-18,Nha Trang,LOW,89,FULL
C07313,Pham Van Long,1991-04-25,Dong Nai,LOW,46,FULL
C07314,Do Minh Nam,1979-10-29,Hue,MEDIUM,79,PARTIAL
C07315,Ho Van Anh,1974-11-17,Hai Phong,LOW,38,PARTIAL
C07316,Vu Khanh Khang,1996-09-19,Ha Noi,MEDIUM,72,FULL
C07317,Ngo Ngoc Long,1998-03-04,Ha Noi,LOW,80,FULL
C07318,Huynh Tuan Anh,2005-03-18,Hai Phong,MEDIUM,78,FULL
C07319,Duong Ngoc Son,1972-05-30,Dong Nai,LOW,48,PARTIAL
C07320,Ho Tuan An,1964-05-16,Hue,HIGH,95,FULL
C07321,Le Tuan Nam,1969-04-15,Hai Phong,LOW,21,FULL
C07322,Vu Duc Khoa,1977-12-20,Hai Phong,LOW,24,FULL
C07323,Vu Hoang Bao,1979-05-15,Nha Trang,LOW,76,FULL
C07324,Duong Hoang Long,2002-02-02,Ho Chi Minh,LOW,74,FULL
C07325,Dang Khanh Khoa,1999-11-11,Quang Ninh,HIGH,33,FULL
C07326,Ngo Quoc Son,1962-02-01,Dong Nai,LOW,95,FULL
C07327,Vo Thanh An,2001-01-26,Quang Ninh,LOW,23,FULL
C07328,Duong Van Linh,1976-07-24,Nha Trang,LOW,89,FULL
C07329,Ho Tuan Khoa,1993-11-23,Quang Ninh,LOW,52,FULL
C07330,Phan Hai Phuc,1964-10-06,Vung Tau,LOW,9,PARTIAL
C07331,Tran Hai Linh,1998-12-15,Vung Tau,LOW,65,FULL
C07332,Pham Hoang Phuc,1987-09-23,Ho Chi Minh,LOW,75,PARTIAL
C07333,Le Hoang Nam,1991-05-11,Quang Ninh,LOW,38,FULL
C07334,Phan Thi Lan,2004-04-08,Quang Ninh,LOW,73,FULL
C07335,Vo Thu Linh,1984-01-28,Can Tho,LOW,62,FULL
C07336,Hoang Van Lan,2003-01-08,Ho Chi Minh,MEDIUM,8,PARTIAL
C07337,Dang Thu Tung,1995-02-07,Can Tho,HIGH,83,FULL
C07338,Le Quoc Dat,1961-10-18,Dong Nai,LOW,41,FULL
C07339,Vo Hoang Nhung,2000-08-31,Can Tho,LOW,82,FULL
C07340,Vu Gia Dat,1966-09-27,Quang Ninh,MEDIUM,85,FULL
C07341,Ngo Hai Khoa,1973-10-24,Dong Nai,LOW,78,FULL
C07342,Vo Thu Khang,1971-03-09,Can Tho,MEDIUM,59,FULL
C07343,Pham Huu Kiet,1973-09-07,Hai Phong,HIGH,61,FULL
C07344,Nguyen Ngoc Dat,1971-07-01,Ho Chi Minh,MEDIUM,61,FULL
C07345,Tran Hai Lan,1976-09-25,Hai Phong,MEDIUM,43,FULL
C07346,Dang Tuan Vy,2001-01-05,Ho Chi Minh,LOW,18,FULL
C07347,Vu Ngoc Kiet,1990-07-03,Da Nang,LOW,37,PARTIAL
C07348,Duong Minh Linh,2004-08-13,Dong Nai,HIGH,31,FULL
C07349,Vu Khanh Khang,1978-12-08,Hue,LOW,48,FULL
C07350,Hoang Huu Huy,1983-10-02,Dong Nai,LOW,9,FULL
C07351,Ngo Duc Son,1964-01-07,Vung Tau,LOW,21,PARTIAL
C07352,Huynh Minh Dat,1973-08-12,Ha Noi,LOW,62,FULL
C07353,Dang Van Lan,1981-10-16,Hue,MEDIUM,76,FULL
C07354,Le Duc Nhung,1965-03-05,Hue,LOW,53,FULL
C07355,Hoang Hai Tung,1978-11-13,Hai Phong,LOW,54,PARTIAL
C07356,Bui Xuan Dat,1963-02-08,Hue,LOW,73,FULL
C07357,Huynh Xuan Tung,1985-09-18,Nha Trang,LOW,21,FULL
C07358,Nguyen Hoang Tung,1960-10-09,Vung Tau,LOW,7,FULL
C07359,Pham Huu Tung,1983-04-29,Ha Noi,LOW,21,FULL
C07360,Huynh Tuan Linh,2003-01-24,Nha Trang,LOW,73,FULL
C07361,Ngo Van Trang,1999-05-03,Vung Tau,LOW,83,FULL
C07362,Dang Van Tung,1992-12-21,Ho Chi Minh,LOW,10,PARTIAL
C07363,Hoang Thi Lan,1966-03-23,Nha Trang,LOW,89,FULL
C07364,Dang Tuan Linh,1967-12-31,Hue,HIGH,24,PARTIAL
C07365,Bui Van Trang,1991-01-06,Ho Chi Minh,LOW,17,FULL
C07366,Tran Thanh Nhung,1995-10-24,Hue,LOW,21,FULL
C07367,Ho Khanh Lan,1960-04-14,Vung Tau,LOW,7,FULL
C07368,Phan Thi Vy,1960-01-26,Nha Trang,LOW,5,FULL
C07369,Nguyen Ngoc Khoa,1982-01-01,Dong Nai,LOW,62,PARTIAL
C07370,Duong Thi Binh,1990-07-04,Ho Chi Minh,LOW,42,FULL
C07371,Nguyen Minh Dat,1996-06-27,Hue,LOW,89,FULL
C07372,Dang Duc Nhung,1981-04-05,Dong Nai,LOW,74,FULL
C07373,Phan Thi Linh,1980-04-08,Ho Chi Minh,LOW,60,FULL
C07374,Nguyen Xuan Tung,1992-04-25,Can Tho,LOW,46,FULL
C07375,Bui Xuan Hoang,1997-05-15,Quang Ninh,LOW,10,FULL
C07376,Le Thu Khoa,2005-01-06,Ho Chi Minh,LOW,91,FULL
C07377,Ngo Thanh Trang,1983-01-30,Ha Noi,LOW,48,FULL
C07378,Phan Van Binh,1998-06-03,Can Tho,MEDIUM,33,FULL
C07379,Tran Tuan Nhung,1997-05-04,Da Nang,LOW,72,FULL
C07380,Huynh Van Dat,1994-08-20,Ha Noi,LOW,13,FULL
C07381,Huynh Hoang Dat,1966-10-11,Vung Tau,LOW,63,FULL
C07382,Ho Xuan Anh,1968-02-24,Ha Noi,LOW,64,FULL
C07383,Huynh Thanh Linh,1965-11-28,Hue,LOW,16,FULL
C07384,Do Gia Vy,1972-12-25,Quang Ninh,LOW,79,FULL
C07385,Le Thi Trang,1972-02-15,Dong Nai,LOW,48,FULL
C07386,Tran Thu Lan,1984-12-17,Ho Chi Minh,HIGH,55,FULL
C07387,Nguyen Xuan Binh,1969-01-05,Dong Nai,HIGH,68,FULL
C07388,Phan Thanh Linh,1962-09-16,Ho Chi Minh,LOW,87,PARTIAL
C07389,Ho Thu Anh,1964-02-29,Hai Phong,MEDIUM,12,FULL
C07390,Hoang Van Anh,1980-10-26,Quang Ninh,LOW,6,FULL
C07391,Phan Duc Son,1988-02-23,Hue,LOW,94,FULL
C07392,Phan Khanh Bao,1971-03-02,Da Nang,LOW,64,FULL
C07393,Bui Xuan Bao,1980-10-07,Vung Tau,LOW,23,FULL
C07394,Vu Duc Long,1998-05-25,Dong Nai,LOW,56,FULL
C07395,Vu Van Long,1992-05-27,Quang Ninh,LOW,55,PARTIAL
C07396,Dang Hai Hoang,1998-11-07,Nha Trang,LOW,86,FULL
C07397,Ho Tuan Phuc,1975-12-22,Ha Noi,LOW,50,FULL
C07398,Duong Hai Son,1982-12-30,Quang Ninh,LOW,16,FULL
C07399,Le Tuan Trang,1992-04-15,Ha Noi,LOW,57,FULL
C07400,Ho Minh Anh,1971-12-30,Ha Noi,LOW,57,FULL
C07401,Do Thi Hoang,1993-11-22,Quang Ninh,LOW,34,FULL
C07402,Tran Huu Kiet,1964-11-12,Hue,LOW,89,PARTIAL
C07403,Tran Gia An,1981-07-19,Ho Chi Minh,HIGH,54,FULL
C07404,Huynh Hai Dat,1980-12-04,Hai Phong,LOW,84,FULL
C07405,Huynh Tuan Lan,1968-06-02,Hue,LOW,13,FULL
C07406,Le Thi Nam,1963-06-09,Hai Phong,LOW,60,FULL
C07407,Vu Khanh Bao,1961-08-06,Dong Nai,LOW,30,FULL
C07408,Hoang Quoc Khang,1974-08-13,Ho Chi Minh,LOW,26,FULL
C07409,Le Duc Hoang,1972-10-09,Ha Noi,LOW,80,FULL
C07410,Dang Thanh Kiet,1995-05-25,Da Nang,LOW,19,FULL
C07411,Huynh Thi Khang,2005-10-15,Nha Trang,LOW,74,FULL
C07412,Hoang Thi Long,2005-04-15,Ha Noi,LOW,21,FULL
C07413,Duong Huu Hoang,1989-03-11,Ha Noi,LOW,55,FULL
C07414,Le Minh Binh,1979-07-09,Nha Trang,LOW,25,FULL
C07415,Vo Xuan Khoa,1971-07-31,Hue,LOW,60,PARTIAL
C07416,Pham Hoang Lan,2004-01-01,Dong Nai,LOW,9,FULL
C07417,Dang Xuan Tung,1996-03-03,Hue,LOW,30,FULL
C07418,Dang Hai Hoang,1996-01-29,Ha Noi,LOW,42,FULL
C07419,Le Van Huy,1993-12-27,Ha Noi,LOW,50,FULL
C07420,Hoang Gia Dat,2002-11-08,Dong Nai,MEDIUM,91,FULL
C07421,Bui Van Hoang,1963-02-14,Ho Chi Minh,HIGH,7,FULL
C07422,Bui Ngoc Dat,1966-02-19,Hai Phong,MEDIUM,30,PARTIAL
C07423,Huynh Van Long,1973-09-08,Hue,LOW,90,FULL
C07424,Dang Gia Trang,1978-07-05,Hai Phong,LOW,13,FULL
C07425,Duong Quoc Vy,1982-08-26,Can Tho,LOW,76,FULL
C07426,Huynh Thu Dat,1989-06-15,Quang Ninh,MEDIUM,59,PARTIAL
C07427,Phan Khanh Vy,1974-12-12,Hai Phong,LOW,81,PARTIAL
C07428,Pham Xuan Long,1960-02-29,Da Nang,HIGH,75,FULL
C07429,Vu Khanh Dat,1998-11-26,Vung Tau,LOW,15,FULL
C07430,Tran Tuan Long,1997-11-25,Can Tho,MEDIUM,18,FULL
C07431,Ngo Duc Lan,1998-02-21,Dong Nai,MEDIUM,32,FULL
C07432,Bui Van Binh,1988-10-13,Ho Chi Minh,LOW,64,FULL
C07433,Bui Tuan An,1988-01-12,Ha Noi,HIGH,76,FULL
C07434,Vu Gia Nhung,1971-07-20,Vung Tau,MEDIUM,42,FULL
C07435,Dang Khanh Hoang,2004-10-26,Quang Ninh,MEDIUM,47,FULL
C07436,Do Xuan Khoa,2005-07-14,Hai Phong,LOW,38,FULL
C07437,Huynh Thanh Khoa,1982-02-10,Can Tho,MEDIUM,85,FULL
C07438,Do Thi Khoa,2003-10-26,Ho Chi Minh,LOW,6,FULL
C07439,Ho Thanh Kiet,2002-09-03,Hai Phong,MEDIUM,18,FULL
C07440,Phan Ngoc Kiet,1985-02-10,Hai Phong,MEDIUM,51,FULL
C07441,Hoang Minh Binh,1971-01-02,Da Nang,LOW,49,PARTIAL
C07442,Pham Ngoc Nhung,1975-12-09,Ha Noi,LOW,72,PARTIAL
C07443,Do Thu Nhung,2005-06-09,Nha Trang,LOW,11,PARTIAL
C07444,Huynh Gia Bao,1972-01-03,Nha Trang,LOW,87,FULL
C07445,Vu Khanh Trang,1999-10-20,Quang Ninh,LOW,55,FULL
C07446,Nguyen Van An,1976-12-01,Ha Noi,MEDIUM,94,FULL
C07447,Tran Ngoc Son,1981-08-14,Hai Phong,LOW,60,FULL
C07448,Le Thi Huy,1997-05-29,Quang Ninh,LOW,25,FULL
C07449,Duong Xuan Vy,1990-01-07,Hue,LOW,36,FULL
C07450,Ngo Tuan Bao,1996-08-22,Nha Trang,MEDIUM,84,FULL
C07451,Bui Ngoc Son,1975-07-16,Dong Nai,LOW,71,FULL
C07452,Vu Quoc Kiet,1990-11-29,Vung Tau,HIGH,82,FULL
C07453,Ho Xuan Phuc,1979-11-02,Hue,MEDIUM,49,FULL
C07454,Hoang Xuan Khoa,1999-11-14,Da Nang,MEDIUM,26,FULL
C07455,Tran Gia Trang,1984-02-12,Quang Ninh,LOW,79,FULL
C07456,Tran Quoc Nam,1975-12-02,Quang Ninh,MEDIUM,49,FULL
C07457,Pham Minh Lan,2001-02-01,Vung Tau,LOW,18,FULL
C07458,Bui Duc Anh,1964-09-03,Vung Tau,LOW,79,FULL
C07459,Ngo Duc Tung,1982-12-26,Nha Trang,LOW,87,FULL
C07460,Tran Van Nhung,1992-09-05,Ho Chi Minh,LOW,45,PARTIAL
C07461,Dang Khanh Long,1971-01-10,Can Tho,MEDIUM,27,FULL
C07462,Hoang Thu Trang,1981-08-18,Hai Phong,MEDIUM,40,FULL
C07463,Le Tuan Vy,1977-04-16,Quang Ninh,LOW,33,PARTIAL
C07464,Ngo Duc Lan,1973-05-05,Ho Chi Minh,LOW,63,FULL
C07465,Dang Thu Dat,2000-05-12,Vung Tau,HIGH,52,FULL
C07466,Ngo Minh Phuc,2001-07-07,Hue,HIGH,14,PARTIAL
C07467,Duong Ngoc Lan,1996-11-10,Ho Chi Minh,LOW,89,FULL
C07468,Le Tuan Linh,1964-11-08,Hue,HIGH,64,FULL
C07469,Vo Quoc Trang,1998-10-15,Hue,LOW,24,FULL
C07470,Ngo Khanh Long,2005-03-26,Dong Nai,LOW,53,FULL
C07471,Le Minh Trang,1988-11-27,Can Tho,LOW,23,FULL
C07472,Vo Ngoc Khoa,1975-05-24,Ho Chi Minh,LOW,70,FULL
C07473,Huynh Tuan Vy,1980-03-21,Ha Noi,HIGH,28,FULL
C07474,Vo Quoc Linh,1986-12-06,Ha Noi,HIGH,82,FULL
C07475,Tran Xuan Bao,1989-05-18,Ho Chi Minh,MEDIUM,27,FULL
C07476,Huynh Huu Long,1999-09-17,Da Nang,LOW,93,FULL
C07477,Le Ngoc Huy,1985-10-16,Dong Nai,HIGH,56,FULL
C07478,Pham Hoang Trang,1981-06-01,Hai Phong,MEDIUM,24,PARTIAL
C07479,Pham Khanh Kiet,1975-06-30,Nha Trang,LOW,50,PARTIAL
C07480,Duong Xuan Phuc,1966-07-20,Da Nang,LOW,20,FULL
C07481,Do Van Trang,1998-03-14,Da Nang,LOW,76,FULL
C07482,Do Huu Huy,1993-04-05,Hai Phong,HIGH,45,FULL
C07483,Phan Minh Dat,1965-11-25,Dong Nai,LOW,16,PARTIAL
C07484,Ngo Ngoc Long,1973-07-14,Ho Chi Minh,LOW,39,FULL
C07485,Ho Ngoc Dat,1994-10-28,Vung Tau,LOW,44,FULL
C07486,Ngo Xuan Huy,1968-02-12,Hue,LOW,28,FULL
C07487,Tran Duc Binh,1975-05-01,Ho Chi Minh,LOW,60,FULL
C07488,Do Thi Binh,1996-05-24,Ha Noi,HIGH,91,FULL
C07489,Ngo Quoc Linh,2003-07-07,Hai Phong,LOW,76,PARTIAL
C07490,Vo Tuan Nam,1987-09-11,Can Tho,LOW,88,FULL
C07491,Phan Xuan Nam,1965-06-18,Hue,LOW,16,PARTIAL
C07492,Bui Duc Nhung,1969-12-23,Ha Noi,LOW,8,FULL
C07493,Duong Ngoc An,1973-08-16,Hai Phong,LOW,32,FULL
C07494,Vo Minh Dat,1960-12-18,Vung Tau,LOW,87,FULL
C07495,Vu Xuan Bao,1968-12-18,Ho Chi Minh,LOW,19,PARTIAL
C07496,Dang Xuan Bao,1978-05-30,Ha Noi,LOW,20,FULL
C07497,Tran Khanh Binh,1997-03-01,Hai Phong,LOW,82,FULL
C07498,Huynh Hai Lan,1989-06-30,Vung Tau,MEDIUM,59,FULL
C07499,Ngo Hai Tung,1965-10-17,Da Nang,LOW,32,FULL
C07500,Le Quoc Khang,1999-03-22,Da Nang,LOW,61,FULL
C07501,Ho Hai Phuc,1970-02-26,Can Tho,HIGH,6,FULL
C07502,Tran Tuan Binh,2001-07-25,Vung Tau,LOW,9,PARTIAL
C07503,Phan Khanh Vy,1966-06-02,Da Nang,HIGH,57,FULL
C07504,Phan Hai Lan,1978-07-01,Ha Noi,MEDIUM,57,FULL
C07505,Vu Tuan Hoang,1961-08-13,Hai Phong,LOW,77,FULL
C07506,Hoang Duc Son,1995-05-30,Da Nang,MEDIUM,35,FULL
C07507,Tran Gia Nhung,1976-10-30,Nha Trang,LOW,75,FULL
C07508,Do Thanh Son,1967-06-25,Quang Ninh,LOW,51,FULL
C07509,Tran Ngoc Linh,1984-07-13,Da Nang,LOW,78,FULL
C07510,Hoang Duc Khang,1984-11-12,Can Tho,HIGH,24,FULL
C07511,Huynh Thi Nhung,1989-07-16,Hue,LOW,71,FULL
C07512,Hoang Quoc Khoa,1966-01-29,Ho Chi Minh,LOW,64,FULL
C07513,Huynh Thanh An,1962-03-24,Ha Noi,LOW,18,FULL
C07514,Ho Thi Hoang,1984-01-31,Hai Phong,MEDIUM,36,FULL
C07515,Tran Huu Khoa,2001-02-28,Ho Chi Minh,MEDIUM,67,PARTIAL
C07516,Ngo Van Vy,1991-05-29,Quang Ninh,HIGH,62,PARTIAL
C07517,Ngo Huu Nhung,1979-10-31,Vung Tau,LOW,71,FULL
C07518,Tran Hai Nhung,1993-08-03,Da Nang,LOW,42,FULL
C07519,Le Thi An,1967-02-10,Can Tho,LOW,11,FULL
C07520,Dang Quoc Anh,1984-08-25,Hai Phong,MEDIUM,55,FULL
C07521,Phan Ngoc Linh,1960-04-06,Da Nang,LOW,76,FULL
C07522,Le Minh An,1961-11-22,Dong Nai,MEDIUM,93,FULL
C07523,Do Thi Phuc,1989-12-15,Can Tho,LOW,29,FULL
C07524,Le Thanh Anh,1989-12-24,Vung Tau,LOW,81,PARTIAL
C07525,Tran Tuan Khang,1987-10-31,Quang Ninh,MEDIUM,50,PARTIAL
C07526,Ngo Tuan Dat,1999-06-05,Dong Nai,LOW,66,FULL
C07527,Nguyen Khanh Bao,1978-09-22,Hue,LOW,30,FULL
C07528,Nguyen Thi Long,1975-08-28,Ha Noi,LOW,72,PARTIAL
C07529,Phan Xuan Dat,1964-03-27,Can Tho,LOW,28,FULL
C07530,Dang Thanh Trang,1961-06-10,Vung Tau,LOW,57,FULL
C07531,Dang Thi Anh,1978-12-28,Can Tho,MEDIUM,87,FULL
C07532,Phan Thi Long,1998-08-19,Dong Nai,MEDIUM,74,FULL
C07533,Huynh Duc Dat,1969-07-30,Ho Chi Minh,LOW,43,FULL
C07534,Dang Ngoc Long,2001-11-19,Quang Ninh,LOW,95,PARTIAL
C07535,Dang Xuan Kiet,1999-07-28,Da Nang,LOW,15,PARTIAL
C07536,Huynh Tuan Lan,2005-06-03,Hue,LOW,29,PARTIAL
C07537,Bui Van Huy,1984-08-20,Da Nang,LOW,14,FULL
C07538,Hoang Tuan Dat,1997-02-05,Nha Trang,LOW,51,FULL
C07539,Phan Ngoc Phuc,1986-12-23,Can Tho,LOW,86,FULL
C07540,Huynh Van Linh,1976-06-14,Nha Trang,MEDIUM,73,FULL
C07541,Ho Xuan Binh,1992-01-28,Dong Nai,LOW,84,FULL
C07542,Le Khanh Son,1998-09-09,Dong Nai,LOW,61,FULL
C07543,Le Quoc Phuc,1986-08-31,Hai Phong,LOW,71,FULL
C07544,Bui Thanh Tung,2004-11-10,Hai Phong,HIGH,75,FULL
C07545,Do Tuan Huy,1983-01-01,Da Nang,MEDIUM,20,FULL
C07546,Dang Thanh Vy,1967-02-01,Da Nang,LOW,7,FULL
C07547,Vu Hoang Anh,1974-10-23,Hue,LOW,23,PARTIAL
C07548,Huynh Van Huy,1979-06-10,Hai Phong,LOW,13,PARTIAL
C07549,Do Huu Khoa,1976-07-29,Vung Tau,LOW,50,FULL
C07550,Le Duc Hoang,1969-08-19,Hai Phong,LOW,82,FULL
C07551,Le Thanh Huy,1965-06-27,Hue,MEDIUM,71,FULL
C07552,Hoang Hoang Phuc,1969-11-15,Ho Chi Minh,LOW,95,FULL
C07553,Hoang Huu Nhung,1986-05-31,Da Nang,LOW,67,PARTIAL
C07554,Nguyen Xuan Nam,1963-09-13,Nha Trang,LOW,80,PARTIAL
C07555,Ngo Khanh Trang,2005-06-16,Hue,LOW,36,FULL
C07556,Le Tuan Lan,1972-10-22,Vung Tau,LOW,22,FULL
C07557,Nguyen Minh Bao,2000-11-27,Hai Phong,LOW,37,PARTIAL
C07558,Bui Xuan Anh,1997-08-01,Vung Tau,LOW,38,FULL
C07559,Ho Quoc Lan,1975-02-18,Ha Noi,LOW,41,FULL
C07560,Duong Thi Son,1990-03-28,Ho Chi Minh,MEDIUM,5,FULL
C07561,Hoang Hai Hoang,1980-08-11,Ho Chi Minh,MEDIUM,67,FULL
C07562,Tran Quoc Anh,1962-07-23,Hue,MEDIUM,42,FULL
C07563,Nguyen Hoang Binh,2001-10-20,Can Tho,LOW,41,FULL
C07564,Ngo Huu Binh,1978-01-29,Nha Trang,LOW,69,PARTIAL
C07565,Nguyen Ngoc Binh,2002-03-02,Quang Ninh,LOW,21,FULL
C07566,Ngo Ngoc Nhung,1978-05-17,Da Nang,LOW,71,FULL
C07567,Bui Tuan Khang,1981-04-02,Hai Phong,LOW,29,FULL
C07568,Vo Thi Linh,1991-09-26,Ho Chi Minh,LOW,24,FULL
C07569,Hoang Van An,1983-05-18,Ha Noi,LOW,90,FULL
C07570,Bui Thu Vy,1962-09-07,Ho Chi Minh,LOW,89,PARTIAL
C07571,Vo Hai Binh,1973-12-07,Quang Ninh,LOW,6,FULL
C07572,Duong Thu Anh,1981-11-06,Dong Nai,MEDIUM,81,FULL
C07573,Le Hoang Phuc,1988-03-25,Dong Nai,LOW,32,FULL
C07574,Ngo Thu Phuc,1967-02-02,Hue,LOW,61,PARTIAL
C07575,Huynh Van Bao,1981-07-07,Da Nang,LOW,68,FULL
C07576,Bui Khanh Lan,1993-03-05,Vung Tau,LOW,73,FULL
C07577,Ngo Tuan Khoa,1975-09-15,Ha Noi,LOW,21,PARTIAL
C07578,Ho Gia Linh,2003-12-07,Can Tho,LOW,62,PARTIAL
C07579,Pham Tuan Hoang,1969-10-07,Vung Tau,LOW,73,PARTIAL
C07580,Le Minh Long,1960-09-11,Vung Tau,LOW,52,FULL
C07581,Do Hoang Bao,1992-12-07,Hai Phong,MEDIUM,5,FULL
C07582,Tran Minh Bao,1996-04-06,Hue,LOW,89,FULL
C07583,Nguyen Tuan Kiet,1964-11-09,Can Tho,MEDIUM,22,FULL
C07584,Huynh Khanh Khang,1987-05-06,Da Nang,LOW,47,FULL
C07585,Nguyen Huu Vy,1967-03-17,Hue,MEDIUM,41,PARTIAL
C07586,Ngo Tuan Tung,1999-05-12,Hai Phong,LOW,36,FULL
C07587,Vu Tuan Khoa,2000-05-20,Hai Phong,MEDIUM,24,FULL
C07588,Vu Ngoc Khoa,2004-08-22,Ho Chi Minh,LOW,51,FULL
C07589,Pham Huu Khoa,1976-12-30,Dong Nai,HIGH,71,FULL
C07590,Ngo Xuan An,2000-04-22,Nha Trang,LOW,51,FULL
C07591,Vo Duc Dat,1997-01-04,Vung Tau,LOW,24,FULL
C07592,Pham Gia Vy,1994-03-19,Hai Phong,LOW,5,FULL
C07593,Nguyen Huu Nhung,1975-09-03,Vung Tau,LOW,94,FULL
C07594,Nguyen Huu Khang,1992-03-25,Ho Chi Minh,LOW,86,FULL
C07595,Le Thanh Binh,1975-06-08,Quang Ninh,HIGH,73,FULL
C07596,Huynh Thu Kiet,1973-12-29,Can Tho,LOW,72,FULL
C07597,Huynh Duc Nam,1976-07-22,Ho Chi Minh,HIGH,95,PARTIAL
C07598,Ho Thu Nam,1960-10-15,Vung Tau,LOW,5,FULL
C07599,Pham Ngoc Trang,1973-03-18,Can Tho,MEDIUM,92,FULL
C07600,Hoang Ngoc Binh,1990-03-06,Nha Trang,LOW,40,FULL
C07601,Nguyen Tuan Khang,1976-03-19,Da Nang,MEDIUM,64,FULL
C07602,Ngo Quoc Huy,1991-06-19,Quang Ninh,LOW,72,FULL
C07603,Dang Thanh Vy,1975-10-09,Ha Noi,MEDIUM,30,FULL
C07604,Ngo Hoang Linh,1996-09-28,Ha Noi,LOW,31,FULL
C07605,Nguyen Xuan Linh,1973-07-18,Nha Trang,LOW,49,PARTIAL
C07606,Huynh Thi Linh,1966-12-19,Dong Nai,LOW,12,FULL
C07607,Ngo Thi Dat,1983-11-07,Can Tho,LOW,60,PARTIAL
C07608,Le Gia Nhung,1968-01-23,Ho Chi Minh,LOW,10,FULL
C07609,Nguyen Minh Son,2005-12-12,Ho Chi Minh,MEDIUM,21,FULL
C07610,Do Quoc Son,1970-02-15,Can Tho,LOW,85,FULL
C07611,Tran Thi Khang,1975-01-26,Da Nang,LOW,8,FULL
C07612,Ho Khanh Anh,1995-08-28,Nha Trang,MEDIUM,16,FULL
C07613,Vo Xuan Nam,1991-04-06,Hue,LOW,15,FULL
C07614,Dang Huu Nhung,1996-10-12,Hai Phong,LOW,64,FULL
C07615,Ngo Xuan Nhung,1963-07-11,Ho Chi Minh,MEDIUM,45,FULL
C07616,Phan Gia Lan,1964-03-21,Vung Tau,HIGH,90,FULL
C07617,Phan Khanh Vy,1971-12-24,Nha Trang,HIGH,77,FULL
C07618,Huynh Van Hoang,2001-09-06,Hue,LOW,11,PARTIAL
C07619,Tran Thu Son,1975-06-07,Dong Nai,HIGH,48,FULL
C07620,Phan Tuan Phuc,1964-10-09,Can Tho,LOW,7,FULL
C07621,Do Minh An,1968-02-12,Hai Phong,MEDIUM,69,FULL
C07622,Vu Thi Phuc,1972-10-30,Hue,LOW,44,FULL
C07623,Huynh Minh Long,1986-03-19,Quang Ninh,LOW,75,PARTIAL
C07624,Tran Hoang Binh,1987-01-21,Hue,MEDIUM,42,FULL
C07625,Huynh Huu Binh,1985-02-08,Ho Chi Minh,LOW,21,FULL
C07626,Duong Tuan Bao,1970-01-06,Quang Ninh,HIGH,11,FULL
C07627,Nguyen Hoang Khoa,1967-02-22,Hai Phong,LOW,86,FULL
C07628,Duong Huu Long,2001-05-06,Vung Tau,LOW,49,PARTIAL
C07629,Vo Quoc Huy,1965-04-18,Ho Chi Minh,LOW,66,PARTIAL
C07630,Vo Tuan Khang,1986-01-12,Vung Tau,LOW,51,PARTIAL
C07631,Le Thu Bao,1970-06-05,Quang Ninh,MEDIUM,51,PARTIAL
C07632,Ho Gia Hoang,1979-08-07,Nha Trang,LOW,5,PARTIAL
C07633,Phan Van Trang,2001-08-07,Dong Nai,MEDIUM,72,FULL
C07634,Bui Thi Trang,2001-02-08,Vung Tau,MEDIUM,80,FULL
C07635,Phan Duc Khoa,1977-01-22,Hai Phong,LOW,22,FULL
C07636,Duong Quoc Nhung,1999-03-21,Quang Ninh,HIGH,79,PARTIAL
C07637,Phan Van Bao,1968-12-01,Quang Ninh,HIGH,52,FULL
C07638,Phan Hoang Vy,1967-06-25,Quang Ninh,LOW,5,FULL
C07639,Vu Gia Nhung,1980-10-25,Can Tho,LOW,59,FULL
C07640,Hoang Thanh Huy,1967-11-22,Hai Phong,LOW,85,PARTIAL
C07641,Ngo Minh Son,1977-01-14,Vung Tau,LOW,83,PARTIAL
C07642,Duong Xuan An,1985-10-14,Dong Nai,LOW,90,FULL
C07643,Bui Thi Tung,1983-04-02,Ho Chi Minh,LOW,94,FULL
C07644,Ho Hoang Kiet,2003-06-24,Nha Trang,LOW,20,FULL
C07645,Pham Quoc Long,1965-10-18,Ha Noi,LOW,78,FULL
C07646,Nguyen Thu Trang,1984-11-24,Ho Chi Minh,LOW,55,PARTIAL
C07647,Vu Khanh Long,1962-03-24,Ho Chi Minh,LOW,86,FULL
C07648,Bui Thu Trang,1965-01-10,Da Nang,MEDIUM,42,FULL
C07649,Vo Minh An,2003-10-13,Quang Ninh,MEDIUM,88,FULL
C07650,Vu Minh Tung,1983-10-21,Can Tho,LOW,45,FULL
C07651,Duong Thanh Lan,1983-03-14,Da Nang,HIGH,12,FULL
C07652,Vu Duc Long,1971-08-23,Nha Trang,LOW,24,FULL
C07653,Vu Van Long,2004-04-05,Da Nang,LOW,5,FULL
C07654,Pham Thanh Khoa,1962-04-26,Hai Phong,LOW,38,PARTIAL
C07655,Dang Huu Khang,1961-05-07,Ha Noi,HIGH,24,FULL
C07656,Do Thu Binh,1970-04-01,Dong Nai,LOW,35,FULL
C07657,Vu Xuan Kiet,1973-01-15,Hue,LOW,72,FULL
C07658,Vu Khanh Kiet,1976-06-16,Vung Tau,LOW,93,FULL
C07659,Phan Tuan Khoa,1981-03-22,Hai Phong,LOW,25,FULL
C07660,Tran Khanh Phuc,1969-02-09,Ho Chi Minh,LOW,10,FULL
C07661,Hoang Huu Kiet,1962-04-09,Dong Nai,LOW,5,FULL
C07662,Bui Duc Trang,1978-02-03,Ho Chi Minh,LOW,43,PARTIAL
C07663,Hoang Hai An,1979-02-01,Hue,LOW,69,FULL
C07664,Vu Gia Dat,1962-10-02,Quang Ninh,LOW,58,FULL
C07665,Vu Thu Linh,1960-01-23,Ha Noi,HIGH,79,FULL
C07666,Phan Quoc Son,1994-02-05,Ha Noi,LOW,59,FULL
C07667,Phan Huu Linh,1962-08-06,Ha Noi,LOW,10,FULL
C07668,Pham Van Anh,1966-08-27,Hai Phong,LOW,89,FULL
C07669,Dang Duc Kiet,1961-11-29,Ho Chi Minh,LOW,43,FULL
C07670,Tran Xuan Tung,1976-04-07,Dong Nai,LOW,45,FULL
C07671,Pham Quoc Tung,1985-04-19,Hai Phong,HIGH,40,FULL
C07672,Dang Thanh Linh,1975-01-29,Quang Ninh,LOW,77,FULL
C07673,Tran Huu Kiet,1961-04-09,Vung Tau,MEDIUM,26,FULL
C07674,Tran Khanh Phuc,1986-11-13,Vung Tau,LOW,31,PARTIAL
C07675,Duong Minh Huy,1982-03-22,Da Nang,LOW,61,FULL
C07676,Hoang Quoc Dat,1991-12-26,Nha Trang,HIGH,17,FULL
C07677,Vo Duc Trang,1987-04-17,Ha Noi,LOW,50,FULL
C07678,Hoang Tuan Lan,1987-05-05,Hue,LOW,89,FULL
C07679,Vu Minh Bao,1982-01-04,Da Nang,LOW,5,FULL
C07680,Tran Thanh Vy,1986-06-08,Hai Phong,MEDIUM,35,FULL
C07681,Ho Minh Linh,1972-06-22,Da Nang,LOW,33,FULL
C07682,Bui Thi Son,1978-09-04,Quang Ninh,MEDIUM,73,FULL
C07683,Huynh Quoc Tung,1989-03-19,Can Tho,LOW,69,FULL
C07684,Do Tuan Son,1972-01-30,Can Tho,LOW,7,FULL
C07685,Ngo Thanh Hoang,2001-10-02,Da Nang,LOW,81,PARTIAL
C07686,Vo Van Khang,1991-11-18,Dong Nai,MEDIUM,71,FULL
C07687,Le Hai Dat,1994-10-06,Ha Noi,LOW,75,FULL
C07688,Ho Huu Son,1998-09-10,Hue,MEDIUM,38,FULL
C07689,Tran Thanh Lan,1998-03-04,Hue,LOW,21,FULL
C07690,Duong Thu Long,1975-11-03,Ha Noi,LOW,20,FULL
C07691,Vo Quoc Tung,1966-04-22,Can Tho,LOW,78,PARTIAL
C07692,Hoang Van Nhung,1987-06-13,Ho Chi Minh,LOW,89,FULL
C07693,Pham Van Phuc,1979-01-17,Dong Nai,MEDIUM,36,FULL
C07694,Ho Khanh Dat,1987-09-10,Hue,LOW,47,FULL
C07695,Hoang Thi Son,2003-08-15,Ha Noi,LOW,22,PARTIAL
C07696,Tran Huu Son,1982-07-27,Vung Tau,LOW,81,PARTIAL
C07697,Tran Gia Binh,1999-06-24,Dong Nai,LOW,16,FULL
C07698,Ho Quoc Dat,1987-06-27,Can Tho,LOW,63,FULL
C07699,Tran Thi Trang,1997-03-28,Quang Ninh,MEDIUM,34,FULL
C07700,Ngo Quoc Tung,1965-07-25,Quang Ninh,LOW,81,FULL
C07701,Huynh Khanh Linh,1993-09-10,Ho Chi Minh,LOW,47,FULL
C07702,Dang Hai Trang,1998-01-21,Quang Ninh,MEDIUM,42,PARTIAL
C07703,Nguyen Minh Lan,1972-09-26,Vung Tau,LOW,6,FULL
C07704,Nguyen Thi An,1977-02-14,Vung Tau,LOW,83,PARTIAL
C07705,Pham Thu An,1992-11-25,Dong Nai,LOW,60,FULL
C07706,Pham Hai Trang,1973-03-20,Vung Tau,MEDIUM,16,FULL
C07707,Vu Thanh Nam,2001-10-12,Ho Chi Minh,LOW,11,FULL
C07708,Nguyen Quoc Lan,2002-11-23,Hue,LOW,27,FULL
C07709,Ngo Hoang An,1999-10-20,Hue,LOW,87,FULL
C07710,Do Ngoc Binh,1999-03-08,Hai Phong,MEDIUM,87,FULL
C07711,Do Huu Tung,1972-02-19,Hue,LOW,72,FULL
C07712,Nguyen Duc Anh,1999-04-13,Nha Trang,LOW,36,FULL
C07713,Bui Thanh Tung,1973-09-17,Hue,HIGH,46,FULL
C07714,Le Ngoc Trang,1996-10-07,Hue,LOW,71,FULL
C07715,Le Ngoc Linh,1962-03-01,Hue,LOW,14,FULL
C07716,Hoang Gia Linh,1977-02-09,Da Nang,LOW,84,FULL
C07717,Bui Thi Trang,1970-05-24,Vung Tau,LOW,25,FULL
C07718,Duong Gia Bao,1996-01-25,Hai Phong,LOW,56,FULL
C07719,Phan Van Bao,1976-10-12,Can Tho,LOW,46,FULL
C07720,Ho Van Huy,1979-10-14,Da Nang,LOW,90,FULL
C07721,Vu Thanh Linh,1976-05-28,Nha Trang,LOW,45,FULL
C07722,Nguyen Thanh Lan,1963-06-10,Quang Ninh,LOW,66,FULL
C07723,Hoang Hai Khoa,1980-12-18,Ho Chi Minh,LOW,60,FULL
C07724,Tran Hoang Nam,1966-02-05,Ha Noi,LOW,65,FULL
C07725,Le Khanh Binh,1964-08-04,Quang Ninh,LOW,67,FULL
C07726,Dang Thanh Nhung,1995-08-05,Can Tho,LOW,17,FULL
C07727,Nguyen Thanh Binh,1993-10-18,Nha Trang,LOW,32,FULL
C07728,Pham Thu Kiet,1978-10-20,Nha Trang,MEDIUM,59,FULL
C07729,Do Thanh Phuc,1983-04-25,Can Tho,MEDIUM,32,FULL
C07730,Le Hai Huy,1990-07-09,Hue,LOW,16,FULL
C07731,Tran Hai Khang,1975-02-08,Hai Phong,LOW,82,FULL
C07732,Ngo Quoc Hoang,1997-06-14,Nha Trang,LOW,5,FULL
C07733,Tran Hoang Son,1963-06-14,Ho Chi Minh,LOW,45,FULL
C07734,Vo Van Nhung,1987-12-14,Hai Phong,LOW,71,FULL
C07735,Tran Gia Huy,1970-04-09,Nha Trang,LOW,9,PARTIAL
C07736,Huynh Khanh Long,1978-05-28,Dong Nai,HIGH,46,FULL
C07737,Phan Thu Bao,1960-05-28,Hai Phong,LOW,57,FULL
C07738,Vo Hai Tung,1973-02-13,Can Tho,LOW,7,FULL
C07739,Pham Huu Phuc,1974-12-05,Da Nang,MEDIUM,82,FULL
C07740,Tran Huu Long,1998-11-30,Dong Nai,MEDIUM,61,FULL
C07741,Phan Xuan Son,1991-07-30,Hue,LOW,51,FULL
C07742,Hoang Xuan Bao,1999-05-23,Hai Phong,LOW,70,FULL
C07743,Duong Thi An,1967-02-18,Vung Tau,LOW,56,FULL
C07744,Nguyen Huu Nhung,1967-08-12,Ha Noi,LOW,28,FULL
C07745,Vo Thi Phuc,1965-12-02,Dong Nai,LOW,65,FULL
C07746,Huynh Thu Dat,1974-10-28,Ho Chi Minh,LOW,36,PARTIAL
C07747,Ho Thu Anh,1975-11-07,Can Tho,LOW,63,FULL
C07748,Nguyen Quoc Binh,1991-04-30,Dong Nai,LOW,60,FULL
C07749,Bui Minh Khang,1987-08-18,Da Nang,LOW,26,FULL
C07750,Nguyen Hai Phuc,1994-11-17,Hai Phong,LOW,27,FULL
C07751,Duong Duc Son,2003-03-02,Nha Trang,LOW,83,FULL
C07752,Hoang Khanh Vy,1994-08-07,Nha Trang,LOW,80,FULL
C07753,Vu Tuan Khang,2000-01-10,Ha Noi,LOW,78,PARTIAL
C07754,Duong Van Tung,2000-10-01,Vung Tau,LOW,91,FULL
C07755,Le Thanh Binh,1966-01-23,Vung Tau,LOW,18,FULL
C07756,Do Ngoc Vy,1984-08-11,Ho Chi Minh,MEDIUM,61,FULL
C07757,Duong Xuan Linh,2004-03-25,Dong Nai,MEDIUM,68,FULL
C07758,Vo Xuan Trang,1974-09-26,Hai Phong,LOW,19,FULL
C07759,Duong Quoc Anh,1982-07-13,Da Nang,LOW,74,FULL
C07760,Ngo Minh Anh,1968-02-19,Nha Trang,HIGH,31,PARTIAL
C07761,Vu Hoang Nhung,1963-11-08,Hue,LOW,52,FULL
C07762,Vo Hoang Nhung,1994-02-15,Quang Ninh,MEDIUM,70,FULL
C07763,Hoang Quoc Linh,1969-04-01,Can Tho,MEDIUM,5,FULL
C07764,Bui Thu Dat,1985-06-12,Ha Noi,HIGH,72,FULL
C07765,Vo Minh Anh,1981-11-14,Nha Trang,HIGH,74,FULL
C07766,Do Duc Khoa,1982-12-29,Hai Phong,LOW,52,PARTIAL
C07767,Le Thu Nam,1968-10-29,Quang Ninh,MEDIUM,64,FULL
C07768,Phan Hai Tung,1977-07-31,Hai Phong,LOW,25,FULL
C07769,Hoang Minh Tung,1987-11-08,Vung Tau,LOW,18,FULL
C07770,Bui Hai Khoa,1970-08-01,Quang Ninh,LOW,51,FULL
C07771,Vo Xuan Dat,1967-06-17,Ho Chi Minh,HIGH,10,PARTIAL
C07772,Phan Quoc Trang,1990-03-23,Hai Phong,LOW,93,FULL
C07773,Ngo Gia Linh,2002-07-25,Hue,LOW,82,FULL
C07774,Huynh Ngoc Nhung,1990-09-15,Nha Trang,LOW,92,PARTIAL
C07775,Pham Thi Hoang,1976-04-20,Hue,LOW,83,FULL
C07776,Le Van Nam,1997-03-16,Quang Ninh,LOW,58,PARTIAL
C07777,Huynh Thu Trang,1974-05-21,Nha Trang,LOW,9,FULL
C07778,Vo Thanh Linh,1987-11-09,Da Nang,LOW,43,FULL
C07779,Bui Huu Vy,1972-11-12,Dong Nai,LOW,68,FULL
C07780,Phan Duc Son,1983-10-28,Quang Ninh,LOW,35,FULL
C07781,Pham Thanh Huy,1962-08-27,Vung Tau,LOW,8,FULL
C07782,Phan Thi Kiet,1962-08-28,Nha Trang,LOW,72,PARTIAL
C07783,Ngo Thanh Phuc,1992-10-10,Da Nang,LOW,36,FULL
C07784,Ho Minh Anh,2001-11-21,Da Nang,LOW,63,FULL
C07785,Tran Thi Bao,1968-06-02,Quang Ninh,LOW,81,PARTIAL
C07786,Vo Huu Lan,1973-07-14,Vung Tau,MEDIUM,63,PARTIAL
C07787,Hoang Van Binh,1982-10-15,Vung Tau,MEDIUM,92,FULL
C07788,Le Tuan An,1992-05-13,Hue,LOW,86,FULL
C07789,Nguyen Duc Dat,1996-05-24,Ha Noi,HIGH,15,FULL
C07790,Pham Duc Vy,1996-01-07,Vung Tau,LOW,56,FULL
C07791,Hoang Hai Long,1960-06-13,Vung Tau,LOW,46,FULL
C07792,Vu Thi An,2000-01-13,Hue,LOW,34,FULL
C07793,Tran Thanh Phuc,1964-12-09,Vung Tau,MEDIUM,14,FULL
C07794,Duong Gia Khoa,1993-07-22,Quang Ninh,LOW,55,FULL
C07795,Duong Duc Hoang,1996-02-25,Ho Chi Minh,HIGH,29,FULL
C07796,Vu Gia Bao,1960-03-23,Vung Tau,LOW,86,FULL
C07797,Ho Duc Khoa,1979-09-22,Da Nang,HIGH,81,FULL
C07798,Pham Van Trang,1965-08-10,Nha Trang,LOW,81,FULL
C07799,Vo Gia Long,1998-07-09,Hai Phong,HIGH,38,FULL
C07800,Dang Duc Hoang,1967-11-07,Can Tho,MEDIUM,45,FULL
C07801,Bui Gia Hoang,1997-06-26,Nha Trang,LOW,25,FULL
C07802,Vu Minh Phuc,1984-03-03,Nha Trang,MEDIUM,91,FULL
C07803,Bui Duc Nhung,1965-02-25,Hue,LOW,82,FULL
C07804,Tran Tuan Linh,1982-11-04,Ha Noi,LOW,75,FULL
C07805,Tran Thi An,1966-03-23,Nha Trang,HIGH,58,FULL
C07806,Vu Xuan Huy,1985-04-18,Quang Ninh,MEDIUM,60,FULL
C07807,Tran Tuan Anh,1998-12-20,Vung Tau,LOW,50,FULL
C07808,Le Van Kiet,1988-01-02,Can Tho,LOW,30,FULL
C07809,Tran Quoc Trang,1998-07-19,Ha Noi,MEDIUM,66,PARTIAL
C07810,Vo Thanh Tung,1994-08-09,Quang Ninh,LOW,69,FULL
C07811,Huynh Van Kiet,1966-09-19,Ha Noi,MEDIUM,19,PARTIAL
C07812,Vo Hai Vy,1964-02-27,Hai Phong,LOW,93,PARTIAL
C07813,Dang Thanh Long,1960-09-18,Hue,LOW,20,PARTIAL
C07814,Huynh Huu Binh,1982-07-27,Hai Phong,HIGH,64,PARTIAL
C07815,Hoang Minh Bao,1986-03-01,Can Tho,LOW,78,FULL
C07816,Nguyen Hoang Lan,1967-10-11,Vung Tau,LOW,54,FULL
C07817,Do Quoc Hoang,1989-10-31,Vung Tau,MEDIUM,75,FULL
C07818,Dang Thu Anh,1977-07-21,Ha Noi,LOW,49,PARTIAL
C07819,Huynh Hoang Nam,1960-06-24,Can Tho,LOW,24,PARTIAL
C07820,Pham Thi Bao,2000-03-14,Da Nang,LOW,92,FULL
C07821,Hoang Hai Linh,1973-12-25,Can Tho,LOW,27,FULL
C07822,Tran Thu Linh,2000-04-03,Nha Trang,MEDIUM,6,PARTIAL
C07823,Phan Thu Hoang,1977-07-27,Hai Phong,MEDIUM,86,FULL
C07824,Pham Thanh Phuc,1997-10-15,Ho Chi Minh,LOW,77,PARTIAL
C07825,Do Hoang Tung,1984-05-29,Nha Trang,LOW,27,FULL
C07826,Vo Khanh An,1988-07-18,Hue,LOW,48,FULL
C07827,Ho Tuan Huy,1983-09-06,Dong Nai,HIGH,83,FULL
C07828,Do Minh Lan,1966-10-03,Ha Noi,MEDIUM,95,FULL
C07829,Ngo Duc Khoa,1974-04-27,Can Tho,LOW,53,PARTIAL
C07830,Nguyen Minh Linh,1983-03-03,Vung Tau,LOW,5,PARTIAL
C07831,Do Minh Tung,1973-12-11,Vung Tau,LOW,8,PARTIAL
C07832,Nguyen Thu Anh,2002-01-07,Ha Noi,LOW,44,FULL
C07833,Vu Thanh Khoa,1967-02-09,Ho Chi Minh,LOW,78,FULL
C07834,Do Quoc Dat,1967-08-22,Da Nang,HIGH,75,PARTIAL
C07835,Huynh Tuan Son,1975-09-25,Can Tho,LOW,32,PARTIAL
C07836,Do Hoang An,2001-01-29,Can Tho,MEDIUM,76,FULL
C07837,Bui Tuan Long,1961-09-24,Dong Nai,MEDIUM,46,FULL
C07838,Huynh Khanh Binh,1991-06-14,Nha Trang,LOW,89,FULL
C07839,Do Khanh Vy,1966-07-28,Hai Phong,LOW,44,PARTIAL
C07840,Huynh Khanh Khang,1960-02-08,Hue,LOW,24,FULL
C07841,Do Duc Khang,1981-02-15,Da Nang,LOW,59,FULL
C07842,Dang Huu Nam,1965-09-26,Nha Trang,MEDIUM,8,FULL
C07843,Do Gia Lan,1963-12-31,Ha Noi,LOW,70,FULL
C07844,Tran Gia Lan,1979-11-20,Ho Chi Minh,LOW,13,FULL
C07845,Vo Thu Trang,1992-01-15,Da Nang,LOW,23,FULL
C07846,Bui Gia Hoang,1993-05-17,Dong Nai,MEDIUM,71,FULL
C07847,Hoang Tuan Dat,1985-09-26,Quang Ninh,LOW,5,FULL
C07848,Phan Thanh An,1976-05-16,Dong Nai,LOW,58,FULL
C07849,Phan Van Lan,1968-10-06,Hue,LOW,34,FULL
C07850,Vo Thu Phuc,1994-12-16,Can Tho,HIGH,81,FULL
C07851,Ho Thi Kiet,1996-10-28,Ha Noi,LOW,94,FULL
C07852,Vo Xuan Tung,1966-05-03,Hue,MEDIUM,51,FULL
C07853,Bui Xuan Khoa,2005-06-02,Quang Ninh,LOW,60,FULL
C07854,Pham Thi Nam,1961-12-16,Hue,MEDIUM,94,FULL
C07855,Ngo Huu Lan,1978-02-07,Can Tho,LOW,73,FULL
C07856,Ho Xuan Binh,1967-03-20,Nha Trang,LOW,60,FULL
C07857,Dang Quoc Khang,1989-01-18,Da Nang,LOW,62,FULL
C07858,Bui Gia Son,1973-12-25,Ha Noi,LOW,6,FULL
C07859,Ngo Thu Vy,1997-07-04,Can Tho,HIGH,55,FULL
C07860,Do Khanh Bao,1995-12-07,Hue,LOW,66,FULL
C07861,Pham Thu Nam,1964-08-21,Dong Nai,LOW,40,FULL
C07862,Nguyen Xuan Huy,1990-01-15,Nha Trang,LOW,7,FULL
C07863,Do Khanh Tung,1979-03-25,Da Nang,LOW,25,PARTIAL
C07864,Ngo Gia Lan,2002-10-23,Vung Tau,LOW,16,FULL
C07865,Hoang Hai Nhung,2003-05-27,Can Tho,LOW,27,FULL
C07866,Duong Van Nam,1969-10-12,Hue,HIGH,78,FULL
C07867,Phan Quoc Anh,1985-01-16,Ha Noi,LOW,11,FULL
C07868,Huynh Huu Bao,2005-02-18,Nha Trang,LOW,5,FULL
C07869,Vu Quoc Son,2000-11-17,Dong Nai,MEDIUM,48,FULL
C07870,Pham Tuan Bao,1960-06-30,Nha Trang,MEDIUM,32,FULL
C07871,Vu Ngoc Linh,1966-06-30,Can Tho,LOW,44,FULL
C07872,Vu Khanh Dat,1973-06-18,Vung Tau,LOW,79,FULL
C07873,Ho Gia Son,1997-03-25,Ha Noi,LOW,58,FULL
C07874,Pham Van Long,1988-07-09,Dong Nai,LOW,16,PARTIAL
C07875,Le Huu Long,1964-07-20,Hai Phong,LOW,52,FULL
C07876,Do Khanh Kiet,1969-07-19,Hue,HIGH,57,FULL
C07877,Bui Gia An,1965-05-09,Quang Ninh,LOW,22,FULL
C07878,Nguyen Thanh Nhung,1987-07-28,Can Tho,MEDIUM,27,PARTIAL
C07879,Vu Tuan Nam,1994-02-05,Hai Phong,LOW,55,FULL
C07880,Le Thu Lan,1965-06-28,Hue,LOW,64,PARTIAL
C07881,Tran Hoang Long,1992-10-07,Vung Tau,HIGH,78,FULL
C07882,Vo Huu Tung,1978-01-17,Ha Noi,LOW,6,FULL
C07883,Vu Ngoc Vy,1978-05-19,Quang Ninh,LOW,67,PARTIAL
C07884,Le Gia Linh,1969-06-24,Vung Tau,MEDIUM,58,PARTIAL
C07885,Ho Thi Linh,1960-01-13,Ha Noi,LOW,75,FULL
C07886,Le Khanh Khang,1981-08-23,Hai Phong,MEDIUM,48,FULL
C07887,Huynh Hoang Kiet,1974-07-15,Vung Tau,LOW,56,PARTIAL
C07888,Huynh Thi Son,1962-02-23,Vung Tau,LOW,50,FULL
C07889,Duong Huu An,1974-03-03,Hue,MEDIUM,50,FULL
C07890,Dang Duc Dat,1969-04-01,Dong Nai,LOW,49,FULL
C07891,Vo Thanh Phuc,1996-11-10,Vung Tau,HIGH,94,PARTIAL
C07892,Pham Gia Lan,1992-12-14,Dong Nai,LOW,14,PARTIAL
C07893,Ngo Van Nhung,1989-05-07,Can Tho,MEDIUM,77,FULL
C07894,Ho Huu Vy,1997-05-27,Hue,LOW,6,FULL
C07895,Pham Van Son,1978-08-21,Ho Chi Minh,LOW,39,FULL
C07896,Vu Xuan Long,1989-11-21,Ho Chi Minh,HIGH,16,FULL
C07897,Pham Minh Son,1986-06-18,Hai Phong,LOW,47,FULL
C07898,Hoang Minh Nhung,1993-01-29,Hue,LOW,74,FULL
C07899,Dang Tuan Son,1966-02-10,Can Tho,LOW,62,FULL
C07900,Le Hai Lan,1982-07-25,Hue,LOW,60,FULL
C07901,Tran Thanh Tung,1968-06-10,Quang Ninh,LOW,89,FULL
C07902,Vo Xuan Bao,1974-02-27,Hai Phong,LOW,72,PARTIAL
C07903,Ngo Hai Kiet,1965-01-08,Ho Chi Minh,HIGH,18,FULL
C07904,Phan Huu Anh,1973-03-03,Da Nang,LOW,76,FULL
C07905,Dang Khanh Vy,1999-09-14,Hue,LOW,14,FULL
C07906,Dang Thi Nhung,2002-02-09,Dong Nai,LOW,17,FULL
C07907,Hoang Thu Lan,1965-04-03,Dong Nai,MEDIUM,17,PARTIAL
C07908,Hoang Tuan An,2005-11-22,Ha Noi,LOW,18,FULL
C07909,Huynh Gia Lan,1970-08-21,Dong Nai,LOW,39,FULL
C07910,Le Khanh Bao,1985-01-31,Dong Nai,MEDIUM,13,PARTIAL
C07911,Duong Xuan Trang,1988-03-22,Da Nang,LOW,90,PARTIAL
C07912,Tran Ngoc Anh,1970-01-07,Vung Tau,LOW,35,FULL
C07913,Tran Quoc Khoa,1976-02-23,Ho Chi Minh,LOW,34,FULL
C07914,Dang Van Son,1980-09-12,Can Tho,MEDIUM,94,FULL
C07915,Bui Duc Hoang,1972-04-22,Vung Tau,MEDIUM,77,FULL
C07916,Ngo Huu Khoa,2001-12-27,Hue,LOW,25,FULL
C07917,Huynh Hai An,1984-03-26,Ho Chi Minh,LOW,87,FULL
C07918,Vo Van Vy,1990-07-16,Ha Noi,MEDIUM,57,FULL
C07919,Nguyen Quoc Linh,2003-08-14,Quang Ninh,LOW,87,FULL
C07920,Bui Thi Khoa,1964-10-18,Ho Chi Minh,MEDIUM,32,FULL
C07921,Hoang Duc Trang,1987-05-12,Quang Ninh,MEDIUM,67,PARTIAL
C07922,Pham Ngoc Bao,1974-08-06,Hai Phong,MEDIUM,56,FULL
C07923,Ngo Van Binh,1993-02-05,Dong Nai,HIGH,8,FULL
C07924,Tran Gia Linh,1976-06-09,Can Tho,MEDIUM,90,FULL
C07925,Nguyen Hoang Huy,1989-07-18,Hue,LOW,49,FULL
C07926,Pham Tuan Hoang,2004-06-09,Dong Nai,LOW,79,FULL
C07927,Ho Xuan Binh,1976-07-01,Da Nang,LOW,57,FULL
C07928,Huynh Xuan Phuc,1994-12-26,Hai Phong,LOW,42,FULL
C07929,Hoang Xuan An,1967-04-09,Quang Ninh,MEDIUM,33,FULL
C07930,Phan Hai Nhung,1977-10-18,Dong Nai,LOW,19,FULL
C07931,Pham Van Hoang,1971-12-17,Ha Noi,MEDIUM,5,FULL
C07932,Do Xuan Son,1978-10-30,Can Tho,LOW,70,FULL
C07933,Bui Khanh Huy,1995-02-15,Hai Phong,LOW,87,FULL
C07934,Nguyen Khanh Nhung,1970-04-03,Nha Trang,MEDIUM,75,FULL
C07935,Do Huu Son,1975-08-15,Da Nang,LOW,54,FULL
C07936,Vu Huu Phuc,1972-12-19,Ho Chi Minh,LOW,12,FULL
C07937,Tran Thi Long,1997-05-25,Nha Trang,MEDIUM,56,FULL
C07938,Hoang Hoang Long,2005-10-16,Can Tho,HIGH,81,FULL
C07939,Vu Xuan Khang,1976-01-10,Quang Ninh,MEDIUM,78,PARTIAL
C07940,Hoang Huu Nhung,1964-01-25,Can Tho,MEDIUM,41,FULL
C07941,Do Ngoc Anh,2001-12-07,Da Nang,LOW,76,FULL
C07942,Hoang Van Dat,1986-05-20,Hai Phong,LOW,33,FULL
C07943,Hoang Hai Nam,1968-04-29,Ho Chi Minh,LOW,41,PARTIAL
C07944,Phan Ngoc Nam,1974-06-19,Can Tho,LOW,60,FULL
C07945,Dang Hoang Son,1997-08-21,Quang Ninh,LOW,13,FULL
C07946,Nguyen Van Nam,1986-01-22,Ha Noi,HIGH,57,FULL
C07947,Phan Duc Tung,1997-05-10,Da Nang,LOW,42,FULL
C07948,Vo Khanh Binh,1965-03-22,Dong Nai,MEDIUM,91,FULL
C07949,Nguyen Quoc Binh,1961-01-11,Quang Ninh,LOW,79,PARTIAL
C07950,Nguyen Duc Tung,1970-08-26,Can Tho,MEDIUM,59,FULL
C07951,Le Thanh Dat,1999-05-02,Quang Ninh,MEDIUM,86,FULL
C07952,Hoang Quoc Dat,1978-10-25,Nha Trang,LOW,23,PARTIAL
C07953,Le Hai Son,1992-08-11,Ha Noi,LOW,18,FULL
C07954,Huynh Van An,1965-11-13,Ho Chi Minh,LOW,39,FULL
C07955,Vu Thi Trang,1979-07-13,Ha Noi,LOW,82,FULL
C07956,Do Duc Anh,1983-06-16,Da Nang,LOW,80,FULL
C07957,Vu Ngoc Long,1964-10-21,Quang Ninh,MEDIUM,88,FULL
C07958,Hoang Thi Linh,1977-02-09,Ha Noi,MEDIUM,90,FULL
C07959,Vo Thu Nhung,2000-06-04,Quang Ninh,LOW,51,FULL
C07960,Duong Huu Trang,1990-10-20,Da Nang,MEDIUM,82,FULL
C07961,Hoang Khanh Linh,1980-09-06,Can Tho,MEDIUM,52,FULL
C07962,Do Hoang Khang,1991-11-22,Da Nang,LOW,10,FULL
C07963,Vu Quoc Lan,1971-05-12,Ho Chi Minh,MEDIUM,80,FULL
C07964,Duong Quoc Hoang,1990-12-08,Hue,LOW,17,FULL
C07965,Pham Ngoc Khang,1966-01-15,Quang Ninh,LOW,35,FULL
C07966,Bui Van Nam,1972-01-13,Hue,LOW,84,FULL
C07967,Vo Thi Hoang,1976-03-12,Vung Tau,HIGH,52,FULL
C07968,Vo Tuan Trang,2002-01-27,Nha Trang,LOW,9,PARTIAL
C07969,Phan Thi Trang,1963-08-11,Nha Trang,HIGH,44,FULL
C07970,Hoang Khanh Tung,2000-06-10,Quang Ninh,LOW,92,PARTIAL
C07971,Ngo Xuan Phuc,1977-10-17,Hue,LOW,57,FULL
C07972,Nguyen Ngoc Son,1981-05-28,Hue,LOW,9,PARTIAL
C07973,Duong Huu Linh,1968-01-01,Dong Nai,LOW,41,FULL
C07974,Phan Van Phuc,1967-10-21,Vung Tau,LOW,72,FULL
C07975,Pham Duc Linh,2001-10-20,Ha Noi,LOW,9,FULL
C07976,Dang Van Long,1975-07-24,Dong Nai,LOW,54,PARTIAL
C07977,Huynh Ngoc Trang,1999-07-23,Ho Chi Minh,HIGH,84,FULL
C07978,Phan Gia Anh,1994-10-08,Vung Tau,LOW,32,FULL
C07979,Do Thanh Hoang,1972-04-09,Ho Chi Minh,LOW,59,FULL
C07980,Vo Xuan Nam,1998-01-16,Ho Chi Minh,LOW,49,FULL
C07981,Pham Minh Linh,1992-08-06,Ha Noi,MEDIUM,89,FULL
C07982,Dang Hai Linh,2000-04-21,Ha Noi,MEDIUM,25,FULL
C07983,Vo Gia An,1962-07-05,Vung Tau,HIGH,19,FULL
C07984,Huynh Hai Anh,1972-12-31,Can Tho,LOW,58,FULL
C07985,Do Hai Khoa,1964-06-10,Ha Noi,LOW,11,FULL
C07986,Ho Minh Trang,1966-07-18,Ha Noi,MEDIUM,16,FULL
C07987,Nguyen Ngoc Bao,1974-04-13,Quang Ninh,LOW,14,FULL
C07988,Huynh Van Binh,1965-09-05,Hue,LOW,66,FULL
C07989,Vo Khanh Binh,1976-09-04,Hue,LOW,38,FULL
C07990,Phan Tuan Khang,1966-04-25,Hai Phong,LOW,87,FULL
C07991,Phan Huu Huy,1979-10-02,Hai Phong,LOW,33,FULL
C07992,Do Khanh Binh,1972-11-22,Da Nang,HIGH,80,PARTIAL
C07993,Vo Hai Khoa,1970-08-01,Nha Trang,LOW,75,FULL
C07994,Pham Minh Trang,1960-07-10,Can Tho,LOW,55,FULL
C07995,Duong Xuan Nam,1974-03-10,Hai Phong,LOW,43,FULL
C07996,Ngo Huu Anh,1976-03-24,Dong Nai,HIGH,8,FULL
C07997,Hoang Huu Khang,1991-01-01,Da Nang,MEDIUM,52,FULL
C07998,Ngo Thanh Son,1968-04-19,Hue,LOW,87,FULL
C07999,Phan Xuan Dat,2003-05-10,Hue,LOW,41,FULL
C08000,Do Van Khang,1975-01-06,Nha Trang,HIGH,63,FULL
C08001,Ho Tuan Trang,1994-01-10,Can Tho,LOW,28,PARTIAL
C08002,Pham Gia Phuc,1960-07-17,Can Tho,HIGH,18,FULL
C08003,Vo Duc Nam,1978-10-20,Ha Noi,LOW,28,FULL
C08004,Ho Hoang Huy,1991-12-03,Ha Noi,LOW,7,FULL
C08005,Nguyen Hai Bao,1975-10-14,Hai Phong,HIGH,51,PARTIAL
C08006,Huynh Minh Bao,1965-11-13,Quang Ninh,LOW,44,FULL
C08007,Vu Tuan Lan,1991-04-17,Da Nang,LOW,9,FULL
C08008,Nguyen Quoc Phuc,1972-10-31,Dong Nai,LOW,11,FULL
C08009,Ngo Minh Son,1978-05-13,Hue,MEDIUM,42,PARTIAL
C08010,Do Duc An,1962-11-03,Ho Chi Minh,LOW,5,FULL
C08011,Vu Van Nam,1968-08-03,Vung Tau,LOW,23,FULL
C08012,Huynh Gia Kiet,1997-08-17,Hai Phong,LOW,33,FULL
C08013,Duong Quoc Linh,1961-02-28,Da Nang,LOW,50,FULL
C08014,Duong Minh Linh,1989-06-22,Quang Ninh,LOW,13,FULL
C08015,Vu Van Linh,2002-06-17,Nha Trang,LOW,52,PARTIAL
C08016,Dang Hai Khang,2000-07-13,Ho Chi Minh,LOW,16,FULL
C08017,Duong Xuan Phuc,1970-07-13,Dong Nai,LOW,50,PARTIAL
C08018,Duong Hoang Vy,1971-08-15,Quang Ninh,MEDIUM,44,PARTIAL
C08019,Huynh Tuan Nam,1981-01-19,Nha Trang,HIGH,49,PARTIAL
C08020,Hoang Duc Trang,1999-08-23,Quang Ninh,LOW,92,FULL
C08021,Ngo Xuan Khoa,2005-10-11,Can Tho,LOW,5,FULL
C08022,Nguyen Khanh Bao,2000-08-13,Da Nang,LOW,15,PARTIAL
C08023,Duong Huu Anh,1986-12-13,Da Nang,LOW,48,FULL
C08024,Hoang Hoang Bao,1980-11-02,Vung Tau,LOW,32,FULL
C08025,Vu Xuan Hoang,1961-10-30,Dong Nai,LOW,23,FULL
C08026,Ngo Hoang Nam,1997-11-22,Can Tho,MEDIUM,81,FULL
C08027,Ho Huu Tung,1982-05-02,Ho Chi Minh,LOW,94,FULL
C08028,Phan Xuan Lan,1998-12-21,Ha Noi,LOW,16,FULL
C08029,Dang Minh Lan,2001-01-06,Ha Noi,HIGH,5,PARTIAL
C08030,Phan Ngoc An,1986-11-15,Da Nang,MEDIUM,77,FULL
C08031,Bui Quoc Huy,2003-11-11,Hai Phong,HIGH,15,FULL
C08032,Vu Ngoc Bao,1985-12-29,Vung Tau,MEDIUM,67,FULL
C08033,Ho Khanh Tung,2004-05-04,Ho Chi Minh,MEDIUM,22,PARTIAL
C08034,Vo Van Khang,1981-11-26,Nha Trang,LOW,6,FULL
C08035,Huynh Quoc Dat,1963-12-14,Quang Ninh,LOW,65,FULL
C08036,Tran Ngoc Hoang,1999-08-08,Hai Phong,LOW,63,FULL
C08037,Duong Van Phuc,1966-05-10,Nha Trang,LOW,95,FULL
C08038,Pham Ngoc Trang,2003-01-05,Ha Noi,MEDIUM,45,FULL
C08039,Bui Khanh Bao,1977-08-28,Quang Ninh,MEDIUM,67,FULL
C08040,Ngo Gia Long,1977-08-10,Can Tho,LOW,24,FULL
C08041,Vu Van Trang,1966-03-09,Hai Phong,LOW,66,FULL
C08042,Le Minh Kiet,1967-11-14,Can Tho,LOW,65,FULL
C08043,Le Thi An,2002-01-08,Da Nang,MEDIUM,16,FULL
C08044,Vo Xuan Lan,1969-09-04,Nha Trang,LOW,73,FULL
C08045,Tran Xuan Lan,2003-02-11,Nha Trang,LOW,33,FULL
C08046,Ho Xuan Tung,1974-04-28,Quang Ninh,MEDIUM,8,FULL
C08047,Vo Hai Binh,1979-09-10,Vung Tau,MEDIUM,54,FULL
C08048,Huynh Hai Linh,1960-02-12,Dong Nai,MEDIUM,67,FULL
C08049,Ho Thu Khoa,1961-09-29,Can Tho,LOW,10,FULL
C08050,Do Gia Khoa,1963-11-19,Nha Trang,LOW,55,FULL
C08051,Bui Ngoc Khang,1978-08-20,Quang Ninh,LOW,93,PARTIAL
C08052,Phan Gia Tung,1993-07-31,Ha Noi,HIGH,28,FULL
C08053,Nguyen Hoang Anh,1995-11-27,Ho Chi Minh,LOW,16,PARTIAL
C08054,Vu Thanh Vy,1974-08-04,Quang Ninh,LOW,42,FULL
C08055,Tran Xuan Khang,1991-01-12,Dong Nai,MEDIUM,95,FULL
C08056,Do Thanh Bao,1970-12-10,Dong Nai,MEDIUM,19,FULL
C08057,Bui Hoang Tung,1983-11-22,Ha Noi,MEDIUM,86,FULL
C08058,Hoang Thu Khang,2002-04-11,Dong Nai,LOW,41,FULL
C08059,Pham Ngoc Phuc,1977-07-06,Quang Ninh,HIGH,84,PARTIAL
C08060,Do Xuan Lan,1997-10-28,Da Nang,LOW,84,FULL
C08061,Tran Huu An,1974-08-20,Vung Tau,LOW,84,PARTIAL
C08062,Do Ngoc An,1984-02-05,Da Nang,LOW,11,FULL
C08063,Vo Thi Vy,1984-03-25,Dong Nai,HIGH,92,FULL
C08064,Nguyen Van An,1983-03-15,Hai Phong,LOW,8,FULL
C08065,Vo Minh Nhung,1981-07-31,Vung Tau,LOW,61,FULL
C08066,Huynh Duc Long,1984-09-30,Da Nang,LOW,67,FULL
C08067,Vo Hai Bao,1980-03-13,Da Nang,MEDIUM,39,PARTIAL
C08068,Huynh Van Huy,1987-07-14,Can Tho,MEDIUM,21,FULL
C08069,Hoang Duc Phuc,1980-05-05,Hue,LOW,47,FULL
C08070,Le Van Kiet,1985-04-23,Can Tho,MEDIUM,16,PARTIAL
C08071,Ngo Duc Dat,1976-06-07,Da Nang,LOW,37,FULL
C08072,Hoang Duc Long,1961-03-23,Ho Chi Minh,LOW,9,FULL
C08073,Ho Huu Khang,1994-06-30,Ha Noi,LOW,26,FULL
C08074,Vu Thu Linh,2002-11-25,Vung Tau,LOW,8,FULL
C08075,Hoang Ngoc Trang,1981-01-01,Dong Nai,LOW,20,FULL
C08076,Vu Hai Dat,1990-03-07,Vung Tau,LOW,60,FULL
C08077,Do Gia Khoa,1987-12-10,Da Nang,LOW,69,FULL
C08078,Phan Hoang Linh,1969-10-09,Can Tho,LOW,68,PARTIAL
C08079,Hoang Thu Son,1971-12-17,Ho Chi Minh,HIGH,69,FULL
C08080,Nguyen Hoang Lan,1996-04-07,Can Tho,LOW,48,FULL
C08081,Huynh Quoc Khang,1989-03-16,Hai Phong,LOW,65,PARTIAL
C08082,Do Quoc Nhung,1970-08-07,Hue,LOW,7,FULL
C08083,Vu Gia Nam,1976-05-26,Da Nang,LOW,67,FULL
C08084,Ho Khanh Phuc,1996-07-11,Ho Chi Minh,MEDIUM,87,FULL
C08085,Ngo Khanh Hoang,1970-08-22,Ho Chi Minh,LOW,65,FULL
C08086,Duong Huu Bao,1978-02-27,Quang Ninh,LOW,5,FULL
C08087,Vo Xuan Anh,1983-05-18,Hue,LOW,91,PARTIAL
C08088,Dang Khanh Long,1998-01-04,Da Nang,LOW,84,FULL
C08089,Tran Duc Binh,1995-11-20,Hue,LOW,81,FULL
C08090,Hoang Ngoc Bao,1976-09-10,Da Nang,HIGH,62,FULL
C08091,Duong Ngoc Binh,1963-08-13,Ha Noi,LOW,50,FULL
C08092,Pham Ngoc Kiet,1985-12-25,Hue,LOW,53,FULL
C08093,Do Xuan Khoa,1984-06-01,Dong Nai,LOW,74,FULL
C08094,Bui Thu Huy,1986-01-03,Nha Trang,LOW,26,FULL
C08095,Bui Huu Khang,1985-04-14,Dong Nai,LOW,7,FULL
C08096,Huynh Minh Binh,1995-07-31,Nha Trang,LOW,41,FULL
C08097,Pham Khanh Khoa,1960-09-27,Can Tho,MEDIUM,23,PARTIAL
C08098,Do Ngoc Trang,1979-05-28,Da Nang,LOW,33,FULL
C08099,Duong Gia Hoang,1994-05-27,Quang Ninh,LOW,82,PARTIAL
C08100,Tran Khanh Vy,1970-08-08,Hue,MEDIUM,91,FULL
C08101,Dang Minh Kiet,2002-02-06,Nha Trang,LOW,10,FULL
C08102,Huynh Van Lan,1971-09-04,Hue,LOW,70,PARTIAL
C08103,Le Tuan Phuc,2005-03-28,Ha Noi,LOW,89,FULL
C08104,Pham Van Bao,1961-08-30,Ha Noi,LOW,26,PARTIAL
C08105,Huynh Ngoc Tung,1989-04-26,Da Nang,LOW,43,FULL
C08106,Vu Gia Nhung,1977-02-17,Vung Tau,LOW,21,FULL
C08107,Le Hoang Khang,1984-05-14,Hai Phong,LOW,34,FULL
C08108,Tran Hai Bao,1960-05-23,Hai Phong,LOW,47,FULL
C08109,Pham Hoang Hoang,1966-08-17,Dong Nai,LOW,45,FULL
C08110,Ho Khanh Trang,1978-08-14,Ho Chi Minh,MEDIUM,21,FULL
C08111,Huynh Duc Kiet,1992-12-27,Vung Tau,MEDIUM,23,FULL
C08112,Vu Hai Son,1971-07-01,Quang Ninh,LOW,75,FULL
C08113,Phan Quoc Huy,1965-05-13,Vung Tau,LOW,65,FULL
C08114,Le Huu Binh,1973-03-23,Hai Phong,LOW,19,FULL
C08115,Pham Ngoc Son,1962-02-25,Vung Tau,LOW,10,FULL
C08116,Nguyen Ngoc An,1977-12-30,Nha Trang,MEDIUM,33,FULL
C08117,Tran Van Huy,2002-11-18,Hai Phong,LOW,51,PARTIAL
C08118,Vo Thanh An,1984-11-16,Ho Chi Minh,MEDIUM,69,PARTIAL
C08119,Huynh Khanh Kiet,2003-11-29,Hai Phong,LOW,83,FULL
C08120,Vo Minh Vy,1967-12-04,Ho Chi Minh,LOW,34,FULL
C08121,Hoang Duc Long,1980-01-09,Hue,HIGH,53,FULL
C08122,Bui Van Tung,2004-03-23,Vung Tau,HIGH,66,FULL
C08123,Le Huu Linh,1978-06-18,Can Tho,LOW,10,FULL
C08124,Le Thi Tung,1980-01-28,Hai Phong,LOW,46,FULL
C08125,Ho Thu Anh,1983-09-07,Ho Chi Minh,MEDIUM,5,FULL
C08126,Vo Duc Huy,1996-05-18,Quang Ninh,LOW,70,FULL
C08127,Dang Hoang Linh,1960-09-15,Quang Ninh,LOW,8,FULL
C08128,Tran Van Khoa,1977-09-28,Hue,LOW,9,PARTIAL
C08129,Huynh Hai Khang,1972-03-06,Nha Trang,HIGH,62,FULL
C08130,Ho Van Bao,1986-12-22,Da Nang,HIGH,93,FULL
C08131,Tran Van Anh,1964-02-11,Vung Tau,MEDIUM,73,FULL
C08132,Dang Tuan Nhung,1993-04-15,Da Nang,LOW,87,FULL
C08133,Do Gia Anh,1960-05-19,Nha Trang,LOW,87,FULL
C08134,Phan Gia Son,1972-12-22,Quang Ninh,LOW,53,FULL
C08135,Phan Ngoc Khoa,1993-12-13,Da Nang,MEDIUM,38,FULL
C08136,Dang Hai Huy,1961-05-26,Ho Chi Minh,LOW,42,FULL
C08137,Duong Xuan An,1979-09-28,Da Nang,MEDIUM,12,FULL
C08138,Duong Thi Vy,1980-10-05,Nha Trang,LOW,63,FULL
C08139,Hoang Thu Tung,1984-06-16,Nha Trang,LOW,58,FULL
C08140,Vu Xuan Kiet,1984-07-03,Hai Phong,MEDIUM,41,FULL
C08141,Vo Ngoc Hoang,1970-01-09,Nha Trang,HIGH,79,PARTIAL
C08142,Hoang Ngoc Long,1965-06-27,Vung Tau,LOW,10,FULL
C08143,Hoang Thi Khoa,1970-07-13,Hai Phong,LOW,32,FULL
C08144,Phan Khanh Kiet,1977-05-15,Hai Phong,LOW,73,FULL
C08145,Tran Tuan Khang,1967-02-14,Can Tho,LOW,21,FULL
C08146,Nguyen Hoang Lan,1997-12-05,Ha Noi,LOW,71,FULL
C08147,Phan Duc Binh,1978-01-18,Da Nang,LOW,33,FULL
C08148,Do Thi Anh,1995-08-06,Nha Trang,LOW,41,FULL
C08149,Dang Gia Khoa,1966-04-09,Vung Tau,LOW,63,FULL
C08150,Hoang Hai Tung,1986-08-05,Hue,MEDIUM,66,PARTIAL
C08151,Ho Duc Anh,1998-07-11,Hai Phong,HIGH,83,PARTIAL
C08152,Pham Minh Khoa,1962-09-13,Hue,LOW,84,FULL
C08153,Ngo Hoang Linh,1993-07-17,Da Nang,LOW,39,FULL
C08154,Dang Quoc Binh,1997-05-18,Nha Trang,LOW,16,FULL
C08155,Hoang Xuan An,1998-01-24,Can Tho,LOW,65,FULL
C08156,Huynh Gia Bao,1998-11-11,Da Nang,LOW,77,PARTIAL
C08157,Bui Tuan Lan,1983-12-01,Quang Ninh,LOW,11,FULL
C08158,Pham Hoang Linh,1971-04-04,Hue,MEDIUM,60,FULL
C08159,Ho Thanh Dat,1964-03-04,Vung Tau,MEDIUM,88,FULL
C08160,Huynh Hai Khoa,1970-11-14,Dong Nai,LOW,69,FULL
C08161,Dang Tuan Dat,1973-06-04,Hue,LOW,75,FULL
C08162,Hoang Tuan Huy,1986-03-17,Can Tho,HIGH,9,FULL
C08163,Hoang Gia Hoang,1996-01-10,Vung Tau,LOW,61,FULL
C08164,Pham Gia Huy,1996-10-06,Da Nang,LOW,65,FULL
C08165,Tran Minh Binh,2003-03-21,Can Tho,LOW,71,FULL
C08166,Dang Thi Tung,1993-03-28,Ha Noi,HIGH,74,FULL
C08167,Nguyen Duc Long,1985-04-13,Can Tho,HIGH,66,FULL
C08168,Vo Duc Vy,1965-04-22,Dong Nai,LOW,33,FULL
C08169,Vo Khanh Binh,1965-05-27,Can Tho,HIGH,46,FULL
C08170,Ho Hai Anh,1973-02-13,Ha Noi,LOW,95,FULL
C08171,Bui Ngoc Khang,1989-11-21,Dong Nai,MEDIUM,61,FULL
C08172,Le Khanh Binh,1989-05-06,Nha Trang,LOW,7,FULL
C08173,Ngo Thu An,1966-01-04,Hai Phong,LOW,9,FULL
C08174,Huynh Duc Khoa,1991-09-01,Quang Ninh,LOW,52,PARTIAL
C08175,Bui Khanh Long,1998-04-03,Ha Noi,LOW,25,FULL
C08176,Duong Gia Binh,1969-03-09,Hai Phong,LOW,58,FULL
C08177,Duong Huu Nhung,1967-10-18,Da Nang,LOW,56,PARTIAL
C08178,Dang Hai Bao,1984-01-02,Ho Chi Minh,LOW,73,FULL
C08179,Bui Thu Linh,1969-12-18,Vung Tau,HIGH,46,FULL
C08180,Hoang Hai Son,2004-03-23,Vung Tau,HIGH,33,FULL
C08181,Tran Hoang Vy,1975-01-31,Da Nang,LOW,58,FULL
C08182,Vo Van Bao,1989-05-09,Quang Ninh,LOW,5,FULL
C08183,Huynh Thu Binh,1985-11-25,Hai Phong,MEDIUM,30,FULL
C08184,Huynh Duc Nhung,1995-06-07,Hai Phong,LOW,22,FULL
C08185,Tran Tuan Huy,2005-10-24,Da Nang,MEDIUM,24,FULL
C08186,Hoang Hai Huy,1983-11-15,Can Tho,LOW,62,FULL
C08187,Ho Xuan Khoa,1963-08-20,Vung Tau,LOW,43,FULL
C08188,Phan Thanh Nhung,1967-12-27,Hue,LOW,7,FULL
C08189,Phan Xuan Hoang,1966-03-07,Hai Phong,MEDIUM,71,FULL
C08190,Ngo Thu Lan,1973-04-27,Hue,LOW,50,FULL
C08191,Hoang Thi Khoa,1984-04-27,Ho Chi Minh,LOW,66,PARTIAL
C08192,Phan Thanh Nam,1986-10-15,Ha Noi,LOW,43,PARTIAL
C08193,Le Huu Trang,1991-03-02,Ho Chi Minh,LOW,88,FULL
C08194,Vo Thu Binh,2002-01-01,Can Tho,MEDIUM,72,FULL
C08195,Pham Hoang Khang,2000-09-28,Hai Phong,HIGH,35,FULL
C08196,Duong Huu Phuc,1975-06-26,Da Nang,LOW,89,FULL
C08197,Nguyen Duc Nhung,1985-07-05,Vung Tau,LOW,47,FULL
C08198,Ngo Thu An,1986-01-04,Dong Nai,MEDIUM,60,FULL
C08199,Hoang Thanh Linh,1983-06-02,Da Nang,HIGH,95,FULL
C08200,Le Gia Linh,1975-09-29,Dong Nai,MEDIUM,80,FULL
C08201,Duong Van Binh,1997-01-19,Hai Phong,LOW,48,FULL
C08202,Huynh Van Hoang,1961-09-28,Nha Trang,LOW,43,FULL
C08203,Vu Khanh Nhung,1992-12-14,Quang Ninh,LOW,91,FULL
C08204,Nguyen Tuan Vy,1966-10-17,Hue,LOW,58,FULL
C08205,Ho Thanh Lan,1988-02-06,Ho Chi Minh,LOW,35,FULL
C08206,Bui Minh Son,1964-02-07,Ho Chi Minh,LOW,32,FULL
C08207,Do Huu Dat,1976-07-20,Dong Nai,LOW,46,PARTIAL
C08208,Hoang Thu Dat,1982-01-18,Hai Phong,HIGH,47,PARTIAL
C08209,Pham Quoc Khang,1968-03-20,Dong Nai,LOW,84,FULL
C08210,Do Minh Linh,2004-07-27,Da Nang,LOW,36,PARTIAL
C08211,Ho Thanh Vy,1978-02-15,Nha Trang,LOW,48,FULL
C08212,Tran Van Phuc,2000-06-09,Can Tho,LOW,55,PARTIAL
C08213,Pham Hoang Phuc,1974-02-18,Ha Noi,HIGH,13,FULL
C08214,Ngo Thu Hoang,1966-12-01,Hai Phong,LOW,33,FULL
C08215,Duong Gia Khang,2002-04-11,Can Tho,MEDIUM,26,FULL
C08216,Nguyen Huu Dat,1983-11-21,Da Nang,LOW,55,FULL
C08217,Hoang Thanh Hoang,1960-04-10,Ho Chi Minh,LOW,67,FULL
C08218,Bui Thanh Son,1992-06-15,Vung Tau,LOW,32,FULL
C08219,Ngo Hai Phuc,1973-05-11,Hai Phong,HIGH,40,PARTIAL
C08220,Duong Duc Binh,1960-08-12,Nha Trang,LOW,27,FULL
C08221,Vo Thanh Long,1967-03-16,Nha Trang,LOW,70,FULL
C08222,Nguyen Ngoc Vy,1962-09-10,Quang Ninh,LOW,70,FULL
C08223,Do Minh Nhung,2000-02-15,Nha Trang,MEDIUM,50,PARTIAL
C08224,Huynh Hai Phuc,1975-01-09,Nha Trang,LOW,93,FULL
C08225,Phan Hai Trang,1984-06-08,Ho Chi Minh,HIGH,63,FULL
C08226,Ngo Thi Binh,1989-09-19,Can Tho,HIGH,88,FULL
C08227,Do Duc Anh,1961-12-21,Quang Ninh,LOW,13,FULL
C08228,Ngo Thanh Khang,1968-03-16,Hai Phong,LOW,81,FULL
C08229,Bui Huu Dat,1964-04-26,Ha Noi,LOW,39,FULL
C08230,Vu Hoang Trang,1969-03-01,Vung Tau,LOW,83,FULL
C08231,Ho Khanh Linh,2005-04-01,Nha Trang,MEDIUM,85,FULL
C08232,Duong Thi Vy,1971-12-18,Dong Nai,LOW,35,FULL
C08233,Ngo Xuan Long,1977-11-22,Quang Ninh,MEDIUM,40,FULL
C08234,Do Khanh Linh,2005-05-18,Quang Ninh,MEDIUM,95,FULL
C08235,Duong Hoang Lan,1990-09-20,Nha Trang,LOW,55,FULL
C08236,Pham Duc Dat,2005-09-13,Quang Ninh,LOW,65,PARTIAL
C08237,Duong Thanh Anh,2002-02-07,Can Tho,MEDIUM,86,FULL
C08238,Vu Tuan Nhung,1979-10-03,Can Tho,LOW,67,FULL
C08239,Do Huu Kiet,1998-09-30,Quang Ninh,LOW,55,PARTIAL
C08240,Le Xuan Trang,1966-08-07,Hue,HIGH,57,FULL
C08241,Vu Tuan Bao,1990-12-29,Da Nang,LOW,77,FULL
C08242,Dang Ngoc An,1970-08-25,Vung Tau,LOW,33,FULL
C08243,Duong Thanh Vy,1963-05-06,Da Nang,LOW,47,PARTIAL
C08244,Bui Quoc Khoa,1985-08-07,Da Nang,LOW,73,FULL
C08245,Nguyen Tuan Khang,1962-06-11,Nha Trang,LOW,29,FULL
C08246,Pham Van Son,1989-01-19,Can Tho,LOW,19,FULL
C08247,Hoang Ngoc Dat,1964-06-06,Can Tho,MEDIUM,81,FULL
C08248,Dang Khanh Linh,1996-12-04,Hue,LOW,53,FULL
C08249,Duong Ngoc Tung,1966-06-15,Hue,MEDIUM,44,FULL
C08250,Pham Van Binh,1988-10-27,Hai Phong,MEDIUM,67,FULL
C08251,Vu Minh Nhung,1992-08-12,Vung Tau,MEDIUM,37,FULL
C08252,Pham Van Lan,1997-01-08,Can Tho,LOW,42,FULL
C08253,Le Van Vy,1995-09-14,Can Tho,LOW,86,FULL
C08254,Phan Thi Nhung,1999-09-26,Can Tho,LOW,89,PARTIAL
C08255,Do Minh Huy,1966-07-04,Ha Noi,LOW,61,FULL
C08256,Tran Thanh Vy,2001-08-30,Ho Chi Minh,LOW,52,FULL
C08257,Tran Minh An,1967-09-22,Hue,HIGH,70,FULL
C08258,Pham Xuan Bao,1971-04-29,Hai Phong,MEDIUM,37,FULL
C08259,Hoang Thanh Huy,1964-02-11,Nha Trang,LOW,11,FULL
C08260,Tran Quoc Khang,1972-12-22,Nha Trang,HIGH,60,FULL
C08261,Phan Hai Linh,1961-07-20,Quang Ninh,LOW,30,FULL
C08262,Nguyen Ngoc Vy,1995-10-04,Vung Tau,LOW,91,PARTIAL
C08263,Hoang Hai Binh,1985-03-25,Quang Ninh,LOW,37,FULL
C08264,Pham Hai Dat,1993-12-26,Dong Nai,LOW,90,FULL
C08265,Duong Hoang Khoa,1969-01-23,Nha Trang,LOW,81,FULL
C08266,Do Thanh Trang,1962-11-11,Vung Tau,MEDIUM,90,FULL
C08267,Ho Tuan Trang,1967-01-31,Ha Noi,LOW,39,PARTIAL
C08268,Vo Thanh Binh,1992-01-16,Da Nang,MEDIUM,46,FULL
C08269,Duong Minh Khang,1976-11-26,Da Nang,LOW,64,FULL
C08270,Tran Minh Phuc,1962-10-15,Nha Trang,LOW,79,FULL
C08271,Pham Duc Nhung,2004-08-20,Vung Tau,MEDIUM,39,FULL
C08272,Hoang Van Bao,1999-10-11,Vung Tau,LOW,38,FULL
C08273,Duong Hoang Nam,1979-12-24,Quang Ninh,LOW,75,FULL
C08274,Vu Khanh Phuc,1982-03-19,Ha Noi,LOW,52,FULL
C08275,Ho Thu Linh,1979-04-11,Da Nang,LOW,68,FULL
C08276,Ngo Quoc Dat,1979-09-09,Da Nang,HIGH,31,FULL
C08277,Bui Thu Long,2004-03-18,Can Tho,LOW,65,FULL
C08278,Vo Quoc Khang,1981-02-19,Hue,LOW,22,FULL
C08279,Do Xuan Linh,2000-03-08,Hue,LOW,28,FULL
C08280,Huynh Thi Trang,1967-04-14,Can Tho,LOW,78,FULL
C08281,Tran Hai Bao,1983-06-12,Ho Chi Minh,LOW,43,FULL
C08282,Le Hai Dat,1961-12-12,Hue,MEDIUM,35,FULL
C08283,Vu Huu Long,1990-07-06,Nha Trang,LOW,6,FULL
C08284,Nguyen Thanh Phuc,1962-10-20,Da Nang,LOW,53,FULL
C08285,Huynh Thi Trang,1990-12-03,Hue,MEDIUM,22,PARTIAL
C08286,Do Van Khoa,1966-08-14,Dong Nai,LOW,89,PARTIAL
C08287,Nguyen Thanh An,1984-01-16,Ha Noi,LOW,39,FULL
C08288,Ngo Minh An,1998-02-14,Ha Noi,LOW,11,FULL
C08289,Huynh Minh Lan,2002-04-11,Dong Nai,LOW,95,FULL
C08290,Pham Duc Nhung,1978-06-04,Da Nang,MEDIUM,34,PARTIAL
C08291,Vo Minh Binh,1960-05-23,Dong Nai,MEDIUM,85,FULL
C08292,Vu Tuan Vy,1960-12-11,Quang Ninh,LOW,9,PARTIAL
C08293,Nguyen Khanh Long,1988-12-03,Ha Noi,LOW,27,FULL
C08294,Pham Xuan Nam,1970-02-28,Hai Phong,LOW,46,FULL
C08295,Ho Minh Son,2004-03-10,Hai Phong,MEDIUM,15,FULL
C08296,Do Minh Anh,1980-03-20,Hai Phong,MEDIUM,35,FULL
C08297,Le Khanh Vy,1991-11-07,Ha Noi,LOW,35,FULL
C08298,Bui Quoc Son,1966-10-06,Ha Noi,LOW,89,FULL
C08299,Tran Hai Linh,1987-10-19,Ho Chi Minh,LOW,5,PARTIAL
C08300,Vo Thu Trang,1992-09-14,Hue,LOW,82,FULL
C08301,Ho Gia Bao,1975-12-25,Quang Ninh,LOW,62,FULL
C08302,Phan Van Tung,2004-06-18,Hai Phong,MEDIUM,22,PARTIAL
C08303,Pham Van Lan,1994-03-25,Hue,LOW,12,PARTIAL
C08304,Pham Huu Huy,1987-01-15,Can Tho,LOW,12,FULL
C08305,Bui Ngoc Son,1997-06-13,Dong Nai,MEDIUM,71,FULL
C08306,Hoang Hoang Kiet,1989-04-30,Hue,LOW,26,FULL
C08307,Pham Thanh Linh,1980-02-17,Vung Tau,LOW,91,PARTIAL
C08308,Huynh Van Son,1990-12-31,Ha Noi,LOW,49,PARTIAL
C08309,Le Minh Bao,1998-01-22,Vung Tau,LOW,26,FULL
C08310,Le Van Nam,1996-12-05,Da Nang,MEDIUM,22,FULL
C08311,Huynh Gia Dat,1988-09-07,Ho Chi Minh,LOW,72,FULL
C08312,Pham Tuan Binh,1968-09-08,Da Nang,HIGH,8,FULL
C08313,Phan Tuan Phuc,1991-08-21,Quang Ninh,LOW,25,FULL
C08314,Vo Khanh Kiet,2005-07-26,Ho Chi Minh,LOW,41,FULL
C08315,Hoang Van Trang,2001-06-24,Da Nang,LOW,58,PARTIAL
C08316,Huynh Thu Hoang,1995-12-07,Da Nang,MEDIUM,77,PARTIAL
C08317,Ngo Thu Long,1994-10-22,Quang Ninh,LOW,64,FULL
C08318,Bui Hai Phuc,1961-09-26,Hai Phong,LOW,87,FULL
C08319,Vo Ngoc Lan,1995-06-24,Quang Ninh,MEDIUM,44,FULL
C08320,Vu Thi Huy,1992-08-18,Ho Chi Minh,LOW,70,PARTIAL
C08321,Tran Minh Vy,1993-12-22,Can Tho,LOW,54,FULL
C08322,Vo Gia Hoang,1996-08-22,Hai Phong,MEDIUM,29,FULL
C08323,Le Thi Phuc,1997-04-02,Ha Noi,MEDIUM,64,FULL
C08324,Vo Thanh Son,1963-06-29,Can Tho,LOW,84,FULL
C08325,Dang Tuan Vy,1976-04-01,Vung Tau,LOW,50,FULL
C08326,Tran Quoc Khoa,2004-06-05,Da Nang,LOW,47,PARTIAL
C08327,Vo Hai Hoang,2002-02-23,Ho Chi Minh,LOW,16,FULL
C08328,Huynh Thu Long,1966-07-02,Quang Ninh,LOW,78,FULL
C08329,Huynh Van Binh,1997-09-20,Dong Nai,LOW,28,FULL
C08330,Dang Tuan Linh,1963-01-13,Dong Nai,LOW,76,FULL
C08331,Le Hoang Huy,1968-10-20,Dong Nai,LOW,57,FULL
C08332,Huynh Van Vy,1966-07-01,Ha Noi,LOW,64,FULL
C08333,Duong Thu Linh,1991-08-14,Da Nang,LOW,10,PARTIAL
C08334,Dang Thu Kiet,1973-06-11,Vung Tau,LOW,92,PARTIAL
C08335,Vo Van Phuc,1979-03-10,Dong Nai,LOW,90,FULL
C08336,Tran Thi Lan,1998-04-10,Hue,LOW,85,FULL
C08337,Ngo Hai Phuc,1975-09-26,Ha Noi,LOW,37,FULL
C08338,Nguyen Quoc Tung,1975-07-20,Ho Chi Minh,LOW,24,FULL
C08339,Ngo Ngoc Vy,1978-10-16,Dong Nai,MEDIUM,66,FULL
C08340,Pham Quoc Linh,1961-08-17,Da Nang,LOW,44,FULL
C08341,Tran Hai Khoa,1996-12-13,Hue,MEDIUM,79,FULL
C08342,Duong Duc Binh,1972-10-09,Can Tho,LOW,9,PARTIAL
C08343,Nguyen Tuan Phuc,2005-11-29,Hue,LOW,82,FULL
C08344,Dang Tuan An,1992-06-18,Da Nang,LOW,77,FULL
C08345,Bui Thanh Dat,1995-09-20,Ha Noi,MEDIUM,49,FULL
C08346,Do Hoang Phuc,1997-11-08,Hue,LOW,94,FULL
C08347,Do Gia Lan,1977-06-11,Quang Ninh,LOW,91,PARTIAL
C08348,Tran Huu Hoang,1972-07-14,Ho Chi Minh,LOW,71,FULL
C08349,Phan Gia Hoang,1963-02-17,Vung Tau,LOW,84,PARTIAL
C08350,Huynh Ngoc Dat,1965-05-25,Dong Nai,LOW,94,FULL
C08351,Pham Quoc Hoang,1961-12-03,Vung Tau,LOW,69,FULL
C08352,Hoang Xuan Lan,2004-12-08,Ho Chi Minh,LOW,9,FULL
C08353,Phan Ngoc Khoa,1980-01-30,Ho Chi Minh,LOW,65,FULL
C08354,Huynh Khanh Anh,1968-04-13,Hai Phong,LOW,39,PARTIAL
C08355,Ngo Xuan Bao,1991-01-26,Vung Tau,HIGH,68,FULL
C08356,Do Hai Huy,1974-09-20,Hue,LOW,36,FULL
C08357,Vo Quoc Trang,1987-05-07,Hue,LOW,25,FULL
C08358,Ngo Huu Bao,1966-10-09,Nha Trang,LOW,28,FULL
C08359,Vu Hoang Lan,1992-09-03,Nha Trang,LOW,90,FULL
C08360,Pham Thanh Lan,2004-08-04,Hai Phong,LOW,55,FULL
C08361,Ngo Thanh Nhung,1971-09-30,Ho Chi Minh,LOW,28,FULL
C08362,Le Ngoc Binh,1999-03-16,Hai Phong,LOW,41,FULL
C08363,Duong Tuan Anh,1995-06-04,Ha Noi,LOW,8,PARTIAL
C08364,Nguyen Ngoc Anh,1996-07-22,Ho Chi Minh,LOW,38,PARTIAL
C08365,Dang Khanh Nam,1961-01-30,Da Nang,LOW,56,FULL
C08366,Bui Hoang Anh,1970-08-06,Ha Noi,LOW,82,FULL
C08367,Vu Duc Tung,1986-04-17,Nha Trang,LOW,40,FULL
C08368,Phan Quoc Bao,1984-05-20,Nha Trang,LOW,76,FULL
C08369,Tran Minh Anh,1987-01-31,Hue,MEDIUM,30,PARTIAL
C08370,Le Hoang Anh,1986-05-22,Da Nang,MEDIUM,61,FULL
C08371,Ngo Duc An,1977-06-30,Hai Phong,MEDIUM,26,FULL
C08372,Vu Duc An,1999-09-15,Nha Trang,MEDIUM,51,FULL
C08373,Nguyen Xuan Linh,1993-09-19,Nha Trang,MEDIUM,7,FULL
C08374,Ho Duc Anh,1990-05-09,Vung Tau,HIGH,34,FULL
C08375,Phan Quoc Nhung,1991-04-02,Ha Noi,LOW,58,FULL
C08376,Duong Hai Khang,1997-12-26,Can Tho,HIGH,33,FULL
C08377,Do Gia Dat,1988-09-21,Vung Tau,LOW,20,FULL
C08378,Huynh Tuan Khang,1979-12-16,Nha Trang,LOW,28,FULL
C08379,Phan Xuan Binh,1991-05-10,Quang Ninh,LOW,52,FULL
C08380,Huynh Ngoc Bao,1996-07-15,Ho Chi Minh,LOW,86,FULL
C08381,Phan Hoang Khoa,1999-06-11,Ho Chi Minh,LOW,82,FULL
C08382,Hoang Xuan Huy,2000-12-17,Ha Noi,MEDIUM,72,FULL
C08383,Ngo Khanh Nhung,1973-03-26,Dong Nai,LOW,31,FULL
C08384,Bui Thu Vy,1979-08-14,Can Tho,MEDIUM,95,FULL
C08385,Vu Tuan Huy,2001-07-27,Vung Tau,MEDIUM,89,FULL
C08386,Huynh Quoc Linh,1998-10-14,Ho Chi Minh,LOW,29,FULL
C08387,Dang Van Lan,2005-02-03,Hue,MEDIUM,25,FULL
C08388,Duong Minh Vy,1970-03-28,Da Nang,LOW,80,FULL
C08389,Ho Hoang Tung,1970-02-03,Quang Ninh,LOW,37,FULL
C08390,Tran Gia Hoang,2004-06-16,Da Nang,LOW,77,FULL
C08391,Phan Khanh Dat,1997-12-29,Hai Phong,MEDIUM,57,FULL
C08392,Bui Minh Dat,1997-09-17,Hai Phong,LOW,91,FULL
C08393,Phan Hoang Hoang,1974-02-19,Hai Phong,LOW,74,FULL
C08394,Ngo Duc Vy,1997-04-23,Hai Phong,LOW,41,FULL
C08395,Le Hoang Khoa,1969-05-06,Ho Chi Minh,LOW,71,FULL
C08396,Ngo Hai Binh,1963-02-27,Nha Trang,HIGH,89,FULL
C08397,Ho Ngoc Hoang,1977-10-28,Ha Noi,HIGH,11,FULL
C08398,Ngo Khanh Phuc,1972-12-20,Da Nang,LOW,30,FULL
C08399,Tran Quoc Trang,1968-06-19,Quang Ninh,MEDIUM,48,FULL
C08400,Hoang Hoang Trang,1981-11-05,Can Tho,LOW,87,FULL
C08401,Duong Ngoc Bao,1979-12-06,Can Tho,LOW,35,FULL
C08402,Vo Tuan Dat,1967-07-09,Quang Ninh,LOW,14,FULL
C08403,Do Tuan Son,2002-03-20,Ha Noi,LOW,23,FULL
C08404,Vu Duc Nam,1978-03-12,Dong Nai,HIGH,30,FULL
C08405,Dang Tuan Long,1989-06-11,Ho Chi Minh,LOW,30,FULL
C08406,Le Hai Khang,1978-10-10,Can Tho,MEDIUM,43,FULL
C08407,Phan Van Binh,1965-06-25,Can Tho,LOW,90,FULL
C08408,Bui Khanh Binh,1982-06-03,Hue,LOW,44,FULL
C08409,Nguyen Khanh Long,2002-07-26,Da Nang,LOW,74,FULL
C08410,Phan Van Huy,1960-08-06,Ha Noi,LOW,79,FULL
C08411,Huynh Huu Nhung,1984-03-30,Can Tho,LOW,80,FULL
C08412,Do Hai Nam,1969-11-21,Dong Nai,LOW,13,FULL
C08413,Bui Xuan Bao,1965-11-19,Ho Chi Minh,LOW,64,FULL
C08414,Dang Hoang Anh,2001-02-16,Da Nang,LOW,38,FULL
C08415,Bui Khanh Nam,1969-08-02,Can Tho,LOW,66,FULL
C08416,Duong Gia Bao,1986-09-25,Ho Chi Minh,MEDIUM,71,FULL
C08417,Huynh Hai Nhung,1983-03-05,Da Nang,LOW,76,PARTIAL
C08418,Dang Xuan Binh,1978-11-09,Quang Ninh,LOW,62,FULL
C08419,Hoang Gia Hoang,1961-03-01,Ha Noi,LOW,76,FULL
C08420,Bui Hoang Kiet,2001-11-10,Quang Ninh,LOW,16,FULL
C08421,Do Thi Hoang,1962-12-04,Ho Chi Minh,LOW,19,FULL
C08422,Hoang Khanh Anh,1979-10-21,Dong Nai,MEDIUM,87,FULL
C08423,Phan Hai Nhung,1995-08-27,Hai Phong,LOW,77,FULL
C08424,Duong Xuan Binh,1995-07-27,Hai Phong,HIGH,10,PARTIAL
C08425,Dang Van Phuc,1964-06-24,Nha Trang,LOW,84,FULL
C08426,Bui Thanh Nam,1980-01-28,Hai Phong,LOW,18,FULL
C08427,Huynh Thu Huy,1963-06-18,Vung Tau,MEDIUM,82,FULL
C08428,Dang Tuan Tung,1991-01-22,Vung Tau,MEDIUM,78,FULL
C08429,Vu Quoc Nam,1995-06-18,Dong Nai,HIGH,14,FULL
C08430,Bui Minh Tung,1997-07-12,Quang Ninh,LOW,33,FULL
C08431,Ho Van An,2005-05-09,Nha Trang,LOW,60,FULL
C08432,Tran Xuan Huy,1999-09-03,Quang Ninh,LOW,34,FULL
C08433,Le Huu Vy,1977-04-18,Ho Chi Minh,MEDIUM,76,FULL
C08434,Ho Thanh Dat,1979-12-19,Dong Nai,LOW,13,PARTIAL
C08435,Pham Duc Son,1977-06-11,Ha Noi,LOW,54,FULL
C08436,Le Duc Anh,1995-03-17,Hue,HIGH,39,FULL
C08437,Phan Tuan An,1983-06-16,Quang Ninh,MEDIUM,10,FULL
C08438,Hoang Huu Trang,1963-02-25,Hue,MEDIUM,53,FULL
C08439,Do Xuan Tung,2000-02-19,Ho Chi Minh,LOW,16,FULL
C08440,Vu Duc Bao,1979-01-22,Can Tho,LOW,47,FULL
C08441,Tran Minh Nam,1965-04-22,Nha Trang,LOW,31,FULL
C08442,Duong Xuan Khoa,1971-09-27,Ho Chi Minh,LOW,26,PARTIAL
C08443,Bui Thi Linh,1964-02-01,Nha Trang,LOW,81,PARTIAL
C08444,Phan Ngoc Khang,1965-06-22,Vung Tau,LOW,65,FULL
C08445,Duong Hoang Linh,1962-10-13,Can Tho,LOW,65,FULL
C08446,Dang Thanh Son,1996-07-08,Nha Trang,MEDIUM,43,FULL
C08447,Ho Thu Nhung,1971-12-31,Hai Phong,MEDIUM,42,FULL
C08448,Vu Quoc Khoa,1979-06-14,Da Nang,LOW,16,FULL
C08449,Hoang Quoc Hoang,1976-12-13,Vung Tau,LOW,94,FULL
C08450,Le Thi Hoang,1984-11-12,Da Nang,LOW,27,FULL
C08451,Hoang Thu Binh,1990-10-23,Ho Chi Minh,LOW,55,FULL
C08452,Phan Xuan Trang,1965-06-01,Nha Trang,MEDIUM,78,FULL
C08453,Tran Tuan Anh,1978-04-03,Da Nang,LOW,33,FULL
C08454,Ho Van Son,1965-06-30,Can Tho,LOW,61,FULL
C08455,Duong Tuan Anh,1966-02-08,Dong Nai,LOW,18,FULL
C08456,Vo Thi Khoa,1985-06-03,Can Tho,MEDIUM,31,FULL
C08457,Pham Hai Nam,1963-07-03,Da Nang,MEDIUM,6,FULL
C08458,Nguyen Van Nam,1979-05-07,Ho Chi Minh,LOW,46,FULL
C08459,Hoang Gia Phuc,1973-10-12,Vung Tau,LOW,68,FULL
C08460,Vo Duc Trang,1981-08-25,Ho Chi Minh,LOW,20,FULL
C08461,Phan Huu Linh,1974-03-24,Ha Noi,HIGH,8,FULL
C08462,Do Khanh Bao,1995-10-15,Dong Nai,LOW,81,FULL
C08463,Tran Huu Nam,1985-12-15,Hue,HIGH,89,FULL
C08464,Nguyen Gia Tung,2000-03-08,Vung Tau,LOW,71,FULL
C08465,Do Thanh Hoang,1980-12-16,Vung Tau,MEDIUM,95,FULL
C08466,Tran Thanh Nhung,1978-04-19,Quang Ninh,MEDIUM,43,FULL
C08467,Duong Gia Nhung,1971-10-10,Vung Tau,MEDIUM,55,PARTIAL
C08468,Bui Gia Hoang,1994-06-15,Da Nang,MEDIUM,90,PARTIAL
C08469,Ho Huu Hoang,1995-05-30,Vung Tau,LOW,13,FULL
C08470,Do Tuan Binh,1993-10-26,Da Nang,LOW,35,FULL
C08471,Pham Tuan Anh,2005-03-14,Vung Tau,HIGH,55,FULL
C08472,Duong Huu Huy,1994-03-25,Ha Noi,LOW,85,FULL
C08473,Pham Thu Tung,1970-04-14,Hue,LOW,25,FULL
C08474,Hoang Gia Vy,1996-08-21,Ho Chi Minh,HIGH,10,PARTIAL
C08475,Ngo Thanh Long,1962-05-25,Hai Phong,HIGH,80,FULL
C08476,Duong Xuan Bao,1967-05-20,Da Nang,LOW,22,FULL
C08477,Dang Hoang Khang,1965-05-17,Ho Chi Minh,LOW,50,PARTIAL
C08478,Vo Thi Long,1986-02-15,Nha Trang,MEDIUM,50,FULL
C08479,Duong Minh Nam,1970-10-25,Da Nang,MEDIUM,86,FULL
C08480,Vu Van Kiet,1981-12-02,Can Tho,LOW,35,FULL
C08481,Huynh Khanh Khoa,1976-12-31,Da Nang,MEDIUM,45,FULL
C08482,Nguyen Minh Nam,1960-11-25,Da Nang,MEDIUM,22,FULL
C08483,Nguyen Hai Dat,1994-09-11,Quang Ninh,MEDIUM,18,FULL
C08484,Bui Van Anh,1993-06-07,Ha Noi,LOW,18,FULL
C08485,Tran Khanh Long,2004-09-20,Can Tho,LOW,51,FULL
C08486,Hoang Van Khang,1975-07-11,Da Nang,LOW,54,FULL
C08487,Dang Quoc Dat,1967-10-22,Nha Trang,MEDIUM,12,FULL
C08488,Le Tuan Phuc,1968-01-16,Dong Nai,LOW,39,FULL
C08489,Nguyen Ngoc Hoang,1967-10-13,Ho Chi Minh,LOW,17,FULL
C08490,Do Gia Huy,1986-03-31,Ho Chi Minh,LOW,8,FULL
C08491,Le Ngoc Binh,1998-12-23,Ha Noi,HIGH,7,FULL
C08492,Vu Tuan Binh,1961-03-22,Vung Tau,HIGH,90,PARTIAL
C08493,Le Thu Huy,1964-01-13,Hue,LOW,70,FULL
C08494,Huynh Hoang Long,1969-07-11,Ha Noi,LOW,35,PARTIAL
C08495,Duong Khanh Vy,1995-10-05,Hai Phong,LOW,41,PARTIAL
C08496,Vo Khanh An,1972-09-12,Da Nang,LOW,31,FULL
C08497,Nguyen Huu Kiet,1968-07-03,Vung Tau,LOW,40,FULL
C08498,Le Khanh An,1967-07-25,Nha Trang,LOW,40,FULL
C08499,Phan Minh Nhung,1999-02-27,Quang Ninh,LOW,78,PARTIAL
C08500,Ngo Tuan Huy,1982-06-26,Hai Phong,MEDIUM,43,PARTIAL
C08501,Duong Van Linh,1992-08-30,Nha Trang,LOW,69,FULL
C08502,Huynh Ngoc Nhung,1973-09-07,Vung Tau,LOW,85,PARTIAL
C08503,Duong Ngoc Dat,1970-05-05,Da Nang,LOW,32,FULL
C08504,Bui Hoang Nam,1991-04-05,Da Nang,LOW,11,FULL
C08505,Hoang Xuan Kiet,1975-05-14,Vung Tau,LOW,33,FULL
C08506,Ngo Huu Bao,2005-01-23,Vung Tau,LOW,45,FULL
C08507,Le Duc Nam,1970-12-28,Nha Trang,LOW,41,FULL
C08508,Do Thu Long,2003-11-23,Dong Nai,LOW,31,FULL
C08509,Ho Tuan Dat,1975-01-30,Hue,LOW,17,FULL
C08510,Tran Tuan Huy,1986-03-19,Dong Nai,MEDIUM,17,FULL
C08511,Dang Hoang Lan,1983-03-02,Ho Chi Minh,LOW,76,FULL
C08512,Le Gia Khang,1993-01-19,Quang Ninh,LOW,94,FULL
C08513,Ngo Van Dat,1974-01-29,Hai Phong,HIGH,57,PARTIAL
C08514,Huynh Tuan Khoa,1980-10-17,Dong Nai,LOW,85,PARTIAL
C08515,Dang Tuan Binh,1971-04-15,Ho Chi Minh,LOW,67,FULL
C08516,Huynh Ngoc Khang,1988-03-07,Quang Ninh,LOW,57,FULL
C08517,Hoang Van Lan,1998-10-13,Quang Ninh,LOW,31,FULL
C08518,Ho Ngoc Nhung,1965-03-22,Ho Chi Minh,LOW,89,FULL
C08519,Le Khanh An,1987-05-04,Vung Tau,LOW,12,FULL
C08520,Phan Thanh Anh,2005-07-28,Ha Noi,MEDIUM,89,PARTIAL
C08521,Dang Van Long,1982-05-31,Nha Trang,HIGH,45,FULL
C08522,Dang Gia Linh,1962-11-17,Vung Tau,LOW,45,PARTIAL
C08523,Dang Thi Phuc,1960-05-13,Ha Noi,LOW,60,FULL
C08524,Vo Van Trang,2002-11-27,Da Nang,HIGH,38,FULL
C08525,Tran Duc Binh,1978-08-20,Quang Ninh,LOW,18,FULL
C08526,Hoang Thu Huy,1969-01-07,Ha Noi,LOW,13,FULL
C08527,Hoang Ngoc Khang,2005-11-28,Dong Nai,MEDIUM,56,FULL
C08528,Phan Thu Son,2005-06-10,Hai Phong,LOW,58,FULL
C08529,Phan Khanh An,1990-02-23,Hue,LOW,51,FULL
C08530,Pham Tuan Kiet,1969-03-15,Nha Trang,MEDIUM,83,FULL
C08531,Nguyen Thanh Linh,1972-06-11,Quang Ninh,LOW,83,FULL
C08532,Dang Thi Dat,1996-05-20,Da Nang,LOW,38,FULL
C08533,Hoang Thi Khang,1984-08-18,Nha Trang,MEDIUM,91,PARTIAL
C08534,Do Huu An,1977-03-16,Vung Tau,LOW,74,PARTIAL
C08535,Phan Tuan Dat,1991-12-04,Ha Noi,LOW,79,FULL
C08536,Bui Duc An,1970-01-22,Dong Nai,LOW,34,FULL
C08537,Hoang Thu Phuc,1991-08-20,Vung Tau,LOW,45,PARTIAL
C08538,Nguyen Thi Khoa,1987-09-26,Ha Noi,LOW,48,PARTIAL
C08539,Vu Ngoc Phuc,1988-04-03,Can Tho,LOW,24,FULL
C08540,Phan Hai Tung,1998-01-26,Nha Trang,MEDIUM,51,FULL
C08541,Tran Van Vy,1994-12-02,Can Tho,LOW,13,FULL
C08542,Tran Tuan Phuc,1967-06-05,Hai Phong,LOW,76,PARTIAL
C08543,Bui Duc Dat,2004-08-01,Can Tho,LOW,5,PARTIAL
C08544,Do Khanh Linh,1999-03-25,Hai Phong,MEDIUM,41,FULL
C08545,Ho Duc Trang,1992-10-15,Da Nang,MEDIUM,86,FULL
C08546,Le Thi Bao,1984-03-31,Hai Phong,LOW,84,FULL
C08547,Bui Hai Hoang,1966-08-14,Hue,LOW,15,FULL
C08548,Pham Duc Linh,2002-11-03,Hai Phong,LOW,33,PARTIAL
C08549,Dang Xuan Nhung,1971-09-18,Hai Phong,LOW,15,PARTIAL
C08550,Le Minh Binh,1986-01-13,Ho Chi Minh,LOW,11,FULL
C08551,Pham Gia Kiet,1988-02-20,Quang Ninh,MEDIUM,53,PARTIAL
C08552,Hoang Gia Linh,1999-09-04,Dong Nai,MEDIUM,92,FULL
C08553,Ho Hai An,1987-10-16,Dong Nai,LOW,52,FULL
C08554,Pham Ngoc Dat,1998-08-14,Ha Noi,HIGH,11,FULL
C08555,Bui Gia Linh,1977-02-04,Da Nang,HIGH,60,FULL
C08556,Dang Thanh Dat,2003-04-18,Can Tho,LOW,73,FULL
C08557,Dang Xuan Nhung,1960-10-21,Nha Trang,MEDIUM,93,FULL
C08558,Dang Minh Lan,1983-03-31,Hue,MEDIUM,62,FULL
C08559,Ho Hoang Dat,1963-04-04,Da Nang,LOW,35,FULL
C08560,Tran Gia Bao,1976-06-26,Hai Phong,LOW,61,FULL
C08561,Hoang Tuan Bao,1993-08-02,Can Tho,HIGH,39,FULL
C08562,Huynh Duc An,1979-06-21,Can Tho,HIGH,75,FULL
C08563,Vo Thi Khang,1979-04-15,Ha Noi,MEDIUM,94,FULL
C08564,Ho Tuan Anh,1964-08-24,Ho Chi Minh,LOW,22,FULL
C08565,Huynh Thi Long,1975-05-05,Da Nang,LOW,57,FULL
C08566,Ho Thi Hoang,1967-07-25,Ho Chi Minh,LOW,16,FULL
C08567,Bui Xuan Son,1971-06-04,Dong Nai,LOW,45,FULL
C08568,Ho Gia Dat,1983-11-11,Quang Ninh,MEDIUM,65,FULL
C08569,Ho Gia Vy,1972-10-13,Can Tho,LOW,80,FULL
C08570,Bui Ngoc Tung,2002-12-18,Hue,LOW,9,FULL
C08571,Ngo Ngoc Nhung,1974-12-26,Ho Chi Minh,LOW,43,FULL
C08572,Ho Thanh Dat,1960-07-20,Ho Chi Minh,LOW,20,FULL
C08573,Pham Van Linh,1973-09-25,Dong Nai,LOW,23,PARTIAL
C08574,Vu Huu Khoa,1994-09-28,Hue,LOW,42,FULL
C08575,Vo Ngoc Khoa,1979-10-23,Can Tho,LOW,61,PARTIAL
C08576,Ngo Van Khang,1992-05-15,Quang Ninh,LOW,67,FULL
C08577,Hoang Quoc Trang,2005-02-20,Ha Noi,LOW,21,FULL
C08578,Tran Khanh Kiet,2001-04-20,Quang Ninh,MEDIUM,21,FULL
C08579,Hoang Gia Phuc,1964-01-02,Hai Phong,LOW,52,FULL
C08580,Phan Thanh Phuc,1965-10-21,Quang Ninh,LOW,13,FULL
C08581,Pham Tuan Phuc,1975-10-09,Vung Tau,LOW,46,FULL
C08582,Bui Duc Bao,1989-09-04,Ha Noi,LOW,70,FULL
C08583,Phan Van Bao,1967-10-15,Nha Trang,LOW,67,FULL
C08584,Do Tuan Lan,1984-06-21,Quang Ninh,LOW,11,PARTIAL
C08585,Phan Huu Khang,1998-08-06,Nha Trang,HIGH,26,FULL
C08586,Ho Xuan Phuc,1974-11-22,Quang Ninh,MEDIUM,48,FULL
C08587,Ho Thanh Binh,1966-06-07,Da Nang,LOW,36,FULL
C08588,Do Thanh Nam,1980-05-10,Dong Nai,LOW,52,FULL
C08589,Bui Van Binh,2001-07-10,Can Tho,LOW,36,FULL
C08590,Do Khanh Linh,1960-09-05,Nha Trang,LOW,23,PARTIAL
C08591,Huynh Huu Vy,1964-02-12,Nha Trang,LOW,67,FULL
C08592,Nguyen Thu Tung,1996-02-12,Hue,HIGH,86,FULL
C08593,Ho Gia Kiet,1974-03-19,Ho Chi Minh,MEDIUM,13,FULL
C08594,Huynh Ngoc Trang,1993-09-30,Quang Ninh,MEDIUM,59,FULL
C08595,Huynh Xuan Trang,1997-05-01,Hai Phong,HIGH,95,FULL
C08596,Duong Hoang Phuc,1962-05-24,Vung Tau,LOW,14,PARTIAL
C08597,Ho Thi Long,1969-04-23,Hue,LOW,87,FULL
C08598,Ngo Thu Son,2001-11-14,Hai Phong,MEDIUM,35,FULL
C08599,Phan Tuan Hoang,1991-09-18,Ho Chi Minh,MEDIUM,74,FULL
C08600,Phan Xuan Khoa,1966-09-23,Can Tho,LOW,26,FULL
C08601,Nguyen Xuan Khoa,1973-12-22,Ho Chi Minh,HIGH,75,FULL
C08602,Pham Thi Phuc,1960-02-27,Ha Noi,LOW,6,FULL
C08603,Le Thu Dat,1991-08-07,Vung Tau,LOW,46,FULL
C08604,Phan Minh Nam,1983-03-13,Hue,LOW,59,FULL
C08605,Vo Khanh Khang,2004-10-20,Hue,LOW,48,FULL
C08606,Ngo Duc Trang,1960-11-25,Quang Ninh,LOW,75,PARTIAL
C08607,Phan Ngoc Son,1967-12-14,Ha Noi,LOW,7,FULL
C08608,Nguyen Huu Huy,2004-07-07,Da Nang,LOW,62,FULL
C08609,Tran Hoang Anh,1991-02-20,Nha Trang,MEDIUM,18,FULL
C08610,Dang Thi Vy,1979-04-10,Ho Chi Minh,LOW,64,FULL
C08611,Hoang Thi Kiet,1960-06-30,Dong Nai,MEDIUM,88,FULL
C08612,Dang Quoc Hoang,2003-05-18,Ha Noi,LOW,77,FULL
C08613,Bui Hoang Trang,1971-05-02,Can Tho,LOW,80,FULL
C08614,Vo Tuan Hoang,1976-01-02,Can Tho,HIGH,46,FULL
C08615,Tran Thu Khang,1982-06-06,Can Tho,LOW,7,FULL
C08616,Nguyen Khanh Huy,1994-02-03,Ha Noi,MEDIUM,5,FULL
C08617,Phan Thu Linh,1999-09-27,Ho Chi Minh,LOW,83,PARTIAL
C08618,Do Quoc Son,2005-03-05,Can Tho,MEDIUM,83,FULL
C08619,Huynh Hai Lan,1965-05-29,Hai Phong,LOW,46,FULL
C08620,Le Thi Anh,1984-08-21,Hai Phong,LOW,21,FULL
C08621,Ngo Duc Long,1987-02-03,Quang Ninh,LOW,5,FULL
C08622,Nguyen Xuan Khoa,1993-05-19,Hue,LOW,50,FULL
C08623,Bui Gia Tung,1987-04-23,Hue,LOW,38,PARTIAL
C08624,Nguyen Duc Kiet,2001-01-21,Quang Ninh,LOW,45,FULL
C08625,Duong Thi Long,1993-06-11,Can Tho,LOW,86,FULL
C08626,Tran Thu Linh,1994-10-29,Da Nang,MEDIUM,67,FULL
C08627,Vu Ngoc Anh,1976-01-19,Can Tho,LOW,95,FULL
C08628,Tran Quoc Long,1969-03-22,Ha Noi,MEDIUM,30,FULL
C08629,Duong Hai Huy,1989-04-13,Nha Trang,MEDIUM,82,FULL
C08630,Hoang Thu Phuc,1970-12-30,Hai Phong,LOW,51,PARTIAL
C08631,Huynh Quoc Khoa,1996-01-06,Hai Phong,MEDIUM,74,FULL
C08632,Hoang Hai Dat,2004-07-03,Hai Phong,LOW,43,PARTIAL
C08633,Hoang Ngoc Linh,1998-01-08,Hue,LOW,55,PARTIAL
C08634,Le Van Kiet,1987-12-17,Da Nang,LOW,22,PARTIAL
C08635,Ngo Khanh Trang,1963-11-02,Hue,LOW,20,PARTIAL
C08636,Duong Xuan Binh,2005-02-08,Quang Ninh,MEDIUM,54,FULL
C08637,Huynh Thanh Phuc,1986-08-06,Dong Nai,LOW,89,FULL
C08638,Duong Gia Long,1996-03-28,Nha Trang,LOW,13,FULL
C08639,Duong Quoc Linh,1986-12-22,Hue,LOW,44,PARTIAL
C08640,Pham Duc Anh,1960-12-31,Da Nang,LOW,40,FULL
C08641,Ngo Khanh Hoang,1983-11-28,Hue,LOW,53,FULL
C08642,Vu Van Anh,1966-04-13,Dong Nai,LOW,83,FULL
C08643,Ho Quoc Vy,1962-05-26,Hai Phong,LOW,55,FULL
C08644,Duong Tuan Nam,1994-11-19,Quang Ninh,MEDIUM,35,PARTIAL
C08645,Ngo Tuan Dat,1987-08-10,Dong Nai,LOW,88,FULL
C08646,Duong Khanh Kiet,1998-09-13,Vung Tau,LOW,8,FULL
C08647,Huynh Minh Linh,2001-05-21,Dong Nai,LOW,70,FULL
C08648,Bui Thu Khoa,1973-05-19,Quang Ninh,LOW,89,FULL
C08649,Pham Thi Long,2000-06-04,Ha Noi,LOW,6,FULL
C08650,Ngo Thi Kiet,1994-10-22,Dong Nai,MEDIUM,58,FULL
C08651,Ngo Thi Dat,1983-01-16,Ha Noi,LOW,74,FULL
C08652,Ho Hoang Trang,1987-06-25,Can Tho,LOW,7,FULL
C08653,Duong Hai An,2002-01-21,Quang Ninh,MEDIUM,64,PARTIAL
C08654,Ho Hoang An,1986-06-05,Quang Ninh,LOW,22,FULL
C08655,Ho Hoang Tung,1971-02-27,Ha Noi,MEDIUM,91,FULL
C08656,Vo Ngoc Kiet,1978-09-06,Can Tho,MEDIUM,48,FULL
C08657,Le Hoang Long,1970-11-28,Ha Noi,LOW,63,FULL
C08658,Bui Thi Kiet,1992-12-22,Nha Trang,LOW,14,FULL
C08659,Pham Quoc Phuc,1999-03-07,Can Tho,LOW,71,FULL
C08660,Nguyen Hai Kiet,1993-10-14,Da Nang,MEDIUM,80,FULL
C08661,Huynh Minh Bao,1973-08-26,Hai Phong,LOW,71,FULL
C08662,Nguyen Thu Khang,1972-04-27,Ho Chi Minh,MEDIUM,19,FULL
C08663,Hoang Tuan Anh,1968-08-05,Can Tho,LOW,72,FULL
C08664,Nguyen Duc Nhung,1989-10-02,Hai Phong,LOW,37,FULL
C08665,Bui Huu Linh,1976-10-29,Quang Ninh,HIGH,14,FULL
C08666,Bui Thi Binh,1991-03-06,Vung Tau,LOW,83,FULL
C08667,Bui Thi Lan,1982-03-24,Quang Ninh,LOW,80,PARTIAL
C08668,Le Thi Vy,1971-02-13,Hue,HIGH,14,FULL
C08669,Vo Hoang Phuc,1972-03-29,Dong Nai,MEDIUM,7,FULL
C08670,Dang Khanh Phuc,1985-09-30,Can Tho,LOW,69,FULL
C08671,Phan Van Long,1983-07-13,Can Tho,LOW,55,FULL
C08672,Vu Hai Lan,1989-01-21,Hue,HIGH,25,FULL
C08673,Ngo Thi Anh,2004-04-23,Nha Trang,LOW,67,FULL
C08674,Pham Duc Trang,1992-03-20,Vung Tau,LOW,32,PARTIAL
C08675,Vo Tuan Lan,1991-07-30,Dong Nai,LOW,10,FULL
C08676,Bui Gia Nam,1976-10-16,Ho Chi Minh,LOW,91,PARTIAL
C08677,Tran Hoang Huy,1971-08-19,Can Tho,MEDIUM,78,FULL
C08678,Tran Thi Phuc,1963-12-21,Hai Phong,LOW,45,FULL
C08679,Le Thu Dat,1987-09-23,Ho Chi Minh,MEDIUM,38,FULL
C08680,Duong Hai Hoang,1969-01-13,Da Nang,LOW,93,FULL
C08681,Ngo Hoang An,1993-06-01,Ha Noi,LOW,66,FULL
C08682,Pham Duc An,1966-07-01,Dong Nai,LOW,77,FULL
C08683,Tran Xuan Tung,1992-03-12,Vung Tau,LOW,85,FULL
C08684,Pham Thanh Long,1991-08-03,Hai Phong,MEDIUM,76,FULL
C08685,Duong Gia Son,1983-08-31,Dong Nai,LOW,35,FULL
C08686,Ngo Quoc Anh,1991-09-03,Can Tho,LOW,80,FULL
C08687,Dang Thu Trang,1974-01-04,Ha Noi,LOW,44,FULL
C08688,Vu Thu Dat,1960-08-19,Da Nang,LOW,39,PARTIAL
C08689,Huynh Duc Vy,1966-10-05,Quang Ninh,LOW,5,FULL
C08690,Le Thu Linh,2002-10-19,Da Nang,HIGH,6,FULL
C08691,Phan Ngoc An,1973-02-16,Quang Ninh,LOW,50,FULL
C08692,Do Quoc Nhung,1978-05-20,Hue,MEDIUM,82,FULL
C08693,Do Gia Nhung,1995-02-03,Ho Chi Minh,LOW,62,FULL
C08694,Vo Thi Son,1991-06-12,Ha Noi,MEDIUM,64,FULL
C08695,Huynh Thu Long,1993-06-06,Hue,LOW,60,FULL
C08696,Vu Duc Nhung,2003-07-19,Hai Phong,LOW,49,FULL
C08697,Do Duc An,1994-03-19,Da Nang,LOW,22,FULL
C08698,Bui Hai Anh,1964-10-08,Dong Nai,LOW,77,FULL
C08699,Do Van Kiet,1964-06-14,Vung Tau,LOW,36,FULL
C08700,Le Duc Kiet,1969-08-17,Can Tho,LOW,41,FULL
C08701,Nguyen Quoc Nhung,1963-03-15,Ha Noi,LOW,23,FULL
C08702,Duong Ngoc Trang,1972-09-17,Quang Ninh,MEDIUM,80,FULL
C08703,Vo Gia Kiet,1998-12-31,Da Nang,LOW,7,PARTIAL
C08704,Hoang Van Lan,1994-10-06,Hai Phong,HIGH,41,FULL
C08705,Phan Thanh Vy,1982-12-26,Hue,MEDIUM,57,FULL
C08706,Hoang Duc Vy,1979-06-06,Nha Trang,MEDIUM,12,FULL
C08707,Do Minh Phuc,1990-01-10,Nha Trang,LOW,12,FULL
C08708,Le Thu Nhung,2004-05-11,Ha Noi,LOW,64,FULL
C08709,Bui Ngoc Phuc,2002-09-03,Da Nang,LOW,13,PARTIAL
C08710,Huynh Tuan Son,1993-10-23,Can Tho,LOW,43,PARTIAL
C08711,Vu Hoang Huy,1977-10-12,Hue,LOW,63,FULL
C08712,Vu Duc Nhung,1977-02-27,Hai Phong,HIGH,19,FULL
C08713,Nguyen Gia Long,1992-04-04,Hai Phong,LOW,72,FULL
C08714,Ngo Khanh Trang,1990-09-15,Hai Phong,LOW,16,FULL
C08715,Duong Thu Anh,1993-11-02,Hai Phong,LOW,38,FULL
C08716,Bui Gia Long,2001-06-11,Nha Trang,HIGH,67,FULL
C08717,Pham Tuan Lan,1988-08-19,Ho Chi Minh,LOW,30,FULL
C08718,Phan Van Nhung,2004-05-28,Hai Phong,LOW,12,FULL
C08719,Le Hoang Dat,2004-12-31,Ha Noi,LOW,18,FULL
C08720,Duong Thanh Kiet,1973-07-03,Dong Nai,LOW,24,FULL
C08721,Pham Xuan Trang,2001-01-19,Vung Tau,LOW,22,FULL
C08722,Le Hai Nam,1963-05-29,Da Nang,LOW,5,FULL
C08723,Bui Minh Kiet,1967-08-06,Dong Nai,LOW,16,FULL
C08724,Nguyen Hai Bao,1974-12-26,Dong Nai,MEDIUM,57,FULL
C08725,Hoang Minh Long,1975-06-05,Hai Phong,HIGH,13,FULL
C08726,Dang Ngoc Nam,1990-08-25,Hai Phong,LOW,67,FULL
C08727,Le Thanh Anh,1989-03-15,Da Nang,LOW,11,FULL
C08728,Dang Hoang Trang,1964-01-01,Da Nang,LOW,29,FULL
C08729,Bui Khanh Vy,1996-11-30,Quang Ninh,HIGH,54,FULL
C08730,Ho Hai Huy,2001-05-04,Ho Chi Minh,LOW,62,FULL
C08731,Nguyen Van Huy,1992-06-26,Vung Tau,LOW,62,FULL
C08732,Hoang Quoc Bao,1981-11-30,Hai Phong,HIGH,67,PARTIAL
C08733,Duong Van Lan,1967-02-11,Ho Chi Minh,LOW,18,FULL
C08734,Do Minh Tung,1994-03-30,Ha Noi,LOW,62,FULL
C08735,Dang Hoang Bao,1991-10-03,Vung Tau,LOW,93,FULL
C08736,Dang Gia Huy,1994-12-02,Hue,MEDIUM,11,FULL
C08737,Pham Minh Vy,1992-01-12,Vung Tau,LOW,68,FULL
C08738,Le Hoang Phuc,1966-05-13,Ho Chi Minh,LOW,77,FULL
C08739,Hoang Van Vy,1962-07-20,Da Nang,LOW,5,FULL
C08740,Bui Thanh Long,1979-11-29,Da Nang,LOW,9,FULL
C08741,Bui Huu Bao,1992-04-29,Da Nang,LOW,49,FULL
C08742,Duong Thanh Lan,1975-07-16,Can Tho,LOW,43,FULL
C08743,Dang Thi Huy,1988-01-03,Da Nang,LOW,84,FULL
C08744,Huynh Huu Dat,1997-11-23,Hai Phong,LOW,52,FULL
C08745,Le Duc Lan,2002-08-27,Quang Ninh,LOW,79,FULL
C08746,Pham Thi Dat,1978-11-08,Quang Ninh,LOW,44,FULL
C08747,Duong Tuan Hoang,1978-03-05,Can Tho,MEDIUM,62,FULL
C08748,Phan Quoc Khang,1983-12-19,Da Nang,LOW,62,FULL
C08749,Hoang Thi Bao,1998-12-01,Hue,MEDIUM,35,FULL
C08750,Pham Hai Nhung,1986-08-18,Vung Tau,HIGH,16,FULL
C08751,Phan Hoang Hoang,1962-08-08,Nha Trang,MEDIUM,39,FULL
C08752,Tran Minh Phuc,1991-10-29,Nha Trang,HIGH,94,FULL
C08753,Le Thi Hoang,1966-02-16,Vung Tau,MEDIUM,37,FULL
C08754,Duong Quoc Long,1996-01-21,Dong Nai,MEDIUM,10,FULL
C08755,Bui Thi Nhung,2001-03-13,Vung Tau,LOW,45,PARTIAL
C08756,Huynh Van Khoa,1973-05-16,Vung Tau,MEDIUM,82,PARTIAL
C08757,Nguyen Thu An,2002-12-29,Can Tho,LOW,22,PARTIAL
C08758,Phan Hoang Nhung,1994-02-20,Hue,LOW,87,PARTIAL
C08759,Huynh Thanh Son,2002-07-25,Da Nang,MEDIUM,22,FULL
C08760,Tran Tuan Binh,1990-01-30,Nha Trang,LOW,80,PARTIAL
C08761,Vo Khanh Kiet,1995-08-23,Hue,LOW,65,FULL
C08762,Nguyen Ngoc Long,2004-04-30,Hue,LOW,84,FULL
C08763,Vu Minh Huy,1993-04-06,Can Tho,LOW,63,PARTIAL
C08764,Phan Duc Nhung,1972-10-14,Ho Chi Minh,LOW,37,FULL
C08765,Ngo Thanh An,2002-04-04,Dong Nai,LOW,59,PARTIAL
C08766,Hoang Xuan Nhung,2004-04-29,Ho Chi Minh,LOW,24,PARTIAL
C08767,Dang Khanh Nhung,1960-08-02,Hue,LOW,69,FULL
C08768,Duong Huu Dat,1963-01-13,Hue,LOW,26,FULL
C08769,Phan Gia Linh,1979-08-30,Nha Trang,LOW,8,FULL
C08770,Tran Gia Khoa,1983-01-30,Can Tho,LOW,8,FULL
C08771,Pham Minh Anh,2003-12-13,Ho Chi Minh,LOW,43,FULL
C08772,Le Hoang Tung,1961-10-29,Da Nang,HIGH,49,FULL
C08773,Tran Hai Nhung,1962-05-16,Can Tho,LOW,90,FULL
C08774,Bui Van Son,1989-09-20,Quang Ninh,HIGH,79,FULL
C08775,Ho Minh Lan,1972-02-25,Dong Nai,LOW,53,FULL
C08776,Vo Van Dat,1992-01-19,Hue,LOW,93,FULL
C08777,Bui Khanh Hoang,1995-08-18,Quang Ninh,LOW,53,FULL
C08778,Huynh Van Son,1984-07-17,Hai Phong,LOW,64,FULL
C08779,Nguyen Ngoc Anh,1995-07-13,Nha Trang,LOW,69,FULL
C08780,Bui Van Khang,1997-03-09,Dong Nai,MEDIUM,60,FULL
C08781,Duong Minh Phuc,1988-10-07,Quang Ninh,LOW,10,PARTIAL
C08782,Do Hai Trang,1969-12-03,Nha Trang,LOW,78,FULL
C08783,Dang Thanh Bao,2005-08-07,Dong Nai,MEDIUM,19,FULL
C08784,Pham Gia Phuc,1988-05-13,Hai Phong,LOW,26,FULL
C08785,Huynh Thi Phuc,2002-08-03,Quang Ninh,MEDIUM,32,FULL
C08786,Dang Minh Kiet,1987-07-23,Da Nang,LOW,74,FULL
C08787,Dang Quoc Kiet,1991-03-23,Ha Noi,LOW,26,FULL
C08788,Dang Minh Tung,1964-08-19,Can Tho,LOW,77,FULL
C08789,Le Ngoc Son,1986-12-17,Quang Ninh,LOW,51,FULL
C08790,Ho Thu Trang,1965-03-16,Can Tho,LOW,80,FULL
C08791,Huynh Quoc Nhung,1984-06-30,Can Tho,MEDIUM,75,FULL
C08792,Hoang Quoc Khoa,1960-06-12,Ha Noi,LOW,77,FULL
C08793,Pham Ngoc Hoang,1960-01-31,Quang Ninh,LOW,56,FULL
C08794,Dang Minh Trang,1988-05-30,Da Nang,LOW,36,FULL
C08795,Ngo Hoang Khoa,1975-10-29,Ho Chi Minh,LOW,84,FULL
C08796,Bui Hoang Khang,1977-08-04,Hai Phong,MEDIUM,45,FULL
C08797,Ho Tuan Khang,2003-04-14,Ha Noi,LOW,54,FULL
C08798,Huynh Hoang Vy,2000-08-22,Hai Phong,MEDIUM,77,FULL
C08799,Bui Xuan Phuc,1987-08-13,Ho Chi Minh,MEDIUM,77,PARTIAL
C08800,Duong Hoang Binh,1998-06-28,Quang Ninh,LOW,19,FULL
C08801,Vo Hai Trang,1974-08-21,Hue,MEDIUM,33,FULL
C08802,Hoang Duc Dat,1980-11-13,Nha Trang,MEDIUM,56,FULL
C08803,Hoang Thu Khoa,1987-12-26,Can Tho,HIGH,38,FULL
C08804,Le Tuan Vy,1971-03-21,Ho Chi Minh,LOW,64,FULL
C08805,Duong Khanh Khang,1980-04-03,Ho Chi Minh,LOW,21,FULL
C08806,Ngo Hai Binh,1962-08-10,Vung Tau,LOW,80,FULL
C08807,Dang Thu Vy,1996-07-23,Ha Noi,LOW,19,FULL
C08808,Huynh Gia Bao,1998-09-12,Quang Ninh,LOW,82,FULL
C08809,Hoang Thu Dat,1966-10-18,Ha Noi,LOW,48,FULL
C08810,Ho Khanh Bao,1970-04-18,Hue,LOW,38,FULL
C08811,Hoang Xuan Phuc,2001-02-11,Hai Phong,LOW,11,FULL
C08812,Vo Khanh Hoang,1960-04-14,Can Tho,LOW,31,FULL
C08813,Ho Hoang Nam,1961-10-08,Nha Trang,MEDIUM,5,FULL
C08814,Hoang Thi Lan,2005-07-28,Da Nang,LOW,83,FULL
C08815,Pham Thanh Long,1970-09-26,Quang Ninh,LOW,53,FULL
C08816,Vo Van Kiet,2001-01-27,Hai Phong,LOW,34,FULL
C08817,Hoang Xuan Huy,1983-11-22,Hai Phong,LOW,28,PARTIAL
C08818,Le Gia Nhung,1975-09-11,Vung Tau,LOW,29,FULL
C08819,Phan Minh Khang,1968-05-22,Can Tho,HIGH,78,FULL
C08820,Phan Huu Khoa,1975-03-01,Ha Noi,LOW,9,FULL
C08821,Do Quoc Huy,1977-01-22,Hue,LOW,67,FULL
C08822,Duong Ngoc Anh,1983-10-04,Hue,LOW,79,FULL
C08823,Huynh Minh Nam,1980-08-19,Hai Phong,LOW,59,FULL
C08824,Phan Duc Linh,1991-01-03,Hue,MEDIUM,42,FULL
C08825,Bui Thanh Huy,1963-07-14,Vung Tau,LOW,78,FULL
C08826,Bui Tuan Hoang,2004-04-21,Dong Nai,LOW,51,PARTIAL
C08827,Dang Quoc Binh,1984-11-27,Vung Tau,MEDIUM,44,FULL
C08828,Pham Hai Khoa,1995-12-19,Vung Tau,MEDIUM,33,PARTIAL
C08829,Nguyen Xuan Bao,1974-06-30,Da Nang,LOW,89,FULL
C08830,Vu Hoang Bao,1993-08-06,Ho Chi Minh,LOW,5,FULL
C08831,Phan Thi Hoang,1978-09-13,Da Nang,LOW,42,FULL
C08832,Ho Duc Tung,1982-02-15,Ho Chi Minh,MEDIUM,90,FULL
C08833,Vo Gia Phuc,1964-10-09,Da Nang,MEDIUM,69,FULL
C08834,Nguyen Thu Kiet,1975-12-31,Vung Tau,LOW,89,FULL
C08835,Ho Duc Lan,1976-02-13,Vung Tau,LOW,33,FULL
C08836,Le Gia Khoa,1961-12-16,Ha Noi,MEDIUM,8,FULL
C08837,Duong Thanh Hoang,1992-12-17,Vung Tau,MEDIUM,21,FULL
C08838,Phan Thi Bao,1981-02-16,Ho Chi Minh,LOW,94,FULL
C08839,Ho Van Long,1987-09-17,Quang Ninh,LOW,36,FULL
C08840,Vu Van Binh,1973-08-11,Can Tho,MEDIUM,72,FULL
C08841,Vo Gia Son,1983-09-15,Da Nang,LOW,13,FULL
C08842,Nguyen Minh Bao,1984-10-14,Hue,LOW,34,FULL
C08843,Pham Quoc Linh,1983-02-19,Can Tho,LOW,13,FULL
C08844,Nguyen Huu Nam,1974-06-20,Hue,LOW,92,FULL
C08845,Nguyen Hai Trang,1997-09-01,Vung Tau,MEDIUM,21,FULL
C08846,Nguyen Quoc An,1990-05-10,Hue,LOW,57,FULL
C08847,Tran Duc Phuc,1985-02-01,Can Tho,LOW,79,FULL
C08848,Phan Khanh Khang,1996-08-25,Quang Ninh,LOW,50,PARTIAL
C08849,Phan Thu Trang,1988-06-18,Ha Noi,LOW,91,FULL
C08850,Tran Thu Khang,1980-01-31,Ho Chi Minh,MEDIUM,54,FULL
C08851,Dang Minh Nhung,1991-01-20,Can Tho,LOW,31,FULL
C08852,Pham Tuan Hoang,2002-08-04,Quang Ninh,LOW,74,PARTIAL
C08853,Ngo Hoang Khoa,1963-08-02,Hue,HIGH,70,FULL
C08854,Le Thi Nam,1988-01-22,Hai Phong,LOW,94,FULL
C08855,Pham Minh Long,2004-01-07,Quang Ninh,MEDIUM,57,PARTIAL
C08856,Dang Hoang Dat,1971-06-25,Vung Tau,LOW,95,FULL
C08857,Le Minh Binh,2002-07-30,Hue,LOW,74,FULL
C08858,Phan Hoang Anh,1986-03-03,Nha Trang,LOW,18,FULL
C08859,Tran Minh Khoa,1966-10-08,Ho Chi Minh,LOW,42,FULL
C08860,Ho Hai Khang,1962-01-13,Nha Trang,HIGH,57,FULL
C08861,Pham Tuan Anh,1995-03-13,Quang Ninh,LOW,12,FULL
C08862,Tran Tuan Khang,1997-09-13,Can Tho,LOW,41,PARTIAL
C08863,Hoang Thi Phuc,1979-09-13,Nha Trang,MEDIUM,79,FULL
C08864,Duong Tuan Khoa,1986-05-28,Hue,LOW,44,FULL
C08865,Tran Khanh Khoa,2004-03-09,Vung Tau,LOW,49,FULL
C08866,Pham Tuan Nhung,2000-02-28,Ha Noi,LOW,56,FULL
C08867,Hoang Thanh Kiet,1963-06-05,Da Nang,LOW,7,FULL
C08868,Pham Quoc Anh,1979-06-03,Vung Tau,LOW,54,FULL
C08869,Le Thi Long,2000-05-20,Hue,LOW,83,FULL
C08870,Pham Minh Bao,1977-05-05,Can Tho,LOW,21,PARTIAL
C08871,Vo Thu Phuc,1995-12-11,Ho Chi Minh,LOW,6,PARTIAL
C08872,Bui Duc Tung,2003-12-24,Dong Nai,LOW,50,PARTIAL
C08873,Do Van Nam,1963-10-15,Nha Trang,MEDIUM,46,FULL
C08874,Pham Gia Kiet,1995-12-07,Dong Nai,MEDIUM,44,FULL
C08875,Nguyen Khanh Linh,1995-01-11,Dong Nai,LOW,75,PARTIAL
C08876,Le Khanh Huy,1986-11-20,Hai Phong,LOW,37,FULL
C08877,Nguyen Ngoc Phuc,1962-02-16,Can Tho,LOW,72,FULL
C08878,Phan Thu Son,1966-05-25,Dong Nai,LOW,34,PARTIAL
C08879,Bui Quoc Long,1961-04-07,Vung Tau,LOW,69,FULL
C08880,Vo Ngoc Hoang,1975-10-29,Ha Noi,LOW,45,FULL
C08881,Hoang Thanh Huy,1976-08-22,Vung Tau,LOW,28,FULL
C08882,Duong Gia Binh,1991-02-22,Hai Phong,LOW,16,FULL
C08883,Tran Gia Nhung,2002-10-21,Can Tho,LOW,85,FULL
C08884,Phan Van Tung,1962-05-12,Nha Trang,LOW,68,FULL
C08885,Duong Hoang Dat,1993-04-22,Hue,LOW,36,FULL
C08886,Phan Minh Binh,2001-06-16,Vung Tau,LOW,42,FULL
C08887,Ho Huu Anh,1969-07-25,Can Tho,LOW,65,FULL
C08888,Phan Quoc Trang,1995-08-25,Hue,LOW,81,FULL
C08889,Hoang Tuan Lan,1974-01-20,Ho Chi Minh,HIGH,8,PARTIAL
C08890,Pham Thu Huy,2005-01-08,Nha Trang,LOW,5,FULL
C08891,Vo Gia Anh,1978-11-23,Can Tho,HIGH,70,FULL
C08892,Nguyen Thi Vy,1970-10-10,Da Nang,LOW,86,PARTIAL
C08893,Vu Thu Dat,1994-01-04,Hue,MEDIUM,20,FULL
C08894,Le Ngoc Binh,1970-03-15,Dong Nai,LOW,21,PARTIAL
C08895,Vo Hai Huy,1982-01-24,Dong Nai,LOW,80,FULL
C08896,Tran Thu Linh,1971-07-02,Vung Tau,MEDIUM,76,FULL
C08897,Bui Ngoc Hoang,1966-07-23,Vung Tau,MEDIUM,73,FULL
C08898,Ho Huu Son,1974-05-28,Can Tho,LOW,91,FULL
C08899,Bui Thu Linh,1963-07-26,Nha Trang,LOW,31,FULL
C08900,Phan Huu Linh,1998-05-27,Nha Trang,LOW,40,FULL
C08901,Bui Khanh Khoa,1981-02-26,Can Tho,MEDIUM,79,FULL
C08902,Le Thanh Khang,1974-11-04,Hai Phong,LOW,92,FULL
C08903,Vu Duc Nhung,1960-05-03,Vung Tau,MEDIUM,38,FULL
C08904,Phan Minh Tung,2001-06-26,Nha Trang,LOW,41,FULL
C08905,Le Duc Hoang,1973-08-16,Nha Trang,LOW,7,PARTIAL
C08906,Dang Minh Hoang,1963-08-21,Dong Nai,LOW,95,FULL
C08907,Do Hoang Vy,1963-02-15,Da Nang,LOW,26,FULL
C08908,Pham Thanh Vy,1986-01-31,Vung Tau,LOW,10,PARTIAL
C08909,Hoang Huu Linh,2002-12-19,Ha Noi,LOW,21,FULL
C08910,Pham Hai Hoang,1986-09-19,Hai Phong,LOW,72,FULL
C08911,Pham Hai Son,2002-06-12,Quang Ninh,MEDIUM,21,PARTIAL
C08912,Bui Huu Khoa,2004-10-02,Can Tho,MEDIUM,59,FULL
C08913,Vo Minh Hoang,1961-01-03,Dong Nai,LOW,39,FULL
C08914,Vu Quoc Khang,1980-07-12,Dong Nai,LOW,29,PARTIAL
C08915,Hoang Hai Nhung,1988-11-04,Ha Noi,LOW,5,PARTIAL
C08916,Ho Van Nhung,1975-11-25,Da Nang,LOW,12,FULL
C08917,Pham Tuan Tung,1971-08-23,Ho Chi Minh,MEDIUM,46,FULL
C08918,Phan Tuan Tung,1966-05-02,Vung Tau,LOW,46,FULL
C08919,Vu Thanh Phuc,1967-08-09,Dong Nai,LOW,90,PARTIAL
C08920,Pham Quoc Bao,1985-06-09,Hai Phong,LOW,55,FULL
C08921,Ngo Ngoc Vy,1964-05-11,Hai Phong,LOW,69,FULL
C08922,Le Hoang An,1986-05-24,Dong Nai,LOW,36,FULL
C08923,Duong Van Hoang,1999-10-21,Ha Noi,HIGH,91,FULL
C08924,Le Minh Phuc,1980-06-24,Ha Noi,MEDIUM,59,FULL
C08925,Dang Hoang Khoa,1997-09-22,Ho Chi Minh,LOW,74,PARTIAL
C08926,Duong Hoang Phuc,1968-12-15,Can Tho,LOW,91,FULL
C08927,Pham Huu Binh,1994-06-10,Hue,LOW,43,FULL
C08928,Huynh Thi Nam,1996-05-06,Can Tho,MEDIUM,37,PARTIAL
C08929,Vo Hoang Kiet,1996-08-07,Nha Trang,LOW,15,PARTIAL
C08930,Bui Quoc Huy,1967-11-01,Da Nang,LOW,60,FULL
C08931,Duong Thu Long,1969-07-15,Can Tho,LOW,65,FULL
C08932,Vo Tuan Anh,1993-11-02,Quang Ninh,LOW,87,FULL
C08933,Hoang Minh Long,1971-04-04,Da Nang,LOW,42,FULL
C08934,Pham Khanh Hoang,1981-10-07,Da Nang,HIGH,27,FULL
C08935,Hoang Xuan An,1984-05-01,Can Tho,LOW,46,FULL
C08936,Do Minh Hoang,1966-01-23,Hue,MEDIUM,88,FULL
C08937,Duong Thi Phuc,1970-01-03,Hue,LOW,79,FULL
C08938,Dang Quoc Khang,1978-05-14,Quang Ninh,MEDIUM,78,FULL
C08939,Dang Xuan Long,1983-01-01,Da Nang,LOW,33,FULL
C08940,Pham Thi Hoang,1966-04-17,Quang Ninh,LOW,14,FULL
C08941,Ngo Thu An,1982-10-25,Nha Trang,MEDIUM,7,FULL
C08942,Do Xuan Dat,1969-09-25,Hai Phong,LOW,61,FULL
C08943,Nguyen Thanh Linh,1991-03-26,Ho Chi Minh,LOW,62,FULL
C08944,Le Huu Nam,1984-08-08,Nha Trang,LOW,6,PARTIAL
C08945,Le Quoc Dat,1996-05-19,Hai Phong,LOW,51,PARTIAL
C08946,Pham Duc Linh,1995-08-26,Ho Chi Minh,LOW,46,FULL
C08947,Vo Van Anh,2000-08-19,Hai Phong,LOW,7,FULL
C08948,Dang Thi Son,1961-11-07,Ha Noi,LOW,12,FULL
C08949,Le Xuan Hoang,1982-05-17,Ha Noi,LOW,78,FULL
C08950,Tran Thu Lan,1992-09-20,Vung Tau,LOW,71,FULL
C08951,Ngo Thi Tung,1989-02-05,Ho Chi Minh,MEDIUM,41,FULL
C08952,Huynh Quoc Son,1976-10-03,Dong Nai,LOW,83,FULL
C08953,Ho Khanh Tung,1988-06-28,Hue,MEDIUM,7,FULL
C08954,Ngo Van An,1975-08-25,Quang Ninh,LOW,95,FULL
C08955,Duong Quoc Bao,1981-01-15,Dong Nai,LOW,72,FULL
C08956,Ho Thanh Dat,2004-04-29,Ha Noi,LOW,9,PARTIAL
C08957,Le Tuan Binh,1994-05-19,Hai Phong,HIGH,47,FULL
C08958,Ho Khanh Hoang,1962-11-23,Da Nang,HIGH,22,FULL
C08959,Ho Minh Nhung,1971-07-10,Can Tho,LOW,24,FULL
C08960,Ho Duc Nhung,1969-11-10,Hue,LOW,70,FULL
C08961,Pham Hai Binh,1972-04-02,Vung Tau,LOW,45,FULL
C08962,Tran Gia Hoang,1980-10-10,Quang Ninh,HIGH,42,FULL
C08963,Dang Khanh Binh,1964-11-24,Nha Trang,LOW,15,FULL
C08964,Vu Tuan Binh,1966-10-24,Nha Trang,LOW,93,FULL
C08965,Ngo Gia Nam,1974-01-18,Vung Tau,LOW,67,FULL
C08966,Do Tuan Huy,1993-11-06,Quang Ninh,HIGH,87,PARTIAL
C08967,Pham Ngoc Nam,1960-09-11,Vung Tau,LOW,90,FULL
C08968,Vo Thanh Tung,1988-07-16,Quang Ninh,LOW,92,FULL
C08969,Nguyen Duc Tung,1983-06-01,Da Nang,LOW,20,FULL
C08970,Vu Tuan Bao,1994-04-27,Hue,HIGH,25,FULL
C08971,Bui Huu Dat,1983-08-30,Can Tho,LOW,78,PARTIAL
C08972,Hoang Khanh Khoa,2005-07-08,Can Tho,LOW,87,FULL
C08973,Vu Gia Son,1989-06-25,Ho Chi Minh,LOW,63,PARTIAL
C08974,Duong Gia Son,1969-01-21,Dong Nai,LOW,89,PARTIAL
C08975,Pham Thanh Nam,1998-02-01,Nha Trang,LOW,63,FULL
C08976,Dang Minh Khang,1995-09-24,Ha Noi,LOW,31,FULL
C08977,Ngo Huu An,1970-07-28,Quang Ninh,LOW,9,FULL
C08978,Le Thanh Phuc,1982-11-19,Ho Chi Minh,LOW,13,FULL
C08979,Dang Duc Son,1976-07-14,Da Nang,LOW,28,PARTIAL
C08980,Ngo Khanh Long,2005-03-31,Hai Phong,LOW,90,FULL
C08981,Ho Hoang Son,1965-07-03,Ho Chi Minh,LOW,76,FULL
C08982,Tran Duc Khang,1994-03-13,Da Nang,MEDIUM,65,FULL
C08983,Vo Van Anh,1977-06-23,Dong Nai,LOW,47,FULL
C08984,Vu Duc Khoa,1995-06-23,Hue,LOW,92,FULL
C08985,Bui Hoang Nam,1968-01-31,Nha Trang,LOW,70,FULL
C08986,Dang Thi Trang,1979-04-27,Vung Tau,HIGH,95,PARTIAL
C08987,Pham Quoc Linh,1962-02-18,Ha Noi,LOW,61,PARTIAL
C08988,Pham Thi Nhung,1982-11-10,Nha Trang,MEDIUM,70,PARTIAL
C08989,Vo Thanh An,1976-08-03,Nha Trang,LOW,10,FULL
C08990,Dang Thu Linh,2001-12-11,Ha Noi,MEDIUM,8,FULL
C08991,Dang Thi Anh,1962-02-17,Hai Phong,MEDIUM,73,FULL
C08992,Tran Minh Hoang,1966-07-12,Nha Trang,MEDIUM,68,FULL
C08993,Vo Duc Bao,1962-05-28,Quang Ninh,HIGH,49,FULL
C08994,Ngo Minh Tung,1979-02-10,Hai Phong,LOW,73,PARTIAL
C08995,Nguyen Khanh Nam,1980-01-28,Nha Trang,MEDIUM,32,FULL
C08996,Phan Duc An,1974-06-12,Ho Chi Minh,LOW,85,FULL
C08997,Tran Van Linh,1990-10-30,Vung Tau,LOW,78,FULL
C08998,Nguyen Tuan Khoa,1997-09-16,Hai Phong,LOW,34,PARTIAL
C08999,Le Tuan Kiet,1963-12-19,Hue,LOW,95,FULL
C09000,Do Thi Hoang,1966-03-11,Quang Ninh,MEDIUM,65,FULL
C09001,Duong Thanh An,2002-09-07,Can Tho,HIGH,95,FULL
C09002,Nguyen Quoc Kiet,1991-11-27,Ha Noi,LOW,23,PARTIAL
C09003,Bui Quoc Kiet,1966-03-05,Ha Noi,LOW,57,FULL
C09004,Bui Quoc Khoa,1961-04-24,Hai Phong,LOW,34,FULL
C09005,Phan Ngoc Binh,2000-08-24,Ho Chi Minh,HIGH,88,FULL
C09006,Ngo Huu Nhung,1999-05-01,Vung Tau,LOW,89,FULL
C09007,Bui Thi Binh,1974-11-05,Hai Phong,LOW,60,PARTIAL
C09008,Hoang Thi Binh,1970-01-05,Ho Chi Minh,LOW,91,FULL
C09009,Duong Van Hoang,1971-09-14,Quang Ninh,LOW,58,FULL
C09010,Hoang Thu Hoang,1992-10-18,Hue,LOW,40,FULL
C09011,Hoang Thu Vy,1977-12-18,Nha Trang,LOW,66,FULL
C09012,Vo Ngoc Binh,1975-09-03,Da Nang,LOW,61,FULL
C09013,Huynh Minh Khang,2002-01-16,Dong Nai,LOW,58,FULL
C09014,Hoang Ngoc Son,1972-04-14,Vung Tau,LOW,61,FULL
C09015,Do Thanh Lan,1964-02-27,Ha Noi,MEDIUM,83,FULL
C09016,Vu Thu Nhung,1962-08-05,Hue,LOW,34,PARTIAL
C09017,Phan Quoc Son,1999-08-15,Nha Trang,LOW,38,FULL
C09018,Nguyen Ngoc An,1962-02-07,Quang Ninh,LOW,86,FULL
C09019,Bui Tuan An,1990-12-24,Hai Phong,LOW,44,FULL
C09020,Bui Khanh Trang,1978-02-25,Da Nang,LOW,81,FULL
C09021,Dang Xuan Binh,1980-07-15,Da Nang,MEDIUM,25,PARTIAL
C09022,Ho Gia Huy,1981-05-24,Can Tho,LOW,32,FULL
C09023,Nguyen Minh Khang,1991-01-29,Quang Ninh,LOW,13,FULL
C09024,Ngo Tuan Lan,1980-08-30,Dong Nai,LOW,37,FULL
C09025,Nguyen Quoc Bao,1989-01-21,Dong Nai,MEDIUM,86,FULL
C09026,Huynh Thi Son,1975-10-04,Dong Nai,MEDIUM,60,FULL
C09027,Tran Thi Nhung,1974-07-14,Vung Tau,LOW,26,PARTIAL
C09028,Vu Thanh Linh,1967-04-24,Quang Ninh,LOW,46,FULL
C09029,Vu Thi Vy,1960-09-04,Dong Nai,LOW,12,PARTIAL
C09030,Dang Van Phuc,1981-07-04,Hue,MEDIUM,19,FULL
C09031,Bui Thanh Hoang,1990-03-30,Dong Nai,LOW,51,FULL
C09032,Ho Duc Trang,2001-08-27,Hue,LOW,69,PARTIAL
C09033,Ho Hai Linh,1972-01-08,Ha Noi,LOW,90,FULL
C09034,Vo Minh Tung,1984-08-18,Ho Chi Minh,LOW,60,FULL
C09035,Dang Ngoc Khoa,1965-01-11,Hue,LOW,69,FULL
C09036,Huynh Quoc Lan,1970-12-17,Vung Tau,MEDIUM,57,FULL
C09037,Tran Thi Lan,1964-01-21,Quang Ninh,LOW,71,FULL
C09038,Duong Van Lan,1963-08-04,Hai Phong,LOW,61,FULL
C09039,Le Hoang Dat,1976-03-26,Dong Nai,MEDIUM,10,FULL
C09040,Do Tuan Vy,1984-07-03,Ha Noi,LOW,79,FULL
C09041,Hoang Huu Anh,1997-12-30,Nha Trang,LOW,36,FULL
C09042,Huynh Duc Trang,1997-06-11,Hue,HIGH,37,FULL
C09043,Bui Minh Lan,1988-11-06,Hue,LOW,17,FULL
C09044,Ho Minh Trang,1986-06-25,Vung Tau,LOW,73,FULL
C09045,Vo Tuan Vy,1984-07-07,Can Tho,LOW,93,FULL
C09046,Vu Thu Khoa,1961-02-28,Da Nang,LOW,80,FULL
C09047,Le Ngoc Vy,2000-08-06,Hue,LOW,61,PARTIAL
C09048,Duong Khanh Kiet,1988-05-23,Vung Tau,HIGH,59,PARTIAL
C09049,Ngo Gia Tung,1976-10-08,Nha Trang,LOW,37,PARTIAL
C09050,Do Duc Huy,2001-04-04,Dong Nai,MEDIUM,26,PARTIAL
C09051,Duong Minh Kiet,1981-07-08,Nha Trang,MEDIUM,79,FULL
C09052,Dang Duc Nam,2003-09-25,Vung Tau,LOW,10,FULL
C09053,Dang Quoc Kiet,1972-11-06,Hue,LOW,32,FULL
C09054,Nguyen Van Trang,1986-10-04,Ha Noi,LOW,47,FULL
C09055,Phan Thanh Long,1979-10-29,Ho Chi Minh,HIGH,16,FULL
C09056,Do Van Lan,1973-10-17,Da Nang,LOW,13,FULL
C09057,Ngo Duc Linh,1993-07-29,Dong Nai,MEDIUM,28,PARTIAL
C09058,Hoang Huu Nam,1980-06-23,Vung Tau,HIGH,89,FULL
C09059,Vo Hai Trang,1991-07-02,Can Tho,LOW,9,PARTIAL
C09060,Duong Thu Long,1963-03-30,Hai Phong,MEDIUM,80,FULL
C09061,Le Quoc Hoang,1997-11-05,Hue,LOW,18,FULL
C09062,Tran Duc Bao,1967-05-08,Da Nang,MEDIUM,40,FULL
C09063,Tran Huu Hoang,1971-03-14,Hai Phong,MEDIUM,37,FULL
C09064,Dang Minh Nam,2001-01-13,Dong Nai,MEDIUM,83,FULL
C09065,Bui Hoang Nam,2001-04-08,Hue,LOW,89,PARTIAL
C09066,Vo Minh An,1967-08-26,Ha Noi,LOW,15,FULL
C09067,Bui Hai Son,1965-01-19,Ho Chi Minh,MEDIUM,35,FULL
C09068,Huynh Ngoc Dat,2004-07-08,Hue,MEDIUM,95,FULL
C09069,Dang Minh Lan,1980-08-31,Vung Tau,MEDIUM,30,PARTIAL
C09070,Ngo Thu Tung,1983-11-26,Hue,HIGH,29,FULL
C09071,Vo Ngoc Tung,2001-04-16,Vung Tau,LOW,64,FULL
C09072,Phan Thanh Long,2000-06-20,Da Nang,LOW,45,FULL
C09073,Nguyen Hoang Binh,1972-05-15,Can Tho,LOW,78,FULL
C09074,Le Thu Nam,1994-05-23,Hai Phong,LOW,7,FULL
C09075,Phan Tuan Khoa,1994-06-15,Ha Noi,LOW,67,FULL
C09076,Ngo Thi Anh,2004-01-02,Ho Chi Minh,MEDIUM,7,FULL
C09077,Dang Gia Vy,1992-08-31,Ho Chi Minh,LOW,85,FULL
C09078,Nguyen Huu Anh,1974-03-25,Ha Noi,LOW,36,PARTIAL
C09079,Dang Tuan An,1997-01-21,Ha Noi,MEDIUM,70,FULL
C09080,Bui Hai Phuc,1995-10-10,Dong Nai,LOW,18,FULL
C09081,Do Hai Long,2001-04-11,Ho Chi Minh,LOW,26,FULL
C09082,Tran Gia Trang,1984-04-19,Dong Nai,LOW,9,FULL
C09083,Nguyen Xuan Hoang,1984-02-02,Dong Nai,LOW,87,FULL
C09084,Do Duc Bao,1986-05-10,Hue,MEDIUM,32,FULL
C09085,Tran Quoc Trang,2004-07-29,Quang Ninh,LOW,38,FULL
C09086,Pham Minh Huy,1998-10-30,Hue,LOW,94,FULL
C09087,Pham Quoc Khoa,1985-09-28,Vung Tau,LOW,80,FULL
C09088,Le Van Kiet,2005-07-25,Da Nang,MEDIUM,58,FULL
C09089,Le Khanh Nam,1985-05-02,Hue,LOW,75,FULL
C09090,Bui Quoc Tung,1982-09-15,Dong Nai,LOW,88,FULL
C09091,Le Hai Dat,1981-07-09,Nha Trang,LOW,83,FULL
C09092,Vu Gia Nam,1979-11-27,Hue,LOW,67,FULL
C09093,Nguyen Hoang Binh,1968-02-27,Vung Tau,LOW,45,FULL
C09094,Tran Gia Trang,1998-08-21,Hue,LOW,89,FULL
C09095,Nguyen Thu Khang,2001-02-13,Ha Noi,LOW,74,FULL
C09096,Bui Thu Trang,1962-05-31,Dong Nai,LOW,90,FULL
C09097,Nguyen Minh Tung,1961-02-19,Vung Tau,LOW,34,FULL
C09098,Hoang Ngoc An,1975-04-27,Da Nang,HIGH,32,PARTIAL
C09099,Bui Gia Hoang,1983-04-12,Dong Nai,LOW,54,FULL
C09100,Hoang Gia Phuc,2005-03-15,Quang Ninh,LOW,5,FULL
C09101,Tran Tuan Bao,1998-07-26,Hai Phong,LOW,9,FULL
C09102,Pham Thi Linh,1989-10-03,Quang Ninh,HIGH,31,FULL
C09103,Pham Khanh Bao,1996-07-07,Nha Trang,LOW,18,FULL
C09104,Do Gia Nam,1973-06-03,Hai Phong,LOW,45,FULL
C09105,Bui Hoang Hoang,2005-09-29,Vung Tau,LOW,93,FULL
C09106,Ngo Minh Tung,2003-07-04,Quang Ninh,LOW,33,FULL
C09107,Ngo Hai Son,1993-10-18,Quang Ninh,MEDIUM,88,FULL
C09108,Hoang Tuan Tung,1992-07-30,Ho Chi Minh,LOW,22,FULL
C09109,Pham Hai Khoa,1981-10-22,Vung Tau,LOW,37,FULL
C09110,Phan Hai Binh,2002-02-20,Ha Noi,HIGH,60,FULL
C09111,Vu Duc Bao,1993-04-10,Hai Phong,LOW,50,FULL
C09112,Dang Hai Tung,1972-05-26,Ha Noi,HIGH,6,FULL
C09113,Pham Minh Son,2005-10-23,Da Nang,LOW,41,FULL
C09114,Do Duc Anh,1983-03-04,Hai Phong,LOW,11,FULL
C09115,Vo Van Nhung,1998-01-02,Da Nang,MEDIUM,25,FULL
C09116,Pham Gia Phuc,1984-01-08,Vung Tau,LOW,52,FULL
C09117,Tran Ngoc Long,1972-12-10,Da Nang,LOW,80,FULL
C09118,Bui Tuan Tung,1993-11-04,Vung Tau,LOW,89,FULL
C09119,Pham Van Khoa,1964-09-15,Ho Chi Minh,LOW,29,FULL
C09120,Bui Duc Nam,1966-05-05,Ha Noi,MEDIUM,86,FULL
C09121,Tran Minh Lan,1971-05-18,Ho Chi Minh,LOW,80,FULL
C09122,Bui Thi Kiet,1963-03-13,Ha Noi,MEDIUM,78,FULL
C09123,Duong Van Dat,1963-12-14,Ha Noi,HIGH,95,FULL
C09124,Vu Minh Son,1961-02-12,Dong Nai,MEDIUM,39,FULL
C09125,Le Ngoc Khang,1973-08-24,Ha Noi,MEDIUM,71,FULL
C09126,Tran Duc Vy,1969-12-16,Vung Tau,LOW,27,FULL
C09127,Hoang Ngoc Anh,1972-11-06,Hue,MEDIUM,91,FULL
C09128,Bui Hai Nam,2002-04-28,Dong Nai,LOW,15,FULL
C09129,Hoang Xuan Dat,1979-03-03,Ha Noi,LOW,76,FULL
C09130,Ho Xuan Phuc,1961-03-02,Da Nang,LOW,55,FULL
C09131,Hoang Quoc Lan,2003-11-08,Ho Chi Minh,LOW,63,FULL
C09132,Dang Hoang Kiet,1987-07-26,Ho Chi Minh,HIGH,47,FULL
C09133,Huynh Hoang Binh,1968-03-04,Nha Trang,LOW,67,FULL
C09134,Dang Hoang Huy,1970-05-31,Nha Trang,LOW,20,FULL
C09135,Pham Tuan Anh,1989-02-28,Ha Noi,MEDIUM,89,FULL
C09136,Ngo Thu Trang,1967-10-31,Can Tho,MEDIUM,37,FULL
C09137,Do Hai Huy,1998-11-09,Nha Trang,LOW,15,FULL
C09138,Pham Thi Bao,1970-08-06,Nha Trang,MEDIUM,54,FULL
C09139,Vu Van Tung,1998-04-29,Can Tho,LOW,29,FULL
C09140,Dang Minh Lan,1985-05-18,Vung Tau,HIGH,9,FULL
C09141,Bui Minh An,1992-07-26,Hue,HIGH,10,FULL
C09142,Ho Gia Anh,1988-10-19,Hue,LOW,92,PARTIAL
C09143,Ho Thi Lan,1982-02-12,Ho Chi Minh,LOW,92,FULL
C09144,Huynh Duc An,2004-09-29,Hue,HIGH,41,FULL
C09145,Vo Hai Trang,1992-01-21,Ha Noi,LOW,6,PARTIAL
C09146,Ho Thi Nam,1983-11-14,Quang Ninh,MEDIUM,42,FULL
C09147,Tran Van Huy,1978-06-04,Vung Tau,LOW,57,FULL
C09148,Huynh Thu Bao,1972-01-29,Vung Tau,LOW,6,FULL
C09149,Tran Duc Hoang,1969-10-10,Can Tho,LOW,10,FULL
C09150,Hoang Hoang Lan,1966-07-10,Vung Tau,LOW,35,PARTIAL
C09151,Hoang Xuan Dat,1965-03-06,Ha Noi,LOW,52,PARTIAL
C09152,Tran Thi Hoang,1977-12-10,Quang Ninh,LOW,40,FULL
C09153,Le Khanh Nhung,1996-09-08,Da Nang,MEDIUM,9,FULL
C09154,Tran Gia Anh,1985-05-03,Quang Ninh,HIGH,89,FULL
C09155,Nguyen Duc Tung,2002-08-31,Hai Phong,LOW,19,FULL
C09156,Vo Thu Vy,2004-12-10,Vung Tau,MEDIUM,41,FULL
C09157,Ho Thanh Binh,1986-02-01,Quang Ninh,LOW,8,FULL
C09158,Vo Khanh Dat,1997-03-16,Hai Phong,LOW,12,FULL
C09159,Bui Van Bao,2002-12-18,Da Nang,LOW,58,FULL
C09160,Ngo Xuan Binh,1981-09-30,Quang Ninh,LOW,77,FULL
C09161,Vo Thu Huy,1988-11-24,Hai Phong,MEDIUM,78,PARTIAL
C09162,Ho Quoc Anh,1986-03-25,Hai Phong,LOW,48,FULL
C09163,Dang Xuan An,1973-11-12,Vung Tau,MEDIUM,18,FULL
C09164,Pham Huu Phuc,1999-07-03,Can Tho,LOW,63,FULL
C09165,Hoang Khanh Trang,1987-11-29,Hue,LOW,30,FULL
C09166,Duong Hai Huy,1979-11-02,Vung Tau,LOW,66,FULL
C09167,Dang Minh Trang,1962-07-27,Hai Phong,HIGH,88,FULL
C09168,Hoang Tuan Binh,2000-11-07,Da Nang,MEDIUM,62,FULL
C09169,Dang Khanh Anh,1979-12-12,Ha Noi,LOW,71,FULL
C09170,Ho Van Vy,1986-11-27,Hai Phong,HIGH,8,PARTIAL
C09171,Hoang Hai Trang,2002-06-05,Dong Nai,LOW,66,FULL
C09172,Duong Duc Linh,2003-04-04,Nha Trang,LOW,48,FULL
C09173,Pham Hai Binh,1985-05-01,Dong Nai,LOW,13,FULL
C09174,Duong Duc Bao,2003-06-16,Ho Chi Minh,MEDIUM,45,FULL
C09175,Vu Minh Binh,1969-04-03,Ha Noi,HIGH,13,FULL
C09176,Vu Gia Nam,1963-06-06,Hue,LOW,34,FULL
C09177,Hoang Ngoc Nam,1992-08-28,Da Nang,LOW,84,FULL
C09178,Le Hoang Binh,1969-08-06,Hue,LOW,87,FULL
C09179,Le Thi Nhung,2001-12-25,Can Tho,LOW,83,FULL
C09180,Duong Hai Khang,1960-01-04,Dong Nai,LOW,48,FULL
C09181,Pham Huu Bao,2002-03-16,Ha Noi,LOW,30,FULL
C09182,Duong Van Hoang,2001-04-13,Quang Ninh,LOW,64,FULL
C09183,Vo Thanh Nhung,1990-10-17,Nha Trang,LOW,85,FULL
C09184,Vo Van Phuc,1972-07-09,Da Nang,MEDIUM,95,FULL
C09185,Pham Van Binh,1976-02-05,Quang Ninh,LOW,73,PARTIAL
C09186,Bui Hai Lan,1979-09-30,Hue,LOW,29,FULL
C09187,Bui Hai Khoa,1984-05-15,Vung Tau,MEDIUM,17,FULL
C09188,Ho Quoc Binh,1983-09-01,Da Nang,LOW,93,FULL
C09189,Vo Minh Khoa,1968-02-13,Hai Phong,LOW,25,FULL
C09190,Ngo Xuan Huy,1983-10-13,Ho Chi Minh,LOW,65,FULL
C09191,Vo Thi Linh,1983-10-31,Ho Chi Minh,LOW,73,PARTIAL
C09192,Ho Khanh Huy,2002-02-18,Hai Phong,MEDIUM,75,FULL
C09193,Hoang Xuan Hoang,2003-01-26,Hue,LOW,58,FULL
C09194,Duong Khanh Phuc,1978-11-24,Hai Phong,HIGH,5,FULL
C09195,Pham Thi Lan,1977-05-21,Quang Ninh,LOW,76,FULL
C09196,Tran Huu Trang,2001-09-11,Nha Trang,MEDIUM,34,FULL
C09197,Bui Huu Khang,1964-08-29,Vung Tau,LOW,82,PARTIAL
C09198,Ngo Khanh Huy,1981-02-11,Hai Phong,LOW,87,FULL
C09199,Pham Duc Linh,1975-05-29,Dong Nai,LOW,54,FULL
C09200,Bui Minh Phuc,1984-07-08,Da Nang,LOW,8,FULL
C09201,Vu Gia Trang,1970-04-10,Dong Nai,LOW,89,FULL
C09202,Ho Thu Trang,1975-01-15,Ha Noi,LOW,30,FULL
C09203,Nguyen Thanh Nam,1976-11-23,Dong Nai,HIGH,72,FULL
C09204,Dang Xuan Khoa,1962-08-10,Da Nang,LOW,78,FULL
C09205,Ngo Duc Linh,1975-12-18,Dong Nai,MEDIUM,64,FULL
C09206,Vo Ngoc Tung,1969-01-06,Ha Noi,LOW,85,FULL
C09207,Nguyen Hoang Long,1978-09-28,Ho Chi Minh,HIGH,30,FULL
C09208,Do Tuan Lan,1960-10-12,Hue,LOW,90,FULL
C09209,Le Ngoc Lan,1975-07-13,Ho Chi Minh,MEDIUM,73,FULL
C09210,Ho Thu Bao,1984-02-21,Can Tho,LOW,83,FULL
C09211,Bui Thu Tung,1962-12-14,Da Nang,LOW,72,FULL
C09212,Do Thanh Lan,1976-03-12,Ha Noi,LOW,14,FULL
C09213,Pham Duc Anh,1967-07-22,Da Nang,LOW,9,FULL
C09214,Hoang Xuan Trang,2002-04-28,Da Nang,LOW,52,FULL
C09215,Huynh Thu Dat,1991-10-10,Hai Phong,LOW,54,FULL
C09216,Bui Van Binh,1977-05-18,Nha Trang,MEDIUM,8,PARTIAL
C09217,Le Ngoc Phuc,1973-02-02,Hai Phong,MEDIUM,40,FULL
C09218,Hoang Xuan Phuc,1973-03-15,Dong Nai,HIGH,22,FULL
C09219,Ngo Khanh Anh,1961-03-23,Nha Trang,LOW,65,PARTIAL
C09220,Duong Xuan Trang,1993-06-19,Vung Tau,MEDIUM,37,FULL
C09221,Phan Hai Huy,1996-10-25,Ha Noi,LOW,71,FULL
C09222,Duong Thu Khang,1988-01-26,Da Nang,LOW,72,FULL
C09223,Duong Khanh Nam,2000-11-30,Ha Noi,LOW,87,PARTIAL
C09224,Huynh Gia Tung,1968-01-11,Vung Tau,LOW,72,FULL
C09225,Do Hai Anh,1982-02-19,Dong Nai,MEDIUM,42,FULL
C09226,Vu Ngoc Tung,1962-10-22,Quang Ninh,LOW,58,FULL
C09227,Ho Thanh Nhung,1973-10-10,Quang Ninh,LOW,12,FULL
C09228,Dang Tuan Phuc,1966-07-04,Hai Phong,LOW,22,FULL
C09229,Do Thi Huy,1999-01-09,Vung Tau,LOW,87,PARTIAL
C09230,Le Thi An,1968-11-08,Hue,LOW,39,FULL
C09231,Pham Thanh Khang,1983-09-30,Hai Phong,LOW,24,FULL
C09232,Do Van Binh,1981-03-05,Ha Noi,LOW,69,PARTIAL
C09233,Do Thu Bao,1977-04-26,Nha Trang,LOW,53,PARTIAL
C09234,Pham Thu Bao,1964-12-28,Hai Phong,MEDIUM,43,FULL
C09235,Pham Minh Phuc,1976-11-10,Ha Noi,HIGH,78,FULL
C09236,Vo Hoang Nam,1983-11-05,Ha Noi,LOW,81,FULL
C09237,Ho Gia Khoa,1971-01-08,Hai Phong,MEDIUM,20,FULL
C09238,Ho Khanh Khoa,1975-03-01,Quang Ninh,LOW,9,FULL
C09239,Duong Hoang Trang,1989-04-13,Hue,LOW,72,FULL
C09240,Le Van Hoang,1999-11-24,Can Tho,LOW,18,FULL
C09241,Vu Ngoc Bao,2004-03-02,Hai Phong,HIGH,89,PARTIAL
C09242,Tran Tuan Lan,1995-09-22,Quang Ninh,LOW,8,FULL
C09243,Nguyen Minh Dat,1972-08-28,Nha Trang,LOW,43,PARTIAL
C09244,Hoang Minh Linh,2002-06-03,Dong Nai,LOW,31,FULL
C09245,Do Quoc Bao,1989-05-15,Da Nang,LOW,53,FULL
C09246,Le Gia Nhung,1992-04-25,Ha Noi,LOW,5,FULL
C09247,Le Hai Nam,1999-11-12,Ha Noi,HIGH,90,PARTIAL
C09248,Vu Ngoc Anh,1991-03-04,Da Nang,LOW,81,FULL
C09249,Ngo Xuan Binh,1989-10-16,Hue,LOW,61,FULL
C09250,Tran Tuan Binh,1984-12-14,Quang Ninh,MEDIUM,77,FULL
C09251,Vu Thu Binh,2003-04-22,Quang Ninh,LOW,92,FULL
C09252,Bui Hoang Hoang,1980-07-16,Ho Chi Minh,MEDIUM,84,FULL
C09253,Bui Thi Bao,2000-06-16,Can Tho,LOW,58,FULL
C09254,Ho Thi Hoang,1973-04-12,Ha Noi,LOW,74,FULL
C09255,Ngo Khanh Huy,2002-09-08,Quang Ninh,MEDIUM,64,FULL
C09256,Dang Minh Khoa,1992-01-30,Hai Phong,MEDIUM,95,FULL
C09257,Tran Thi Linh,1994-08-11,Ho Chi Minh,LOW,78,FULL
C09258,Huynh Xuan Bao,1965-08-25,Hai Phong,LOW,83,FULL
C09259,Pham Huu Dat,1980-01-23,Ho Chi Minh,LOW,9,FULL
C09260,Huynh Khanh Tung,1977-01-05,Ha Noi,MEDIUM,38,FULL
C09261,Duong Tuan Phuc,1988-11-25,Can Tho,LOW,83,FULL
C09262,Dang Huu Anh,1963-01-27,Nha Trang,MEDIUM,27,FULL
C09263,Phan Minh Bao,1998-10-17,Can Tho,LOW,53,FULL
C09264,Ho Thi Khang,1998-11-16,Nha Trang,LOW,84,FULL
C09265,Duong Gia Phuc,1991-11-25,Ho Chi Minh,LOW,95,FULL
C09266,Vu Xuan Long,1985-04-18,Quang Ninh,LOW,85,FULL
C09267,Do Hai Linh,1984-11-12,Ho Chi Minh,LOW,79,FULL
C09268,Vo Gia Khoa,1992-10-24,Hai Phong,LOW,9,PARTIAL
C09269,Phan Thanh Trang,2004-08-17,Dong Nai,LOW,90,FULL
C09270,Ngo Duc Anh,1991-11-29,Nha Trang,HIGH,83,FULL
C09271,Duong Gia Huy,1984-09-23,Hue,MEDIUM,50,FULL
C09272,Ho Gia Nhung,1976-04-04,Can Tho,LOW,51,FULL
C09273,Huynh Tuan Huy,1995-11-01,Ha Noi,MEDIUM,43,FULL
C09274,Dang Duc Tung,2003-10-01,Da Nang,HIGH,45,FULL
C09275,Dang Thanh Phuc,1977-06-21,Dong Nai,LOW,10,FULL
C09276,Phan Khanh Trang,1987-12-24,Da Nang,LOW,50,PARTIAL
C09277,Dang Duc Lan,1968-08-10,Vung Tau,MEDIUM,69,FULL
C09278,Do Ngoc Tung,1999-09-05,Ha Noi,HIGH,46,FULL
C09279,Vu Ngoc Son,1963-02-15,Hue,LOW,17,PARTIAL
C09280,Huynh Khanh Son,2000-09-20,Hue,LOW,51,FULL
C09281,Dang Khanh Dat,1986-09-03,Ha Noi,LOW,21,FULL
C09282,Hoang Thu Phuc,1976-07-27,Dong Nai,LOW,67,FULL
C09283,Phan Thu Son,1981-02-27,Ha Noi,LOW,56,FULL
C09284,Ho Gia Dat,1970-07-22,Nha Trang,LOW,30,FULL
C09285,Huynh Duc Anh,1963-08-01,Can Tho,LOW,18,FULL
C09286,Tran Xuan Trang,1963-04-15,Dong Nai,LOW,35,FULL
C09287,Le Huu Hoang,1986-06-27,Da Nang,LOW,16,FULL
C09288,Duong Hoang Linh,1975-10-30,Ho Chi Minh,LOW,80,FULL
C09289,Duong Thanh Bao,1979-07-14,Nha Trang,MEDIUM,67,PARTIAL
C09290,Pham Hoang Huy,1976-11-17,Quang Ninh,HIGH,12,FULL
C09291,Huynh Khanh Vy,1981-08-08,Quang Ninh,HIGH,54,PARTIAL
C09292,Vu Xuan Trang,1978-05-26,Can Tho,LOW,49,FULL
C09293,Hoang Gia Tung,2000-02-27,Ho Chi Minh,HIGH,59,FULL
C09294,Ngo Quoc Huy,1973-01-13,Can Tho,MEDIUM,95,FULL
C09295,Bui Minh Tung,1992-06-30,Ha Noi,LOW,78,FULL
C09296,Tran Ngoc Linh,1962-01-18,Ho Chi Minh,LOW,90,FULL
C09297,Phan Thanh Binh,1984-09-26,Hue,LOW,51,FULL
C09298,Do Hai Hoang,2002-09-29,Dong Nai,MEDIUM,63,FULL
C09299,Le Hai Khoa,1976-06-16,Hue,MEDIUM,39,PARTIAL
C09300,Phan Van Lan,1969-03-04,Ha Noi,MEDIUM,76,FULL
C09301,Do Ngoc Long,1980-11-02,Quang Ninh,HIGH,13,PARTIAL
C09302,Pham Ngoc Phuc,2002-11-09,Hai Phong,HIGH,11,FULL
C09303,Hoang Hoang Lan,1997-06-10,Vung Tau,MEDIUM,62,FULL
C09304,Ngo Thu Anh,1962-12-02,Quang Ninh,LOW,66,FULL
C09305,Do Xuan Bao,1965-01-06,Quang Ninh,MEDIUM,39,FULL
C09306,Le Xuan Linh,1986-07-25,Can Tho,MEDIUM,17,FULL
C09307,Huynh Hoang Lan,1989-12-29,Da Nang,LOW,44,FULL
C09308,Pham Quoc Khang,1984-08-18,Ho Chi Minh,LOW,10,FULL
C09309,Hoang Tuan Nam,1992-07-12,Hue,LOW,82,FULL
C09310,Bui Ngoc Lan,1972-08-04,Quang Ninh,LOW,64,FULL
C09311,Huynh Thanh Anh,1992-07-28,Da Nang,HIGH,30,FULL
C09312,Vo Tuan Phuc,1978-05-24,Vung Tau,MEDIUM,82,PARTIAL
C09313,Ho Thu Khoa,1996-03-22,Dong Nai,MEDIUM,84,PARTIAL
C09314,Bui Thu Khoa,1989-09-30,Hai Phong,LOW,73,FULL
C09315,Pham Minh Dat,1987-09-20,Nha Trang,HIGH,43,FULL
C09316,Hoang Thi Bao,1985-03-14,Quang Ninh,LOW,36,PARTIAL
C09317,Le Van Trang,1962-02-14,Quang Ninh,HIGH,7,FULL
C09318,Ngo Hai Bao,1962-04-05,Nha Trang,LOW,11,FULL
C09319,Nguyen Van Son,1974-08-18,Hue,LOW,78,PARTIAL
C09320,Do Quoc Long,1992-05-29,Da Nang,LOW,24,FULL
C09321,Bui Huu Linh,1975-10-24,Vung Tau,HIGH,43,FULL
C09322,Vo Van Binh,1968-11-07,Hai Phong,LOW,69,FULL
C09323,Huynh Ngoc Binh,1978-03-22,Hue,LOW,39,FULL
C09324,Tran Hai Phuc,2003-07-03,Quang Ninh,LOW,72,FULL
C09325,Hoang Quoc Nam,1992-03-13,Hue,HIGH,66,PARTIAL
C09326,Phan Van Nhung,1970-06-23,Can Tho,LOW,76,FULL
C09327,Vu Hoang Bao,1972-04-09,Can Tho,LOW,29,FULL
C09328,Duong Hai Phuc,1980-07-29,Dong Nai,LOW,25,PARTIAL
C09329,Huynh Duc Huy,1994-10-01,Nha Trang,LOW,16,FULL
C09330,Bui Hoang Nhung,1995-11-10,Ho Chi Minh,LOW,25,FULL
C09331,Dang Thanh Kiet,1968-01-01,Can Tho,LOW,77,FULL
C09332,Do Thu Phuc,1989-05-25,Hue,LOW,65,FULL
C09333,Vu Hoang Lan,1988-08-19,Quang Ninh,MEDIUM,91,FULL
C09334,Nguyen Khanh An,1990-10-20,Ho Chi Minh,LOW,19,PARTIAL
C09335,Do Khanh Linh,2000-08-03,Hai Phong,MEDIUM,16,PARTIAL
C09336,Vo Hai Lan,1979-04-17,Dong Nai,LOW,46,FULL
C09337,Hoang Hoang Linh,1966-04-17,Dong Nai,LOW,28,PARTIAL
C09338,Vu Gia Vy,1998-09-26,Da Nang,LOW,43,FULL
C09339,Huynh Khanh An,1975-05-25,Vung Tau,MEDIUM,16,FULL
C09340,Hoang Khanh Son,1986-05-16,Hue,LOW,33,FULL
C09341,Hoang Huu Linh,1996-10-02,Vung Tau,LOW,12,FULL
C09342,Ngo Minh Linh,1970-06-24,Can Tho,MEDIUM,45,PARTIAL
C09343,Bui Thu Anh,1990-06-15,Dong Nai,LOW,27,FULL
C09344,Dang Gia Kiet,1999-04-27,Da Nang,LOW,80,FULL
C09345,Phan Khanh Kiet,1966-10-15,Can Tho,LOW,62,FULL
C09346,Pham Hoang Binh,1997-12-25,Nha Trang,MEDIUM,28,FULL
C09347,Duong Hai Kiet,1989-02-27,Da Nang,MEDIUM,76,FULL
C09348,Tran Van Khang,2000-06-13,Ha Noi,HIGH,5,FULL
C09349,Tran Huu Kiet,2004-07-11,Da Nang,LOW,90,FULL
C09350,Le Quoc Kiet,1988-08-16,Nha Trang,MEDIUM,41,FULL
C09351,Phan Thi Bao,1963-09-03,Da Nang,LOW,89,FULL
C09352,Vo Khanh Khoa,1965-02-14,Dong Nai,LOW,6,PARTIAL
C09353,Vu Huu Vy,1984-11-18,Nha Trang,LOW,87,PARTIAL
C09354,Vu Minh Lan,1992-07-27,Quang Ninh,LOW,42,FULL
C09355,Tran Minh Vy,1971-06-12,Ho Chi Minh,LOW,46,FULL
C09356,Do Van Vy,1974-03-19,Hue,LOW,66,FULL
C09357,Ho Gia Vy,2003-09-29,Ho Chi Minh,LOW,26,FULL
C09358,Bui Thanh Hoang,1969-01-23,Quang Ninh,LOW,49,FULL
C09359,Do Khanh Long,2003-08-01,Hue,LOW,52,FULL
C09360,Ngo Ngoc Nhung,1987-12-16,Can Tho,LOW,71,FULL
C09361,Ho Thanh Bao,1979-05-01,Can Tho,LOW,20,FULL
C09362,Ngo Hoang Khoa,1980-03-01,Can Tho,LOW,24,FULL
C09363,Ngo Hai Kiet,1963-10-19,Da Nang,LOW,72,PARTIAL
C09364,Tran Thi Khoa,1997-03-10,Can Tho,MEDIUM,50,FULL
C09365,Duong Huu Vy,1992-03-11,Vung Tau,LOW,68,FULL
C09366,Vu Gia Trang,1987-10-10,Can Tho,LOW,44,FULL
C09367,Ngo Xuan Dat,1991-11-20,Ha Noi,LOW,29,FULL
C09368,Vu Tuan Tung,1972-07-14,Da Nang,LOW,26,PARTIAL
C09369,Tran Minh Kiet,1972-10-12,Nha Trang,LOW,68,FULL
C09370,Ngo Huu Kiet,1964-10-10,Da Nang,LOW,74,PARTIAL
C09371,Vu Khanh Dat,1999-03-24,Hue,LOW,17,FULL
C09372,Nguyen Duc Lan,1969-01-03,Ho Chi Minh,LOW,80,FULL
C09373,Pham Thanh Khoa,1989-12-08,Ho Chi Minh,LOW,28,FULL
C09374,Phan Khanh Kiet,1979-04-27,Ho Chi Minh,LOW,82,PARTIAL
C09375,Le Thanh Huy,1961-03-17,Da Nang,LOW,49,FULL
C09376,Vu Khanh Binh,1991-01-23,Can Tho,MEDIUM,40,FULL
C09377,Nguyen Thu Son,1971-01-31,Quang Ninh,MEDIUM,46,FULL
C09378,Duong Thu Khang,1983-02-07,Hai Phong,LOW,19,FULL
C09379,Hoang Minh Khoa,1997-09-09,Ha Noi,LOW,48,FULL
C09380,Duong Gia Kiet,1991-03-06,Dong Nai,MEDIUM,25,FULL
C09381,Do Minh Vy,1988-09-08,Da Nang,MEDIUM,87,FULL
C09382,Pham Ngoc Tung,1985-06-12,Da Nang,LOW,81,FULL
C09383,Vo Minh Bao,1972-02-06,Quang Ninh,LOW,27,FULL
C09384,Ho Tuan Lan,1999-07-03,Ha Noi,LOW,89,FULL
C09385,Vo Thu Son,1978-03-22,Dong Nai,LOW,12,FULL
C09386,Ngo Hai An,1967-11-20,Hue,LOW,28,FULL
C09387,Ngo Van Vy,1995-08-03,Dong Nai,LOW,59,FULL
C09388,Vo Quoc Kiet,1970-03-31,Ho Chi Minh,LOW,81,FULL
C09389,Phan Khanh Khoa,1973-12-11,Nha Trang,HIGH,42,FULL
C09390,Ho Thu An,1992-11-13,Nha Trang,LOW,72,FULL
C09391,Bui Xuan Nam,1976-06-09,Ha Noi,LOW,51,FULL
C09392,Ho Ngoc Kiet,2004-02-02,Hai Phong,MEDIUM,20,FULL
C09393,Do Quoc Huy,1979-03-30,Da Nang,LOW,55,FULL
C09394,Bui Thi An,1985-08-04,Hue,MEDIUM,85,PARTIAL
C09395,Vu Gia An,1986-11-28,Ho Chi Minh,MEDIUM,84,FULL
C09396,Dang Thanh Linh,1975-03-13,Ho Chi Minh,MEDIUM,42,FULL
C09397,Vu Huu Phuc,2005-02-07,Dong Nai,LOW,25,FULL
C09398,Pham Thu Dat,1964-05-16,Quang Ninh,LOW,36,PARTIAL
C09399,Vo Khanh Khang,1971-01-09,Ho Chi Minh,MEDIUM,24,FULL
C09400,Bui Huu Linh,2005-05-08,Ha Noi,MEDIUM,92,FULL
C09401,Tran Thu Anh,1995-03-16,Can Tho,LOW,11,FULL
C09402,Nguyen Van Trang,1980-06-08,Da Nang,LOW,28,FULL
C09403,Le Thu Trang,1982-02-09,Hue,LOW,76,FULL
C09404,Vu Thanh Khoa,1991-06-21,Dong Nai,LOW,69,FULL
C09405,Le Thi Linh,1962-10-25,Quang Ninh,LOW,5,FULL
C09406,Ngo Thanh Phuc,1982-03-06,Nha Trang,LOW,91,FULL
C09407,Do Thanh Nam,1983-01-30,Can Tho,MEDIUM,79,FULL
C09408,Dang Khanh Phuc,1992-03-24,Quang Ninh,LOW,95,PARTIAL
C09409,Huynh Thi Bao,1997-12-15,Hue,LOW,76,FULL
C09410,Duong Huu Long,1981-07-06,Da Nang,LOW,36,FULL
C09411,Do Ngoc Long,1965-02-22,Quang Ninh,LOW,72,FULL
C09412,Bui Ngoc Phuc,2002-05-14,Dong Nai,LOW,90,FULL
C09413,Le Thanh An,1989-04-19,Ha Noi,MEDIUM,10,PARTIAL
C09414,Ho Khanh Kiet,1990-11-25,Ho Chi Minh,LOW,79,PARTIAL
C09415,Huynh Hai Anh,1994-11-16,Da Nang,LOW,77,FULL
C09416,Bui Van Nhung,1980-02-03,Hai Phong,MEDIUM,16,FULL
C09417,Duong Van Nam,1965-03-29,Dong Nai,HIGH,92,FULL
C09418,Nguyen Van Lan,1960-04-27,Da Nang,MEDIUM,86,FULL
C09419,Le Ngoc Nam,1971-06-05,Hue,LOW,49,FULL
C09420,Phan Duc Trang,1973-11-04,Hue,MEDIUM,87,FULL
C09421,Ho Thanh Vy,1987-03-23,Vung Tau,LOW,86,FULL
C09422,Ngo Xuan Tung,1978-02-15,Can Tho,MEDIUM,51,FULL
C09423,Vo Xuan An,1989-12-22,Nha Trang,LOW,36,PARTIAL
C09424,Vo Ngoc Phuc,1987-01-14,Ha Noi,HIGH,81,FULL
C09425,Phan Hoang Binh,1966-09-15,Ha Noi,LOW,62,FULL
C09426,Pham Tuan Nam,1968-02-12,Nha Trang,HIGH,62,FULL
C09427,Huynh Thu Son,1995-03-17,Nha Trang,MEDIUM,88,FULL
C09428,Vo Hai Tung,2002-09-17,Vung Tau,MEDIUM,39,FULL
C09429,Tran Khanh Khoa,1962-06-13,Ha Noi,MEDIUM,48,FULL
C09430,Vu Ngoc Huy,1984-01-20,Quang Ninh,MEDIUM,50,PARTIAL
C09431,Do Tuan Nam,1985-06-09,Ha Noi,LOW,21,FULL
C09432,Ngo Ngoc Bao,1977-09-25,Vung Tau,LOW,56,FULL
C09433,Le Thi Anh,1999-12-16,Can Tho,LOW,87,FULL
C09434,Nguyen Hoang Kiet,1978-04-06,Nha Trang,LOW,76,FULL
C09435,Pham Minh Vy,1988-08-28,Da Nang,HIGH,49,PARTIAL
C09436,Ngo Khanh Nhung,1964-11-16,Ho Chi Minh,LOW,94,FULL
C09437,Ngo Quoc Son,1989-12-16,Da Nang,MEDIUM,23,FULL
C09438,Hoang Khanh Vy,1993-04-25,Can Tho,LOW,20,FULL
C09439,Vu Thi Huy,2004-02-23,Quang Ninh,LOW,63,FULL
C09440,Huynh Minh Anh,1977-01-15,Quang Ninh,LOW,46,FULL
C09441,Huynh Hoang Kiet,1968-11-12,Da Nang,LOW,84,PARTIAL
C09442,Vu Ngoc Dat,1987-07-20,Vung Tau,LOW,32,PARTIAL
C09443,Duong Ngoc Khang,2002-06-17,Hue,MEDIUM,33,FULL
C09444,Vo Minh Vy,1972-04-05,Hai Phong,LOW,11,FULL
C09445,Vu Gia Long,1986-12-06,Hai Phong,LOW,43,FULL
C09446,Nguyen Huu Khoa,1992-04-21,Hue,MEDIUM,12,FULL
C09447,Phan Ngoc Linh,2003-11-01,Hai Phong,HIGH,82,FULL
C09448,Tran Ngoc Lan,1994-11-07,Ha Noi,LOW,51,PARTIAL
C09449,Vu Hoang Nam,1977-08-08,Hue,LOW,46,PARTIAL
C09450,Bui Thi Nam,1975-11-28,Hai Phong,LOW,25,FULL
C09451,Tran Huu Son,2000-03-08,Vung Tau,HIGH,68,FULL
C09452,Huynh Huu Khoa,1964-03-30,Hai Phong,LOW,42,FULL
C09453,Pham Xuan Phuc,1968-08-16,Dong Nai,LOW,94,FULL
C09454,Le Gia Binh,1982-09-18,Ho Chi Minh,LOW,39,FULL
C09455,Vu Thu Lan,1969-09-20,Can Tho,MEDIUM,55,FULL
C09456,Le Hai Bao,1999-10-21,Can Tho,LOW,77,FULL
C09457,Ngo Ngoc Son,1999-07-12,Hai Phong,LOW,18,FULL
C09458,Bui Hai Tung,1975-05-19,Can Tho,LOW,73,FULL
C09459,Dang Tuan Vy,1981-09-08,Quang Ninh,LOW,77,FULL
C09460,Vo Huu Tung,1975-07-08,Quang Ninh,LOW,36,FULL
C09461,Vo Van Vy,1961-12-15,Hai Phong,MEDIUM,83,FULL
C09462,Dang Hai Kiet,1980-06-10,Da Nang,LOW,48,PARTIAL
C09463,Nguyen Khanh Hoang,1990-07-06,Vung Tau,MEDIUM,92,FULL
C09464,Bui Thi Lan,2001-01-05,Nha Trang,LOW,75,FULL
C09465,Phan Van Anh,1986-11-19,Vung Tau,LOW,18,FULL
C09466,Phan Van Bao,1975-02-28,Hai Phong,LOW,69,FULL
C09467,Vu Ngoc Binh,1965-09-06,Ho Chi Minh,MEDIUM,92,FULL
C09468,Bui Hoang Linh,1984-07-06,Quang Ninh,LOW,70,FULL
C09469,Vu Minh Trang,1968-04-10,Hue,LOW,7,FULL
C09470,Huynh Huu Nhung,1981-01-26,Hai Phong,MEDIUM,40,FULL
C09471,Le Thu Trang,1999-03-23,Nha Trang,MEDIUM,75,PARTIAL
C09472,Nguyen Van Linh,1970-06-05,Vung Tau,LOW,79,FULL
C09473,Nguyen Hoang Bao,2000-03-14,Nha Trang,LOW,19,FULL
C09474,Ho Van Khang,1962-04-19,Quang Ninh,LOW,47,PARTIAL
C09475,Le Minh Phuc,1984-11-23,Ha Noi,LOW,49,PARTIAL
C09476,Vo Ngoc Kiet,1970-03-24,Dong Nai,MEDIUM,62,FULL
C09477,Duong Thi Tung,1961-07-01,Vung Tau,HIGH,66,FULL
C09478,Vo Van An,1977-03-19,Quang Ninh,HIGH,29,FULL
C09479,Le Thanh Son,1969-11-08,Hue,HIGH,41,FULL
C09480,Dang Duc Huy,1988-02-28,Nha Trang,LOW,9,FULL
C09481,Nguyen Van Binh,1987-05-28,Hue,LOW,74,FULL
C09482,Le Minh Linh,1960-08-04,Ho Chi Minh,LOW,78,FULL
C09483,Vo Thu Khoa,1961-09-18,Hai Phong,LOW,61,FULL
C09484,Phan Xuan Long,1970-05-18,Hai Phong,MEDIUM,55,FULL
C09485,Tran Duc Trang,2002-08-28,Nha Trang,LOW,62,FULL
C09486,Huynh Van Kiet,1963-11-30,Dong Nai,LOW,94,PARTIAL
C09487,Do Khanh Tung,2000-10-26,Da Nang,MEDIUM,13,FULL
C09488,Phan Ngoc Khang,1990-11-21,Vung Tau,LOW,30,FULL
C09489,Duong Thanh Long,2001-11-26,Nha Trang,HIGH,14,FULL
C09490,Huynh Thi Binh,2004-09-06,Quang Ninh,LOW,42,PARTIAL
C09491,Ngo Hoang Binh,2002-08-08,Quang Ninh,HIGH,47,FULL
C09492,Le Duc Nhung,1991-03-14,Vung Tau,MEDIUM,11,FULL
C09493,Pham Ngoc Dat,1960-01-27,Ha Noi,HIGH,35,FULL
C09494,Nguyen Van Huy,1965-10-24,Ha Noi,HIGH,49,PARTIAL
C09495,Pham Duc Lan,1982-01-25,Da Nang,HIGH,89,FULL
C09496,Duong Minh An,1969-12-31,Can Tho,MEDIUM,30,FULL
C09497,Duong Tuan Nam,2000-01-25,Vung Tau,LOW,7,FULL
C09498,Phan Van An,1997-02-19,Hue,MEDIUM,57,FULL
C09499,Ho Van Nhung,1966-02-20,Hue,LOW,36,FULL
C09500,Nguyen Van Dat,2000-09-25,Hue,LOW,73,FULL
C09501,Vo Tuan Bao,1973-10-18,Quang Ninh,MEDIUM,68,PARTIAL
C09502,Vo Hai Nhung,1989-05-28,Can Tho,HIGH,50,FULL
C09503,Dang Hai Dat,1972-01-25,Ha Noi,LOW,16,PARTIAL
C09504,Vo Minh Phuc,1967-01-31,Nha Trang,LOW,41,FULL
C09505,Huynh Hoang Tung,1985-11-25,Dong Nai,MEDIUM,5,FULL
C09506,Ho Hai Khoa,1998-10-03,Hue,LOW,54,FULL
C09507,Bui Quoc Phuc,2003-08-22,Hue,LOW,43,FULL
C09508,Phan Quoc Khang,2001-09-17,Da Nang,LOW,58,FULL
C09509,Pham Minh Huy,1990-06-03,Quang Ninh,MEDIUM,80,FULL
C09510,Nguyen Ngoc Huy,1994-10-26,Nha Trang,LOW,69,FULL
C09511,Tran Khanh Lan,1989-01-02,Can Tho,LOW,16,FULL
C09512,Do Thu Nam,1961-04-27,Dong Nai,MEDIUM,87,FULL
C09513,Le Huu Bao,1960-02-12,Ho Chi Minh,LOW,17,FULL
C09514,Phan Hoang Khang,2003-03-27,Da Nang,LOW,58,FULL
C09515,Nguyen Quoc Lan,1992-09-02,Nha Trang,LOW,8,FULL
C09516,Phan Thu Bao,1987-11-27,Nha Trang,MEDIUM,55,FULL
C09517,Ngo Gia Khoa,1977-08-27,Nha Trang,LOW,48,FULL
C09518,Ngo Quoc Trang,2001-10-10,Dong Nai,LOW,18,FULL
C09519,Duong Gia Lan,1984-03-28,Hue,MEDIUM,68,FULL
C09520,Phan Duc Vy,1966-08-21,Ha Noi,MEDIUM,12,PARTIAL
C09521,Dang Thi Linh,2004-09-06,Hue,LOW,51,FULL
C09522,Ngo Ngoc Kiet,1968-05-15,Quang Ninh,MEDIUM,17,PARTIAL
C09523,Bui Huu Binh,1995-07-20,Hue,MEDIUM,62,FULL
C09524,Pham Huu Dat,1969-02-16,Nha Trang,LOW,68,FULL
C09525,Hoang Gia Anh,2004-04-19,Ha Noi,MEDIUM,32,FULL
C09526,Vo Minh Nam,1998-08-17,Nha Trang,MEDIUM,50,FULL
C09527,Duong Quoc Long,1961-11-01,Dong Nai,MEDIUM,85,FULL
C09528,Hoang Gia Son,1988-01-17,Nha Trang,LOW,21,FULL
C09529,Vo Hoang Hoang,1984-06-01,Ha Noi,LOW,63,FULL
C09530,Ho Khanh Kiet,1982-01-27,Hai Phong,LOW,89,FULL
C09531,Le Thanh Khang,1987-12-04,Vung Tau,MEDIUM,19,FULL
C09532,Duong Thu Binh,1981-04-06,Can Tho,HIGH,46,FULL
C09533,Nguyen Xuan Anh,1973-07-06,Ha Noi,LOW,79,PARTIAL
C09534,Phan Khanh Vy,1960-06-19,Hue,MEDIUM,61,FULL
C09535,Tran Thi Lan,1999-12-27,Ha Noi,LOW,58,FULL
C09536,Vo Hoang An,1963-04-11,Da Nang,LOW,11,FULL
C09537,Nguyen Xuan An,1974-07-02,Quang Ninh,LOW,89,FULL
C09538,Vo Hoang Lan,1969-11-24,Can Tho,LOW,57,FULL
C09539,Dang Minh Hoang,1996-06-09,Can Tho,MEDIUM,89,FULL
C09540,Tran Huu Binh,1965-09-07,Nha Trang,HIGH,37,FULL
C09541,Duong Tuan Dat,1995-03-06,Hai Phong,LOW,42,FULL
C09542,Tran Minh An,1999-04-15,Nha Trang,LOW,42,FULL
C09543,Huynh Gia Nhung,1971-01-31,Hai Phong,HIGH,45,FULL
C09544,Ho Hai Nhung,1963-11-19,Vung Tau,LOW,84,FULL
C09545,Hoang Thu Tung,1973-06-18,Vung Tau,MEDIUM,31,FULL
C09546,Bui Thu Huy,1965-01-30,Quang Ninh,MEDIUM,12,FULL
C09547,Do Minh Long,1999-01-05,Da Nang,LOW,14,FULL
C09548,Phan Tuan Bao,1986-08-15,Da Nang,HIGH,56,FULL
C09549,Nguyen Van Vy,1967-07-03,Nha Trang,MEDIUM,42,FULL
C09550,Dang Hoang Anh,1967-05-15,Nha Trang,LOW,63,FULL
C09551,Phan Thu Bao,1978-10-05,Vung Tau,LOW,30,FULL
C09552,Vo Minh Son,1961-11-19,Ha Noi,LOW,10,FULL
C09553,Hoang Hoang Trang,1966-08-26,Quang Ninh,LOW,92,FULL
C09554,Ho Quoc Phuc,1971-10-19,Dong Nai,LOW,63,FULL
C09555,Vo Minh Linh,1997-02-10,Quang Ninh,MEDIUM,76,FULL
C09556,Tran Khanh Binh,1980-02-24,Da Nang,HIGH,36,FULL
C09557,Duong Thu Phuc,1986-12-31,Ha Noi,LOW,76,PARTIAL
C09558,Ho Van Long,2005-06-18,Vung Tau,LOW,89,FULL
C09559,Dang Duc Khang,1982-07-17,Ho Chi Minh,LOW,62,FULL
C09560,Dang Hoang Son,1966-03-26,Can Tho,MEDIUM,20,FULL
C09561,Hoang Duc An,2001-01-29,Hai Phong,LOW,92,FULL
C09562,Le Tuan Kiet,1962-02-12,Nha Trang,MEDIUM,73,FULL
C09563,Ho Ngoc Binh,1973-07-16,Ho Chi Minh,LOW,8,PARTIAL
C09564,Tran Van Long,1960-07-08,Dong Nai,LOW,70,FULL
C09565,Le Hai Tung,1990-03-25,Dong Nai,HIGH,41,FULL
C09566,Le Quoc Khang,1992-12-31,Da Nang,HIGH,64,FULL
C09567,Vu Ngoc Vy,1972-11-05,Ha Noi,LOW,36,FULL
C09568,Ngo Ngoc Huy,1991-10-30,Ho Chi Minh,LOW,32,FULL
C09569,Vu Minh Tung,1995-07-02,Quang Ninh,LOW,76,FULL
C09570,Phan Tuan Hoang,1966-09-22,Hue,LOW,87,FULL
C09571,Vo Xuan Tung,1987-06-30,Vung Tau,LOW,33,FULL
C09572,Hoang Thanh Long,1979-12-26,Vung Tau,HIGH,46,FULL
C09573,Bui Thanh An,1988-04-07,Vung Tau,LOW,16,FULL
C09574,Vu Quoc Dat,1965-10-11,Vung Tau,MEDIUM,57,FULL
C09575,Bui Tuan Bao,1968-03-08,Ha Noi,LOW,60,FULL
C09576,Vu Thanh Khang,1976-06-21,Da Nang,LOW,78,PARTIAL
C09577,Nguyen Minh Khoa,1983-06-16,Hue,LOW,17,FULL
C09578,Ngo Thu Kiet,1980-09-15,Nha Trang,MEDIUM,14,FULL
C09579,Tran Thu Linh,1960-07-01,Ho Chi Minh,LOW,11,FULL
C09580,Nguyen Duc Khoa,1962-05-20,Nha Trang,LOW,30,FULL
C09581,Tran Huu Huy,1978-09-20,Nha Trang,LOW,6,FULL
C09582,Hoang Duc Khang,1961-10-15,Ha Noi,LOW,90,FULL
C09583,Vo Quoc Bao,1973-08-03,Dong Nai,MEDIUM,18,FULL
C09584,Ho Thi Hoang,1986-05-23,Dong Nai,LOW,87,FULL
C09585,Ngo Duc Phuc,1981-12-10,Quang Ninh,LOW,22,FULL
C09586,Vo Huu Dat,1983-05-10,Da Nang,LOW,60,FULL
C09587,Le Hoang Khoa,1962-01-26,Ha Noi,LOW,84,FULL
C09588,Vu Duc Vy,2000-02-21,Da Nang,LOW,66,PARTIAL
C09589,Phan Van Hoang,1966-07-06,Can Tho,LOW,77,FULL
C09590,Huynh Ngoc Bao,1973-07-02,Ha Noi,LOW,28,FULL
C09591,Vu Huu Huy,1964-05-07,Hai Phong,MEDIUM,87,PARTIAL
C09592,Vo Quoc Tung,1979-04-27,Da Nang,LOW,67,PARTIAL
C09593,Dang Thi Vy,1984-09-08,Hai Phong,LOW,8,FULL
C09594,Huynh Minh Phuc,1987-02-12,Dong Nai,LOW,54,FULL
C09595,Phan Quoc Dat,1990-03-21,Quang Ninh,LOW,86,FULL
C09596,Vo Hoang Tung,1964-02-26,Hue,LOW,45,PARTIAL
C09597,Nguyen Duc Kiet,1969-08-24,Da Nang,LOW,69,FULL
C09598,Vu Minh Dat,1973-11-23,Quang Ninh,LOW,71,PARTIAL
C09599,Tran Thi Phuc,2001-09-09,Dong Nai,MEDIUM,54,FULL
C09600,Ngo Khanh Bao,1979-09-12,Quang Ninh,LOW,19,FULL
C09601,Tran Tuan Khang,1977-08-04,Can Tho,LOW,86,PARTIAL
C09602,Vo Duc Lan,1975-12-28,Dong Nai,LOW,14,FULL
C09603,Huynh Huu Dat,1990-02-07,Da Nang,HIGH,77,FULL
C09604,Tran Ngoc Nam,1970-02-03,Dong Nai,LOW,10,FULL
C09605,Ho Xuan Kiet,1988-12-18,Ha Noi,LOW,60,FULL
C09606,Pham Duc Vy,1996-11-13,Hai Phong,LOW,40,FULL
C09607,Tran Ngoc Dat,2000-11-15,Can Tho,MEDIUM,33,FULL
C09608,Tran Hai Hoang,2005-05-23,Dong Nai,LOW,62,FULL
C09609,Ngo Tuan Bao,2001-10-06,Nha Trang,LOW,50,FULL
C09610,Le Huu Bao,1972-03-09,Da Nang,MEDIUM,41,FULL
C09611,Vu Hoang Trang,1998-01-02,Hue,LOW,85,FULL
C09612,Pham Xuan Nhung,1973-10-10,Hue,LOW,20,FULL
C09613,Nguyen Hai Linh,1975-08-04,Quang Ninh,HIGH,73,FULL
C09614,Vo Tuan Son,1982-09-27,Dong Nai,LOW,93,FULL
C09615,Vu Duc Long,1983-03-18,Ha Noi,MEDIUM,66,FULL
C09616,Nguyen Duc Tung,1966-09-05,Nha Trang,LOW,86,FULL
C09617,Vu Tuan Binh,1987-07-24,Vung Tau,LOW,63,FULL
C09618,Duong Huu Kiet,1961-09-07,Can Tho,LOW,14,FULL
C09619,Phan Gia Linh,1976-02-12,Quang Ninh,LOW,26,FULL
C09620,Dang Thanh Son,1985-11-23,Nha Trang,LOW,55,FULL
C09621,Dang Huu Phuc,1996-05-05,Nha Trang,LOW,46,FULL
C09622,Bui Xuan Khoa,1964-03-07,Hai Phong,LOW,9,FULL
C09623,Ho Tuan Hoang,1991-04-21,Ha Noi,MEDIUM,26,FULL
C09624,Hoang Quoc Bao,1962-07-16,Quang Ninh,MEDIUM,37,FULL
C09625,Vo Thi Khang,1966-08-25,Hue,LOW,23,FULL
C09626,Ngo Gia Bao,1991-11-04,Hai Phong,LOW,31,FULL
C09627,Do Hoang Anh,1981-10-18,Hue,LOW,94,FULL
C09628,Phan Tuan Vy,1977-03-14,Ha Noi,MEDIUM,69,FULL
C09629,Nguyen Quoc Trang,1987-01-07,Hai Phong,LOW,34,PARTIAL
C09630,Bui Tuan Hoang,1986-04-03,Dong Nai,LOW,67,FULL
C09631,Le Van Vy,1960-10-02,Nha Trang,LOW,70,FULL
C09632,Ho Khanh Bao,2003-03-08,Ho Chi Minh,LOW,86,FULL
C09633,Vu Xuan Nhung,1963-05-10,Da Nang,HIGH,91,FULL
C09634,Vo Thi Trang,1965-05-27,Quang Ninh,LOW,93,FULL
C09635,Vo Khanh An,1996-10-09,Dong Nai,LOW,23,PARTIAL
C09636,Nguyen Khanh Khoa,1988-02-21,Da Nang,LOW,75,FULL
C09637,Bui Hoang Dat,1989-06-21,Ho Chi Minh,LOW,49,FULL
C09638,Vu Hoang Phuc,1979-01-28,Vung Tau,LOW,67,FULL
C09639,Tran Xuan Khoa,1986-03-31,Quang Ninh,HIGH,34,FULL
C09640,Pham Xuan Vy,1982-05-14,Nha Trang,MEDIUM,80,FULL
C09641,Ngo Quoc Kiet,1993-02-09,Quang Ninh,LOW,34,FULL
C09642,Ngo Hai Hoang,1969-08-31,Nha Trang,LOW,46,FULL
C09643,Ngo Quoc Son,1993-01-15,Nha Trang,LOW,71,PARTIAL
C09644,Tran Quoc Hoang,1974-10-24,Da Nang,LOW,69,FULL
C09645,Pham Huu An,1993-10-26,Vung Tau,LOW,17,FULL
C09646,Vo Khanh Binh,1978-01-18,Ha Noi,LOW,94,FULL
C09647,Tran Gia Dat,1971-06-28,Hai Phong,HIGH,29,FULL
C09648,Tran Thi Lan,2003-02-11,Nha Trang,LOW,7,FULL
C09649,Tran Xuan Anh,1998-05-30,Hai Phong,LOW,36,FULL
C09650,Vo Gia Bao,1973-02-04,Vung Tau,MEDIUM,89,FULL
C09651,Nguyen Van Tung,1998-10-28,Dong Nai,LOW,68,PARTIAL
C09652,Do Hoang Nam,1998-06-11,Da Nang,LOW,61,FULL
C09653,Bui Hoang Trang,1979-04-08,Hue,MEDIUM,76,FULL
C09654,Duong Thu Khang,1970-01-16,Quang Ninh,LOW,90,FULL
C09655,Dang Huu Binh,1964-12-11,Dong Nai,LOW,67,FULL
C09656,Dang Khanh Nhung,1983-09-05,Dong Nai,LOW,15,FULL
C09657,Duong Ngoc An,1961-10-18,Dong Nai,LOW,92,FULL
C09658,Ngo Xuan Tung,1994-08-28,Can Tho,MEDIUM,32,FULL
C09659,Hoang Khanh Bao,1995-05-14,Ho Chi Minh,LOW,18,FULL
C09660,Ho Xuan Vy,1977-06-30,Hai Phong,LOW,91,FULL
C09661,Duong Minh Nhung,1972-05-04,Can Tho,MEDIUM,79,FULL
C09662,Phan Thanh Phuc,1969-04-27,Quang Ninh,LOW,42,FULL
C09663,Ho Khanh Linh,1961-04-08,Can Tho,LOW,87,FULL
C09664,Vo Ngoc Khoa,1997-01-10,Hue,LOW,13,FULL
C09665,Dang Duc An,1985-07-26,Ha Noi,MEDIUM,72,FULL
C09666,Dang Quoc Phuc,1968-04-25,Ha Noi,MEDIUM,72,FULL
C09667,Huynh Hoang Phuc,1987-01-23,Dong Nai,HIGH,79,FULL
C09668,Phan Ngoc Nhung,1997-01-01,Ha Noi,LOW,10,FULL
C09669,Le Hoang Nam,1961-04-17,Hai Phong,LOW,27,FULL
C09670,Phan Thu Trang,2001-11-27,Dong Nai,LOW,78,FULL
C09671,Tran Hoang Linh,1965-12-23,Quang Ninh,HIGH,69,FULL
C09672,Ho Van Binh,1999-06-06,Da Nang,LOW,63,FULL
C09673,Hoang Thi Bao,1976-12-03,Vung Tau,LOW,65,PARTIAL
C09674,Vu Thanh An,1976-11-07,Da Nang,LOW,63,FULL
C09675,Ngo Van Nam,1978-08-19,Ho Chi Minh,MEDIUM,53,FULL
C09676,Tran Gia Long,1966-11-10,Quang Ninh,LOW,63,FULL
C09677,Pham Gia Linh,1987-10-24,Hue,LOW,45,PARTIAL
C09678,Hoang Xuan An,1968-04-26,Hue,LOW,13,FULL
C09679,Vu Duc Trang,1991-01-02,Nha Trang,HIGH,91,FULL
C09680,Huynh Quoc Lan,1960-02-11,Quang Ninh,LOW,62,FULL
C09681,Tran Thanh Binh,1988-06-12,Vung Tau,LOW,69,FULL
C09682,Ngo Thu Phuc,1994-07-29,Can Tho,LOW,9,PARTIAL
C09683,Vu Hai Long,1975-01-18,Ho Chi Minh,LOW,9,FULL
C09684,Vu Xuan Trang,1995-01-07,Dong Nai,LOW,53,PARTIAL
C09685,Pham Duc Trang,1993-03-19,Da Nang,LOW,19,FULL
C09686,Huynh Minh Hoang,2002-01-19,Can Tho,LOW,45,FULL
C09687,Bui Khanh Nam,1961-06-08,Ha Noi,MEDIUM,63,FULL
C09688,Duong Minh Anh,2001-04-12,Quang Ninh,LOW,77,FULL
C09689,Vo Duc Nhung,1966-04-04,Can Tho,LOW,44,FULL
C09690,Tran Gia Linh,1987-11-15,Vung Tau,LOW,61,FULL
C09691,Hoang Thi Tung,1978-12-22,Can Tho,HIGH,61,FULL
C09692,Vu Minh Anh,1993-09-28,Ho Chi Minh,LOW,63,FULL
C09693,Duong Thanh Phuc,2000-07-01,Ho Chi Minh,LOW,11,PARTIAL
C09694,Le Hai Bao,1992-03-21,Nha Trang,LOW,52,FULL
C09695,Duong Duc Linh,1978-05-13,Hue,LOW,14,FULL
C09696,Ho Minh Huy,1971-04-08,Ho Chi Minh,MEDIUM,81,FULL
C09697,Dang Thanh Linh,1992-03-27,Can Tho,LOW,80,FULL
C09698,Ho Hai Dat,1969-06-28,Quang Ninh,LOW,76,PARTIAL
C09699,Duong Khanh Binh,1968-01-22,Da Nang,LOW,79,FULL
C09700,Ngo Huu Kiet,1977-06-02,Nha Trang,LOW,18,FULL
C09701,Tran Duc Linh,1984-04-13,Dong Nai,MEDIUM,56,FULL
C09702,Hoang Thu Nhung,1971-11-26,Ho Chi Minh,LOW,29,FULL
C09703,Ho Gia Son,1994-12-08,Da Nang,LOW,6,FULL
C09704,Vo Van Kiet,1991-12-18,Vung Tau,LOW,93,FULL
C09705,Vu Khanh Linh,1976-08-05,Hai Phong,MEDIUM,24,PARTIAL
C09706,Nguyen Thanh Khoa,2000-02-17,Hue,HIGH,55,FULL
C09707,Bui Duc Lan,1990-10-31,Can Tho,LOW,12,FULL
C09708,Huynh Xuan Lan,1976-12-29,Quang Ninh,MEDIUM,8,FULL
C09709,Do Gia Khoa,1983-01-29,Quang Ninh,MEDIUM,64,FULL
C09710,Duong Duc Son,1976-08-19,Hue,HIGH,90,FULL
C09711,Phan Thu Binh,1993-10-24,Hai Phong,MEDIUM,84,PARTIAL
C09712,Ho Duc Binh,1996-07-14,Can Tho,MEDIUM,38,FULL
C09713,Bui Thi Vy,1973-07-04,Da Nang,MEDIUM,75,PARTIAL
C09714,Vu Hai Hoang,1964-03-14,Hai Phong,MEDIUM,11,FULL
C09715,Hoang Tuan Bao,1984-09-06,Ha Noi,LOW,85,FULL
C09716,Vu Thu Binh,1994-01-13,Dong Nai,LOW,52,PARTIAL
C09717,Phan Quoc Binh,1973-04-16,Da Nang,LOW,13,FULL
C09718,Phan Ngoc Lan,1968-11-15,Can Tho,MEDIUM,47,FULL
C09719,Huynh Huu Lan,1985-04-17,Ha Noi,LOW,80,PARTIAL
C09720,Bui Thanh Binh,1976-08-27,Da Nang,MEDIUM,24,FULL
C09721,Vo Tuan Hoang,1970-05-24,Hai Phong,LOW,76,FULL
C09722,Do Thanh Son,1989-03-10,Can Tho,LOW,17,FULL
C09723,Huynh Duc Hoang,1995-04-15,Da Nang,MEDIUM,27,FULL
C09724,Ngo Thi Hoang,1990-05-18,Dong Nai,LOW,93,FULL
C09725,Pham Thu Tung,1993-06-11,Ho Chi Minh,LOW,15,FULL
C09726,Le Quoc Nam,1967-06-08,Ha Noi,LOW,34,FULL
C09727,Bui Xuan Dat,2003-11-16,Quang Ninh,MEDIUM,76,FULL
C09728,Phan Quoc Hoang,1988-05-21,Ho Chi Minh,LOW,23,FULL
C09729,Pham Van Son,1999-08-27,Can Tho,LOW,40,FULL
C09730,Hoang Hai Dat,1985-02-15,Ha Noi,MEDIUM,19,FULL
C09731,Nguyen Thu Dat,1975-12-16,Ha Noi,LOW,20,FULL
C09732,Nguyen Tuan Binh,1986-11-12,Da Nang,LOW,41,FULL
C09733,Ho Huu Trang,1982-07-08,Ha Noi,LOW,95,FULL
C09734,Pham Khanh An,1973-06-23,Dong Nai,LOW,88,FULL
C09735,Vo Quoc Phuc,2001-07-28,Vung Tau,LOW,58,FULL
C09736,Vo Thanh Nam,1998-04-29,Dong Nai,MEDIUM,47,PARTIAL
C09737,Le Thu Vy,1970-08-20,Nha Trang,LOW,15,FULL
C09738,Hoang Van Linh,1975-05-03,Quang Ninh,HIGH,85,FULL
C09739,Vu Minh Lan,1972-09-13,Nha Trang,LOW,11,FULL
C09740,Ho Hai Hoang,1976-03-01,Hue,HIGH,39,PARTIAL
C09741,Ngo Hoang Binh,1988-02-05,Dong Nai,LOW,20,PARTIAL
C09742,Hoang Thu Bao,1985-09-23,Hue,LOW,38,FULL
C09743,Ho Khanh Nhung,1966-02-11,Da Nang,MEDIUM,79,FULL
C09744,Dang Thu Khoa,1971-05-09,Quang Ninh,LOW,6,FULL
C09745,Vo Thu Long,1992-07-29,Hai Phong,MEDIUM,30,FULL
C09746,Ngo Huu Bao,1961-09-08,Vung Tau,LOW,52,FULL
C09747,Nguyen Hoang Tung,1986-01-23,Ho Chi Minh,LOW,41,FULL
C09748,Ngo Thu Khoa,2001-08-16,Can Tho,LOW,83,PARTIAL
C09749,Ho Duc Khoa,2005-12-25,Ha Noi,LOW,59,PARTIAL
C09750,Huynh Duc Khang,1986-09-07,Ha Noi,LOW,27,FULL
C09751,Tran Thi Lan,1972-05-02,Nha Trang,HIGH,92,FULL
C09752,Vo Duc Son,1984-03-25,Da Nang,LOW,28,FULL
C09753,Le Van Nam,1977-01-31,Ha Noi,MEDIUM,10,FULL
C09754,Tran Minh Vy,1963-10-07,Da Nang,LOW,72,FULL
C09755,Bui Thi Phuc,1973-09-20,Hue,LOW,52,FULL
C09756,Ngo Xuan Khang,1989-05-08,Nha Trang,LOW,8,FULL
C09757,Tran Huu Phuc,1993-01-17,Quang Ninh,LOW,20,FULL
C09758,Vu Quoc Nam,1973-06-03,Vung Tau,LOW,84,FULL
C09759,Bui Thu Kiet,1973-03-04,Vung Tau,LOW,54,FULL
C09760,Tran Quoc Phuc,1972-10-07,Quang Ninh,HIGH,78,FULL
C09761,Vu Thu Trang,1999-04-13,Ho Chi Minh,MEDIUM,86,FULL
C09762,Ngo Hai An,1995-03-04,Can Tho,LOW,14,PARTIAL
C09763,Hoang Gia Khoa,1967-09-05,Vung Tau,MEDIUM,31,FULL
C09764,Le Thi Khoa,1981-09-25,Ho Chi Minh,MEDIUM,37,FULL
C09765,Le Thu Dat,1996-12-27,Ho Chi Minh,LOW,6,FULL
C09766,Hoang Huu Trang,1964-09-30,Ho Chi Minh,LOW,12,FULL
C09767,Hoang Thanh Dat,1968-09-06,Quang Ninh,MEDIUM,73,FULL
C09768,Hoang Khanh Linh,2000-11-03,Quang Ninh,LOW,70,PARTIAL
C09769,Bui Hai Khoa,1978-01-16,Da Nang,LOW,81,FULL
C09770,Phan Hoang An,1967-01-04,Dong Nai,LOW,88,FULL
C09771,Bui Thi Binh,1976-02-01,Ho Chi Minh,LOW,50,FULL
C09772,Ho Thu Kiet,1982-12-03,Ho Chi Minh,LOW,50,FULL
C09773,Dang Thi Lan,1985-06-13,Ha Noi,LOW,33,PARTIAL
C09774,Phan Thu Khoa,1960-09-19,Ha Noi,MEDIUM,56,FULL
C09775,Duong Ngoc Binh,1999-12-23,Dong Nai,LOW,42,FULL
C09776,Le Thu Trang,1980-10-19,Ho Chi Minh,MEDIUM,24,FULL
C09777,Dang Ngoc Son,2005-11-02,Da Nang,HIGH,27,FULL
C09778,Vu Duc Lan,1968-10-09,Vung Tau,LOW,62,FULL
C09779,Huynh Gia Dat,1966-10-04,Da Nang,LOW,39,FULL
C09780,Do Ngoc Nhung,1987-01-30,Ho Chi Minh,LOW,83,FULL
C09781,Tran Ngoc Nam,1996-02-23,Da Nang,LOW,84,FULL
C09782,Dang Khanh Linh,1965-08-04,Hai Phong,LOW,24,FULL
C09783,Dang Thu Nhung,1978-01-23,Hai Phong,LOW,31,PARTIAL
C09784,Pham Thi Kiet,1981-10-15,Hue,LOW,42,FULL
C09785,Vo Thi Linh,1962-10-08,Hai Phong,HIGH,76,PARTIAL
C09786,Duong Duc Lan,1992-06-18,Da Nang,HIGH,82,FULL
C09787,Do Tuan Nam,1971-07-08,Hue,LOW,20,FULL
C09788,Le Hoang Linh,1998-11-09,Can Tho,LOW,16,PARTIAL
C09789,Nguyen Hoang Bao,1965-01-12,Vung Tau,LOW,78,FULL
C09790,Do Gia Nhung,1987-06-18,Nha Trang,LOW,63,FULL
C09791,Ngo Van An,1973-05-22,Nha Trang,LOW,14,PARTIAL
C09792,Dang Hai Anh,1985-03-25,Quang Ninh,LOW,80,FULL
C09793,Nguyen Xuan Vy,2002-10-07,Hue,HIGH,8,FULL
C09794,Dang Thu Linh,1998-08-16,Hue,LOW,55,FULL
C09795,Bui Khanh Khoa,1973-11-02,Dong Nai,LOW,69,FULL
C09796,Vu Van Lan,1961-12-20,Hai Phong,LOW,86,FULL
C09797,Vu Ngoc Huy,1976-12-28,Vung Tau,LOW,6,PARTIAL
C09798,Phan Xuan Huy,1963-10-30,Hue,LOW,51,FULL
C09799,Ho Quoc Nam,2001-01-27,Ha Noi,LOW,83,FULL
C09800,Hoang Tuan Kiet,1971-05-15,Dong Nai,MEDIUM,94,FULL
C09801,Tran Quoc Vy,1988-08-02,Quang Ninh,LOW,88,FULL
C09802,Huynh Hoang Nhung,1969-06-21,Da Nang,LOW,69,FULL
C09803,Do Hoang Kiet,2005-09-07,Nha Trang,LOW,7,FULL
C09804,Vo Gia Nhung,1962-11-14,Quang Ninh,MEDIUM,25,FULL
C09805,Vu Quoc Trang,1994-05-27,Vung Tau,MEDIUM,65,FULL
C09806,Huynh Huu An,2002-11-10,Da Nang,LOW,66,FULL
C09807,Phan Quoc Bao,1996-05-17,Ho Chi Minh,LOW,24,PARTIAL
C09808,Nguyen Thu Bao,1985-05-13,Ho Chi Minh,LOW,64,PARTIAL
C09809,Bui Hoang Nam,2005-11-03,Quang Ninh,MEDIUM,80,FULL
C09810,Phan Xuan Kiet,1991-04-17,Quang Ninh,LOW,95,FULL
C09811,Duong Van Bao,1983-07-07,Vung Tau,LOW,85,FULL
C09812,Huynh Van Dat,2000-09-22,Hue,LOW,23,FULL
C09813,Nguyen Thu Vy,1999-08-17,Da Nang,LOW,92,FULL
C09814,Vu Huu Son,1961-12-11,Ho Chi Minh,LOW,74,FULL
C09815,Ngo Gia Phuc,1965-07-19,Vung Tau,LOW,72,FULL
C09816,Vu Xuan Vy,1977-03-03,Dong Nai,LOW,21,PARTIAL
C09817,Hoang Thi Khang,1998-07-14,Can Tho,MEDIUM,11,FULL
C09818,Hoang Ngoc Dat,1983-06-10,Nha Trang,LOW,29,FULL
C09819,Huynh Xuan Khang,1971-12-06,Hue,MEDIUM,50,FULL
C09820,Phan Khanh Khoa,1965-05-20,Hue,HIGH,80,FULL
C09821,Phan Minh Linh,1971-08-20,Can Tho,LOW,42,FULL
C09822,Do Minh Hoang,1961-04-05,Ha Noi,LOW,68,FULL
C09823,Do Minh Kiet,1971-04-15,Da Nang,HIGH,21,FULL
C09824,Dang Gia Hoang,1993-01-17,Da Nang,LOW,91,FULL
C09825,Ngo Gia Trang,1977-01-15,Dong Nai,LOW,64,FULL
C09826,Le Van Son,1972-05-22,Hai Phong,LOW,73,FULL
C09827,Duong Xuan Tung,1971-02-02,Dong Nai,LOW,90,FULL
C09828,Le Hoang Bao,1977-03-19,Dong Nai,LOW,29,FULL
C09829,Hoang Minh Long,2004-05-16,Hai Phong,LOW,84,FULL
C09830,Dang Tuan Trang,1985-10-12,Ha Noi,MEDIUM,69,FULL
C09831,Vu Duc Nhung,2004-01-03,Da Nang,MEDIUM,71,FULL
C09832,Tran Thi Son,2000-03-10,Nha Trang,MEDIUM,49,FULL
C09833,Duong Van Vy,2001-10-14,Da Nang,LOW,62,FULL
C09834,Vu Van Lan,1995-07-27,Quang Ninh,LOW,55,FULL
C09835,Dang Thanh An,1965-12-28,Da Nang,LOW,21,FULL
C09836,Pham Gia Long,1965-03-08,Da Nang,LOW,40,FULL
C09837,Dang Hoang Linh,2004-03-03,Ho Chi Minh,LOW,50,FULL
C09838,Nguyen Thu Nam,1966-11-27,Nha Trang,HIGH,54,FULL
C09839,Dang Hai Khoa,2002-08-09,Dong Nai,MEDIUM,62,FULL
C09840,Ngo Duc An,1961-06-07,Hue,LOW,94,FULL
C09841,Ho Huu Lan,1991-04-28,Ha Noi,LOW,51,FULL
C09842,Dang Van Bao,1994-08-25,Vung Tau,LOW,52,FULL
C09843,Huynh Gia Bao,2002-11-03,Dong Nai,HIGH,86,FULL
C09844,Huynh Thu Phuc,1965-04-17,Quang Ninh,LOW,40,FULL
C09845,Hoang Hoang Linh,1987-02-05,Vung Tau,MEDIUM,35,FULL
C09846,Nguyen Xuan Anh,1976-11-29,Can Tho,HIGH,57,FULL
C09847,Le Hoang Khoa,2005-10-01,Dong Nai,LOW,39,PARTIAL
C09848,Vo Thu Nam,1969-09-10,Ho Chi Minh,LOW,73,FULL
C09849,Tran Thu Long,1983-12-05,Hai Phong,LOW,77,FULL
C09850,Bui Huu Long,1969-10-19,Quang Ninh,MEDIUM,77,FULL
C09851,Dang Thi Hoang,1990-06-09,Vung Tau,HIGH,33,PARTIAL
C09852,Le Hai Binh,1981-08-18,Nha Trang,MEDIUM,35,FULL
C09853,Ho Ngoc Kiet,1982-04-01,Nha Trang,MEDIUM,10,FULL
C09854,Bui Tuan Nhung,1986-12-14,Vung Tau,LOW,20,FULL
C09855,Bui Hai Trang,1961-12-25,Quang Ninh,MEDIUM,93,FULL
C09856,Ngo Tuan Hoang,1974-07-13,Ho Chi Minh,MEDIUM,75,FULL
C09857,Pham Hai Phuc,1960-02-27,Da Nang,LOW,45,FULL
C09858,Huynh Ngoc Kiet,1968-03-18,Hue,LOW,66,FULL
C09859,Phan Khanh Khoa,1967-06-08,Quang Ninh,LOW,27,FULL
C09860,Nguyen Minh An,1967-08-30,Hai Phong,LOW,51,FULL
C09861,Phan Ngoc Huy,1980-12-12,Vung Tau,LOW,62,FULL
C09862,Ho Xuan Khoa,1988-02-28,Hue,LOW,75,FULL
C09863,Ngo Quoc Hoang,1974-01-23,Can Tho,LOW,30,FULL
C09864,Bui Thu Son,2004-01-30,Ho Chi Minh,HIGH,12,FULL
C09865,Ho Xuan Khoa,1998-03-25,Ho Chi Minh,LOW,84,FULL
C09866,Nguyen Quoc Kiet,1998-03-31,Da Nang,LOW,34,FULL
C09867,Tran Quoc Anh,1972-04-21,Ha Noi,LOW,76,PARTIAL
C09868,Phan Ngoc Khang,1978-09-11,Dong Nai,LOW,84,FULL
C09869,Phan Thanh Hoang,1972-02-24,Ha Noi,MEDIUM,28,FULL
C09870,Vo Duc An,1981-12-11,Vung Tau,LOW,87,FULL
C09871,Huynh Gia Hoang,1974-11-18,Can Tho,LOW,64,FULL
C09872,Ho Khanh Trang,1993-02-13,Dong Nai,LOW,32,FULL
C09873,Dang Ngoc Tung,1989-10-03,Ha Noi,MEDIUM,31,FULL
C09874,Tran Van Long,1998-06-08,Hai Phong,LOW,57,FULL
C09875,Vo Thi Nhung,1970-10-22,Quang Ninh,LOW,38,FULL
C09876,Duong Thanh Long,1980-03-17,Ha Noi,LOW,71,PARTIAL
C09877,Vo Quoc Tung,1961-06-05,Can Tho,LOW,35,FULL
C09878,Le Quoc Trang,1997-04-14,Ho Chi Minh,LOW,7,FULL
C09879,Pham Hai Dat,1995-04-09,Nha Trang,HIGH,24,FULL
C09880,Ngo Khanh Khoa,1977-06-07,Nha Trang,MEDIUM,48,FULL
C09881,Nguyen Huu Vy,1967-03-29,Hai Phong,LOW,38,FULL
C09882,Pham Huu Son,1997-07-05,Quang Ninh,HIGH,35,FULL
C09883,Ho Huu Kiet,1984-12-08,Vung Tau,LOW,77,FULL
C09884,Hoang Duc Vy,1993-11-03,Ho Chi Minh,MEDIUM,33,FULL
C09885,Do Tuan Anh,1991-05-23,Ha Noi,LOW,55,FULL
C09886,Vu Hai An,1980-11-27,Quang Ninh,LOW,29,FULL
C09887,Ngo Quoc Trang,1990-04-17,Da Nang,MEDIUM,12,FULL
C09888,Vu Hai Long,1983-04-13,Ho Chi Minh,LOW,67,FULL
C09889,Duong Thi Kiet,1983-10-22,Dong Nai,MEDIUM,11,FULL
C09890,Le Thanh Vy,1994-02-14,Can Tho,LOW,52,PARTIAL
C09891,Dang Hoang Bao,1992-10-19,Quang Ninh,LOW,17,FULL
C09892,Vu Minh Lan,1976-11-06,Dong Nai,LOW,90,FULL
C09893,Do Duc Trang,1974-06-21,Hue,MEDIUM,42,FULL
C09894,Pham Huu Nam,1972-04-24,Vung Tau,LOW,56,PARTIAL
C09895,Nguyen Duc An,1963-11-24,Vung Tau,LOW,80,FULL
C09896,Pham Van Dat,1991-11-09,Ha Noi,LOW,92,FULL
C09897,Bui Ngoc An,1989-04-23,Hue,LOW,87,FULL
C09898,Bui Xuan Anh,1995-11-03,Quang Ninh,HIGH,36,FULL
C09899,Hoang Hoang Dat,2004-11-23,Nha Trang,MEDIUM,69,PARTIAL
C09900,Nguyen Minh Hoang,1977-02-17,Hai Phong,HIGH,43,PARTIAL
C09901,Dang Khanh Son,1971-01-02,Ho Chi Minh,MEDIUM,22,FULL
C09902,Do Hoang Nam,1969-07-25,Ho Chi Minh,LOW,62,FULL
C09903,Bui Quoc Nam,1990-07-04,Nha Trang,LOW,44,PARTIAL
C09904,Duong Xuan Dat,1988-10-24,Ha Noi,LOW,74,FULL
C09905,Tran Minh Trang,2005-09-12,Hai Phong,LOW,21,FULL
C09906,Bui Hoang Kiet,1995-09-26,Ho Chi Minh,MEDIUM,13,FULL
C09907,Le Hoang Huy,1964-01-30,Da Nang,LOW,33,FULL
C09908,Duong Minh Son,1981-12-16,Quang Ninh,MEDIUM,49,FULL
C09909,Hoang Van Khoa,1971-02-28,Da Nang,LOW,42,FULL
C09910,Nguyen Duc Binh,2002-06-30,Nha Trang,LOW,48,FULL
C09911,Hoang Khanh Lan,1990-07-08,Quang Ninh,LOW,74,FULL
C09912,Vu Van Vy,1965-06-23,Da Nang,MEDIUM,6,FULL
C09913,Huynh Hoang Kiet,2002-02-08,Ha Noi,LOW,62,FULL
C09914,Le Van Vy,1997-06-23,Can Tho,LOW,23,FULL
C09915,Vu Xuan Lan,1962-04-09,Da Nang,LOW,84,FULL
C09916,Phan Huu An,1978-03-10,Ha Noi,LOW,68,FULL
C09917,Dang Gia Tung,1993-07-23,Ho Chi Minh,LOW,81,FULL
C09918,Huynh Hai Kiet,1982-05-16,Da Nang,LOW,48,PARTIAL
C09919,Vu Thi Son,1972-01-10,Ho Chi Minh,LOW,29,FULL
C09920,Duong Huu Long,1980-09-18,Ha Noi,MEDIUM,34,FULL
C09921,Le Quoc An,1997-09-27,Hai Phong,LOW,42,FULL
C09922,Duong Thanh Hoang,1962-08-13,Da Nang,LOW,7,FULL
C09923,Huynh Minh Khoa,1974-04-29,Vung Tau,MEDIUM,48,FULL
C09924,Bui Duc Bao,1970-02-02,Can Tho,MEDIUM,88,FULL
C09925,Duong Khanh Son,1961-04-09,Vung Tau,LOW,40,FULL
C09926,Hoang Thanh Khoa,1961-06-17,Vung Tau,LOW,51,FULL
C09927,Ho Minh Trang,1980-06-17,Quang Ninh,MEDIUM,85,PARTIAL
C09928,Phan Xuan Kiet,1991-12-16,Da Nang,LOW,14,FULL
C09929,Dang Huu Dat,1984-06-20,Hue,MEDIUM,64,FULL
C09930,Huynh Hoang Linh,2004-05-27,Da Nang,HIGH,60,FULL
C09931,Tran Quoc Kiet,1961-08-08,Ha Noi,MEDIUM,46,FULL
C09932,Ho Tuan Long,1972-06-22,Quang Ninh,MEDIUM,90,FULL
C09933,Tran Ngoc Khang,2000-05-31,Quang Ninh,MEDIUM,66,FULL
C09934,Ho Xuan An,1997-04-16,Hai Phong,HIGH,27,FULL
C09935,Le Thu Huy,2005-03-15,Hue,MEDIUM,58,FULL
C09936,Dang Duc Binh,1985-12-20,Da Nang,MEDIUM,51,FULL
C09937,Dang Thu Binh,2000-10-20,Dong Nai,LOW,38,FULL
C09938,Vu Ngoc Lan,1966-08-29,Ho Chi Minh,MEDIUM,52,FULL
C09939,Hoang Khanh Son,1982-04-14,Can Tho,LOW,23,FULL
C09940,Phan Thi An,1984-08-08,Can Tho,MEDIUM,77,PARTIAL
C09941,Huynh Ngoc Nhung,1977-07-25,Hai Phong,LOW,72,FULL
C09942,Pham Van Son,1979-04-08,Quang Ninh,LOW,67,FULL
C09943,Ngo Tuan Vy,1972-11-20,Vung Tau,LOW,41,FULL
C09944,Nguyen Xuan Lan,1975-08-06,Nha Trang,LOW,91,PARTIAL
C09945,Vo Ngoc Lan,2003-09-23,Ha Noi,HIGH,63,PARTIAL
C09946,Pham Hai An,2003-03-17,Can Tho,LOW,95,FULL
C09947,Phan Minh Nhung,2004-02-02,Vung Tau,LOW,81,FULL
C09948,Vo Van Trang,1988-04-20,Ho Chi Minh,LOW,72,FULL
C09949,Vu Gia Lan,1979-12-22,Ho Chi Minh,LOW,45,PARTIAL
C09950,Huynh Hoang Hoang,1970-11-21,Quang Ninh,LOW,13,FULL
C09951,Vo Khanh Huy,1964-11-13,Hai Phong,LOW,11,FULL
C09952,Huynh Thi Nam,1961-12-01,Ho Chi Minh,MEDIUM,58,FULL
C09953,Dang Hai Bao,2003-02-10,Quang Ninh,LOW,16,FULL
C09954,Bui Xuan Khang,1989-03-25,Ha Noi,MEDIUM,70,FULL
C09955,Vo Duc Son,1983-07-22,Hue,LOW,51,PARTIAL
C09956,Phan Gia Phuc,1965-10-10,Hai Phong,MEDIUM,51,FULL
C09957,Vo Hai Phuc,1980-01-29,Nha Trang,LOW,95,PARTIAL
C09958,Bui Huu Vy,1962-05-15,Ha Noi,MEDIUM,40,FULL
C09959,Tran Huu Nhung,1996-09-02,Can Tho,MEDIUM,27,FULL
C09960,Ngo Xuan Phuc,1960-07-31,Quang Ninh,LOW,25,FULL
C09961,Bui Thi Khoa,1970-11-09,Quang Ninh,LOW,9,FULL
C09962,Vu Thanh Nhung,1970-01-16,Da Nang,MEDIUM,36,FULL
C09963,Ho Thi Phuc,1994-08-15,Ho Chi Minh,LOW,94,PARTIAL
C09964,Phan Gia Khang,2000-12-07,Quang Ninh,LOW,5,FULL
C09965,Do Quoc Phuc,2000-08-30,Ho Chi Minh,MEDIUM,53,PARTIAL
C09966,Dang Ngoc Nam,1964-11-17,Da Nang,LOW,10,FULL
C09967,Pham Ngoc Khang,2003-12-20,Ha Noi,MEDIUM,75,FULL
C09968,Tran Minh Hoang,1987-06-19,Ha Noi,LOW,68,FULL
C09969,Dang Thanh Phuc,2004-06-02,Can Tho,HIGH,93,FULL
C09970,Phan Khanh Vy,1988-03-03,Dong Nai,LOW,14,FULL
C09971,Bui Ngoc Dat,2000-10-01,Nha Trang,LOW,35,FULL
C09972,Dang Thu Nam,1963-07-05,Ho Chi Minh,MEDIUM,87,FULL
C09973,Vo Thu Linh,1978-04-18,Hue,LOW,65,FULL
C09974,Le Duc Tung,1993-01-12,Vung Tau,LOW,29,FULL
C09975,Nguyen Thu Anh,2005-11-08,Vung Tau,LOW,93,FULL
C09976,Dang Thu Hoang,1996-11-21,Hue,LOW,74,FULL
C09977,Duong Hoang An,1985-10-15,Quang Ninh,HIGH,39,FULL
C09978,Do Minh Hoang,1971-03-22,Hai Phong,HIGH,91,FULL
C09979,Nguyen Minh Nam,1989-05-22,Da Nang,LOW,63,FULL
C09980,Ho Thi Nam,2000-11-16,Ho Chi Minh,LOW,51,FULL
C09981,Ho Khanh Khang,1964-12-30,Ho Chi Minh,LOW,43,FULL
C09982,Hoang Duc Khoa,1996-06-06,Quang Ninh,LOW,61,FULL
C09983,Vu Huu Hoang,1985-01-24,Quang Ninh,MEDIUM,41,FULL
C09984,Hoang Duc Anh,1963-04-16,Nha Trang,MEDIUM,87,FULL
C09985,Vu Hoang Phuc,1972-12-04,Ho Chi Minh,LOW,7,FULL
C09986,Ngo Minh Kiet,1966-04-18,Ha Noi,HIGH,15,FULL
C09987,Ngo Hai Long,1987-03-22,Dong Nai,LOW,67,FULL
C09988,Huynh Minh Kiet,1996-10-24,Hue,LOW,65,PARTIAL
C09989,Do Xuan Lan,1997-01-09,Quang Ninh,LOW,28,PARTIAL
C09990,Tran Van Son,1989-05-06,Vung Tau,MEDIUM,18,FULL
C09991,Ngo Ngoc Hoang,1985-04-24,Hue,LOW,72,PARTIAL
C09992,Nguyen Ngoc Bao,1964-10-07,Da Nang,MEDIUM,75,PARTIAL
C09993,Le Thanh Son,1968-12-08,Ho Chi Minh,LOW,55,FULL
C09994,Do Hai Kiet,1987-05-20,Hue,HIGH,82,FULL
C09995,Bui Duc An,2000-03-21,Ho Chi Minh,LOW,95,FULL
C09996,Bui Thi Binh,1986-03-04,Dong Nai,LOW,39,FULL
C09997,Ngo Thanh Trang,1987-08-04,Quang Ninh,LOW,70,FULL
C09998,Duong Khanh Tung,1979-07-07,Ho Chi Minh,LOW,79,FULL
C09999,Pham Van Nhung,1979-07-05,Quang Ninh,MEDIUM,53,FULL
C10000,Duong Minh Binh,1975-11-01,Ho Chi Minh,MEDIUM,52,FULL
