TXN_ID,CARD_ID,CUSTOMER_ID,MERCHANT_ID,TERMINAL_ID,TXN_TIME,AMOUNT,COUNTRY,DEVICE_ID,FRAUD_LABEL
TXN00001,CARD06651,C06651,M007,T007,2026-07-26 13:49:00,12070000,VN,DEV1965,0
TXN00002,CARD07611,C07611,M005,T005,2026-07-28 03:06:00,28370000,SG,DEV0919,0
TXN00003,CARD04000,C04000,M004,T004,2026-07-28 15:07:00,21750000,HK,DEV1940,0
TXN00004,CARD05967,C05967,M011,T011,2026-07-19 13:28:00,12140000,VN,DEV0041,0
TXN00005,CARD01833,C01833,M001,T001,2026-07-11 03:09:00,9200000,VN,DEV0646,0
TXN00006,CARD08597,C08597,M011,T011,2026-07-25 20:26:00,39050000,VN,DEV0429,0
TXN00007,CARD03827,C03827,M011,T011,2026-07-27 14:53:00,3010000,VN,DEV0733,0
TXN00008,CARD00108,C00108,M006,T006,2026-07-23 02:32:00,25660000,VN,DEV1066,0
TXN00009,CARD07541,C07541,M002,T002,2026-07-24 08:45:00,9900000,US,DEV0771,0
TXN00010,CARD00197,C00197,M001,T001,2026-07-18 00:45:00,1760000,VN,DEV1871,0
TXN00011,CARD02405,C02405,M011,T011,2026-07-22 11:45:00,46150000,VN,DEV0689,0
TXN00012,CARD08593,C08593,M004,T004,2026-07-17 21:41:00,35490000,VN,NEW_DEVICE,1
TXN00013,CARD09356,C09356,M013,T013,2026-07-10 17:08:00,15530000,SG,NEW_DEVICE,1
TXN00014,CARD02544,C02544,M003,T003,2026-07-23 17:15:00,38770000,HK,DEV0399,0
TXN00015,CARD07067,C07067,M010,T010,2026-07-09 12:14:00,37570000,VN,DEV1639,0
TXN00016,CARD07599,C07599,M008,T008,2026-07-23 15:06:00,5260000,VN,DEV1844,0
TXN00017,CARD02393,C02393,M013,T013,2026-07-10 00:31:00,16750000,VN,DEV1131,0
TXN00018,CARD08779,C08779,M008,T008,2026-07-17 18:51:00,4540000,VN,DEV0131,0
TXN00019,CARD09992,C09992,M005,T005,2026-07-07 21:03:00,15500000,HK,DEV0457,0
TXN00020,CARD06956,C06956,M008,T008,2026-07-10 11:12:00,30650000,VN,DEV0822,0
TXN00021,CARD05134,C05134,M004,T004,2026-07-02 18:01:00,22970000,SG,DEV0705,0
TXN00022,CARD06517,C06517,M002,T002,2026-07-15 10:00:00,48790000,US,DEV0661,0
TXN00023,CARD00389,C00389,M009,T009,2026-07-14 06:01:00,11530000,VN,DEV1161,0
TXN00024,CARD07373,C07373,M007,T007,2026-07-18 05:50:00,14070000,VN,DEV1400,0
TXN00025,CARD06171,C06171,M005,T005,2026-07-16 07:34:00,43010000,US,DEV0484,0
TXN00026,CARD00157,C00157,M010,T010,2026-07-19 11:53:00,22200000,VN,DEV0465,0
TXN00027,CARD04594,C04594,M007,T007,2026-07-10 23:49:00,37410000,VN,DEV1794,0
TXN00028,CARD05947,C05947,M012,T012,2026-07-09 02:51:00,1500000,VN,DEV0759,0
TXN00029,CARD07591,C07591,M009,T009,2026-07-22 23:42:00,1410000,VN,DEV0353,0
TXN00030,CARD05154,C05154,M006,T006,2026-07-28 17:26:00,49450000,VN,DEV0021,0
TXN00031,CARD06153,C06153,M014,T014,2026-07-13 13:21:00,32840000,VN,DEV1811,0
TXN00032,CARD09890,C09890,M002,T002,2026-07-03 04:42:00,590000,HK,DEV1444,0
TXN00033,CARD07503,C07503,M003,T003,2026-07-01 21:23:00,48100000,HK,DEV1703,0
TXN00034,CARD06420,C06420,M009,T009,2026-07-17 23:47:00,25780000,VN,DEV1177,0
TXN00035,CARD07455,C07455,M010,T010,2026-07-14 05:21:00,25700000,VN,DEV0564,0
TXN00036,CARD06584,C06584,M001,T001,2026-07-24 19:16:00,49100000,VN,DEV0163,0
TXN00037,CARD01359,C01359,M014,T014,2026-07-05 06:39:00,18970000,VN,DEV1516,0
TXN00038,CARD08802,C08802,M012,T012,2026-07-25 19:59:00,26930000,VN,DEV1768,0
TXN00039,CARD01963,C01963,M005,T005,2026-07-26 13:29:00,16900000,SG,DEV0419,0
TXN00040,CARD06851,C06851,M004,T004,2026-07-02 03:50:00,46930000,HK,DEV0020,0
TXN00041,CARD06618,C06618,M009,T009,2026-07-11 18:00:00,12650000,VN,DEV0708,0
TXN00042,CARD08392,C08392,M007,T007,2026-07-21 05:35:00,38310000,VN,DEV1181,0
TXN00043,CARD08795,C08795,M014,T014,2026-07-10 23:46:00,14890000,VN,DEV1866,0
TXN00044,CARD02638,C02638,M002,T002,2026-07-15 06:49:00,3270000,HK,DEV0420,0
TXN00045,CARD09666,C09666,M010,T010,2026-07-02 10:30:00,14210000,VN,DEV1929,0
TXN00046,CARD01895,C01895,M001,T001,2026-07-05 15:26:00,33520000,VN,DEV1808,0
TXN00047,CARD09005,C09005,M004,T004,2026-07-18 11:42:00,46210000,SG,DEV1536,0
TXN00048,CARD04185,C04185,M006,T006,2026-07-11 22:54:00,22480000,VN,DEV0461,0
TXN00049,CARD02278,C02278,M001,T001,2026-07-18 14:04:00,48520000,VN,DEV0084,0
TXN00050,CARD09266,C09266,M009,T009,2026-07-15 06:17:00,34420000,VN,DEV1238,0
TXN00051,CARD05779,C05779,M011,T011,2026-07-09 02:37:00,180000,VN,DEV0012,0
TXN00052,CARD07351,C07351,M010,T010,2026-07-24 00:30:00,42200000,VN,DEV1058,0
TXN00053,CARD08502,C08502,M014,T014,2026-07-15 03:02:00,18900000,VN,DEV0761,0
TXN00054,CARD04182,C04182,M006,T006,2026-07-11 09:17:00,14150000,VN,DEV0228,0
TXN00055,CARD01892,C01892,M001,T001,2026-07-22 02:46:00,11480000,VN,DEV1537,0
TXN00056,CARD01658,C01658,M006,T006,2026-07-08 23:06:00,10530000,VN,DEV0081,0
TXN00057,CARD00704,C00704,M011,T011,2026-07-11 18:04:00,36960000,VN,DEV0656,0
TXN00058,CARD01815,C01815,M007,T007,2026-07-01 22:17:00,16340000,VN,DEV1799,0
TXN00059,CARD07936,C07936,M012,T012,2026-07-04 13:31:00,4190000,VN,DEV0766,0
TXN00060,CARD08446,C08446,M008,T008,2026-07-24 02:52:00,20030000,VN,DEV0203,0
TXN00061,CARD02322,C02322,M014,T014,2026-07-06 00:02:00,29840000,VN,DEV1559,0
TXN00062,CARD03017,C03017,M007,T007,2026-07-24 15:19:00,1800000,VN,DEV0623,0
TXN00063,CARD00563,C00563,M013,T013,2026-07-01 09:38:00,10230000,VN,DEV1889,0
TXN00064,CARD04689,C04689,M010,T010,2026-07-13 17:19:00,6860000,VN,DEV0874,0
TXN00065,CARD05810,C05810,M010,T010,2026-07-24 17:29:00,13000000,VN,DEV1806,0
TXN00066,CARD05780,C05780,M002,T002,2026-07-27 02:31:00,18920000,US,DEV0485,0
TXN00067,CARD01107,C01107,M004,T004,2026-07-26 04:38:00,5390000,US,DEV1886,0
TXN00068,CARD05478,C05478,M003,T003,2026-07-21 03:49:00,11020000,US,DEV1536,0
TXN00069,CARD05894,C05894,M003,T003,2026-07-15 00:31:00,11650000,HK,DEV0005,0
TXN00070,CARD01658,C01658,M007,T007,2026-07-08 13:44:00,48460000,VN,DEV1798,0
TXN00071,CARD02849,C02849,M007,T007,2026-07-27 13:06:00,36790000,VN,DEV1280,0
TXN00072,CARD08531,C08531,M001,T001,2026-07-15 20:11:00,34390000,VN,DEV0067,0
TXN00073,CARD06770,C06770,M007,T007,2026-07-16 03:54:00,30140000,VN,DEV0744,0
TXN00074,CARD04923,C04923,M004,T004,2026-07-25 04:47:00,29780000,US,DEV0128,0
TXN00075,CARD03595,C03595,M010,T010,2026-07-26 11:42:00,9000000,VN,DEV1726,0
TXN00076,CARD07536,C07536,M013,T013,2026-07-12 00:29:00,2190000,VN,DEV0986,0
TXN00077,CARD09007,C09007,M010,T010,2026-07-12 21:12:00,31260000,VN,DEV1926,0
TXN00078,CARD01302,C01302,M005,T005,2026-07-21 06:33:00,13370000,HK,DEV1680,0
TXN00079,CARD05962,C05962,M014,T014,2026-07-26 04:49:00,29520000,VN,DEV1894,0
TXN00080,CARD07394,C07394,M013,T013,2026-07-27 18:20:00,18500000,VN,DEV0834,0
TXN00081,CARD01382,C01382,M011,T011,2026-07-24 06:26:00,15210000,VN,DEV0530,0
TXN00082,CARD02429,C02429,M002,T002,2026-07-23 12:01:00,39970000,HK,DEV0188,0
TXN00083,CARD07964,C07964,M009,T009,2026-07-13 21:52:00,30220000,VN,DEV1397,0
TXN00084,CARD06655,C06655,M012,T012,2026-07-17 04:46:00,32770000,VN,DEV1297,0
TXN00085,CARD09311,C09311,M008,T008,2026-07-16 13:01:00,37390000,VN,DEV0781,0
TXN00086,CARD00518,C00518,M004,T004,2026-07-17 18:40:00,12690000,HK,DEV1666,0
TXN00087,CARD02421,C02421,M004,T004,2026-07-15 22:38:00,21040000,US,DEV0217,0
TXN00088,CARD00905,C00905,M004,T004,2026-07-06 23:05:00,19870000,US,DEV1596,0
TXN00089,CARD02679,C02679,M002,T002,2026-07-14 00:07:00,4230000,US,DEV0979,0
TXN00090,CARD00332,C00332,M012,T012,2026-07-23 03:51:00,23680000,VN,DEV0157,0
TXN00091,CARD04240,C04240,M014,T014,2026-07-10 15:27:00,29620000,VN,DEV1805,0
TXN00092,CARD07007,C07007,M003,T003,2026-07-02 03:10:00,49200000,US,DEV0801,0
TXN00093,CARD02517,C02517,M005,T005,2026-07-14 13:57:00,16740000,HK,DEV1586,0
TXN00094,CARD09020,C09020,M010,T010,2026-07-16 01:14:00,11120000,VN,DEV0530,0
TXN00095,CARD02827,C02827,M003,T003,2026-07-20 06:35:00,19440000,HK,DEV1284,0
TXN00096,CARD01729,C01729,M010,T010,2026-07-05 03:19:00,12740000,VN,DEV0156,0
TXN00097,CARD05943,C05943,M001,T001,2026-07-19 07:24:00,43410000,VN,DEV1557,0
TXN00098,CARD04933,C04933,M001,T001,2026-07-11 12:46:00,19820000,VN,DEV0211,0
TXN00099,CARD04411,C04411,M013,T013,2026-07-13 10:11:00,45370000,VN,DEV1671,0
TXN00100,CARD09736,C09736,M014,T014,2026-07-09 22:32:00,48600000,VN,DEV0226,0
TXN00101,CARD05267,C05267,M010,T010,2026-07-07 15:25:00,15860000,VN,DEV1846,0
TXN00102,CARD05475,C05475,M014,T014,2026-07-14 02:25:00,7860000,VN,DEV0089,0
TXN00103,CARD00221,C00221,M003,T003,2026-07-08 01:02:00,240000,HK,DEV0396,0
TXN00104,CARD06321,C06321,M008,T008,2026-07-05 15:07:00,45610000,VN,DEV0213,0
TXN00105,CARD03888,C03888,M001,T001,2026-07-24 07:33:00,34510000,VN,DEV0609,0
TXN00106,CARD08753,C08753,M009,T009,2026-07-08 23:47:00,7980000,VN,DEV0662,0
TXN00107,CARD06192,C06192,M006,T006,2026-07-06 12:03:00,20060000,VN,DEV0276,0
TXN00108,CARD03940,C03940,M011,T011,2026-07-16 14:55:00,3080000,VN,DEV1140,0
TXN00109,CARD07485,C07485,M013,T013,2026-07-17 05:41:00,39830000,VN,DEV0457,0
TXN00110,CARD07306,C07306,M007,T007,2026-07-04 12:16:00,15390000,VN,DEV1859,0
TXN00111,CARD04019,C04019,M012,T012,2026-07-20 16:57:00,10210000,VN,DEV1544,0
TXN00112,CARD08915,C08915,M010,T010,2026-07-18 03:52:00,32100000,VN,DEV1423,0
TXN00113,CARD09729,C09729,M003,T003,2026-07-15 06:57:00,48750000,SG,DEV0779,0
TXN00114,CARD04816,C04816,M009,T009,2026-07-12 20:14:00,33120000,VN,DEV0990,0
TXN00115,CARD00531,C00531,M002,T002,2026-07-13 01:19:00,37390000,SG,DEV0367,0
TXN00116,CARD00647,C00647,M008,T008,2026-07-13 03:37:00,25370000,HK,NEW_DEVICE,1
TXN00117,CARD02734,C02734,M008,T008,2026-07-23 23:09:00,47780000,VN,DEV1424,0
TXN00118,CARD07180,C07180,M011,T011,2026-07-20 11:18:00,11740000,VN,NEW_DEVICE,1
TXN00119,CARD04270,C04270,M002,T002,2026-07-06 08:27:00,9550000,HK,DEV1313,0
TXN00120,CARD01174,C01174,M013,T013,2026-07-17 19:29:00,390000,HK,NEW_DEVICE,1
TXN00121,CARD02087,C02087,M011,T011,2026-07-16 22:41:00,4370000,VN,DEV0108,0
TXN00122,CARD04614,C04614,M011,T011,2026-07-03 01:04:00,37730000,VN,DEV1091,0
TXN00123,CARD03305,C03305,M003,T003,2026-07-25 07:48:00,6440000,SG,DEV0886,0
TXN00124,CARD09381,C09381,M003,T003,2026-07-11 17:59:00,18680000,US,DEV1768,0
TXN00125,CARD05764,C05764,M004,T004,2026-07-12 05:46:00,10260000,HK,DEV1569,0
TXN00126,CARD00431,C00431,M003,T003,2026-07-16 08:32:00,39680000,SG,DEV1143,0
TXN00127,CARD08694,C08694,M009,T009,2026-07-13 11:21:00,1730000,VN,DEV1382,0
TXN00128,CARD01020,C01020,M014,T014,2026-07-05 14:47:00,25480000,VN,DEV1776,0
TXN00129,CARD06482,C06482,M003,T003,2026-07-09 23:59:00,49420000,HK,DEV0042,0
TXN00130,CARD05982,C05982,M011,T011,2026-07-28 07:11:00,8620000,VN,DEV1762,0
TXN00131,CARD06689,C06689,M012,T012,2026-07-22 03:51:00,22390000,VN,DEV1747,0
TXN00132,CARD07200,C07200,M004,T004,2026-07-06 21:58:00,34480000,SG,DEV1431,0
TXN00133,CARD02381,C02381,M006,T006,2026-07-26 10:41:00,44160000,VN,DEV0457,0
TXN00134,CARD05058,C05058,M009,T009,2026-07-27 06:59:00,49020000,VN,DEV0438,0
TXN00135,CARD08162,C08162,M002,T002,2026-07-09 20:56:00,45940000,US,DEV0602,0
TXN00136,CARD06284,C06284,M011,T011,2026-07-28 10:17:00,540000,VN,DEV0217,0
TXN00137,CARD07702,C07702,M006,T006,2026-07-13 06:32:00,26470000,VN,DEV0168,0
TXN00138,CARD08375,C08375,M007,T007,2026-07-09 11:47:00,21270000,VN,DEV0218,0
TXN00139,CARD05911,C05911,M010,T010,2026-07-24 10:25:00,10830000,VN,DEV0138,0
TXN00140,CARD04131,C04131,M004,T004,2026-07-02 04:00:00,12550000,HK,DEV0503,0
TXN00141,CARD00188,C00188,M011,T011,2026-07-19 13:02:00,31120000,VN,DEV1668,0
TXN00142,CARD09171,C09171,M007,T007,2026-07-19 23:31:00,10010000,VN,DEV0012,0
TXN00143,CARD02895,C02895,M001,T001,2026-07-17 16:51:00,25320000,VN,DEV0072,0
TXN00144,CARD09502,C09502,M004,T004,2026-07-09 07:23:00,28950000,HK,DEV1530,0
TXN00145,CARD05890,C05890,M011,T011,2026-07-11 10:44:00,45460000,VN,DEV1101,0
TXN00146,CARD09705,C09705,M001,T001,2026-07-26 17:51:00,14560000,VN,DEV0178,0
TXN00147,CARD06467,C06467,M010,T010,2026-07-15 03:38:00,1010000,VN,DEV0317,0
TXN00148,CARD08800,C08800,M011,T011,2026-07-21 07:27:00,22230000,VN,DEV1233,0
TXN00149,CARD08544,C08544,M001,T001,2026-07-03 21:51:00,5310000,VN,DEV0287,0
TXN00150,CARD04730,C04730,M001,T001,2026-07-15 11:24:00,7550000,VN,DEV0704,0
TXN00151,CARD07987,C07987,M002,T002,2026-07-02 09:20:00,49350000,US,DEV0705,0
TXN00152,CARD02003,C02003,M001,T001,2026-07-25 08:00:00,46650000,VN,DEV1895,0
TXN00153,CARD00708,C00708,M010,T010,2026-07-17 04:31:00,45270000,VN,DEV1060,0
TXN00154,CARD08239,C08239,M004,T004,2026-07-25 15:34:00,20080000,US,DEV0145,0
TXN00155,CARD04067,C04067,M005,T005,2026-07-04 13:57:00,44340000,US,DEV1968,0
TXN00156,CARD04166,C04166,M011,T011,2026-07-10 12:06:00,40010000,VN,DEV1348,0
TXN00157,CARD03846,C03846,M006,T006,2026-07-24 22:21:00,18780000,VN,DEV0719,0
TXN00158,CARD06739,C06739,M003,T003,2026-07-08 20:52:00,9240000,US,DEV0507,0
TXN00159,CARD05406,C05406,M009,T009,2026-07-02 08:21:00,43900000,VN,DEV1210,0
TXN00160,CARD07496,C07496,M003,T003,2026-07-20 03:19:00,1000000,US,DEV0820,0
TXN00161,CARD06468,C06468,M014,T014,2026-07-07 22:23:00,43210000,VN,DEV1535,0
TXN00162,CARD06070,C06070,M008,T008,2026-07-13 08:51:00,42260000,VN,DEV1634,0
TXN00163,CARD02044,C02044,M004,T004,2026-07-02 00:16:00,15880000,HK,DEV0671,0
TXN00164,CARD01539,C01539,M002,T002,2026-07-25 04:05:00,46740000,SG,DEV0418,0
TXN00165,CARD08770,C08770,M006,T006,2026-07-13 11:58:00,39850000,VN,DEV0971,0
TXN00166,CARD04920,C04920,M006,T006,2026-07-06 02:47:00,24860000,VN,DEV1253,0
TXN00167,CARD04437,C04437,M002,T002,2026-07-04 21:07:00,3910000,HK,DEV1016,0
TXN00168,CARD02102,C02102,M008,T008,2026-07-18 01:30:00,47000000,VN,DEV0815,0
TXN00169,CARD09059,C09059,M003,T003,2026-07-21 11:09:00,36930000,HK,DEV1160,0
TXN00170,CARD00749,C00749,M004,T004,2026-07-02 19:25:00,1480000,US,DEV0903,0
TXN00171,CARD05850,C05850,M007,T007,2026-07-11 11:45:00,30870000,VN,DEV0450,0
TXN00172,CARD05576,C05576,M005,T005,2026-07-09 19:26:00,9450000,US,DEV0122,0
TXN00173,CARD04091,C04091,M011,T011,2026-07-14 06:06:00,27820000,VN,DEV1331,0
TXN00174,CARD00911,C00911,M001,T001,2026-07-01 05:58:00,36940000,VN,DEV1996,0
TXN00175,CARD09631,C09631,M010,T010,2026-07-07 18:12:00,32340000,VN,DEV1716,0
TXN00176,CARD00828,C00828,M010,T010,2026-07-27 00:38:00,23660000,VN,DEV0763,0
TXN00177,CARD05776,C05776,M012,T012,2026-07-18 17:26:00,45980000,VN,DEV1795,0
TXN00178,CARD06908,C06908,M011,T011,2026-07-22 22:50:00,8740000,VN,DEV0562,0
TXN00179,CARD05681,C05681,M009,T009,2026-07-18 23:19:00,44020000,VN,DEV1005,0
TXN00180,CARD00498,C00498,M003,T003,2026-07-19 10:10:00,12860000,HK,DEV1222,0
TXN00181,CARD01882,C01882,M006,T006,2026-07-14 07:37:00,30360000,VN,DEV0635,0
TXN00182,CARD09295,C09295,M004,T004,2026-07-02 05:55:00,50000,SG,DEV1072,0
TXN00183,CARD03708,C03708,M014,T014,2026-07-14 08:56:00,2820000,VN,DEV0536,0
TXN00184,CARD05914,C05914,M009,T009,2026-07-06 13:03:00,29830000,VN,DEV1405,0
TXN00185,CARD05399,C05399,M014,T014,2026-07-08 14:45:00,19750000,VN,DEV0540,0
TXN00186,CARD07666,C07666,M006,T006,2026-07-04 14:59:00,26140000,VN,DEV0799,0
TXN00187,CARD09104,C09104,M014,T014,2026-07-24 18:20:00,27880000,VN,DEV0511,0
TXN00188,CARD06933,C06933,M010,T010,2026-07-08 16:52:00,20020000,VN,DEV1698,0
TXN00189,CARD08852,C08852,M001,T001,2026-07-18 15:28:00,37600000,VN,DEV1020,0
TXN00190,CARD03544,C03544,M001,T001,2026-07-20 16:04:00,18260000,VN,DEV1973,0
TXN00191,CARD04378,C04378,M001,T001,2026-07-05 14:50:00,23700000,VN,DEV1490,0
TXN00192,CARD09998,C09998,M010,T010,2026-07-17 01:57:00,24740000,VN,DEV1262,0
TXN00193,CARD03875,C03875,M003,T003,2026-07-03 00:12:00,13610000,HK,DEV0987,0
TXN00194,CARD09488,C09488,M004,T004,2026-07-23 23:43:00,18050000,SG,DEV1777,0
TXN00195,CARD04836,C04836,M006,T006,2026-07-06 06:40:00,46710000,VN,DEV0597,0
TXN00196,CARD02757,C02757,M002,T002,2026-07-06 13:02:00,9950000,SG,DEV0202,0
TXN00197,CARD08226,C08226,M002,T002,2026-07-04 18:55:00,20100000,SG,DEV1148,0
TXN00198,CARD05949,C05949,M004,T004,2026-07-12 09:55:00,14590000,HK,DEV0643,0
TXN00199,CARD04540,C04540,M010,T010,2026-07-02 22:08:00,43210000,VN,DEV0572,0
TXN00200,CARD08224,C08224,M010,T010,2026-07-03 23:41:00,11790000,VN,DEV0990,0
TXN00201,CARD00648,C00648,M002,T002,2026-07-09 13:45:00,7390000,HK,NEW_DEVICE,1
TXN00202,CARD02403,C02403,M002,T002,2026-07-25 11:38:00,19830000,SG,DEV1124,0
TXN00203,CARD06966,C06966,M004,T004,2026-07-19 02:31:00,60000,SG,DEV0820,0
TXN00204,CARD03708,C03708,M004,T004,2026-07-14 17:51:00,8950000,SG,DEV0082,0
TXN00205,CARD04732,C04732,M010,T010,2026-07-15 08:24:00,6280000,VN,DEV1624,0
TXN00206,CARD09923,C09923,M001,T001,2026-07-23 03:58:00,2530000,VN,DEV1646,0
TXN00207,CARD04915,C04915,M004,T004,2026-07-12 22:05:00,4620000,SG,DEV0277,0
TXN00208,CARD06994,C06994,M009,T009,2026-07-18 08:34:00,20030000,VN,DEV1494,0
TXN00209,CARD02715,C02715,M001,T001,2026-07-27 10:33:00,25890000,VN,DEV0827,0
TXN00210,CARD03399,C03399,M001,T001,2026-07-12 02:09:00,28630000,VN,DEV1722,0
TXN00211,CARD02718,C02718,M005,T005,2026-07-05 12:50:00,22890000,HK,DEV0178,0
TXN00212,CARD03815,C03815,M013,T013,2026-07-11 00:48:00,9650000,VN,DEV0643,0
TXN00213,CARD05397,C05397,M005,T005,2026-07-25 04:16:00,25610000,SG,DEV0281,0
TXN00214,CARD01959,C01959,M009,T009,2026-07-17 11:59:00,5730000,VN,DEV0506,0
TXN00215,CARD03054,C03054,M001,T001,2026-07-01 08:59:00,22280000,VN,DEV1910,0
TXN00216,CARD01589,C01589,M005,T005,2026-07-16 08:24:00,47300000,HK,DEV1830,0
TXN00217,CARD04218,C04218,M001,T001,2026-07-08 23:27:00,10530000,VN,DEV1479,0
TXN00218,CARD01502,C01502,M009,T009,2026-07-06 22:52:00,31240000,VN,DEV1034,0
TXN00219,CARD08918,C08918,M003,T003,2026-07-01 22:16:00,1600000,SG,DEV0001,0
TXN00220,CARD05004,C05004,M006,T006,2026-07-25 13:41:00,10290000,VN,DEV1169,0
TXN00221,CARD07261,C07261,M009,T009,2026-07-20 16:33:00,19880000,VN,DEV1608,0
TXN00222,CARD00959,C00959,M010,T010,2026-07-18 13:20:00,770000,VN,DEV0278,0
TXN00223,CARD00999,C00999,M014,T014,2026-07-06 21:59:00,40470000,VN,DEV1670,0
TXN00224,CARD00338,C00338,M002,T002,2026-07-28 07:10:00,10690000,SG,DEV1618,0
TXN00225,CARD02782,C02782,M004,T004,2026-07-19 05:44:00,48420000,NG,NEW_DEVICE,1
TXN00226,CARD06990,C06990,M006,T006,2026-07-15 12:47:00,41190000,SG,NEW_DEVICE,1
TXN00227,CARD06585,C06585,M002,T002,2026-07-10 08:08:00,19680000,HK,DEV0931,0
TXN00228,CARD09918,C09918,M009,T009,2026-07-14 19:41:00,24030000,VN,DEV0653,0
TXN00229,CARD02808,C02808,M003,T003,2026-07-11 14:13:00,20970000,HK,DEV1939,0
TXN00230,CARD07420,C07420,M002,T002,2026-07-22 07:21:00,14590000,US,DEV1323,0
TXN00231,CARD00217,C00217,M003,T003,2026-07-07 00:35:00,42720000,HK,DEV1795,0
TXN00232,CARD08014,C08014,M006,T006,2026-07-13 22:57:00,4460000,VN,DEV0644,0
TXN00233,CARD01140,C01140,M011,T011,2026-07-03 16:01:00,44170000,VN,DEV0399,0
TXN00234,CARD07708,C07708,M009,T009,2026-07-07 20:04:00,30630000,VN,DEV1969,0
TXN00235,CARD00373,C00373,M008,T008,2026-07-22 12:18:00,33140000,VN,DEV1405,0
TXN00236,CARD04706,C04706,M006,T006,2026-07-08 04:57:00,37020000,VN,DEV1522,0
TXN00237,CARD08481,C08481,M001,T001,2026-07-01 02:33:00,29120000,VN,DEV1417,0
TXN00238,CARD03147,C03147,M014,T014,2026-07-26 09:37:00,12480000,VN,DEV1337,0
TXN00239,CARD07355,C07355,M012,T012,2026-07-01 12:23:00,6800000,VN,DEV0597,0
TXN00240,CARD03884,C03884,M014,T014,2026-07-28 07:21:00,49670000,VN,DEV0496,0
TXN00241,CARD04227,C04227,M011,T011,2026-07-27 02:39:00,22600000,VN,DEV0747,0
TXN00242,CARD03325,C03325,M006,T006,2026-07-22 06:28:00,37290000,VN,DEV0928,0
TXN00243,CARD01016,C01016,M010,T010,2026-07-05 11:39:00,20980000,VN,DEV1010,0
TXN00244,CARD09693,C09693,M011,T011,2026-07-06 09:38:00,17040000,VN,DEV0692,0
TXN00245,CARD09661,C09661,M004,T004,2026-07-04 13:22:00,8910000,US,DEV1121,0
TXN00246,CARD04745,C04745,M012,T012,2026-07-04 21:02:00,29420000,VN,DEV1148,0
TXN00247,CARD00092,C00092,M011,T011,2026-07-13 13:39:00,33340000,VN,DEV1402,0
TXN00248,CARD05596,C05596,M011,T011,2026-07-24 00:26:00,33270000,VN,DEV1139,0
TXN00249,CARD00894,C00894,M014,T014,2026-07-08 03:26:00,22950000,VN,DEV0071,0
TXN00250,CARD04075,C04075,M002,T002,2026-07-05 06:23:00,25560000,SG,DEV1939,0
TXN00251,CARD04761,C04761,M007,T007,2026-07-05 08:37:00,43910000,VN,DEV0052,0
TXN00252,CARD04139,C04139,M009,T009,2026-07-21 11:36:00,13910000,VN,DEV0267,0
TXN00253,CARD01397,C01397,M005,T005,2026-07-24 16:51:00,38960000,SG,DEV0027,0
TXN00254,CARD00202,C00202,M004,T004,2026-07-15 04:52:00,41070000,HK,DEV1297,0
TXN00255,CARD03481,C03481,M003,T003,2026-07-02 15:51:00,29780000,HK,DEV0295,0
TXN00256,CARD06336,C06336,M007,T007,2026-07-06 16:48:00,49370000,VN,DEV0590,0
TXN00257,CARD04693,C04693,M011,T011,2026-07-04 17:14:00,30020000,VN,DEV1143,0
TXN00258,CARD08593,C08593,M003,T003,2026-07-05 05:20:00,44930000,US,DEV1388,0
TXN00259,CARD00755,C00755,M004,T004,2026-07-25 08:02:00,19070000,SG,DEV1393,0
TXN00260,CARD07136,C07136,M009,T009,2026-07-17 21:03:00,24280000,VN,DEV1498,0
TXN00261,CARD03050,C03050,M003,T003,2026-07-12 10:49:00,10320000,HK,DEV0987,0
TXN00262,CARD01351,C01351,M001,T001,2026-07-27 13:04:00,33030000,VN,DEV1612,0
TXN00263,CARD01791,C01791,M009,T009,2026-07-16 14:17:00,5090000,VN,DEV0494,0
TXN00264,CARD09139,C09139,M006,T006,2026-07-12 20:15:00,9760000,VN,DEV1273,0
TXN00265,CARD05589,C05589,M007,T007,2026-07-19 05:20:00,23350000,VN,NEW_DEVICE,1
TXN00266,CARD02563,C02563,M001,T001,2026-07-23 10:21:00,42400000,VN,DEV1357,0
TXN00267,CARD01300,C01300,M002,T002,2026-07-22 05:05:00,45840000,HK,DEV0658,0
TXN00268,CARD07687,C07687,M001,T001,2026-07-20 15:32:00,15870000,VN,DEV1701,0
TXN00269,CARD06042,C06042,M011,T011,2026-07-13 03:46:00,1710000,VN,DEV1711,0
TXN00270,CARD05934,C05934,M005,T005,2026-07-18 14:33:00,33240000,SG,DEV1182,0
TXN00271,CARD05131,C05131,M012,T012,2026-07-06 18:34:00,31540000,VN,DEV0790,0
TXN00272,CARD00280,C00280,M006,T006,2026-07-07 12:44:00,24500000,VN,DEV0476,0
TXN00273,CARD04348,C04348,M012,T012,2026-07-13 01:30:00,16440000,VN,DEV1842,0
TXN00274,CARD07301,C07301,M012,T012,2026-07-24 12:51:00,1680000,VN,DEV1777,0
TXN00275,CARD07716,C07716,M003,T003,2026-07-12 07:50:00,38660000,HK,DEV1261,0
TXN00276,CARD00127,C00127,M006,T006,2026-07-11 15:19:00,36530000,VN,NEW_DEVICE,1
TXN00277,CARD07639,C07639,M013,T013,2026-07-11 17:30:00,11810000,VN,DEV0732,0
TXN00278,CARD08547,C08547,M008,T008,2026-07-12 17:38:00,2910000,VN,DEV0860,0
TXN00279,CARD04891,C04891,M006,T006,2026-07-15 03:06:00,40410000,VN,DEV0461,0
TXN00280,CARD04221,C04221,M005,T005,2026-07-14 14:13:00,23080000,US,DEV1256,0
TXN00281,CARD07381,C07381,M007,T007,2026-07-17 09:07:00,40200000,VN,DEV1109,0
TXN00282,CARD05818,C05818,M005,T005,2026-07-11 05:33:00,37210000,US,DEV1684,0
TXN00283,CARD02292,C02292,M010,T010,2026-07-17 16:24:00,14100000,VN,DEV1614,0
TXN00284,CARD00402,C00402,M007,T007,2026-07-22 22:44:00,1750000,VN,DEV0218,0
TXN00285,CARD06366,C06366,M001,T001,2026-07-12 10:46:00,19640000,VN,DEV0148,0
TXN00286,CARD04301,C04301,M002,T002,2026-07-16 16:45:00,5900000,HK,DEV0161,0
TXN00287,CARD07908,C07908,M009,T009,2026-07-23 01:02:00,28590000,VN,DEV1970,0
TXN00288,CARD01387,C01387,M001,T001,2026-07-05 02:56:00,49400000,NG,NEW_DEVICE,1
TXN00289,CARD07135,C07135,M014,T014,2026-07-01 15:36:00,120000,VN,DEV0560,0
TXN00290,CARD00343,C00343,M009,T009,2026-07-07 00:29:00,36200000,VN,DEV0682,0
TXN00291,CARD03378,C03378,M008,T008,2026-07-08 02:43:00,19850000,VN,DEV0286,0
TXN00292,CARD03772,C03772,M014,T014,2026-07-07 23:39:00,34840000,VN,DEV1296,0
TXN00293,CARD03716,C03716,M007,T007,2026-07-22 16:03:00,33500000,VN,DEV0516,0
TXN00294,CARD09172,C09172,M004,T004,2026-07-08 23:58:00,3290000,SG,DEV0975,0
TXN00295,CARD00774,C00774,M007,T007,2026-07-06 16:35:00,29110000,VN,DEV0310,0
TXN00296,CARD04273,C04273,M012,T012,2026-07-26 16:59:00,47050000,VN,DEV0586,0
TXN00297,CARD02288,C02288,M001,T001,2026-07-04 09:12:00,3810000,VN,DEV0741,0
TXN00298,CARD09044,C09044,M005,T005,2026-07-02 05:06:00,49730000,HK,DEV1673,0
TXN00299,CARD02285,C02285,M013,T013,2026-07-08 17:36:00,31360000,VN,DEV1992,0
TXN00300,CARD07782,C07782,M011,T011,2026-07-04 18:43:00,3100000,VN,DEV1201,0
TXN00301,CARD09007,C09007,M001,T001,2026-07-07 06:56:00,11950000,VN,DEV1834,0
TXN00302,CARD04089,C04089,M013,T013,2026-07-04 19:53:00,31540000,VN,DEV1433,0
TXN00303,CARD01993,C01993,M007,T007,2026-07-22 13:36:00,27410000,VN,DEV0440,0
TXN00304,CARD08806,C08806,M003,T003,2026-07-18 01:29:00,18330000,SG,DEV0148,0
TXN00305,CARD08078,C08078,M013,T013,2026-07-08 11:24:00,49350000,VN,DEV1286,0
TXN00306,CARD05448,C05448,M007,T007,2026-07-22 15:38:00,34830000,VN,DEV0788,0
TXN00307,CARD06849,C06849,M012,T012,2026-07-05 08:27:00,35860000,VN,DEV0404,0
TXN00308,CARD01439,C01439,M008,T008,2026-07-11 18:09:00,21600000,VN,DEV1888,0
TXN00309,CARD01265,C01265,M011,T011,2026-07-15 17:35:00,24460000,VN,DEV1357,0
TXN00310,CARD00886,C00886,M005,T005,2026-07-17 18:05:00,17520000,HK,DEV1797,0
TXN00311,CARD03713,C03713,M011,T011,2026-07-06 00:47:00,24810000,VN,DEV1824,0
TXN00312,CARD05165,C05165,M011,T011,2026-07-22 06:58:00,16640000,VN,DEV0997,0
TXN00313,CARD00599,C00599,M002,T002,2026-07-21 18:50:00,30070000,SG,DEV1193,0
TXN00314,CARD04339,C04339,M011,T011,2026-07-06 04:28:00,20040000,VN,DEV1997,0
TXN00315,CARD01619,C01619,M004,T004,2026-07-23 15:55:00,12320000,HK,DEV0303,0
TXN00316,CARD09709,C09709,M012,T012,2026-07-02 04:48:00,19340000,VN,DEV0556,0
TXN00317,CARD02133,C02133,M010,T010,2026-07-18 17:00:00,31490000,VN,DEV0223,0
TXN00318,CARD01313,C01313,M014,T014,2026-07-09 09:00:00,25720000,VN,DEV1963,0
TXN00319,CARD09398,C09398,M010,T010,2026-07-28 12:45:00,49680000,VN,DEV0454,0
TXN00320,CARD06904,C06904,M003,T003,2026-07-08 23:18:00,33930000,US,DEV1131,0
TXN00321,CARD00888,C00888,M002,T002,2026-07-14 07:02:00,29930000,SG,DEV0693,0
TXN00322,CARD02914,C02914,M014,T014,2026-07-20 00:18:00,6310000,VN,DEV1655,0
TXN00323,CARD01288,C01288,M002,T002,2026-07-17 12:10:00,3140000,SG,DEV1117,0
TXN00324,CARD03451,C03451,M001,T001,2026-07-14 22:18:00,42600000,VN,DEV1260,0
TXN00325,CARD07732,C07732,M003,T003,2026-07-11 14:10:00,38940000,US,NEW_DEVICE,1
TXN00326,CARD07576,C07576,M010,T010,2026-07-12 18:30:00,7190000,VN,DEV1045,0
TXN00327,CARD07061,C07061,M007,T007,2026-07-02 06:37:00,45360000,VN,DEV1835,0
TXN00328,CARD07157,C07157,M010,T010,2026-07-25 22:20:00,4300000,VN,DEV1733,0
TXN00329,CARD08918,C08918,M003,T003,2026-07-08 05:28:00,8400000,SG,DEV0960,0
TXN00330,CARD03520,C03520,M013,T013,2026-07-13 21:33:00,23740000,VN,DEV1703,0
TXN00331,CARD02062,C02062,M013,T013,2026-07-15 23:38:00,22960000,VN,DEV0099,0
TXN00332,CARD03481,C03481,M004,T004,2026-07-28 01:25:00,30630000,HK,DEV0417,0
TXN00333,CARD09995,C09995,M014,T014,2026-07-09 16:29:00,44420000,VN,DEV1008,0
TXN00334,CARD05286,C05286,M005,T005,2026-07-21 05:20:00,4930000,SG,DEV0887,0
TXN00335,CARD08755,C08755,M008,T008,2026-07-27 11:30:00,32400000,VN,DEV0125,0
TXN00336,CARD07037,C07037,M007,T007,2026-07-10 15:10:00,24030000,VN,DEV0854,0
TXN00337,CARD07107,C07107,M010,T010,2026-07-19 03:19:00,6790000,VN,DEV0830,0
TXN00338,CARD09992,C09992,M008,T008,2026-07-19 17:50:00,31200000,VN,DEV0122,0
TXN00339,CARD01551,C01551,M004,T004,2026-07-07 23:37:00,30320000,SG,DEV0699,0
TXN00340,CARD01221,C01221,M001,T001,2026-07-13 05:32:00,9620000,SG,NEW_DEVICE,1
TXN00341,CARD08828,C08828,M003,T003,2026-07-02 05:21:00,44610000,HK,DEV1618,0
TXN00342,CARD08417,C08417,M011,T011,2026-07-22 16:39:00,45590000,VN,DEV1352,0
TXN00343,CARD08198,C08198,M002,T002,2026-07-28 05:40:00,40000000,SG,DEV1986,0
TXN00344,CARD03526,C03526,M002,T002,2026-07-25 11:26:00,15640000,SG,DEV1878,0
TXN00345,CARD01350,C01350,M005,T005,2026-07-01 05:35:00,37060000,US,DEV0639,0
TXN00346,CARD00233,C00233,M002,T002,2026-07-06 15:31:00,47680000,HK,DEV0304,0
TXN00347,CARD04609,C04609,M012,T012,2026-07-19 07:39:00,21870000,VN,DEV1245,0
TXN00348,CARD07184,C07184,M002,T002,2026-07-25 05:07:00,33600000,SG,DEV0932,0
TXN00349,CARD00514,C00514,M001,T001,2026-07-20 19:25:00,14090000,VN,DEV1755,0
TXN00350,CARD00225,C00225,M006,T006,2026-07-19 12:46:00,28730000,VN,DEV0525,0
TXN00351,CARD01597,C01597,M012,T012,2026-07-04 08:00:00,35800000,VN,DEV0381,0
TXN00352,CARD06933,C06933,M001,T001,2026-07-06 06:02:00,29800000,VN,DEV0627,0
TXN00353,CARD09190,C09190,M009,T009,2026-07-12 13:05:00,30770000,VN,DEV0459,0
TXN00354,CARD08990,C08990,M008,T008,2026-07-05 13:59:00,47300000,VN,DEV1207,0
TXN00355,CARD02049,C02049,M012,T012,2026-07-18 08:23:00,35650000,VN,DEV1946,0
TXN00356,CARD02020,C02020,M004,T004,2026-07-19 11:39:00,10080000,US,DEV1290,0
TXN00357,CARD08359,C08359,M009,T009,2026-07-10 19:52:00,29520000,VN,DEV1213,0
TXN00358,CARD04213,C04213,M008,T008,2026-07-24 19:14:00,48540000,VN,DEV1928,0
TXN00359,CARD00039,C00039,M007,T007,2026-07-03 06:27:00,8700000,VN,DEV1020,0
TXN00360,CARD02372,C02372,M005,T005,2026-07-15 16:23:00,48760000,HK,DEV1989,0
TXN00361,CARD05026,C05026,M003,T003,2026-07-25 09:14:00,17680000,SG,DEV0802,0
TXN00362,CARD07633,C07633,M012,T012,2026-07-18 10:00:00,15970000,VN,DEV1245,0
TXN00363,CARD09087,C09087,M001,T001,2026-07-14 08:23:00,14930000,VN,DEV0881,0
TXN00364,CARD09336,C09336,M012,T012,2026-07-02 11:42:00,5050000,VN,DEV0493,0
TXN00365,CARD08326,C08326,M006,T006,2026-07-19 11:22:00,6990000,VN,DEV1839,0
TXN00366,CARD02677,C02677,M010,T010,2026-07-27 17:15:00,43640000,VN,DEV0776,0
TXN00367,CARD04054,C04054,M003,T003,2026-07-13 09:04:00,46670000,US,DEV1937,0
TXN00368,CARD09513,C09513,M014,T014,2026-07-24 04:52:00,22790000,VN,DEV1702,0
TXN00369,CARD02196,C02196,M001,T001,2026-07-14 19:45:00,16560000,VN,DEV1433,0
TXN00370,CARD00572,C00572,M011,T011,2026-07-13 04:01:00,38440000,VN,DEV1182,0
TXN00371,CARD04075,C04075,M011,T011,2026-07-03 18:02:00,250000,VN,DEV0251,0
TXN00372,CARD04025,C04025,M002,T002,2026-07-26 06:19:00,21320000,US,DEV1581,0
TXN00373,CARD03836,C03836,M012,T012,2026-07-13 15:48:00,14490000,VN,DEV1091,0
TXN00374,CARD00613,C00613,M004,T004,2026-07-25 16:21:00,38790000,SG,DEV1892,0
TXN00375,CARD00764,C00764,M014,T014,2026-07-22 22:29:00,49070000,VN,DEV0371,0
TXN00376,CARD00030,C00030,M013,T013,2026-07-04 10:08:00,17210000,VN,DEV0869,0
TXN00377,CARD03989,C03989,M012,T012,2026-07-24 09:42:00,34280000,VN,DEV1666,0
TXN00378,CARD05090,C05090,M011,T011,2026-07-24 07:45:00,4190000,VN,DEV1793,0
TXN00379,CARD02706,C02706,M007,T007,2026-07-27 23:49:00,10500000,VN,DEV0113,0
TXN00380,CARD01355,C01355,M005,T005,2026-07-07 07:02:00,6450000,HK,DEV1235,0
TXN00381,CARD09934,C09934,M006,T006,2026-07-28 03:49:00,39730000,VN,DEV0847,0
TXN00382,CARD06923,C06923,M011,T011,2026-07-19 02:40:00,24330000,VN,DEV0629,0
TXN00383,CARD07702,C07702,M009,T009,2026-07-10 10:45:00,25410000,VN,DEV1802,0
TXN00384,CARD09574,C09574,M007,T007,2026-07-09 09:30:00,21970000,VN,DEV1298,0
TXN00385,CARD00922,C00922,M008,T008,2026-07-11 18:49:00,43280000,VN,DEV1454,0
TXN00386,CARD03674,C03674,M001,T001,2026-07-01 01:31:00,40280000,VN,DEV1439,0
TXN00387,CARD09896,C09896,M013,T013,2026-07-24 17:27:00,49260000,VN,DEV0328,0
TXN00388,CARD00223,C00223,M005,T005,2026-07-03 12:37:00,36790000,HK,DEV0717,0
TXN00389,CARD08880,C08880,M007,T007,2026-07-16 14:47:00,4220000,VN,DEV0331,0
TXN00390,CARD09927,C09927,M010,T010,2026-07-06 04:37:00,10840000,VN,DEV1126,0
TXN00391,CARD03190,C03190,M004,T004,2026-07-19 03:05:00,3650000,US,DEV1230,0
TXN00392,CARD03272,C03272,M014,T014,2026-07-03 08:08:00,40280000,VN,DEV0429,0
TXN00393,CARD04440,C04440,M003,T003,2026-07-17 20:09:00,25840000,US,DEV0885,0
TXN00394,CARD01687,C01687,M013,T013,2026-07-19 18:40:00,37410000,VN,DEV0583,0
TXN00395,CARD08356,C08356,M006,T006,2026-07-21 19:02:00,46360000,VN,DEV1733,0
TXN00396,CARD02319,C02319,M006,T006,2026-07-24 20:05:00,12270000,VN,DEV0767,0
TXN00397,CARD06364,C06364,M012,T012,2026-07-08 10:34:00,3830000,VN,DEV1256,0
TXN00398,CARD03631,C03631,M006,T006,2026-07-11 02:47:00,44570000,VN,DEV0339,0
TXN00399,CARD03427,C03427,M002,T002,2026-07-01 04:00:00,39820000,SG,DEV1583,0
TXN00400,CARD04676,C04676,M001,T001,2026-07-08 16:05:00,28150000,VN,DEV0611,0
TXN00401,CARD01370,C01370,M009,T009,2026-07-13 04:31:00,34760000,VN,DEV1575,0
TXN00402,CARD06364,C06364,M013,T013,2026-07-05 16:25:00,24520000,VN,DEV0742,0
TXN00403,CARD09359,C09359,M003,T003,2026-07-06 01:33:00,3460000,HK,DEV1853,0
TXN00404,CARD08130,C08130,M008,T008,2026-07-07 11:42:00,35050000,VN,DEV0653,0
TXN00405,CARD04565,C04565,M006,T006,2026-07-24 02:03:00,1010000,VN,DEV1584,0
TXN00406,CARD03789,C03789,M014,T014,2026-07-27 05:26:00,32110000,VN,DEV1758,0
TXN00407,CARD01520,C01520,M006,T006,2026-07-24 05:05:00,28410000,VN,DEV0994,0
TXN00408,CARD01717,C01717,M004,T004,2026-07-28 05:20:00,8320000,HK,DEV0634,0
TXN00409,CARD09794,C09794,M009,T009,2026-07-23 19:15:00,40250000,VN,DEV1133,0
TXN00410,CARD01261,C01261,M006,T006,2026-07-22 17:15:00,43510000,VN,DEV0991,0
TXN00411,CARD03421,C03421,M004,T004,2026-07-19 16:07:00,3490000,US,DEV1889,0
TXN00412,CARD04509,C04509,M014,T014,2026-07-28 01:15:00,9750000,VN,DEV1538,0
TXN00413,CARD04633,C04633,M007,T007,2026-07-17 02:02:00,19280000,VN,DEV1677,0
TXN00414,CARD07682,C07682,M005,T005,2026-07-05 19:14:00,11130000,HK,DEV1493,0
TXN00415,CARD02660,C02660,M013,T013,2026-07-07 03:40:00,19320000,VN,DEV1907,0
TXN00416,CARD01688,C01688,M004,T004,2026-07-15 21:17:00,40600000,SG,DEV0957,0
TXN00417,CARD00812,C00812,M005,T005,2026-07-13 15:30:00,7490000,US,DEV1307,0
TXN00418,CARD03548,C03548,M002,T002,2026-07-04 08:47:00,15000000,SG,DEV1393,0
TXN00419,CARD07201,C07201,M003,T003,2026-07-26 02:02:00,2180000,SG,DEV1750,0
TXN00420,CARD00747,C00747,M005,T005,2026-07-13 03:24:00,33260000,SG,DEV1162,0
TXN00421,CARD00535,C00535,M002,T002,2026-07-16 03:53:00,5160000,US,DEV0118,0
TXN00422,CARD01975,C01975,M012,T012,2026-07-26 11:37:00,43590000,VN,DEV0302,0
TXN00423,CARD03521,C03521,M003,T003,2026-07-11 09:33:00,290000,SG,DEV1496,0
TXN00424,CARD04732,C04732,M002,T002,2026-07-17 16:45:00,19780000,SG,DEV1628,0
TXN00425,CARD06776,C06776,M004,T004,2026-07-23 18:09:00,41250000,HK,DEV0312,0
TXN00426,CARD02435,C02435,M004,T004,2026-07-09 13:32:00,20510000,HK,DEV1843,0
TXN00427,CARD03486,C03486,M003,T003,2026-07-01 22:46:00,23030000,HK,DEV1130,0
TXN00428,CARD03871,C03871,M011,T011,2026-07-14 22:17:00,28310000,VN,DEV1085,0
TXN00429,CARD05604,C05604,M005,T005,2026-07-03 02:18:00,9600000,SG,DEV1856,0
TXN00430,CARD05147,C05147,M004,T004,2026-07-09 15:59:00,16550000,US,DEV0098,0
TXN00431,CARD01725,C01725,M010,T010,2026-07-18 02:17:00,34170000,VN,DEV1516,0
TXN00432,CARD07999,C07999,M008,T008,2026-07-20 11:26:00,12860000,VN,DEV1845,0
TXN00433,CARD07908,C07908,M008,T008,2026-07-05 09:10:00,32510000,VN,DEV1714,0
TXN00434,CARD04948,C04948,M011,T011,2026-07-14 21:59:00,44700000,VN,DEV1069,0
TXN00435,CARD04599,C04599,M009,T009,2026-07-15 19:14:00,24560000,VN,DEV1495,0
TXN00436,CARD06892,C06892,M014,T014,2026-07-24 01:56:00,24440000,VN,DEV1548,0
TXN00437,CARD08517,C08517,M010,T010,2026-07-10 23:06:00,45720000,VN,DEV0820,0
TXN00438,CARD01517,C01517,M004,T004,2026-07-11 04:02:00,48710000,VN,NEW_DEVICE,1
TXN00439,CARD02743,C02743,M012,T012,2026-07-21 07:10:00,42940000,VN,DEV1248,0
TXN00440,CARD00409,C00409,M002,T002,2026-07-26 04:15:00,7380000,HK,DEV0733,0
TXN00441,CARD04891,C04891,M014,T014,2026-07-23 09:35:00,36730000,VN,DEV0284,0
TXN00442,CARD03943,C03943,M006,T006,2026-07-07 09:49:00,31200000,VN,DEV0524,0
TXN00443,CARD07788,C07788,M005,T005,2026-07-11 16:05:00,22570000,US,DEV0023,0
TXN00444,CARD08156,C08156,M005,T005,2026-07-20 04:18:00,23960000,HK,NEW_DEVICE,1
TXN00445,CARD06061,C06061,M003,T003,2026-07-10 05:43:00,4180000,HK,DEV1893,0
TXN00446,CARD02424,C02424,M009,T009,2026-07-17 05:15:00,24350000,VN,DEV1928,0
TXN00447,CARD00490,C00490,M004,T004,2026-07-10 05:12:00,20340000,US,DEV1679,0
TXN00448,CARD00699,C00699,M010,T010,2026-07-15 02:26:00,43050000,VN,DEV1462,0
TXN00449,CARD02822,C02822,M009,T009,2026-07-15 23:13:00,19240000,VN,DEV0918,0
TXN00450,CARD09321,C09321,M011,T011,2026-07-26 12:15:00,10080000,VN,DEV0197,0
TXN00451,CARD08314,C08314,M002,T002,2026-07-03 08:43:00,5460000,HK,DEV0558,0
TXN00452,CARD03846,C03846,M014,T014,2026-07-04 07:09:00,43070000,VN,DEV1471,0
TXN00453,CARD09839,C09839,M007,T007,2026-07-05 16:00:00,12040000,VN,DEV1334,0
TXN00454,CARD03698,C03698,M014,T014,2026-07-13 17:25:00,30860000,VN,DEV0182,0
TXN00455,CARD07380,C07380,M008,T008,2026-07-25 22:38:00,10710000,VN,DEV1724,0
TXN00456,CARD01410,C01410,M004,T004,2026-07-02 17:28:00,17150000,SG,DEV1974,0
TXN00457,CARD05372,C05372,M007,T007,2026-07-18 15:33:00,22330000,VN,DEV1009,0
TXN00458,CARD06196,C06196,M007,T007,2026-07-01 20:10:00,24670000,HK,NEW_DEVICE,1
TXN00459,CARD02911,C02911,M011,T011,2026-07-11 21:40:00,20360000,VN,DEV1416,0
TXN00460,CARD01637,C01637,M003,T003,2026-07-28 05:01:00,6910000,US,DEV0029,0
TXN00461,CARD06727,C06727,M003,T003,2026-07-02 02:26:00,39060000,NG,NEW_DEVICE,1
TXN00462,CARD04463,C04463,M013,T013,2026-07-12 18:47:00,4070000,VN,DEV1960,0
TXN00463,CARD02589,C02589,M007,T007,2026-07-04 02:23:00,6030000,VN,DEV0849,0
TXN00464,CARD06158,C06158,M011,T011,2026-07-17 05:11:00,36280000,VN,DEV1569,0
TXN00465,CARD08588,C08588,M007,T007,2026-07-27 17:42:00,35670000,VN,DEV1493,0
TXN00466,CARD06746,C06746,M009,T009,2026-07-07 04:18:00,28800000,VN,DEV1779,0
TXN00467,CARD09830,C09830,M013,T013,2026-07-23 17:14:00,13060000,VN,DEV1054,0
TXN00468,CARD04534,C04534,M013,T013,2026-07-01 10:10:00,8760000,VN,DEV0523,0
TXN00469,CARD06110,C06110,M006,T006,2026-07-11 22:23:00,25130000,VN,DEV0233,0
TXN00470,CARD01394,C01394,M013,T013,2026-07-21 14:37:00,48810000,VN,DEV1836,0
TXN00471,CARD04036,C04036,M012,T012,2026-07-18 02:00:00,26550000,VN,DEV0363,0
TXN00472,CARD02810,C02810,M003,T003,2026-07-05 18:26:00,48980000,HK,DEV1956,0
TXN00473,CARD04022,C04022,M009,T009,2026-07-14 15:05:00,25550000,VN,DEV1610,0
TXN00474,CARD00820,C00820,M014,T014,2026-07-01 16:58:00,18010000,VN,DEV0391,0
TXN00475,CARD07015,C07015,M011,T011,2026-07-19 03:39:00,27320000,VN,DEV1569,0
TXN00476,CARD07142,C07142,M005,T005,2026-07-25 11:18:00,17060000,HK,DEV1459,0
TXN00477,CARD02403,C02403,M008,T008,2026-07-12 01:16:00,3960000,VN,DEV0526,0
TXN00478,CARD08244,C08244,M013,T013,2026-07-06 17:39:00,19350000,VN,DEV1840,0
TXN00479,CARD03177,C03177,M003,T003,2026-07-17 02:43:00,24140000,HK,DEV0489,0
TXN00480,CARD00729,C00729,M011,T011,2026-07-25 17:14:00,6810000,VN,DEV0265,0
TXN00481,CARD05102,C05102,M013,T013,2026-07-18 12:55:00,19890000,VN,DEV1111,0
TXN00482,CARD09919,C09919,M014,T014,2026-07-06 12:17:00,10000000,VN,DEV1160,0
TXN00483,CARD05614,C05614,M001,T001,2026-07-22 10:22:00,43010000,VN,DEV0473,0
TXN00484,CARD08919,C08919,M007,T007,2026-07-27 15:40:00,15880000,VN,DEV1686,0
TXN00485,CARD02793,C02793,M004,T004,2026-07-14 18:19:00,6710000,US,DEV0599,0
TXN00486,CARD00354,C00354,M006,T006,2026-07-14 11:01:00,34500000,VN,DEV1760,0
TXN00487,CARD09417,C09417,M009,T009,2026-07-27 06:46:00,20280000,VN,DEV0062,0
TXN00488,CARD05675,C05675,M014,T014,2026-07-23 16:49:00,8800000,VN,DEV1287,0
TXN00489,CARD09267,C09267,M012,T012,2026-07-14 00:34:00,23390000,NG,NEW_DEVICE,1
TXN00490,CARD02611,C02611,M005,T005,2026-07-17 14:46:00,7930000,NG,NEW_DEVICE,1
TXN00491,CARD07731,C07731,M005,T005,2026-07-08 00:14:00,6050000,SG,DEV0784,0
TXN00492,CARD01588,C01588,M012,T012,2026-07-27 13:24:00,13360000,VN,DEV0186,0
TXN00493,CARD04012,C04012,M005,T005,2026-07-07 03:00:00,16820000,SG,DEV0282,0
TXN00494,CARD00219,C00219,M005,T005,2026-07-09 14:16:00,2160000,SG,DEV1054,0
TXN00495,CARD05586,C05586,M014,T014,2026-07-26 05:47:00,27910000,VN,DEV0916,0
TXN00496,CARD05537,C05537,M003,T003,2026-07-04 05:43:00,27070000,US,DEV0442,0
TXN00497,CARD01017,C01017,M007,T007,2026-07-20 14:12:00,42100000,VN,DEV1471,0
TXN00498,CARD06849,C06849,M008,T008,2026-07-22 00:21:00,41090000,VN,DEV1277,0
TXN00499,CARD07988,C07988,M006,T006,2026-07-14 10:21:00,30170000,VN,DEV0071,0
TXN00500,CARD02935,C02935,M005,T005,2026-07-26 01:37:00,29330000,SG,DEV1227,0
TXN00501,CARD09924,C09924,M002,T002,2026-07-26 06:15:00,39880000,SG,DEV1974,0
TXN00502,CARD04452,C04452,M004,T004,2026-07-17 01:40:00,1670000,HK,DEV1989,0
TXN00503,CARD07750,C07750,M006,T006,2026-07-05 21:36:00,26720000,VN,DEV1769,0
TXN00504,CARD02729,C02729,M012,T012,2026-07-27 02:26:00,44760000,VN,DEV0189,0
TXN00505,CARD02650,C02650,M012,T012,2026-07-06 05:57:00,35350000,VN,DEV0174,0
TXN00506,CARD06206,C06206,M003,T003,2026-07-23 13:15:00,48420000,SG,DEV0137,0
TXN00507,CARD00864,C00864,M001,T001,2026-07-19 07:14:00,130000,VN,DEV1261,0
TXN00508,CARD08818,C08818,M003,T003,2026-07-26 07:02:00,6750000,SG,DEV0007,0
TXN00509,CARD06096,C06096,M006,T006,2026-07-02 09:46:00,27280000,VN,DEV0684,0
TXN00510,CARD00609,C00609,M006,T006,2026-07-18 08:51:00,30190000,VN,DEV1393,0
TXN00511,CARD00002,C00002,M006,T006,2026-07-21 13:31:00,39650000,VN,DEV1684,0
TXN00512,CARD06902,C06902,M004,T004,2026-07-02 06:40:00,27350000,SG,DEV1743,0
TXN00513,CARD01351,C01351,M010,T010,2026-07-23 15:27:00,1210000,VN,DEV1117,0
TXN00514,CARD02774,C02774,M011,T011,2026-07-27 16:00:00,320000,VN,DEV0332,0
TXN00515,CARD07933,C07933,M010,T010,2026-07-07 22:48:00,46080000,VN,DEV0025,0
TXN00516,CARD08981,C08981,M013,T013,2026-07-25 18:40:00,14930000,VN,DEV1577,0
TXN00517,CARD00722,C00722,M001,T001,2026-07-02 06:39:00,39970000,VN,DEV1768,0
TXN00518,CARD08761,C08761,M008,T008,2026-07-13 05:28:00,32390000,VN,DEV0383,0
TXN00519,CARD06435,C06435,M013,T013,2026-07-11 18:30:00,30740000,VN,DEV1087,0
TXN00520,CARD04091,C04091,M013,T013,2026-07-19 00:50:00,28950000,VN,DEV1143,0
TXN00521,CARD07440,C07440,M010,T010,2026-07-07 11:18:00,12140000,SG,NEW_DEVICE,1
TXN00522,CARD07884,C07884,M009,T009,2026-07-23 07:19:00,43570000,VN,DEV0939,0
TXN00523,CARD08532,C08532,M007,T007,2026-07-20 23:05:00,29500000,VN,DEV1665,0
TXN00524,CARD07068,C07068,M002,T002,2026-07-19 21:23:00,33680000,HK,DEV0953,0
TXN00525,CARD09278,C09278,M007,T007,2026-07-16 12:39:00,44350000,VN,DEV0864,0
TXN00526,CARD03067,C03067,M003,T003,2026-07-28 06:00:00,37940000,SG,DEV0868,0
TXN00527,CARD06464,C06464,M001,T001,2026-07-18 04:37:00,48330000,VN,DEV0532,0
TXN00528,CARD05887,C05887,M013,T013,2026-07-13 05:41:00,43300000,VN,DEV1830,0
TXN00529,CARD06629,C06629,M014,T014,2026-07-15 02:43:00,47590000,VN,DEV0338,0
TXN00530,CARD04425,C04425,M003,T003,2026-07-26 12:16:00,6160000,US,DEV0814,0
TXN00531,CARD03553,C03553,M005,T005,2026-07-03 13:15:00,14870000,US,DEV1070,0
TXN00532,CARD05625,C05625,M003,T003,2026-07-23 03:03:00,30460000,HK,DEV0856,0
TXN00533,CARD04090,C04090,M009,T009,2026-07-10 05:47:00,46470000,VN,DEV1727,0
TXN00534,CARD01713,C01713,M011,T011,2026-07-24 10:54:00,32760000,VN,DEV0148,0
TXN00535,CARD01248,C01248,M004,T004,2026-07-24 15:43:00,30740000,HK,DEV1911,0
TXN00536,CARD03234,C03234,M005,T005,2026-07-04 16:56:00,25210000,SG,DEV0868,0
TXN00537,CARD02304,C02304,M012,T012,2026-07-21 06:20:00,8890000,VN,DEV1779,0
TXN00538,CARD01022,C01022,M003,T003,2026-07-13 18:49:00,17210000,SG,DEV0553,0
TXN00539,CARD03214,C03214,M012,T012,2026-07-03 01:20:00,31810000,VN,DEV0210,0
TXN00540,CARD07342,C07342,M005,T005,2026-07-03 20:45:00,2160000,US,DEV1860,0
TXN00541,CARD02892,C02892,M010,T010,2026-07-13 22:47:00,19080000,VN,DEV0829,0
TXN00542,CARD09967,C09967,M002,T002,2026-07-23 21:54:00,30250000,HK,DEV0908,0
TXN00543,CARD03171,C03171,M006,T006,2026-07-07 05:14:00,25930000,VN,DEV0710,0
TXN00544,CARD06462,C06462,M010,T010,2026-07-02 01:18:00,42240000,VN,DEV0065,0
TXN00545,CARD08090,C08090,M007,T007,2026-07-19 13:32:00,28050000,VN,DEV1672,0
TXN00546,CARD07979,C07979,M004,T004,2026-07-13 22:27:00,36470000,SG,DEV1690,0
TXN00547,CARD01399,C01399,M006,T006,2026-07-18 23:48:00,33680000,VN,DEV0712,0
TXN00548,CARD02978,C02978,M008,T008,2026-07-06 18:55:00,11810000,VN,DEV0745,0
TXN00549,CARD01780,C01780,M008,T008,2026-07-02 01:59:00,13520000,VN,DEV1930,0
TXN00550,CARD03295,C03295,M011,T011,2026-07-10 14:10:00,25250000,VN,DEV1966,0
TXN00551,CARD00033,C00033,M009,T009,2026-07-25 08:13:00,8200000,VN,DEV1465,0
TXN00552,CARD02564,C02564,M011,T011,2026-07-18 21:47:00,25250000,VN,DEV1425,0
TXN00553,CARD00002,C00002,M003,T003,2026-07-10 08:57:00,15520000,HK,DEV1239,0
TXN00554,CARD00556,C00556,M007,T007,2026-07-26 00:36:00,31400000,VN,DEV0332,0
TXN00555,CARD06230,C06230,M006,T006,2026-07-24 18:40:00,41510000,VN,DEV0338,0
TXN00556,CARD00226,C00226,M002,T002,2026-07-16 00:35:00,45400000,SG,DEV0792,0
TXN00557,CARD03890,C03890,M012,T012,2026-07-17 15:04:00,610000,VN,DEV0383,0
TXN00558,CARD02581,C02581,M005,T005,2026-07-15 03:41:00,19500000,SG,DEV0973,0
TXN00559,CARD01555,C01555,M012,T012,2026-07-16 17:10:00,1830000,VN,DEV1582,0
TXN00560,CARD00587,C00587,M010,T010,2026-07-23 06:58:00,40240000,VN,DEV0341,0
TXN00561,CARD00796,C00796,M008,T008,2026-07-02 04:51:00,14360000,VN,DEV1442,0
TXN00562,CARD04166,C04166,M001,T001,2026-07-17 17:24:00,10850000,VN,DEV0395,0
TXN00563,CARD06612,C06612,M014,T014,2026-07-25 05:16:00,30380000,VN,DEV0820,0
TXN00564,CARD09698,C09698,M014,T014,2026-07-18 07:08:00,47730000,VN,DEV0552,0
TXN00565,CARD09954,C09954,M002,T002,2026-07-28 09:53:00,220000,HK,DEV0634,0
TXN00566,CARD08069,C08069,M008,T008,2026-07-11 20:09:00,6590000,VN,DEV0063,0
TXN00567,CARD06254,C06254,M003,T003,2026-07-28 17:36:00,40180000,SG,DEV0389,0
TXN00568,CARD05078,C05078,M003,T003,2026-07-05 13:17:00,47930000,HK,DEV1557,0
TXN00569,CARD05834,C05834,M001,T001,2026-07-19 13:28:00,35280000,VN,DEV0423,0
TXN00570,CARD01012,C01012,M005,T005,2026-07-21 21:47:00,26980000,SG,DEV1638,0
TXN00571,CARD05628,C05628,M009,T009,2026-07-24 16:09:00,33400000,VN,DEV0458,0
TXN00572,CARD05590,C05590,M011,T011,2026-07-14 11:25:00,41590000,VN,DEV0499,0
TXN00573,CARD08286,C08286,M004,T004,2026-07-23 17:53:00,38560000,US,DEV1712,0
TXN00574,CARD00840,C00840,M007,T007,2026-07-14 06:36:00,5730000,VN,DEV0274,0
TXN00575,CARD07185,C07185,M013,T013,2026-07-28 02:18:00,33720000,VN,DEV0513,0
TXN00576,CARD03063,C03063,M007,T007,2026-07-22 10:12:00,13160000,VN,DEV0943,0
TXN00577,CARD08653,C08653,M001,T001,2026-07-18 09:58:00,27360000,VN,DEV0298,0
TXN00578,CARD08122,C08122,M013,T013,2026-07-05 11:17:00,2000000,VN,DEV0589,0
TXN00579,CARD01252,C01252,M003,T003,2026-07-26 14:30:00,18980000,SG,DEV0216,0
TXN00580,CARD04001,C04001,M001,T001,2026-07-13 23:40:00,1020000,VN,DEV1074,0
TXN00581,CARD03599,C03599,M007,T007,2026-07-09 12:48:00,22900000,US,NEW_DEVICE,1
TXN00582,CARD09272,C09272,M014,T014,2026-07-04 01:40:00,24220000,VN,DEV0088,0
TXN00583,CARD00835,C00835,M006,T006,2026-07-12 12:26:00,8330000,VN,DEV1341,0
TXN00584,CARD08313,C08313,M010,T010,2026-07-06 19:24:00,39150000,VN,DEV0189,0
TXN00585,CARD05066,C05066,M010,T010,2026-07-04 09:00:00,20230000,VN,DEV1193,0
TXN00586,CARD03871,C03871,M004,T004,2026-07-05 07:45:00,47810000,US,DEV1574,0
TXN00587,CARD00102,C00102,M008,T008,2026-07-18 18:00:00,23600000,VN,DEV1439,0
TXN00588,CARD01988,C01988,M005,T005,2026-07-02 23:12:00,49720000,US,DEV1935,0
TXN00589,CARD00636,C00636,M008,T008,2026-07-12 16:46:00,3450000,VN,DEV0749,0
TXN00590,CARD08449,C08449,M012,T012,2026-07-15 22:41:00,9610000,VN,DEV0204,0
TXN00591,CARD00550,C00550,M008,T008,2026-07-17 16:56:00,45860000,VN,DEV0205,0
TXN00592,CARD04506,C04506,M011,T011,2026-07-04 19:56:00,18250000,VN,DEV0247,0
TXN00593,CARD04866,C04866,M001,T001,2026-07-20 23:15:00,27470000,VN,DEV0926,0
TXN00594,CARD01350,C01350,M003,T003,2026-07-13 08:16:00,46720000,SG,DEV0053,0
TXN00595,CARD08378,C08378,M013,T013,2026-07-17 03:37:00,3230000,VN,DEV0693,0
TXN00596,CARD05709,C05709,M007,T007,2026-07-25 04:50:00,22090000,VN,DEV0653,0
TXN00597,CARD03318,C03318,M010,T010,2026-07-21 18:59:00,23400000,VN,DEV1995,0
TXN00598,CARD08602,C08602,M002,T002,2026-07-13 19:40:00,10050000,SG,DEV0482,0
TXN00599,CARD03300,C03300,M002,T002,2026-07-01 03:23:00,43690000,US,DEV1119,0
TXN00600,CARD08184,C08184,M002,T002,2026-07-03 22:13:00,41630000,SG,DEV1515,0
TXN00601,CARD01051,C01051,M002,T002,2026-07-18 11:42:00,40150000,NG,NEW_DEVICE,1
TXN00602,CARD04161,C04161,M008,T008,2026-07-19 13:57:00,45600000,VN,DEV0845,0
TXN00603,CARD02613,C02613,M011,T011,2026-07-21 11:07:00,33800000,VN,DEV1931,0
TXN00604,CARD05443,C05443,M011,T011,2026-07-04 07:40:00,10210000,VN,DEV0870,0
TXN00605,CARD05718,C05718,M002,T002,2026-07-25 23:17:00,33880000,HK,DEV1340,0
TXN00606,CARD06598,C06598,M004,T004,2026-07-06 07:03:00,40420000,HK,DEV0333,0
TXN00607,CARD09138,C09138,M010,T010,2026-07-11 08:01:00,8910000,VN,DEV1751,0
TXN00608,CARD00986,C00986,M008,T008,2026-07-23 12:31:00,24070000,VN,DEV0196,0
TXN00609,CARD04366,C04366,M013,T013,2026-07-19 21:35:00,28550000,VN,DEV1261,0
TXN00610,CARD09116,C09116,M002,T002,2026-07-18 14:45:00,840000,US,DEV0570,0
TXN00611,CARD05554,C05554,M006,T006,2026-07-04 15:23:00,4450000,VN,DEV0969,0
TXN00612,CARD07463,C07463,M002,T002,2026-07-07 12:22:00,1350000,US,DEV1647,0
TXN00613,CARD06167,C06167,M004,T004,2026-07-13 03:47:00,48100000,US,DEV0418,0
TXN00614,CARD02568,C02568,M013,T013,2026-07-12 20:48:00,24180000,VN,DEV0193,0
TXN00615,CARD05597,C05597,M002,T002,2026-07-22 04:19:00,42300000,SG,DEV1563,0
TXN00616,CARD08599,C08599,M011,T011,2026-07-13 00:31:00,11820000,VN,DEV0296,0
TXN00617,CARD04900,C04900,M004,T004,2026-07-05 11:21:00,43510000,SG,DEV1929,0
TXN00618,CARD01531,C01531,M004,T004,2026-07-20 23:20:00,10330000,US,DEV1882,0
TXN00619,CARD04374,C04374,M012,T012,2026-07-03 17:40:00,50000,VN,DEV1291,0
TXN00620,CARD02873,C02873,M001,T001,2026-07-01 20:29:00,26550000,VN,DEV0834,0
TXN00621,CARD04127,C04127,M008,T008,2026-07-26 16:49:00,2370000,VN,DEV0281,0
TXN00622,CARD04627,C04627,M004,T004,2026-07-09 22:41:00,28400000,SG,DEV1160,0
TXN00623,CARD06393,C06393,M003,T003,2026-07-11 14:00:00,17670000,SG,DEV0473,0
TXN00624,CARD02025,C02025,M005,T005,2026-07-02 18:55:00,32390000,US,DEV0822,0
TXN00625,CARD05284,C05284,M004,T004,2026-07-26 17:23:00,47930000,US,DEV0067,0
TXN00626,CARD00240,C00240,M006,T006,2026-07-02 17:30:00,25330000,VN,DEV0516,0
TXN00627,CARD08188,C08188,M001,T001,2026-07-02 06:15:00,27790000,VN,DEV1065,0
TXN00628,CARD04268,C04268,M003,T003,2026-07-12 11:11:00,4710000,SG,DEV0098,0
TXN00629,CARD03468,C03468,M014,T014,2026-07-03 00:08:00,47510000,VN,DEV1732,0
TXN00630,CARD07541,C07541,M012,T012,2026-07-19 06:56:00,42230000,VN,DEV0471,0
TXN00631,CARD06302,C06302,M013,T013,2026-07-26 20:48:00,48050000,VN,DEV1140,0
TXN00632,CARD05366,C05366,M011,T011,2026-07-03 19:46:00,9850000,VN,DEV1909,0
TXN00633,CARD03966,C03966,M013,T013,2026-07-11 22:11:00,3020000,VN,DEV1222,0
TXN00634,CARD06486,C06486,M008,T008,2026-07-16 11:42:00,4230000,VN,DEV1799,0
TXN00635,CARD06625,C06625,M011,T011,2026-07-09 20:30:00,27750000,VN,DEV0946,0
TXN00636,CARD08682,C08682,M012,T012,2026-07-25 12:48:00,12640000,VN,DEV1167,0
TXN00637,CARD01959,C01959,M013,T013,2026-07-06 01:37:00,31770000,VN,DEV0749,0
TXN00638,CARD07993,C07993,M008,T008,2026-07-10 02:22:00,45160000,VN,DEV0656,0
TXN00639,CARD09510,C09510,M007,T007,2026-07-28 18:14:00,38910000,VN,DEV0303,0
TXN00640,CARD09425,C09425,M001,T001,2026-07-21 11:45:00,25820000,VN,DEV0394,0
TXN00641,CARD07587,C07587,M010,T010,2026-07-24 18:52:00,3680000,VN,DEV0118,0
TXN00642,CARD05785,C05785,M005,T005,2026-07-14 02:20:00,17750000,SG,DEV0909,0
TXN00643,CARD08549,C08549,M010,T010,2026-07-19 05:22:00,16550000,VN,DEV1580,0
TXN00644,CARD05555,C05555,M005,T005,2026-07-19 14:55:00,43880000,US,DEV0365,0
TXN00645,CARD01288,C01288,M001,T001,2026-07-28 01:31:00,20080000,VN,DEV1741,0
TXN00646,CARD09768,C09768,M013,T013,2026-07-27 16:20:00,44050000,VN,DEV0383,0
TXN00647,CARD04645,C04645,M007,T007,2026-07-06 17:35:00,37300000,VN,DEV1694,0
TXN00648,CARD07804,C07804,M002,T002,2026-07-09 07:02:00,580000,US,DEV1605,0
TXN00649,CARD04004,C04004,M002,T002,2026-07-25 22:55:00,27440000,HK,DEV1437,0
TXN00650,CARD03315,C03315,M014,T014,2026-07-15 00:12:00,26210000,VN,DEV0087,0
TXN00651,CARD05860,C05860,M004,T004,2026-07-06 22:44:00,37940000,HK,DEV1521,0
TXN00652,CARD02664,C02664,M012,T012,2026-07-18 21:40:00,28590000,VN,DEV0691,0
TXN00653,CARD03029,C03029,M013,T013,2026-07-26 01:29:00,19840000,VN,DEV1344,0
TXN00654,CARD07051,C07051,M008,T008,2026-07-16 01:34:00,35330000,VN,DEV1517,0
TXN00655,CARD09754,C09754,M006,T006,2026-07-13 01:47:00,21480000,VN,DEV1652,0
TXN00656,CARD05567,C05567,M007,T007,2026-07-14 20:08:00,14640000,VN,DEV0236,0
TXN00657,CARD02811,C02811,M008,T008,2026-07-24 04:45:00,9510000,VN,DEV0839,0
TXN00658,CARD08474,C08474,M010,T010,2026-07-27 05:53:00,250000,VN,DEV0201,0
TXN00659,CARD08969,C08969,M014,T014,2026-07-22 14:49:00,30910000,VN,DEV0063,0
TXN00660,CARD06733,C06733,M009,T009,2026-07-01 02:40:00,4450000,VN,DEV1728,0
TXN00661,CARD03994,C03994,M001,T001,2026-07-27 06:25:00,31080000,VN,DEV1806,0
TXN00662,CARD02003,C02003,M011,T011,2026-07-11 05:58:00,49260000,VN,DEV0204,0
TXN00663,CARD00200,C00200,M009,T009,2026-07-12 07:43:00,47050000,VN,DEV1091,0
TXN00664,CARD04846,C04846,M008,T008,2026-07-16 13:30:00,12390000,VN,DEV1191,0
TXN00665,CARD05906,C05906,M013,T013,2026-07-22 17:10:00,14020000,VN,DEV1320,0
TXN00666,CARD00716,C00716,M001,T001,2026-07-13 12:31:00,30990000,VN,DEV0613,0
TXN00667,CARD02369,C02369,M001,T001,2026-07-14 05:11:00,19930000,VN,DEV0222,0
TXN00668,CARD01044,C01044,M008,T008,2026-07-08 12:55:00,48410000,VN,DEV0513,0
TXN00669,CARD06756,C06756,M014,T014,2026-07-24 11:30:00,42970000,VN,DEV0726,0
TXN00670,CARD06874,C06874,M004,T004,2026-07-15 04:52:00,41130000,US,DEV0127,0
TXN00671,CARD02369,C02369,M009,T009,2026-07-28 10:06:00,40020000,VN,DEV1395,0
TXN00672,CARD01561,C01561,M002,T002,2026-07-10 09:47:00,21000000,US,DEV0364,0
TXN00673,CARD06990,C06990,M013,T013,2026-07-16 15:14:00,34610000,VN,DEV0082,0
TXN00674,CARD09811,C09811,M011,T011,2026-07-27 17:19:00,48250000,VN,DEV1177,0
TXN00675,CARD00522,C00522,M006,T006,2026-07-14 20:35:00,24080000,VN,DEV1948,0
TXN00676,CARD04726,C04726,M002,T002,2026-07-05 16:44:00,16610000,SG,DEV0242,0
TXN00677,CARD03541,C03541,M003,T003,2026-07-10 03:42:00,21700000,US,DEV1413,0
TXN00678,CARD01532,C01532,M005,T005,2026-07-14 20:55:00,47940000,HK,NEW_DEVICE,1
TXN00679,CARD09758,C09758,M010,T010,2026-07-06 11:09:00,23670000,VN,DEV1541,0
TXN00680,CARD00554,C00554,M001,T001,2026-07-08 03:06:00,37060000,VN,DEV0871,0
TXN00681,CARD05241,C05241,M010,T010,2026-07-08 23:51:00,21580000,VN,DEV1760,0
TXN00682,CARD07298,C07298,M011,T011,2026-07-14 02:59:00,12060000,VN,DEV1959,0
TXN00683,CARD07815,C07815,M013,T013,2026-07-19 14:06:00,13230000,VN,DEV1461,0
TXN00684,CARD09255,C09255,M010,T010,2026-07-13 03:55:00,40090000,VN,DEV1959,0
TXN00685,CARD07838,C07838,M005,T005,2026-07-27 21:21:00,17510000,HK,DEV1611,0
TXN00686,CARD03010,C03010,M014,T014,2026-07-06 01:47:00,20510000,VN,DEV0880,0
TXN00687,CARD09852,C09852,M011,T011,2026-07-24 13:39:00,40110000,VN,DEV1143,0
TXN00688,CARD08199,C08199,M008,T008,2026-07-19 18:05:00,14990000,VN,DEV0199,0
TXN00689,CARD00332,C00332,M006,T006,2026-07-13 12:37:00,7580000,VN,DEV1381,0
TXN00690,CARD00820,C00820,M007,T007,2026-07-07 18:04:00,24970000,VN,DEV0211,0
TXN00691,CARD03336,C03336,M012,T012,2026-07-13 15:03:00,21320000,VN,DEV0167,0
TXN00692,CARD02987,C02987,M007,T007,2026-07-25 00:48:00,25320000,VN,DEV1085,0
TXN00693,CARD07065,C07065,M011,T011,2026-07-22 09:37:00,38910000,VN,DEV1409,0
TXN00694,CARD01307,C01307,M012,T012,2026-07-23 17:13:00,7810000,VN,DEV0703,0
TXN00695,CARD07532,C07532,M012,T012,2026-07-21 18:04:00,15730000,VN,DEV1617,0
TXN00696,CARD05055,C05055,M011,T011,2026-07-03 18:15:00,31500000,VN,DEV1834,0
TXN00697,CARD04975,C04975,M012,T012,2026-07-21 16:13:00,32920000,VN,DEV1538,0
TXN00698,CARD07467,C07467,M003,T003,2026-07-27 13:59:00,40970000,US,DEV0731,0
TXN00699,CARD06302,C06302,M013,T013,2026-07-20 13:25:00,13740000,VN,DEV0549,0
TXN00700,CARD00605,C00605,M005,T005,2026-07-07 17:23:00,40710000,SG,DEV0664,0
TXN00701,CARD04940,C04940,M014,T014,2026-07-15 12:11:00,35650000,VN,DEV1147,0
TXN00702,CARD07764,C07764,M012,T012,2026-07-03 16:52:00,980000,VN,DEV1842,0
TXN00703,CARD08862,C08862,M006,T006,2026-07-19 21:09:00,5110000,VN,DEV0306,0
TXN00704,CARD09678,C09678,M005,T005,2026-07-03 09:35:00,1780000,US,DEV0903,0
TXN00705,CARD05409,C05409,M001,T001,2026-07-17 09:11:00,48230000,VN,DEV1618,0
TXN00706,CARD01531,C01531,M003,T003,2026-07-12 14:34:00,21850000,SG,DEV0258,0
TXN00707,CARD04067,C04067,M007,T007,2026-07-25 14:17:00,13630000,VN,DEV0872,0
TXN00708,CARD03977,C03977,M001,T001,2026-07-20 03:40:00,49980000,VN,NEW_DEVICE,1
TXN00709,CARD05316,C05316,M010,T010,2026-07-15 02:45:00,15680000,VN,DEV1979,0
TXN00710,CARD03260,C03260,M001,T001,2026-07-23 18:53:00,27740000,VN,DEV1923,0
TXN00711,CARD03349,C03349,M006,T006,2026-07-02 13:35:00,15810000,VN,DEV0652,0
TXN00712,CARD00320,C00320,M008,T008,2026-07-21 18:57:00,42810000,VN,DEV1114,0
TXN00713,CARD09669,C09669,M001,T001,2026-07-01 21:27:00,11360000,VN,DEV1970,0
TXN00714,CARD01396,C01396,M004,T004,2026-07-06 02:47:00,20030000,HK,DEV1441,0
TXN00715,CARD06230,C06230,M014,T014,2026-07-21 13:47:00,43250000,VN,DEV1301,0
TXN00716,CARD09767,C09767,M014,T014,2026-07-18 00:44:00,37950000,VN,DEV1089,0
TXN00717,CARD00390,C00390,M013,T013,2026-07-20 16:09:00,11950000,VN,DEV1066,0
TXN00718,CARD06914,C06914,M005,T005,2026-07-22 07:11:00,22490000,HK,NEW_DEVICE,1
TXN00719,CARD09118,C09118,M009,T009,2026-07-11 19:50:00,42200000,VN,DEV1142,0
TXN00720,CARD01574,C01574,M013,T013,2026-07-22 14:28:00,34880000,VN,DEV1696,0
TXN00721,CARD06399,C06399,M012,T012,2026-07-13 06:26:00,30840000,VN,DEV0907,0
TXN00722,CARD03531,C03531,M013,T013,2026-07-14 14:04:00,24330000,VN,DEV0058,0
TXN00723,CARD01135,C01135,M001,T001,2026-07-19 03:23:00,15150000,VN,DEV1937,0
TXN00724,CARD05807,C05807,M007,T007,2026-07-09 17:49:00,29010000,VN,DEV0174,0
TXN00725,CARD07578,C07578,M012,T012,2026-07-11 13:44:00,18280000,VN,DEV0236,0
TXN00726,CARD04456,C04456,M012,T012,2026-07-17 18:29:00,2460000,VN,DEV1911,0
TXN00727,CARD01527,C01527,M001,T001,2026-07-19 09:03:00,600000,VN,DEV0122,0
TXN00728,CARD03708,C03708,M006,T006,2026-07-28 03:41:00,33150000,VN,DEV1630,0
TXN00729,CARD08976,C08976,M003,T003,2026-07-16 07:16:00,22510000,SG,DEV1770,0
TXN00730,CARD09130,C09130,M014,T014,2026-07-25 21:56:00,33040000,VN,DEV1943,0
TXN00731,CARD06436,C06436,M004,T004,2026-07-20 13:17:00,15550000,SG,DEV0182,0
TXN00732,CARD09924,C09924,M007,T007,2026-07-03 03:50:00,8100000,VN,DEV0870,0
TXN00733,CARD01850,C01850,M012,T012,2026-07-06 05:35:00,49760000,VN,DEV1176,0
TXN00734,CARD07293,C07293,M004,T004,2026-07-08 23:03:00,43920000,HK,DEV1950,0
TXN00735,CARD02172,C02172,M001,T001,2026-07-25 15:20:00,21960000,VN,DEV1625,0
TXN00736,CARD08869,C08869,M004,T004,2026-07-25 20:11:00,16280000,US,DEV1588,0
TXN00737,CARD05590,C05590,M013,T013,2026-07-08 22:08:00,44910000,VN,DEV1759,0
TXN00738,CARD04891,C04891,M004,T004,2026-07-15 20:11:00,1140000,SG,DEV0450,0
TXN00739,CARD07716,C07716,M007,T007,2026-07-16 03:59:00,10000000,VN,DEV1075,0
TXN00740,CARD01222,C01222,M005,T005,2026-07-26 03:20:00,26420000,HK,DEV1329,0
TXN00741,CARD04642,C04642,M014,T014,2026-07-11 15:48:00,34930000,VN,DEV1340,0
TXN00742,CARD02710,C02710,M006,T006,2026-07-27 03:17:00,45540000,VN,DEV1013,0
TXN00743,CARD08598,C08598,M012,T012,2026-07-15 08:02:00,41400000,VN,DEV0810,0
TXN00744,CARD01572,C01572,M003,T003,2026-07-18 16:39:00,31190000,SG,DEV0937,0
TXN00745,CARD07900,C07900,M008,T008,2026-07-11 15:54:00,15610000,VN,DEV1798,0
TXN00746,CARD00824,C00824,M003,T003,2026-07-14 06:15:00,33230000,SG,DEV1570,0
TXN00747,CARD08233,C08233,M001,T001,2026-07-18 07:44:00,7060000,VN,DEV0158,0
TXN00748,CARD03286,C03286,M004,T004,2026-07-20 19:05:00,44340000,HK,DEV0440,0
TXN00749,CARD05527,C05527,M008,T008,2026-07-16 04:17:00,44240000,VN,DEV0475,0
TXN00750,CARD04748,C04748,M014,T014,2026-07-27 02:03:00,1320000,VN,DEV1701,0
TXN00751,CARD02640,C02640,M009,T009,2026-07-23 18:25:00,28870000,VN,DEV1863,0
TXN00752,CARD05701,C05701,M003,T003,2026-07-05 18:06:00,28770000,SG,DEV0027,0
TXN00753,CARD04825,C04825,M010,T010,2026-07-04 19:06:00,3960000,VN,DEV1958,0
TXN00754,CARD08984,C08984,M008,T008,2026-07-15 20:01:00,29440000,VN,DEV0061,0
TXN00755,CARD05672,C05672,M013,T013,2026-07-24 10:55:00,49830000,VN,DEV1695,0
TXN00756,CARD06764,C06764,M001,T001,2026-07-08 21:05:00,49070000,VN,DEV0859,0
TXN00757,CARD05351,C05351,M005,T005,2026-07-20 22:53:00,44340000,US,DEV1696,0
TXN00758,CARD08814,C08814,M003,T003,2026-07-08 10:02:00,38610000,HK,DEV1189,0
TXN00759,CARD04005,C04005,M010,T010,2026-07-02 00:06:00,24940000,VN,DEV1640,0
TXN00760,CARD04802,C04802,M007,T007,2026-07-01 20:18:00,4210000,VN,DEV1764,0
TXN00761,CARD08434,C08434,M005,T005,2026-07-14 08:38:00,41510000,US,DEV1252,0
TXN00762,CARD07238,C07238,M007,T007,2026-07-03 20:03:00,49140000,VN,DEV0577,0
TXN00763,CARD03567,C03567,M003,T003,2026-07-09 04:55:00,27860000,SG,DEV0259,0
TXN00764,CARD04532,C04532,M013,T013,2026-07-12 21:44:00,19780000,VN,DEV1606,0
TXN00765,CARD07389,C07389,M010,T010,2026-07-09 08:29:00,1910000,VN,DEV0123,0
TXN00766,CARD04194,C04194,M014,T014,2026-07-17 15:25:00,38590000,VN,DEV1290,0
TXN00767,CARD06411,C06411,M005,T005,2026-07-04 00:00:00,44410000,US,DEV1067,0
TXN00768,CARD01512,C01512,M006,T006,2026-07-01 17:04:00,4100000,VN,DEV1219,0
TXN00769,CARD04443,C04443,M001,T001,2026-07-04 06:34:00,3220000,VN,DEV0243,0
TXN00770,CARD02247,C02247,M005,T005,2026-07-14 17:37:00,30010000,HK,DEV0478,0
TXN00771,CARD05620,C05620,M008,T008,2026-07-25 01:26:00,47500000,VN,DEV1764,0
TXN00772,CARD08904,C08904,M005,T005,2026-07-13 05:16:00,40800000,HK,DEV1319,0
TXN00773,CARD03787,C03787,M007,T007,2026-07-12 22:17:00,43380000,VN,DEV0096,0
TXN00774,CARD05931,C05931,M005,T005,2026-07-01 15:36:00,17410000,SG,DEV1449,0
TXN00775,CARD03973,C03973,M004,T004,2026-07-21 18:52:00,49860000,SG,DEV0360,0
TXN00776,CARD03102,C03102,M006,T006,2026-07-03 01:47:00,4910000,VN,DEV1429,0
TXN00777,CARD09524,C09524,M011,T011,2026-07-03 10:21:00,23370000,VN,DEV1307,0
TXN00778,CARD08673,C08673,M005,T005,2026-07-24 14:17:00,48010000,SG,DEV1821,0
TXN00779,CARD00519,C00519,M002,T002,2026-07-20 19:38:00,34430000,US,DEV0818,0
TXN00780,CARD03725,C03725,M006,T006,2026-07-14 22:25:00,28870000,VN,DEV0111,0
TXN00781,CARD04048,C04048,M010,T010,2026-07-25 21:27:00,3530000,VN,DEV0100,0
TXN00782,CARD07990,C07990,M005,T005,2026-07-19 22:32:00,2090000,SG,DEV0495,0
TXN00783,CARD09994,C09994,M012,T012,2026-07-01 07:35:00,29570000,SG,NEW_DEVICE,1
TXN00784,CARD00558,C00558,M003,T003,2026-07-05 04:44:00,46070000,SG,DEV1958,0
TXN00785,CARD05015,C05015,M011,T011,2026-07-04 11:05:00,6730000,VN,DEV1374,0
TXN00786,CARD03300,C03300,M011,T011,2026-07-15 15:39:00,17390000,VN,DEV1931,0
TXN00787,CARD03463,C03463,M007,T007,2026-07-15 01:35:00,43590000,VN,DEV0570,0
TXN00788,CARD05246,C05246,M009,T009,2026-07-26 18:10:00,13640000,VN,DEV1866,0
TXN00789,CARD05236,C05236,M011,T011,2026-07-03 13:40:00,7400000,VN,DEV1386,0
TXN00790,CARD01542,C01542,M008,T008,2026-07-08 22:51:00,24630000,VN,DEV0442,0
TXN00791,CARD08962,C08962,M005,T005,2026-07-23 21:18:00,17580000,SG,DEV0642,0
TXN00792,CARD01243,C01243,M005,T005,2026-07-02 22:10:00,41110000,SG,DEV0871,0
TXN00793,CARD03395,C03395,M010,T010,2026-07-20 09:35:00,47930000,VN,DEV1637,0
TXN00794,CARD03245,C03245,M011,T011,2026-07-09 10:25:00,34490000,VN,DEV1503,0
TXN00795,CARD09702,C09702,M002,T002,2026-07-28 17:19:00,7870000,US,DEV1057,0
TXN00796,CARD05687,C05687,M006,T006,2026-07-21 09:55:00,27570000,VN,DEV0111,0
TXN00797,CARD04752,C04752,M014,T014,2026-07-28 12:33:00,18960000,VN,DEV1387,0
TXN00798,CARD05580,C05580,M005,T005,2026-07-01 14:08:00,8620000,SG,DEV1656,0
TXN00799,CARD06550,C06550,M009,T009,2026-07-02 15:49:00,31450000,VN,DEV1558,0
TXN00800,CARD08860,C08860,M002,T002,2026-07-25 16:04:00,25230000,SG,DEV0336,0
TXN00801,CARD08548,C08548,M006,T006,2026-07-08 14:02:00,4680000,VN,DEV1780,0
TXN00802,CARD04030,C04030,M006,T006,2026-07-06 10:32:00,44440000,VN,DEV1451,0
TXN00803,CARD03424,C03424,M012,T012,2026-07-24 13:16:00,19380000,VN,DEV0124,0
TXN00804,CARD05121,C05121,M003,T003,2026-07-24 09:54:00,41130000,SG,DEV1696,0
TXN00805,CARD08565,C08565,M006,T006,2026-07-19 06:09:00,18920000,VN,DEV0771,0
TXN00806,CARD04339,C04339,M011,T011,2026-07-01 04:33:00,35530000,VN,DEV0967,0
TXN00807,CARD07023,C07023,M010,T010,2026-07-12 04:58:00,22280000,VN,DEV1039,0
TXN00808,CARD07215,C07215,M007,T007,2026-07-02 03:59:00,38440000,VN,DEV0966,0
TXN00809,CARD08834,C08834,M012,T012,2026-07-15 07:19:00,49030000,VN,DEV0701,0
TXN00810,CARD06294,C06294,M002,T002,2026-07-26 03:21:00,45100000,HK,DEV0104,0
TXN00811,CARD05797,C05797,M006,T006,2026-07-14 15:20:00,17540000,VN,DEV0282,0
TXN00812,CARD06805,C06805,M014,T014,2026-07-21 03:30:00,49670000,VN,DEV1017,0
TXN00813,CARD04070,C04070,M004,T004,2026-07-11 19:57:00,5020000,SG,DEV1579,0
TXN00814,CARD02300,C02300,M003,T003,2026-07-23 19:33:00,28290000,HK,DEV1711,0
TXN00815,CARD01242,C01242,M014,T014,2026-07-17 07:51:00,29910000,VN,DEV0177,0
TXN00816,CARD04294,C04294,M006,T006,2026-07-26 22:47:00,3210000,VN,DEV0606,0
TXN00817,CARD02848,C02848,M010,T010,2026-07-07 20:49:00,21740000,VN,DEV0484,0
TXN00818,CARD08848,C08848,M002,T002,2026-07-27 00:40:00,45770000,SG,DEV0522,0
TXN00819,CARD09738,C09738,M010,T010,2026-07-23 07:06:00,38780000,VN,DEV1569,0
TXN00820,CARD08575,C08575,M002,T002,2026-07-01 08:03:00,21670000,HK,DEV0321,0
TXN00821,CARD07866,C07866,M008,T008,2026-07-18 19:19:00,47670000,VN,DEV0744,0
TXN00822,CARD06541,C06541,M010,T010,2026-07-09 02:42:00,43830000,VN,DEV1352,0
TXN00823,CARD06094,C06094,M003,T003,2026-07-04 16:17:00,41090000,US,DEV0705,0
TXN00824,CARD07530,C07530,M007,T007,2026-07-22 23:23:00,15420000,VN,DEV1861,0
TXN00825,CARD08714,C08714,M005,T005,2026-07-19 21:27:00,12280000,SG,DEV0168,0
TXN00826,CARD04652,C04652,M012,T012,2026-07-19 17:45:00,34070000,VN,DEV1617,0
TXN00827,CARD08024,C08024,M008,T008,2026-07-10 16:17:00,29490000,VN,DEV1029,0
TXN00828,CARD04599,C04599,M006,T006,2026-07-26 15:40:00,8080000,VN,DEV0246,0
TXN00829,CARD03156,C03156,M011,T011,2026-07-03 03:43:00,39690000,VN,DEV1525,0
TXN00830,CARD03629,C03629,M008,T008,2026-07-23 13:10:00,16780000,VN,DEV0880,0
TXN00831,CARD06509,C06509,M012,T012,2026-07-17 01:38:00,1520000,VN,DEV1343,0
TXN00832,CARD09008,C09008,M001,T001,2026-07-25 04:28:00,23080000,VN,DEV1298,0
TXN00833,CARD01326,C01326,M002,T002,2026-07-10 06:26:00,46900000,US,DEV0416,0
TXN00834,CARD00172,C00172,M008,T008,2026-07-19 20:38:00,31100000,VN,DEV1047,0
TXN00835,CARD05476,C05476,M005,T005,2026-07-28 11:46:00,27210000,HK,DEV1554,0
TXN00836,CARD05329,C05329,M006,T006,2026-07-24 01:56:00,5260000,VN,DEV1391,0
TXN00837,CARD04186,C04186,M009,T009,2026-07-01 23:13:00,37380000,VN,DEV0450,0
TXN00838,CARD07411,C07411,M009,T009,2026-07-11 20:12:00,40860000,VN,DEV1361,0
TXN00839,CARD03735,C03735,M008,T008,2026-07-09 05:34:00,20520000,VN,DEV1730,0
TXN00840,CARD04065,C04065,M011,T011,2026-07-21 18:31:00,36160000,VN,DEV1846,0
TXN00841,CARD08007,C08007,M004,T004,2026-07-06 22:36:00,32530000,SG,DEV0614,0
TXN00842,CARD06890,C06890,M004,T004,2026-07-26 05:53:00,29840000,US,NEW_DEVICE,1
TXN00843,CARD07446,C07446,M006,T006,2026-07-06 15:42:00,31220000,VN,DEV0121,0
TXN00844,CARD07716,C07716,M001,T001,2026-07-12 21:33:00,5530000,VN,DEV0987,0
TXN00845,CARD06345,C06345,M013,T013,2026-07-25 17:00:00,48430000,VN,DEV0045,0
TXN00846,CARD09991,C09991,M008,T008,2026-07-01 09:46:00,34940000,VN,DEV0672,0
TXN00847,CARD02529,C02529,M014,T014,2026-07-28 06:17:00,38180000,VN,DEV0914,0
TXN00848,CARD07074,C07074,M006,T006,2026-07-19 03:50:00,43610000,VN,DEV1929,0
TXN00849,CARD09807,C09807,M009,T009,2026-07-15 18:19:00,17000000,VN,DEV1398,0
TXN00850,CARD00827,C00827,M005,T005,2026-07-05 12:14:00,42440000,US,DEV1837,0
TXN00851,CARD08308,C08308,M003,T003,2026-07-02 20:18:00,15760000,SG,DEV0131,0
TXN00852,CARD09145,C09145,M007,T007,2026-07-02 06:10:00,30990000,VN,DEV1209,0
TXN00853,CARD08489,C08489,M008,T008,2026-07-05 18:17:00,3750000,VN,DEV0912,0
TXN00854,CARD00371,C00371,M006,T006,2026-07-07 16:26:00,24700000,VN,DEV1906,0
TXN00855,CARD01189,C01189,M010,T010,2026-07-20 11:57:00,42460000,VN,DEV0287,0
TXN00856,CARD02346,C02346,M002,T002,2026-07-02 05:27:00,27880000,HK,DEV0131,0
TXN00857,CARD05808,C05808,M007,T007,2026-07-04 03:23:00,16360000,VN,DEV1413,0
TXN00858,CARD09998,C09998,M006,T006,2026-07-07 20:39:00,23570000,VN,DEV0063,0
TXN00859,CARD04162,C04162,M001,T001,2026-07-01 00:37:00,15330000,VN,DEV0716,0
TXN00860,CARD05612,C05612,M009,T009,2026-07-18 09:05:00,32640000,VN,DEV1427,0
TXN00861,CARD03331,C03331,M007,T007,2026-07-19 09:28:00,47760000,VN,DEV1886,0
TXN00862,CARD04274,C04274,M001,T001,2026-07-17 22:39:00,35250000,VN,DEV1827,0
TXN00863,CARD02012,C02012,M003,T003,2026-07-21 06:32:00,5730000,HK,DEV1326,0
TXN00864,CARD09055,C09055,M003,T003,2026-07-02 07:11:00,43820000,SG,DEV0364,0
TXN00865,CARD07046,C07046,M005,T005,2026-07-25 16:35:00,29640000,SG,DEV1284,0
TXN00866,CARD02018,C02018,M014,T014,2026-07-03 05:27:00,37190000,VN,DEV0392,0
TXN00867,CARD06648,C06648,M010,T010,2026-07-04 17:41:00,31420000,VN,DEV0009,0
TXN00868,CARD04539,C04539,M010,T010,2026-07-25 13:16:00,49950000,VN,DEV1125,0
TXN00869,CARD08989,C08989,M005,T005,2026-07-16 00:18:00,20370000,SG,DEV0947,0
TXN00870,CARD07236,C07236,M014,T014,2026-07-11 08:20:00,25550000,VN,NEW_DEVICE,1
TXN00871,CARD08927,C08927,M006,T006,2026-07-13 16:55:00,15690000,VN,DEV0496,0
TXN00872,CARD09306,C09306,M005,T005,2026-07-02 14:24:00,14760000,HK,DEV1606,0
TXN00873,CARD03956,C03956,M012,T012,2026-07-19 17:25:00,13500000,VN,DEV1460,0
TXN00874,CARD02094,C02094,M003,T003,2026-07-16 18:26:00,5910000,HK,DEV1483,0
TXN00875,CARD06221,C06221,M012,T012,2026-07-20 19:05:00,10040000,VN,DEV1203,0
TXN00876,CARD07839,C07839,M013,T013,2026-07-25 08:31:00,10320000,VN,DEV0581,0
TXN00877,CARD03350,C03350,M006,T006,2026-07-02 16:31:00,28390000,VN,DEV0969,0
TXN00878,CARD01675,C01675,M010,T010,2026-07-07 10:56:00,42040000,VN,DEV1140,0
TXN00879,CARD01024,C01024,M001,T001,2026-07-23 19:57:00,44100000,VN,DEV1416,0
TXN00880,CARD01426,C01426,M005,T005,2026-07-03 21:22:00,14900000,SG,DEV1637,0
TXN00881,CARD00652,C00652,M004,T004,2026-07-17 07:47:00,990000,HK,DEV0885,0
TXN00882,CARD06628,C06628,M009,T009,2026-07-18 11:21:00,22490000,VN,DEV1360,0
TXN00883,CARD01859,C01859,M003,T003,2026-07-25 03:30:00,3190000,US,DEV1842,0
TXN00884,CARD01493,C01493,M011,T011,2026-07-27 18:56:00,43980000,VN,DEV1601,0
TXN00885,CARD08143,C08143,M013,T013,2026-07-16 21:14:00,38950000,VN,DEV1310,0
TXN00886,CARD06318,C06318,M012,T012,2026-07-16 04:22:00,17580000,VN,DEV1073,0
TXN00887,CARD01961,C01961,M014,T014,2026-07-02 05:30:00,20950000,VN,DEV1800,0
TXN00888,CARD03686,C03686,M013,T013,2026-07-03 02:36:00,36850000,VN,DEV0207,0
TXN00889,CARD07520,C07520,M010,T010,2026-07-20 03:31:00,16930000,VN,DEV0409,0
TXN00890,CARD00683,C00683,M007,T007,2026-07-06 17:38:00,35220000,VN,DEV1030,0
TXN00891,CARD01278,C01278,M008,T008,2026-07-12 23:08:00,32170000,VN,DEV0866,0
TXN00892,CARD02383,C02383,M005,T005,2026-07-25 05:29:00,19350000,US,DEV1333,0
TXN00893,CARD05026,C05026,M012,T012,2026-07-15 14:09:00,17870000,VN,DEV1681,0
TXN00894,CARD04125,C04125,M002,T002,2026-07-18 20:02:00,9150000,SG,DEV1516,0
TXN00895,CARD05343,C05343,M012,T012,2026-07-03 11:38:00,4230000,VN,DEV0372,0
TXN00896,CARD08926,C08926,M005,T005,2026-07-08 20:04:00,10520000,SG,DEV0767,0
TXN00897,CARD03264,C03264,M001,T001,2026-07-03 05:26:00,23370000,VN,DEV0797,0
TXN00898,CARD00002,C00002,M013,T013,2026-07-05 18:08:00,33710000,VN,DEV0269,0
TXN00899,CARD07082,C07082,M012,T012,2026-07-06 18:03:00,33970000,VN,DEV1805,0
TXN00900,CARD03021,C03021,M002,T002,2026-07-14 09:40:00,9930000,SG,DEV0556,0
TXN00901,CARD04730,C04730,M012,T012,2026-07-08 14:25:00,17830000,VN,DEV0214,0
TXN00902,CARD06280,C06280,M013,T013,2026-07-28 01:42:00,5130000,VN,DEV1607,0
TXN00903,CARD00381,C00381,M007,T007,2026-07-09 07:20:00,36070000,VN,DEV0512,0
TXN00904,CARD07195,C07195,M014,T014,2026-07-10 11:57:00,30900000,VN,DEV0478,0
TXN00905,CARD05716,C05716,M003,T003,2026-07-09 13:54:00,37990000,HK,DEV1112,0
TXN00906,CARD05342,C05342,M009,T009,2026-07-26 18:01:00,7930000,VN,DEV0541,0
TXN00907,CARD02830,C02830,M011,T011,2026-07-08 13:47:00,40090000,VN,DEV1500,0
TXN00908,CARD09675,C09675,M013,T013,2026-07-16 14:08:00,2550000,VN,DEV1850,0
TXN00909,CARD07752,C07752,M008,T008,2026-07-15 21:45:00,23560000,VN,DEV1551,0
TXN00910,CARD03788,C03788,M011,T011,2026-07-13 23:35:00,30730000,VN,DEV0785,0
TXN00911,CARD07634,C07634,M014,T014,2026-07-15 11:41:00,15330000,VN,DEV1858,0
TXN00912,CARD06200,C06200,M005,T005,2026-07-07 17:13:00,12890000,US,DEV1907,0
TXN00913,CARD01671,C01671,M011,T011,2026-07-23 10:26:00,32800000,VN,DEV0721,0
TXN00914,CARD05375,C05375,M001,T001,2026-07-20 19:56:00,46710000,VN,DEV1247,0
TXN00915,CARD03019,C03019,M011,T011,2026-07-14 03:24:00,32490000,VN,DEV1737,0
TXN00916,CARD03556,C03556,M002,T002,2026-07-19 14:09:00,17180000,US,DEV1998,0
TXN00917,CARD07200,C07200,M003,T003,2026-07-05 01:07:00,19120000,US,DEV0699,0
TXN00918,CARD05042,C05042,M009,T009,2026-07-12 17:38:00,17410000,VN,DEV0289,0
TXN00919,CARD05276,C05276,M006,T006,2026-07-18 15:22:00,37130000,VN,DEV1464,0
TXN00920,CARD08707,C08707,M011,T011,2026-07-06 01:02:00,40220000,VN,DEV0661,0
TXN00921,CARD02376,C02376,M006,T006,2026-07-01 20:51:00,27240000,VN,DEV1227,0
TXN00922,CARD05746,C05746,M004,T004,2026-07-22 00:46:00,31350000,HK,DEV0313,0
TXN00923,CARD01539,C01539,M013,T013,2026-07-04 13:42:00,3870000,VN,DEV0857,0
TXN00924,CARD04210,C04210,M014,T014,2026-07-25 02:18:00,14290000,HK,NEW_DEVICE,1
TXN00925,CARD06243,C06243,M007,T007,2026-07-27 03:59:00,1280000,VN,DEV1220,0
TXN00926,CARD08905,C08905,M006,T006,2026-07-12 06:25:00,40460000,VN,DEV1102,0
TXN00927,CARD01522,C01522,M009,T009,2026-07-27 03:45:00,17590000,VN,DEV0587,0
TXN00928,CARD01714,C01714,M012,T012,2026-07-22 06:12:00,19530000,VN,DEV1178,0
TXN00929,CARD00343,C00343,M001,T001,2026-07-12 18:28:00,17170000,VN,DEV1722,0
TXN00930,CARD09715,C09715,M010,T010,2026-07-06 11:09:00,13280000,VN,DEV1025,0
TXN00931,CARD03225,C03225,M005,T005,2026-07-27 05:49:00,7270000,US,DEV0748,0
TXN00932,CARD07281,C07281,M006,T006,2026-07-20 17:15:00,49050000,VN,DEV0680,0
TXN00933,CARD04305,C04305,M008,T008,2026-07-09 13:06:00,27620000,VN,DEV0880,0
TXN00934,CARD07008,C07008,M002,T002,2026-07-25 06:55:00,9450000,HK,DEV0743,0
TXN00935,CARD04738,C04738,M011,T011,2026-07-12 14:43:00,12920000,VN,DEV1095,0
TXN00936,CARD04168,C04168,M001,T001,2026-07-06 09:29:00,28660000,VN,DEV1523,0
TXN00937,CARD06199,C06199,M003,T003,2026-07-10 15:26:00,44130000,HK,DEV0147,0
TXN00938,CARD02484,C02484,M006,T006,2026-07-26 15:53:00,14740000,VN,DEV1612,0
TXN00939,CARD02069,C02069,M008,T008,2026-07-26 11:43:00,47550000,VN,DEV0203,0
TXN00940,CARD04216,C04216,M003,T003,2026-07-08 11:32:00,49830000,US,DEV0136,0
TXN00941,CARD06809,C06809,M008,T008,2026-07-28 01:18:00,9140000,VN,DEV0854,0
TXN00942,CARD04732,C04732,M001,T001,2026-07-22 18:52:00,11860000,VN,DEV0296,0
TXN00943,CARD06025,C06025,M011,T011,2026-07-09 15:41:00,20460000,VN,DEV0809,0
TXN00944,CARD01224,C01224,M009,T009,2026-07-27 00:36:00,8850000,VN,DEV1758,0
TXN00945,CARD03709,C03709,M014,T014,2026-07-24 20:27:00,29590000,VN,DEV1354,0
TXN00946,CARD00368,C00368,M011,T011,2026-07-21 12:56:00,26000000,VN,DEV1980,0
TXN00947,CARD00872,C00872,M013,T013,2026-07-05 20:16:00,40980000,VN,DEV1832,0
TXN00948,CARD05758,C05758,M003,T003,2026-07-02 02:18:00,29860000,US,DEV0668,0
TXN00949,CARD03632,C03632,M006,T006,2026-07-11 01:18:00,1240000,VN,DEV0585,0
TXN00950,CARD06564,C06564,M004,T004,2026-07-25 18:41:00,22490000,SG,DEV0720,0
TXN00951,CARD05325,C05325,M011,T011,2026-07-22 00:03:00,9920000,VN,DEV1506,0
TXN00952,CARD02442,C02442,M008,T008,2026-07-12 19:30:00,36800000,VN,DEV0677,0
TXN00953,CARD01802,C01802,M006,T006,2026-07-13 12:15:00,29280000,VN,DEV0529,0
TXN00954,CARD00744,C00744,M009,T009,2026-07-05 16:54:00,38510000,VN,DEV1448,0
TXN00955,CARD07518,C07518,M013,T013,2026-07-08 20:27:00,26040000,VN,DEV1505,0
TXN00956,CARD00004,C00004,M010,T010,2026-07-14 23:55:00,43210000,VN,DEV1820,0
TXN00957,CARD06439,C06439,M005,T005,2026-07-09 02:31:00,15340000,SG,DEV1137,0
TXN00958,CARD09529,C09529,M007,T007,2026-07-20 22:55:00,35790000,VN,DEV0659,0
TXN00959,CARD02386,C02386,M013,T013,2026-07-12 13:58:00,29930000,VN,DEV1758,0
TXN00960,CARD03643,C03643,M003,T003,2026-07-25 10:51:00,23220000,SG,DEV0794,0
TXN00961,CARD03256,C03256,M006,T006,2026-07-28 11:47:00,41730000,VN,DEV1129,0
TXN00962,CARD07527,C07527,M013,T013,2026-07-23 03:43:00,6780000,VN,DEV1029,0
TXN00963,CARD03885,C03885,M002,T002,2026-07-18 18:04:00,34060000,US,DEV0887,0
TXN00964,CARD08964,C08964,M001,T001,2026-07-15 22:46:00,26150000,VN,DEV1983,0
TXN00965,CARD03656,C03656,M013,T013,2026-07-06 15:43:00,45240000,VN,DEV1361,0
TXN00966,CARD00615,C00615,M003,T003,2026-07-05 08:10:00,24890000,HK,DEV1325,0
TXN00967,CARD01309,C01309,M005,T005,2026-07-08 20:32:00,32850000,HK,DEV1953,0
TXN00968,CARD05651,C05651,M009,T009,2026-07-06 08:25:00,8170000,VN,DEV0173,0
TXN00969,CARD02516,C02516,M008,T008,2026-07-08 20:37:00,4380000,VN,NEW_DEVICE,1
TXN00970,CARD08044,C08044,M005,T005,2026-07-05 21:37:00,21540000,US,DEV0610,0
TXN00971,CARD06863,C06863,M001,T001,2026-07-09 01:25:00,45410000,VN,DEV0303,0
TXN00972,CARD04405,C04405,M011,T011,2026-07-01 18:04:00,47180000,VN,DEV0634,0
TXN00973,CARD07327,C07327,M008,T008,2026-07-03 00:59:00,2290000,VN,DEV1308,0
TXN00974,CARD01111,C01111,M006,T006,2026-07-17 00:52:00,35180000,VN,DEV1917,0
TXN00975,CARD07283,C07283,M010,T010,2026-07-02 17:21:00,1500000,VN,DEV1026,0
TXN00976,CARD05654,C05654,M013,T013,2026-07-18 23:55:00,2230000,VN,DEV1531,0
TXN00977,CARD07885,C07885,M011,T011,2026-07-22 02:49:00,39980000,VN,DEV0860,0
TXN00978,CARD04470,C04470,M014,T014,2026-07-18 00:37:00,19140000,VN,DEV0631,0
TXN00979,CARD04680,C04680,M008,T008,2026-07-05 22:13:00,40290000,VN,DEV1262,0
TXN00980,CARD02739,C02739,M012,T012,2026-07-22 21:45:00,32590000,VN,DEV1210,0
TXN00981,CARD03766,C03766,M010,T010,2026-07-01 20:04:00,48190000,VN,DEV1797,0
TXN00982,CARD04829,C04829,M010,T010,2026-07-18 03:37:00,22850000,VN,DEV1151,0
TXN00983,CARD08535,C08535,M002,T002,2026-07-19 14:29:00,47240000,US,NEW_DEVICE,1
TXN00984,CARD01287,C01287,M001,T001,2026-07-17 03:24:00,49150000,VN,DEV1146,0
TXN00985,CARD06043,C06043,M002,T002,2026-07-26 00:33:00,24880000,SG,DEV1551,0
TXN00986,CARD05992,C05992,M002,T002,2026-07-12 04:24:00,27530000,SG,DEV0425,0
TXN00987,CARD04490,C04490,M014,T014,2026-07-01 22:16:00,15740000,VN,DEV1107,0
TXN00988,CARD08487,C08487,M008,T008,2026-07-15 22:13:00,49710000,VN,DEV1910,0
TXN00989,CARD04599,C04599,M002,T002,2026-07-23 17:18:00,29790000,SG,DEV0739,0
TXN00990,CARD02793,C02793,M006,T006,2026-07-22 10:34:00,42800000,VN,DEV1237,0
TXN00991,CARD03325,C03325,M007,T007,2026-07-25 21:14:00,17870000,VN,DEV0828,0
TXN00992,CARD03590,C03590,M006,T006,2026-07-19 13:12:00,48410000,VN,DEV0528,0
TXN00993,CARD04441,C04441,M006,T006,2026-07-10 11:07:00,2040000,VN,DEV0020,0
TXN00994,CARD08967,C08967,M009,T009,2026-07-07 21:31:00,19670000,VN,DEV0690,0
TXN00995,CARD04282,C04282,M014,T014,2026-07-07 03:01:00,17640000,VN,DEV0478,0
TXN00996,CARD02448,C02448,M003,T003,2026-07-19 12:11:00,27020000,US,DEV1563,0
TXN00997,CARD01987,C01987,M013,T013,2026-07-07 16:49:00,21370000,VN,DEV0076,0
TXN00998,CARD01729,C01729,M001,T001,2026-07-11 10:40:00,14980000,VN,DEV0801,0
TXN00999,CARD01835,C01835,M003,T003,2026-07-21 03:02:00,14550000,US,DEV1304,0
TXN01000,CARD09140,C09140,M006,T006,2026-07-03 14:40:00,9780000,VN,DEV0038,0
TXN01001,CARD05749,C05749,M009,T009,2026-07-16 16:56:00,28860000,VN,DEV1485,0
TXN01002,CARD08752,C08752,M012,T012,2026-07-04 14:41:00,48150000,VN,DEV1094,0
TXN01003,CARD03961,C03961,M013,T013,2026-07-11 10:08:00,1220000,VN,DEV0881,0
TXN01004,CARD08242,C08242,M004,T004,2026-07-28 14:09:00,2040000,US,DEV0736,0
TXN01005,CARD05044,C05044,M013,T013,2026-07-19 21:50:00,8390000,VN,DEV0742,0
TXN01006,CARD08618,C08618,M007,T007,2026-07-27 03:11:00,10230000,VN,DEV1711,0
TXN01007,CARD09720,C09720,M001,T001,2026-07-07 05:58:00,13830000,VN,DEV1589,0
TXN01008,CARD04819,C04819,M012,T012,2026-07-03 14:33:00,6570000,VN,DEV1624,0
TXN01009,CARD06020,C06020,M007,T007,2026-07-15 11:26:00,20810000,VN,DEV0411,0
TXN01010,CARD07302,C07302,M009,T009,2026-07-17 11:18:00,20340000,VN,DEV0994,0
TXN01011,CARD00545,C00545,M009,T009,2026-07-05 14:50:00,39540000,VN,DEV1131,0
TXN01012,CARD06949,C06949,M002,T002,2026-07-18 12:18:00,43730000,US,DEV1159,0
TXN01013,CARD05700,C05700,M007,T007,2026-07-17 13:42:00,28730000,VN,DEV1994,0
TXN01014,CARD04458,C04458,M007,T007,2026-07-17 09:25:00,12980000,VN,DEV1858,0
TXN01015,CARD00739,C00739,M013,T013,2026-07-16 13:56:00,34120000,VN,DEV0278,0
TXN01016,CARD08046,C08046,M012,T012,2026-07-01 11:22:00,48580000,VN,DEV1657,0
TXN01017,CARD07703,C07703,M007,T007,2026-07-08 06:50:00,13740000,VN,DEV0872,0
TXN01018,CARD00120,C00120,M012,T012,2026-07-21 09:34:00,30530000,VN,DEV0479,0
TXN01019,CARD09341,C09341,M001,T001,2026-07-08 04:39:00,2160000,VN,DEV1356,0
TXN01020,CARD01919,C01919,M008,T008,2026-07-16 02:32:00,39830000,VN,DEV0515,0
TXN01021,CARD06928,C06928,M009,T009,2026-07-16 16:54:00,42250000,VN,DEV1194,0
TXN01022,CARD00767,C00767,M007,T007,2026-07-24 00:01:00,15970000,NG,NEW_DEVICE,1
TXN01023,CARD08821,C08821,M007,T007,2026-07-27 19:49:00,40910000,VN,DEV0390,0
TXN01024,CARD03694,C03694,M002,T002,2026-07-09 10:16:00,30140000,US,DEV0257,0
TXN01025,CARD05881,C05881,M008,T008,2026-07-06 23:58:00,29700000,VN,DEV1526,0
TXN01026,CARD00529,C00529,M007,T007,2026-07-20 19:10:00,23410000,VN,DEV0122,0
TXN01027,CARD09253,C09253,M001,T001,2026-07-13 09:56:00,26510000,VN,DEV1003,0
TXN01028,CARD03590,C03590,M005,T005,2026-07-07 10:55:00,35090000,HK,DEV1714,0
TXN01029,CARD00924,C00924,M013,T013,2026-07-24 18:36:00,21570000,VN,DEV0235,0
TXN01030,CARD01023,C01023,M008,T008,2026-07-07 20:55:00,47600000,VN,DEV1850,0
TXN01031,CARD04294,C04294,M005,T005,2026-07-01 15:38:00,25930000,HK,DEV0092,0
TXN01032,CARD06285,C06285,M002,T002,2026-07-13 16:14:00,29480000,SG,DEV0547,0
TXN01033,CARD03449,C03449,M008,T008,2026-07-13 11:10:00,7130000,VN,DEV1132,0
TXN01034,CARD02660,C02660,M008,T008,2026-07-11 05:26:00,46690000,VN,DEV1304,0
TXN01035,CARD05690,C05690,M002,T002,2026-07-05 18:25:00,33660000,SG,DEV1374,0
TXN01036,CARD08556,C08556,M012,T012,2026-07-11 01:28:00,2240000,VN,DEV1292,0
TXN01037,CARD01130,C01130,M007,T007,2026-07-28 02:23:00,3620000,VN,DEV1332,0
TXN01038,CARD01609,C01609,M002,T002,2026-07-04 19:05:00,27030000,HK,DEV1830,0
TXN01039,CARD01206,C01206,M005,T005,2026-07-12 06:30:00,21320000,US,DEV0482,0
TXN01040,CARD03726,C03726,M005,T005,2026-07-21 04:43:00,19230000,SG,DEV1522,0
TXN01041,CARD04152,C04152,M007,T007,2026-07-20 06:59:00,9800000,VN,DEV1323,0
TXN01042,CARD03767,C03767,M014,T014,2026-07-17 18:04:00,16150000,VN,DEV1387,0
TXN01043,CARD06923,C06923,M011,T011,2026-07-14 19:17:00,6910000,VN,DEV0868,0
TXN01044,CARD01161,C01161,M009,T009,2026-07-21 14:00:00,6090000,NG,NEW_DEVICE,1
TXN01045,CARD05704,C05704,M013,T013,2026-07-02 22:18:00,43140000,VN,DEV1989,0
TXN01046,CARD02524,C02524,M012,T012,2026-07-16 19:48:00,43490000,VN,DEV1372,0
TXN01047,CARD05119,C05119,M008,T008,2026-07-13 00:12:00,33670000,VN,DEV1478,0
TXN01048,CARD02949,C02949,M007,T007,2026-07-16 15:48:00,37730000,VN,DEV1088,0
TXN01049,CARD03221,C03221,M008,T008,2026-07-10 09:38:00,12030000,VN,DEV1956,0
TXN01050,CARD06911,C06911,M007,T007,2026-07-08 01:03:00,29910000,VN,DEV0674,0
TXN01051,CARD09596,C09596,M008,T008,2026-07-18 04:24:00,46100000,VN,DEV1182,0
TXN01052,CARD08393,C08393,M014,T014,2026-07-19 04:37:00,36500000,VN,DEV1252,0
TXN01053,CARD06651,C06651,M004,T004,2026-07-02 08:48:00,6140000,US,DEV1839,0
TXN01054,CARD00270,C00270,M013,T013,2026-07-10 17:21:00,41910000,VN,DEV1215,0
TXN01055,CARD05854,C05854,M013,T013,2026-07-03 20:46:00,16380000,VN,DEV0440,0
TXN01056,CARD09089,C09089,M005,T005,2026-07-26 05:02:00,44340000,SG,DEV1453,0
TXN01057,CARD07658,C07658,M002,T002,2026-07-08 08:44:00,21570000,SG,DEV0322,0
TXN01058,CARD09064,C09064,M005,T005,2026-07-05 07:52:00,38790000,HK,DEV1052,0
TXN01059,CARD09313,C09313,M007,T007,2026-07-08 17:48:00,12890000,HK,NEW_DEVICE,1
TXN01060,CARD08406,C08406,M005,T005,2026-07-28 07:36:00,9100000,US,DEV1667,0
TXN01061,CARD08414,C08414,M010,T010,2026-07-21 15:25:00,2490000,VN,DEV1983,0
TXN01062,CARD08450,C08450,M005,T005,2026-07-20 02:23:00,48690000,SG,DEV0430,0
TXN01063,CARD08105,C08105,M001,T001,2026-07-26 14:09:00,5850000,VN,DEV1375,0
TXN01064,CARD07086,C07086,M001,T001,2026-07-23 15:04:00,27550000,VN,DEV1616,0
TXN01065,CARD06909,C06909,M002,T002,2026-07-09 15:33:00,27170000,HK,DEV1987,0
TXN01066,CARD00274,C00274,M014,T014,2026-07-04 13:47:00,36660000,VN,DEV1521,0
TXN01067,CARD00217,C00217,M007,T007,2026-07-20 21:24:00,45910000,VN,DEV0455,0
TXN01068,CARD03465,C03465,M001,T001,2026-07-06 14:40:00,3000000,VN,DEV0576,0
TXN01069,CARD03940,C03940,M009,T009,2026-07-14 10:46:00,11990000,VN,DEV1342,0
TXN01070,CARD04895,C04895,M011,T011,2026-07-10 13:55:00,25640000,VN,DEV0413,0
TXN01071,CARD06064,C06064,M005,T005,2026-07-04 06:02:00,30250000,SG,DEV0136,0
TXN01072,CARD07338,C07338,M013,T013,2026-07-15 02:12:00,10800000,VN,DEV1757,0
TXN01073,CARD05533,C05533,M007,T007,2026-07-23 12:55:00,34770000,VN,DEV1035,0
TXN01074,CARD08028,C08028,M011,T011,2026-07-11 07:39:00,22240000,VN,DEV0421,0
TXN01075,CARD01721,C01721,M010,T010,2026-07-15 14:54:00,49600000,VN,DEV1346,0
TXN01076,CARD09544,C09544,M012,T012,2026-07-05 15:26:00,43500000,VN,DEV1915,0
TXN01077,CARD02840,C02840,M013,T013,2026-07-22 15:43:00,24300000,VN,DEV1017,0
TXN01078,CARD09574,C09574,M013,T013,2026-07-02 12:03:00,33100000,VN,DEV1121,0
TXN01079,CARD01749,C01749,M013,T013,2026-07-16 08:35:00,20820000,VN,DEV1817,0
TXN01080,CARD06925,C06925,M008,T008,2026-07-14 14:14:00,15480000,VN,DEV1099,0
TXN01081,CARD02949,C02949,M008,T008,2026-07-23 09:19:00,6900000,VN,DEV0755,0
TXN01082,CARD07025,C07025,M008,T008,2026-07-15 02:51:00,34330000,VN,DEV0101,0
TXN01083,CARD09613,C09613,M010,T010,2026-07-21 08:13:00,2890000,VN,DEV1938,0
TXN01084,CARD02029,C02029,M003,T003,2026-07-28 00:45:00,930000,SG,DEV0433,0
TXN01085,CARD04081,C04081,M010,T010,2026-07-19 04:24:00,32070000,VN,DEV0951,0
TXN01086,CARD09175,C09175,M012,T012,2026-07-13 23:56:00,46380000,VN,DEV0959,0
TXN01087,CARD09366,C09366,M002,T002,2026-07-22 19:26:00,30140000,US,DEV1480,0
TXN01088,CARD09743,C09743,M011,T011,2026-07-04 19:28:00,5740000,VN,DEV0691,0
TXN01089,CARD07391,C07391,M006,T006,2026-07-13 11:31:00,23160000,VN,DEV0047,0
TXN01090,CARD08597,C08597,M008,T008,2026-07-23 11:28:00,5270000,VN,DEV1038,0
TXN01091,CARD03355,C03355,M007,T007,2026-07-13 04:11:00,34110000,VN,DEV0088,0
TXN01092,CARD01868,C01868,M001,T001,2026-07-17 20:30:00,8460000,VN,DEV1746,0
TXN01093,CARD01544,C01544,M002,T002,2026-07-11 19:27:00,29280000,US,DEV1181,0
TXN01094,CARD01045,C01045,M010,T010,2026-07-24 18:03:00,37460000,VN,DEV0745,0
TXN01095,CARD08751,C08751,M004,T004,2026-07-08 22:56:00,44960000,US,DEV0363,0
TXN01096,CARD02678,C02678,M008,T008,2026-07-03 14:05:00,37900000,VN,DEV0682,0
TXN01097,CARD00803,C00803,M007,T007,2026-07-01 03:39:00,13040000,VN,DEV1412,0
TXN01098,CARD03171,C03171,M003,T003,2026-07-20 21:59:00,41930000,US,DEV1439,0
TXN01099,CARD02887,C02887,M014,T014,2026-07-21 04:51:00,9620000,VN,DEV1198,0
TXN01100,CARD02202,C02202,M013,T013,2026-07-20 21:01:00,5490000,VN,DEV1915,0
TXN01101,CARD02028,C02028,M005,T005,2026-07-23 13:18:00,45160000,SG,DEV1326,0
TXN01102,CARD08135,C08135,M009,T009,2026-07-20 04:45:00,49700000,VN,DEV1100,0
TXN01103,CARD02547,C02547,M010,T010,2026-07-13 15:28:00,34020000,VN,DEV1707,0
TXN01104,CARD04997,C04997,M002,T002,2026-07-26 06:36:00,32180000,US,DEV0544,0
TXN01105,CARD07663,C07663,M002,T002,2026-07-16 05:26:00,16210000,HK,DEV0369,0
TXN01106,CARD01764,C01764,M012,T012,2026-07-19 08:04:00,9400000,VN,DEV1475,0
TXN01107,CARD05448,C05448,M013,T013,2026-07-18 04:20:00,10500000,VN,DEV1004,0
TXN01108,CARD07118,C07118,M011,T011,2026-07-11 14:47:00,49970000,VN,DEV1565,0
TXN01109,CARD02487,C02487,M009,T009,2026-07-25 16:40:00,49920000,VN,DEV1719,0
TXN01110,CARD05353,C05353,M001,T001,2026-07-20 03:14:00,36240000,VN,DEV0193,0
TXN01111,CARD03674,C03674,M013,T013,2026-07-20 10:36:00,16480000,VN,DEV0034,0
TXN01112,CARD07175,C07175,M002,T002,2026-07-02 22:14:00,26980000,SG,DEV1701,0
TXN01113,CARD09683,C09683,M014,T014,2026-07-19 20:53:00,13900000,VN,DEV1324,0
TXN01114,CARD04137,C04137,M002,T002,2026-07-19 05:34:00,4570000,SG,DEV0272,0
TXN01115,CARD01834,C01834,M008,T008,2026-07-15 21:53:00,23560000,VN,DEV1490,0
TXN01116,CARD03453,C03453,M002,T002,2026-07-16 03:57:00,32250000,SG,DEV0704,0
TXN01117,CARD07620,C07620,M008,T008,2026-07-21 04:48:00,34790000,VN,DEV1878,0
TXN01118,CARD01149,C01149,M004,T004,2026-07-09 18:04:00,12900000,SG,DEV0028,0
TXN01119,CARD08403,C08403,M006,T006,2026-07-14 04:22:00,45150000,VN,DEV1629,0
TXN01120,CARD09476,C09476,M006,T006,2026-07-11 12:36:00,35330000,VN,DEV1364,0
TXN01121,CARD02002,C02002,M003,T003,2026-07-06 02:00:00,15230000,HK,DEV1629,0
TXN01122,CARD08806,C08806,M001,T001,2026-07-26 02:30:00,36550000,VN,DEV0617,0
TXN01123,CARD08932,C08932,M014,T014,2026-07-15 22:42:00,39190000,VN,DEV0853,0
TXN01124,CARD08516,C08516,M011,T011,2026-07-18 00:55:00,6640000,VN,DEV0083,0
TXN01125,CARD01496,C01496,M003,T003,2026-07-25 02:05:00,10390000,HK,DEV1883,0
TXN01126,CARD09260,C09260,M012,T012,2026-07-14 01:41:00,30300000,VN,DEV0825,0
TXN01127,CARD06542,C06542,M012,T012,2026-07-24 06:52:00,26040000,VN,DEV1628,0
TXN01128,CARD09159,C09159,M014,T014,2026-07-18 05:09:00,38190000,VN,DEV0696,0
TXN01129,CARD03628,C03628,M005,T005,2026-07-16 23:31:00,15200000,HK,DEV1083,0
TXN01130,CARD08958,C08958,M002,T002,2026-07-25 14:45:00,5180000,US,DEV0406,0
TXN01131,CARD07667,C07667,M006,T006,2026-07-10 18:46:00,5900000,VN,DEV1569,0
TXN01132,CARD02107,C02107,M002,T002,2026-07-07 22:37:00,29330000,SG,DEV1235,0
TXN01133,CARD04888,C04888,M004,T004,2026-07-19 13:35:00,9770000,US,DEV0521,0
TXN01134,CARD07982,C07982,M005,T005,2026-07-04 17:36:00,19960000,US,DEV0775,0
TXN01135,CARD02000,C02000,M014,T014,2026-07-06 00:50:00,40180000,VN,DEV0786,0
TXN01136,CARD09147,C09147,M010,T010,2026-07-23 04:06:00,11070000,VN,DEV1583,0
TXN01137,CARD04422,C04422,M011,T011,2026-07-20 09:30:00,950000,VN,NEW_DEVICE,1
TXN01138,CARD08138,C08138,M013,T013,2026-07-24 23:55:00,42000000,VN,DEV0149,0
TXN01139,CARD06136,C06136,M008,T008,2026-07-06 23:29:00,41870000,VN,DEV1174,0
TXN01140,CARD07032,C07032,M002,T002,2026-07-06 20:35:00,25910000,US,DEV0588,0
TXN01141,CARD07332,C07332,M002,T002,2026-07-12 01:21:00,43780000,US,DEV0028,0
TXN01142,CARD05830,C05830,M014,T014,2026-07-04 14:14:00,31260000,VN,DEV1896,0
TXN01143,CARD01310,C01310,M006,T006,2026-07-13 17:26:00,17360000,VN,DEV0492,0
TXN01144,CARD04696,C04696,M003,T003,2026-07-11 11:29:00,25080000,SG,DEV0649,0
TXN01145,CARD00677,C00677,M007,T007,2026-07-14 15:28:00,29050000,VN,DEV0484,0
TXN01146,CARD02233,C02233,M009,T009,2026-07-07 13:42:00,7570000,VN,DEV0970,0
TXN01147,CARD01221,C01221,M010,T010,2026-07-28 09:58:00,29310000,VN,DEV0346,0
TXN01148,CARD07396,C07396,M011,T011,2026-07-10 07:28:00,14850000,VN,DEV1656,0
TXN01149,CARD02498,C02498,M009,T009,2026-07-10 17:08:00,32940000,VN,DEV1156,0
TXN01150,CARD01370,C01370,M011,T011,2026-07-16 11:03:00,5870000,VN,DEV0543,0
TXN01151,CARD05073,C05073,M001,T001,2026-07-23 08:18:00,34180000,VN,DEV1449,0
TXN01152,CARD09506,C09506,M002,T002,2026-07-09 16:19:00,38440000,SG,DEV0985,0
TXN01153,CARD08482,C08482,M006,T006,2026-07-05 18:02:00,26230000,VN,DEV1522,0
TXN01154,CARD02874,C02874,M012,T012,2026-07-19 20:47:00,14260000,VN,DEV0098,0
TXN01155,CARD03928,C03928,M011,T011,2026-07-07 20:46:00,5700000,VN,DEV0169,0
TXN01156,CARD07123,C07123,M013,T013,2026-07-19 07:11:00,40500000,VN,DEV0848,0
TXN01157,CARD08816,C08816,M007,T007,2026-07-01 19:43:00,23060000,VN,DEV0052,0
TXN01158,CARD03992,C03992,M002,T002,2026-07-03 06:44:00,42640000,SG,DEV1489,0
TXN01159,CARD09996,C09996,M002,T002,2026-07-03 03:56:00,14550000,HK,DEV0470,0
TXN01160,CARD00167,C00167,M007,T007,2026-07-19 05:37:00,33920000,VN,DEV1923,0
TXN01161,CARD09860,C09860,M008,T008,2026-07-27 23:28:00,4660000,VN,DEV0003,0
TXN01162,CARD08216,C08216,M009,T009,2026-07-07 18:53:00,49360000,VN,DEV1359,0
TXN01163,CARD02223,C02223,M014,T014,2026-07-01 10:54:00,19260000,VN,DEV1192,0
TXN01164,CARD03681,C03681,M011,T011,2026-07-03 04:49:00,39130000,VN,DEV0880,0
TXN01165,CARD02058,C02058,M001,T001,2026-07-23 23:46:00,15800000,VN,DEV0754,0
TXN01166,CARD01750,C01750,M014,T014,2026-07-11 00:44:00,25430000,VN,DEV0486,0
TXN01167,CARD08065,C08065,M005,T005,2026-07-25 23:21:00,2580000,US,DEV1273,0
TXN01168,CARD07562,C07562,M013,T013,2026-07-26 09:48:00,35730000,VN,DEV0559,0
TXN01169,CARD00333,C00333,M010,T010,2026-07-01 19:53:00,37460000,VN,DEV0701,0
TXN01170,CARD05984,C05984,M002,T002,2026-07-17 11:00:00,16410000,HK,DEV1507,0
TXN01171,CARD03425,C03425,M003,T003,2026-07-18 20:50:00,31170000,VN,NEW_DEVICE,1
TXN01172,CARD03928,C03928,M004,T004,2026-07-01 19:15:00,6940000,US,DEV0321,0
TXN01173,CARD04415,C04415,M001,T001,2026-07-04 15:44:00,44520000,VN,DEV1713,0
TXN01174,CARD08555,C08555,M011,T011,2026-07-09 05:23:00,9270000,VN,DEV1954,0
TXN01175,CARD00025,C00025,M012,T012,2026-07-16 03:34:00,16050000,VN,DEV1967,0
TXN01176,CARD09147,C09147,M010,T010,2026-07-13 01:26:00,34900000,VN,DEV0413,0
TXN01177,CARD02211,C02211,M013,T013,2026-07-23 04:44:00,36230000,VN,DEV0525,0
TXN01178,CARD05708,C05708,M001,T001,2026-07-20 12:25:00,49540000,VN,DEV1125,0
TXN01179,CARD08531,C08531,M002,T002,2026-07-03 19:02:00,22050000,HK,DEV0848,0
TXN01180,CARD00947,C00947,M008,T008,2026-07-28 03:35:00,29440000,VN,DEV0103,0
TXN01181,CARD04368,C04368,M010,T010,2026-07-12 15:36:00,26040000,VN,DEV1929,0
TXN01182,CARD08592,C08592,M012,T012,2026-07-09 00:56:00,47990000,VN,DEV1128,0
TXN01183,CARD00931,C00931,M006,T006,2026-07-17 21:25:00,39170000,VN,DEV1676,0
TXN01184,CARD08685,C08685,M006,T006,2026-07-12 23:51:00,18820000,VN,DEV0399,0
TXN01185,CARD09642,C09642,M007,T007,2026-07-14 00:48:00,48860000,VN,DEV0083,0
TXN01186,CARD05791,C05791,M003,T003,2026-07-07 13:26:00,14320000,US,DEV0763,0
TXN01187,CARD09892,C09892,M008,T008,2026-07-19 12:23:00,30960000,VN,DEV1652,0
TXN01188,CARD05237,C05237,M009,T009,2026-07-21 00:23:00,43950000,VN,DEV0601,0
TXN01189,CARD05144,C05144,M009,T009,2026-07-24 10:18:00,24020000,VN,DEV0561,0
TXN01190,CARD09481,C09481,M001,T001,2026-07-15 16:10:00,15740000,VN,DEV0710,0
TXN01191,CARD02448,C02448,M010,T010,2026-07-13 16:42:00,25640000,VN,DEV0999,0
TXN01192,CARD08501,C08501,M008,T008,2026-07-28 08:46:00,8840000,VN,DEV0005,0
TXN01193,CARD02620,C02620,M004,T004,2026-07-05 16:15:00,17330000,SG,DEV0686,0
TXN01194,CARD08643,C08643,M005,T005,2026-07-22 03:32:00,38320000,US,DEV1148,0
TXN01195,CARD07380,C07380,M014,T014,2026-07-13 02:18:00,25390000,VN,DEV0148,0
TXN01196,CARD01921,C01921,M013,T013,2026-07-22 01:21:00,20640000,VN,DEV1144,0
TXN01197,CARD05132,C05132,M004,T004,2026-07-15 09:49:00,36770000,HK,DEV0523,0
TXN01198,CARD07314,C07314,M007,T007,2026-07-04 02:49:00,48930000,VN,DEV0101,0
TXN01199,CARD09478,C09478,M001,T001,2026-07-01 16:56:00,21190000,VN,DEV0871,0
TXN01200,CARD08900,C08900,M011,T011,2026-07-04 02:51:00,29920000,VN,DEV0813,0
TXN01201,CARD06549,C06549,M007,T007,2026-07-06 12:27:00,4510000,VN,DEV1785,0
TXN01202,CARD09770,C09770,M006,T006,2026-07-08 10:59:00,26160000,VN,DEV1729,0
TXN01203,CARD03854,C03854,M002,T002,2026-07-20 15:29:00,1210000,HK,DEV0347,0
TXN01204,CARD06272,C06272,M008,T008,2026-07-11 07:43:00,37180000,VN,DEV1943,0
TXN01205,CARD04735,C04735,M011,T011,2026-07-09 06:51:00,3420000,VN,DEV1162,0
TXN01206,CARD01927,C01927,M007,T007,2026-07-08 07:48:00,14490000,VN,DEV0857,0
TXN01207,CARD08517,C08517,M002,T002,2026-07-16 05:41:00,33990000,US,DEV0319,0
TXN01208,CARD03415,C03415,M005,T005,2026-07-04 16:40:00,33920000,US,DEV0401,0
TXN01209,CARD07579,C07579,M014,T014,2026-07-14 12:56:00,18420000,VN,DEV1634,0
TXN01210,CARD04668,C04668,M003,T003,2026-07-07 06:19:00,49070000,HK,DEV1180,0
TXN01211,CARD06172,C06172,M014,T014,2026-07-12 18:37:00,24560000,VN,DEV1657,0
TXN01212,CARD05773,C05773,M012,T012,2026-07-15 14:45:00,39610000,VN,DEV0015,0
TXN01213,CARD03054,C03054,M001,T001,2026-07-10 19:35:00,17500000,VN,DEV0160,0
TXN01214,CARD01027,C01027,M002,T002,2026-07-12 20:19:00,3510000,HK,DEV0795,0
TXN01215,CARD08572,C08572,M001,T001,2026-07-22 21:39:00,7270000,VN,DEV1102,0
TXN01216,CARD07589,C07589,M012,T012,2026-07-25 04:25:00,48670000,VN,DEV0488,0
TXN01217,CARD01661,C01661,M003,T003,2026-07-22 16:02:00,40850000,US,DEV1457,0
TXN01218,CARD02908,C02908,M010,T010,2026-07-27 14:52:00,2900000,VN,DEV0701,0
TXN01219,CARD01511,C01511,M012,T012,2026-07-01 12:50:00,13170000,VN,DEV0951,0
TXN01220,CARD03701,C03701,M006,T006,2026-07-05 10:51:00,28400000,VN,DEV1513,0
TXN01221,CARD06808,C06808,M012,T012,2026-07-21 22:16:00,19680000,VN,DEV1622,0
TXN01222,CARD01311,C01311,M003,T003,2026-07-12 13:15:00,12350000,SG,DEV0902,0
TXN01223,CARD05338,C05338,M004,T004,2026-07-11 16:19:00,31280000,SG,DEV0190,0
TXN01224,CARD06817,C06817,M010,T010,2026-07-03 16:45:00,49100000,VN,DEV1126,0
TXN01225,CARD05498,C05498,M009,T009,2026-07-26 00:09:00,18530000,VN,DEV0465,0
TXN01226,CARD09514,C09514,M009,T009,2026-07-04 14:57:00,550000,VN,DEV0152,0
TXN01227,CARD04067,C04067,M009,T009,2026-07-09 02:39:00,21840000,VN,DEV1779,0
TXN01228,CARD00558,C00558,M014,T014,2026-07-27 09:24:00,14330000,VN,DEV1546,0
TXN01229,CARD05509,C05509,M001,T001,2026-07-18 19:48:00,24870000,VN,DEV0107,0
TXN01230,CARD01241,C01241,M007,T007,2026-07-13 00:29:00,35760000,VN,DEV0155,0
TXN01231,CARD00539,C00539,M010,T010,2026-07-18 23:51:00,43600000,VN,DEV1378,0
TXN01232,CARD09419,C09419,M008,T008,2026-07-17 01:10:00,25310000,VN,DEV1685,0
TXN01233,CARD07042,C07042,M006,T006,2026-07-03 06:45:00,2190000,VN,DEV1908,0
TXN01234,CARD04221,C04221,M012,T012,2026-07-01 17:23:00,14280000,VN,DEV0606,0
TXN01235,CARD04441,C04441,M004,T004,2026-07-12 22:20:00,2670000,US,DEV0121,0
TXN01236,CARD05534,C05534,M004,T004,2026-07-20 20:27:00,35420000,HK,DEV1656,0
TXN01237,CARD01392,C01392,M014,T014,2026-07-26 01:32:00,31070000,VN,DEV1016,0
TXN01238,CARD09366,C09366,M007,T007,2026-07-13 05:25:00,13010000,VN,DEV0102,0
TXN01239,CARD08330,C08330,M008,T008,2026-07-09 23:50:00,25850000,VN,DEV1268,0
TXN01240,CARD02333,C02333,M013,T013,2026-07-03 02:28:00,45100000,VN,DEV1398,0
TXN01241,CARD05039,C05039,M012,T012,2026-07-07 18:38:00,9980000,VN,DEV1148,0
TXN01242,CARD02305,C02305,M001,T001,2026-07-11 18:09:00,11540000,VN,DEV0135,0
TXN01243,CARD01597,C01597,M004,T004,2026-07-16 17:42:00,31330000,US,DEV1567,0
TXN01244,CARD02693,C02693,M010,T010,2026-07-26 12:27:00,39870000,VN,DEV0635,0
TXN01245,CARD07517,C07517,M003,T003,2026-07-04 01:25:00,12790000,HK,DEV0912,0
TXN01246,CARD05173,C05173,M009,T009,2026-07-20 11:29:00,5420000,VN,DEV1768,0
TXN01247,CARD06761,C06761,M005,T005,2026-07-25 15:32:00,45400000,SG,DEV0558,0
TXN01248,CARD02801,C02801,M008,T008,2026-07-21 17:43:00,17190000,VN,DEV0569,0
TXN01249,CARD05552,C05552,M001,T001,2026-07-27 04:54:00,8070000,VN,DEV0763,0
TXN01250,CARD08190,C08190,M001,T001,2026-07-04 07:24:00,13190000,VN,DEV1772,0
TXN01251,CARD04376,C04376,M008,T008,2026-07-11 06:01:00,45010000,VN,DEV0323,0
TXN01252,CARD06238,C06238,M010,T010,2026-07-25 03:04:00,13910000,VN,DEV0835,0
TXN01253,CARD08903,C08903,M002,T002,2026-07-12 01:36:00,28390000,HK,DEV1703,0
TXN01254,CARD07091,C07091,M009,T009,2026-07-25 09:34:00,38280000,VN,DEV1033,0
TXN01255,CARD01932,C01932,M012,T012,2026-07-15 09:36:00,19150000,VN,DEV1128,0
TXN01256,CARD06568,C06568,M011,T011,2026-07-26 05:31:00,8460000,VN,DEV0545,0
TXN01257,CARD01250,C01250,M012,T012,2026-07-21 12:48:00,22500000,VN,DEV0830,0
TXN01258,CARD04115,C04115,M003,T003,2026-07-25 10:45:00,10240000,SG,DEV0340,0
TXN01259,CARD04327,C04327,M007,T007,2026-07-12 07:03:00,17830000,VN,DEV0832,0
TXN01260,CARD07233,C07233,M011,T011,2026-07-13 19:52:00,19520000,VN,DEV1992,0
TXN01261,CARD09550,C09550,M009,T009,2026-07-26 10:49:00,7360000,VN,DEV1307,0
TXN01262,CARD00883,C00883,M010,T010,2026-07-19 00:13:00,19830000,VN,DEV1789,0
TXN01263,CARD08640,C08640,M013,T013,2026-07-17 01:04:00,16790000,VN,DEV1566,0
TXN01264,CARD06740,C06740,M007,T007,2026-07-23 20:58:00,14320000,VN,DEV0249,0
TXN01265,CARD06315,C06315,M010,T010,2026-07-19 21:25:00,35140000,VN,DEV1441,0
TXN01266,CARD05406,C05406,M006,T006,2026-07-03 13:17:00,11970000,VN,DEV0614,0
TXN01267,CARD00807,C00807,M009,T009,2026-07-16 02:37:00,43500000,VN,DEV1236,0
TXN01268,CARD00680,C00680,M004,T004,2026-07-26 00:16:00,15520000,SG,DEV1799,0
TXN01269,CARD02975,C02975,M006,T006,2026-07-03 07:52:00,33410000,VN,DEV1240,0
TXN01270,CARD02563,C02563,M007,T007,2026-07-25 16:09:00,19070000,VN,DEV0458,0
TXN01271,CARD09620,C09620,M013,T013,2026-07-23 21:09:00,1580000,VN,DEV0922,0
TXN01272,CARD01166,C01166,M005,T005,2026-07-01 04:30:00,23570000,SG,DEV1888,0
TXN01273,CARD05794,C05794,M010,T010,2026-07-27 05:50:00,49300000,VN,DEV0946,0
TXN01274,CARD05030,C05030,M010,T010,2026-07-11 07:02:00,47810000,VN,DEV0142,0
TXN01275,CARD09451,C09451,M006,T006,2026-07-13 15:19:00,15050000,VN,DEV1900,0
TXN01276,CARD03813,C03813,M012,T012,2026-07-13 20:11:00,29480000,VN,DEV1079,0
TXN01277,CARD05809,C05809,M004,T004,2026-07-10 11:11:00,41450000,NG,NEW_DEVICE,1
TXN01278,CARD05571,C05571,M005,T005,2026-07-06 17:36:00,17860000,US,DEV0632,0
TXN01279,CARD07379,C07379,M005,T005,2026-07-14 21:38:00,45540000,HK,DEV0745,0
TXN01280,CARD05622,C05622,M002,T002,2026-07-22 08:23:00,14110000,HK,DEV0278,0
TXN01281,CARD04327,C04327,M003,T003,2026-07-27 09:14:00,6090000,HK,DEV0200,0
TXN01282,CARD07756,C07756,M003,T003,2026-07-19 08:39:00,48840000,US,DEV0701,0
TXN01283,CARD03473,C03473,M009,T009,2026-07-27 10:40:00,25000000,VN,DEV0500,0
TXN01284,CARD05785,C05785,M004,T004,2026-07-07 20:23:00,1580000,SG,DEV1771,0
TXN01285,CARD07866,C07866,M012,T012,2026-07-27 01:53:00,12380000,VN,DEV1289,0
TXN01286,CARD03597,C03597,M003,T003,2026-07-28 02:09:00,29240000,US,DEV1777,0
TXN01287,CARD08910,C08910,M007,T007,2026-07-17 23:54:00,35990000,VN,DEV1673,0
TXN01288,CARD06668,C06668,M014,T014,2026-07-02 10:43:00,34130000,VN,DEV1980,0
TXN01289,CARD04479,C04479,M001,T001,2026-07-17 10:19:00,48130000,VN,DEV1436,0
TXN01290,CARD05065,C05065,M014,T014,2026-07-24 14:32:00,36210000,VN,DEV1474,0
TXN01291,CARD05343,C05343,M010,T010,2026-07-18 15:53:00,26540000,VN,DEV1750,0
TXN01292,CARD02329,C02329,M009,T009,2026-07-07 00:15:00,34040000,VN,DEV0353,0
TXN01293,CARD03353,C03353,M009,T009,2026-07-02 00:39:00,26380000,VN,DEV1709,0
TXN01294,CARD07082,C07082,M004,T004,2026-07-10 08:05:00,42180000,US,DEV0724,0
TXN01295,CARD04075,C04075,M010,T010,2026-07-21 09:10:00,22710000,VN,DEV1609,0
TXN01296,CARD09074,C09074,M004,T004,2026-07-25 03:08:00,18440000,SG,DEV0616,0
TXN01297,CARD04044,C04044,M008,T008,2026-07-04 01:31:00,40440000,VN,DEV0484,0
TXN01298,CARD00224,C00224,M011,T011,2026-07-04 15:36:00,8250000,VN,DEV1100,0
TXN01299,CARD01343,C01343,M014,T014,2026-07-11 00:27:00,48590000,VN,DEV0745,0
TXN01300,CARD09572,C09572,M001,T001,2026-07-17 13:09:00,8040000,VN,DEV1281,0
TXN01301,CARD01761,C01761,M014,T014,2026-07-15 01:46:00,40100000,VN,DEV0830,0
TXN01302,CARD03515,C03515,M002,T002,2026-07-21 01:48:00,13080000,HK,DEV1061,0
TXN01303,CARD02340,C02340,M009,T009,2026-07-24 16:03:00,31820000,VN,DEV1236,0
TXN01304,CARD00927,C00927,M011,T011,2026-07-01 13:05:00,850000,VN,DEV0172,0
TXN01305,CARD03168,C03168,M006,T006,2026-07-13 00:27:00,2210000,VN,DEV1204,0
TXN01306,CARD08731,C08731,M005,T005,2026-07-18 08:28:00,2710000,SG,DEV0698,0
TXN01307,CARD00829,C00829,M007,T007,2026-07-16 19:03:00,3220000,VN,DEV0939,0
TXN01308,CARD03274,C03274,M004,T004,2026-07-14 10:31:00,21850000,US,DEV1849,0
TXN01309,CARD00553,C00553,M010,T010,2026-07-13 14:58:00,18810000,VN,DEV0315,0
TXN01310,CARD03333,C03333,M002,T002,2026-07-25 17:54:00,45590000,US,NEW_DEVICE,1
TXN01311,CARD09050,C09050,M006,T006,2026-07-23 01:31:00,31220000,VN,DEV1790,0
TXN01312,CARD05002,C05002,M008,T008,2026-07-27 11:08:00,43600000,VN,DEV0106,0
TXN01313,CARD02858,C02858,M005,T005,2026-07-09 11:30:00,10350000,US,DEV0659,0
TXN01314,CARD03562,C03562,M003,T003,2026-07-24 09:14:00,14620000,HK,DEV0848,0
TXN01315,CARD08433,C08433,M002,T002,2026-07-19 22:49:00,6290000,HK,DEV0290,0
TXN01316,CARD03507,C03507,M012,T012,2026-07-07 13:59:00,43870000,VN,DEV0676,0
TXN01317,CARD05076,C05076,M013,T013,2026-07-26 18:10:00,23800000,VN,DEV0178,0
TXN01318,CARD01132,C01132,M007,T007,2026-07-25 06:46:00,25400000,VN,DEV0003,0
TXN01319,CARD04729,C04729,M013,T013,2026-07-03 18:49:00,7850000,VN,DEV1602,0
TXN01320,CARD02370,C02370,M009,T009,2026-07-11 16:07:00,43980000,VN,DEV0804,0
TXN01321,CARD04010,C04010,M009,T009,2026-07-12 09:23:00,9550000,VN,DEV1006,0
TXN01322,CARD07026,C07026,M007,T007,2026-07-27 09:47:00,47560000,VN,DEV1414,0
TXN01323,CARD04916,C04916,M002,T002,2026-07-06 04:24:00,37250000,SG,DEV1440,0
TXN01324,CARD00393,C00393,M011,T011,2026-07-11 09:37:00,33060000,VN,DEV1815,0
TXN01325,CARD02242,C02242,M013,T013,2026-07-17 15:49:00,1580000,VN,DEV1060,0
TXN01326,CARD05112,C05112,M013,T013,2026-07-04 07:15:00,35920000,VN,DEV0365,0
TXN01327,CARD00031,C00031,M014,T014,2026-07-17 01:25:00,36380000,VN,DEV0793,0
TXN01328,CARD09015,C09015,M014,T014,2026-07-28 02:15:00,41280000,VN,DEV0365,0
TXN01329,CARD01577,C01577,M008,T008,2026-07-08 14:40:00,1080000,VN,DEV0975,0
TXN01330,CARD01960,C01960,M010,T010,2026-07-01 08:27:00,25040000,VN,DEV0121,0
TXN01331,CARD08750,C08750,M006,T006,2026-07-09 18:26:00,38070000,VN,DEV1417,0
TXN01332,CARD05280,C05280,M004,T004,2026-07-06 13:13:00,25400000,HK,DEV0980,0
TXN01333,CARD01824,C01824,M008,T008,2026-07-11 15:55:00,14710000,VN,DEV1548,0
TXN01334,CARD03305,C03305,M001,T001,2026-07-06 23:14:00,42400000,VN,DEV1244,0
TXN01335,CARD07816,C07816,M001,T001,2026-07-27 04:34:00,38450000,VN,DEV1319,0
TXN01336,CARD02579,C02579,M014,T014,2026-07-08 09:05:00,21100000,SG,NEW_DEVICE,1
TXN01337,CARD03579,C03579,M014,T014,2026-07-13 14:20:00,24670000,VN,DEV1318,0
TXN01338,CARD07095,C07095,M002,T002,2026-07-11 19:34:00,41710000,HK,NEW_DEVICE,1
TXN01339,CARD03043,C03043,M013,T013,2026-07-14 14:09:00,44150000,VN,DEV1533,0
TXN01340,CARD00200,C00200,M007,T007,2026-07-06 17:47:00,410000,VN,DEV1595,0
TXN01341,CARD02488,C02488,M012,T012,2026-07-23 01:14:00,33870000,VN,DEV0769,0
TXN01342,CARD01465,C01465,M003,T003,2026-07-23 19:48:00,47550000,SG,DEV1555,0
TXN01343,CARD06655,C06655,M014,T014,2026-07-04 22:00:00,26260000,VN,DEV1563,0
TXN01344,CARD03711,C03711,M014,T014,2026-07-11 10:21:00,10420000,VN,DEV1584,0
TXN01345,CARD05872,C05872,M011,T011,2026-07-05 15:34:00,8170000,VN,DEV0913,0
TXN01346,CARD01552,C01552,M013,T013,2026-07-02 21:14:00,40310000,SG,NEW_DEVICE,1
TXN01347,CARD02440,C02440,M001,T001,2026-07-17 12:07:00,32880000,VN,DEV1412,0
TXN01348,CARD05403,C05403,M011,T011,2026-07-12 05:55:00,5800000,VN,DEV1553,0
TXN01349,CARD00881,C00881,M011,T011,2026-07-02 09:48:00,33830000,VN,DEV0243,0
TXN01350,CARD06941,C06941,M008,T008,2026-07-08 16:17:00,19320000,VN,DEV0834,0
TXN01351,CARD07169,C07169,M008,T008,2026-07-21 15:12:00,41490000,VN,DEV1786,0
TXN01352,CARD02929,C02929,M005,T005,2026-07-12 06:11:00,30330000,SG,DEV1942,0
TXN01353,CARD00651,C00651,M012,T012,2026-07-06 18:22:00,9950000,VN,DEV1652,0
TXN01354,CARD07382,C07382,M005,T005,2026-07-07 06:02:00,10570000,HK,DEV1909,0
TXN01355,CARD05296,C05296,M012,T012,2026-07-11 05:11:00,49970000,VN,DEV1309,0
TXN01356,CARD08252,C08252,M011,T011,2026-07-10 22:04:00,40660000,VN,DEV1653,0
TXN01357,CARD01050,C01050,M011,T011,2026-07-07 05:11:00,34080000,VN,DEV0267,0
TXN01358,CARD03997,C03997,M006,T006,2026-07-21 10:05:00,5190000,VN,DEV1905,0
TXN01359,CARD00821,C00821,M011,T011,2026-07-25 06:29:00,38110000,VN,DEV0091,0
TXN01360,CARD02193,C02193,M009,T009,2026-07-27 11:17:00,35910000,VN,DEV0245,0
TXN01361,CARD02625,C02625,M011,T011,2026-07-14 14:56:00,28840000,VN,DEV0781,0
TXN01362,CARD07523,C07523,M002,T002,2026-07-23 10:13:00,18170000,HK,DEV1301,0
TXN01363,CARD04320,C04320,M014,T014,2026-07-25 00:17:00,3230000,VN,DEV0186,0
TXN01364,CARD00203,C00203,M004,T004,2026-07-23 19:44:00,31630000,SG,DEV1391,0
TXN01365,CARD08536,C08536,M003,T003,2026-07-12 19:29:00,46980000,SG,DEV0436,0
TXN01366,CARD06367,C06367,M003,T003,2026-07-02 13:57:00,11680000,US,DEV1621,0
TXN01367,CARD07509,C07509,M003,T003,2026-07-01 21:30:00,2990000,SG,DEV1395,0
TXN01368,CARD04774,C04774,M012,T012,2026-07-12 19:03:00,33520000,VN,DEV1070,0
TXN01369,CARD00990,C00990,M008,T008,2026-07-19 13:51:00,18910000,VN,DEV0852,0
TXN01370,CARD07732,C07732,M009,T009,2026-07-23 13:38:00,47690000,VN,DEV1784,0
TXN01371,CARD09961,C09961,M010,T010,2026-07-18 02:24:00,42280000,VN,DEV0479,0
TXN01372,CARD04560,C04560,M012,T012,2026-07-27 14:27:00,48020000,VN,DEV0337,0
TXN01373,CARD08832,C08832,M002,T002,2026-07-02 10:20:00,11680000,SG,DEV1710,0
TXN01374,CARD03491,C03491,M009,T009,2026-07-15 13:29:00,31010000,VN,DEV1988,0
TXN01375,CARD08758,C08758,M008,T008,2026-07-27 20:09:00,48770000,NG,NEW_DEVICE,1
TXN01376,CARD06347,C06347,M003,T003,2026-07-22 04:31:00,26340000,US,DEV0206,0
TXN01377,CARD02815,C02815,M008,T008,2026-07-28 06:05:00,14000000,VN,DEV0849,0
TXN01378,CARD02621,C02621,M006,T006,2026-07-17 17:12:00,27830000,VN,DEV1148,0
TXN01379,CARD00226,C00226,M014,T014,2026-07-26 17:08:00,39080000,VN,DEV0198,0
TXN01380,CARD04206,C04206,M008,T008,2026-07-03 23:00:00,26180000,VN,DEV1802,0
TXN01381,CARD05145,C05145,M014,T014,2026-07-03 01:12:00,3660000,VN,DEV1603,0
TXN01382,CARD03214,C03214,M010,T010,2026-07-01 02:49:00,13130000,VN,DEV0102,0
TXN01383,CARD07737,C07737,M014,T014,2026-07-27 18:22:00,34150000,VN,DEV1610,0
TXN01384,CARD04304,C04304,M012,T012,2026-07-15 10:01:00,32860000,VN,DEV1828,0
TXN01385,CARD03151,C03151,M009,T009,2026-07-06 08:13:00,15280000,VN,DEV0858,0
TXN01386,CARD09800,C09800,M003,T003,2026-07-03 08:08:00,9940000,HK,DEV1490,0
TXN01387,CARD08352,C08352,M005,T005,2026-07-26 05:42:00,39390000,HK,DEV0887,0
TXN01388,CARD07917,C07917,M005,T005,2026-07-05 20:06:00,1370000,HK,DEV0483,0
TXN01389,CARD05318,C05318,M005,T005,2026-07-07 15:37:00,22170000,SG,DEV0801,0
TXN01390,CARD05767,C05767,M009,T009,2026-07-12 20:46:00,22830000,VN,DEV1746,0
TXN01391,CARD09336,C09336,M006,T006,2026-07-04 03:49:00,23630000,VN,DEV0662,0
TXN01392,CARD03617,C03617,M004,T004,2026-07-09 21:06:00,17950000,SG,DEV1100,0
TXN01393,CARD02494,C02494,M014,T014,2026-07-17 00:02:00,21700000,VN,DEV0860,0
TXN01394,CARD04041,C04041,M012,T012,2026-07-06 20:35:00,22230000,VN,DEV0650,0
TXN01395,CARD02862,C02862,M014,T014,2026-07-05 17:14:00,800000,VN,DEV0768,0
TXN01396,CARD00899,C00899,M009,T009,2026-07-20 22:11:00,17580000,VN,DEV1297,0
TXN01397,CARD02793,C02793,M007,T007,2026-07-15 02:40:00,26530000,VN,DEV0494,0
TXN01398,CARD04801,C04801,M010,T010,2026-07-09 01:17:00,10730000,VN,DEV0218,0
TXN01399,CARD04234,C04234,M006,T006,2026-07-06 21:14:00,41000000,VN,DEV1695,0
TXN01400,CARD08411,C08411,M011,T011,2026-07-20 15:31:00,19090000,VN,DEV1354,0
TXN01401,CARD05939,C05939,M011,T011,2026-07-14 01:41:00,20720000,VN,DEV0578,0
TXN01402,CARD05363,C05363,M013,T013,2026-07-12 05:52:00,22700000,VN,DEV1251,0
TXN01403,CARD04669,C04669,M003,T003,2026-07-14 19:21:00,20920000,SG,DEV1215,0
TXN01404,CARD07843,C07843,M004,T004,2026-07-07 18:42:00,17390000,US,DEV1850,0
TXN01405,CARD03573,C03573,M003,T003,2026-07-06 22:00:00,2500000,HK,DEV0619,0
TXN01406,CARD01981,C01981,M001,T001,2026-07-19 20:21:00,28450000,VN,DEV0909,0
TXN01407,CARD05624,C05624,M008,T008,2026-07-28 03:01:00,9310000,VN,DEV0641,0
TXN01408,CARD06567,C06567,M012,T012,2026-07-19 03:36:00,1340000,VN,DEV1198,0
TXN01409,CARD00560,C00560,M007,T007,2026-07-05 09:31:00,27960000,VN,DEV0812,0
TXN01410,CARD07402,C07402,M009,T009,2026-07-02 18:20:00,3780000,VN,DEV1764,0
TXN01411,CARD00425,C00425,M001,T001,2026-07-27 11:49:00,13630000,VN,DEV0774,0
TXN01412,CARD01396,C01396,M002,T002,2026-07-20 03:25:00,39500000,US,DEV0436,0
TXN01413,CARD08289,C08289,M007,T007,2026-07-27 01:14:00,25440000,VN,DEV0526,0
TXN01414,CARD05351,C05351,M008,T008,2026-07-27 08:22:00,9360000,VN,DEV1287,0
TXN01415,CARD06896,C06896,M006,T006,2026-07-10 11:51:00,8870000,VN,DEV1466,0
TXN01416,CARD06272,C06272,M013,T013,2026-07-08 03:19:00,37200000,VN,DEV0902,0
TXN01417,CARD07328,C07328,M001,T001,2026-07-21 06:14:00,26810000,VN,DEV0835,0
TXN01418,CARD06879,C06879,M004,T004,2026-07-16 20:36:00,16050000,US,DEV0408,0
TXN01419,CARD00937,C00937,M004,T004,2026-07-01 05:19:00,5900000,US,DEV0569,0
TXN01420,CARD06493,C06493,M007,T007,2026-07-17 22:50:00,11780000,VN,DEV0815,0
TXN01421,CARD05515,C05515,M007,T007,2026-07-10 20:55:00,9210000,VN,DEV1861,0
TXN01422,CARD08031,C08031,M007,T007,2026-07-02 12:45:00,32110000,VN,DEV0813,0
TXN01423,CARD04842,C04842,M006,T006,2026-07-14 15:52:00,38640000,VN,DEV1070,0
TXN01424,CARD00460,C00460,M004,T004,2026-07-25 12:31:00,11390000,US,DEV0830,0
TXN01425,CARD00095,C00095,M010,T010,2026-07-03 10:47:00,29630000,VN,DEV1405,0
TXN01426,CARD05064,C05064,M005,T005,2026-07-26 18:51:00,26110000,US,DEV1024,0
TXN01427,CARD09001,C09001,M012,T012,2026-07-24 12:57:00,15160000,VN,DEV1397,0
TXN01428,CARD04838,C04838,M008,T008,2026-07-18 13:25:00,6430000,VN,DEV0799,0
TXN01429,CARD07181,C07181,M003,T003,2026-07-14 11:26:00,6320000,HK,NEW_DEVICE,1
TXN01430,CARD00232,C00232,M004,T004,2026-07-17 02:27:00,32530000,SG,DEV0186,0
TXN01431,CARD09368,C09368,M008,T008,2026-07-04 10:09:00,24640000,VN,DEV1678,0
TXN01432,CARD09107,C09107,M010,T010,2026-07-14 02:11:00,11820000,VN,DEV1281,0
TXN01433,CARD05094,C05094,M003,T003,2026-07-09 22:02:00,40890000,US,NEW_DEVICE,1
TXN01434,CARD02426,C02426,M004,T004,2026-07-28 12:53:00,42180000,SG,DEV0651,0
TXN01435,CARD07499,C07499,M004,T004,2026-07-14 18:26:00,40070000,US,DEV0833,0
TXN01436,CARD08764,C08764,M014,T014,2026-07-20 00:31:00,25980000,VN,DEV1353,0
TXN01437,CARD09141,C09141,M004,T004,2026-07-09 10:49:00,9790000,SG,DEV1293,0
TXN01438,CARD09029,C09029,M007,T007,2026-07-25 02:53:00,12760000,VN,DEV1123,0
TXN01439,CARD08451,C08451,M003,T003,2026-07-05 11:21:00,18990000,HK,DEV0307,0
TXN01440,CARD09919,C09919,M004,T004,2026-07-26 17:56:00,36980000,US,DEV1376,0
TXN01441,CARD00092,C00092,M003,T003,2026-07-09 08:29:00,30640000,HK,DEV0531,0
TXN01442,CARD08540,C08540,M010,T010,2026-07-07 14:42:00,47110000,VN,DEV0556,0
TXN01443,CARD08851,C08851,M003,T003,2026-07-26 05:11:00,14670000,HK,DEV0199,0
TXN01444,CARD09301,C09301,M011,T011,2026-07-02 04:51:00,45440000,VN,DEV1900,0
TXN01445,CARD08148,C08148,M012,T012,2026-07-06 20:50:00,39690000,VN,DEV0072,0
TXN01446,CARD00381,C00381,M001,T001,2026-07-27 15:45:00,19790000,VN,DEV1134,0
TXN01447,CARD09949,C09949,M010,T010,2026-07-24 14:21:00,5290000,VN,DEV0215,0
TXN01448,CARD06804,C06804,M006,T006,2026-07-02 16:42:00,39500000,VN,DEV0429,0
TXN01449,CARD06967,C06967,M013,T013,2026-07-07 06:18:00,43990000,VN,DEV0323,0
TXN01450,CARD00446,C00446,M002,T002,2026-07-15 11:19:00,16100000,SG,DEV1251,0
TXN01451,CARD02739,C02739,M007,T007,2026-07-26 13:34:00,15880000,VN,DEV1069,0
TXN01452,CARD04165,C04165,M008,T008,2026-07-24 06:44:00,39450000,VN,DEV1763,0
TXN01453,CARD08948,C08948,M009,T009,2026-07-02 10:28:00,25840000,VN,DEV1122,0
TXN01454,CARD02226,C02226,M010,T010,2026-07-08 08:47:00,45640000,VN,DEV0341,0
TXN01455,CARD08213,C08213,M004,T004,2026-07-11 00:58:00,2290000,SG,DEV1555,0
TXN01456,CARD08317,C08317,M010,T010,2026-07-24 06:53:00,1560000,VN,DEV1222,0
TXN01457,CARD00924,C00924,M013,T013,2026-07-17 18:39:00,13020000,VN,DEV1769,0
TXN01458,CARD00335,C00335,M007,T007,2026-07-07 10:50:00,29470000,VN,DEV1018,0
TXN01459,CARD07190,C07190,M008,T008,2026-07-08 14:03:00,28370000,VN,DEV0125,0
TXN01460,CARD01079,C01079,M006,T006,2026-07-17 01:17:00,14990000,NG,NEW_DEVICE,1
TXN01461,CARD07238,C07238,M002,T002,2026-07-12 10:52:00,23370000,SG,DEV1941,0
TXN01462,CARD06099,C06099,M006,T006,2026-07-24 18:07:00,8290000,VN,DEV0259,0
TXN01463,CARD03387,C03387,M013,T013,2026-07-02 01:37:00,15270000,VN,DEV1681,0
TXN01464,CARD04451,C04451,M002,T002,2026-07-06 10:45:00,960000,US,DEV1964,0
TXN01465,CARD02736,C02736,M008,T008,2026-07-08 07:52:00,14960000,VN,NEW_DEVICE,1
TXN01466,CARD04994,C04994,M007,T007,2026-07-16 23:36:00,40600000,VN,DEV1084,0
TXN01467,CARD05391,C05391,M013,T013,2026-07-05 02:26:00,2240000,VN,DEV1398,0
TXN01468,CARD05719,C05719,M013,T013,2026-07-16 08:16:00,41280000,VN,DEV0610,0
TXN01469,CARD03008,C03008,M012,T012,2026-07-23 16:34:00,38610000,VN,DEV1870,0
TXN01470,CARD05973,C05973,M014,T014,2026-07-08 20:44:00,32320000,VN,NEW_DEVICE,1
TXN01471,CARD06358,C06358,M004,T004,2026-07-05 10:44:00,11930000,US,DEV0032,0
TXN01472,CARD07589,C07589,M009,T009,2026-07-07 21:28:00,28310000,VN,DEV0099,0
TXN01473,CARD07511,C07511,M014,T014,2026-07-06 05:32:00,31140000,VN,DEV1044,0
TXN01474,CARD02085,C02085,M002,T002,2026-07-17 06:42:00,44630000,HK,DEV1211,0
TXN01475,CARD06391,C06391,M005,T005,2026-07-15 11:29:00,30260000,US,DEV0342,0
TXN01476,CARD02584,C02584,M012,T012,2026-07-20 14:49:00,49850000,VN,DEV1239,0
TXN01477,CARD08518,C08518,M005,T005,2026-07-21 03:00:00,6810000,US,DEV0555,0
TXN01478,CARD03619,C03619,M014,T014,2026-07-22 21:51:00,12630000,VN,DEV1359,0
TXN01479,CARD04152,C04152,M006,T006,2026-07-13 16:38:00,41400000,VN,DEV0102,0
TXN01480,CARD00359,C00359,M005,T005,2026-07-22 05:16:00,43750000,HK,NEW_DEVICE,1
TXN01481,CARD03521,C03521,M003,T003,2026-07-13 02:01:00,45410000,SG,DEV1188,0
TXN01482,CARD08326,C08326,M012,T012,2026-07-13 06:35:00,47250000,VN,DEV0091,0
TXN01483,CARD04578,C04578,M012,T012,2026-07-08 18:54:00,44140000,VN,DEV0406,0
TXN01484,CARD04842,C04842,M003,T003,2026-07-10 07:05:00,8510000,SG,DEV1714,0
TXN01485,CARD02708,C02708,M002,T002,2026-07-11 23:54:00,47240000,US,DEV1525,0
TXN01486,CARD01756,C01756,M012,T012,2026-07-11 06:15:00,9770000,VN,DEV1439,0
TXN01487,CARD00189,C00189,M010,T010,2026-07-17 00:30:00,10690000,VN,DEV0848,0
TXN01488,CARD00102,C00102,M013,T013,2026-07-16 00:40:00,12960000,VN,DEV0163,0
TXN01489,CARD08801,C08801,M009,T009,2026-07-17 22:17:00,36460000,VN,DEV0123,0
TXN01490,CARD00968,C00968,M001,T001,2026-07-24 06:55:00,23970000,VN,DEV1226,0
TXN01491,CARD02910,C02910,M008,T008,2026-07-12 23:39:00,720000,VN,DEV1142,0
TXN01492,CARD02697,C02697,M004,T004,2026-07-11 23:05:00,47890000,SG,DEV1229,0
TXN01493,CARD09763,C09763,M003,T003,2026-07-12 17:52:00,15470000,US,DEV0045,0
TXN01494,CARD04267,C04267,M008,T008,2026-07-10 06:10:00,20670000,VN,DEV0853,0
TXN01495,CARD06803,C06803,M001,T001,2026-07-07 20:35:00,41300000,VN,DEV0582,0
TXN01496,CARD09688,C09688,M013,T013,2026-07-18 18:15:00,40890000,VN,DEV0977,0
TXN01497,CARD01194,C01194,M004,T004,2026-07-18 03:16:00,13260000,US,DEV0108,0
TXN01498,CARD01262,C01262,M013,T013,2026-07-18 02:10:00,25950000,VN,DEV1039,0
TXN01499,CARD00038,C00038,M010,T010,2026-07-05 05:47:00,34670000,VN,DEV0942,0
TXN01500,CARD02628,C02628,M012,T012,2026-07-11 20:34:00,15110000,VN,DEV1778,0
TXN01501,CARD05184,C05184,M011,T011,2026-07-19 07:57:00,9190000,VN,DEV0130,0
TXN01502,CARD05829,C05829,M001,T001,2026-07-09 11:29:00,2350000,VN,DEV1225,0
TXN01503,CARD07777,C07777,M004,T004,2026-07-21 06:24:00,8950000,US,DEV0873,0
TXN01504,CARD02703,C02703,M009,T009,2026-07-01 10:40:00,42620000,VN,DEV0624,0
TXN01505,CARD03706,C03706,M013,T013,2026-07-17 10:44:00,2050000,VN,DEV1249,0
TXN01506,CARD04502,C04502,M002,T002,2026-07-28 00:27:00,39000000,HK,DEV0552,0
TXN01507,CARD00926,C00926,M013,T013,2026-07-07 07:58:00,43960000,VN,DEV1800,0
TXN01508,CARD05160,C05160,M007,T007,2026-07-18 09:22:00,580000,VN,DEV0523,0
TXN01509,CARD06120,C06120,M001,T001,2026-07-19 04:01:00,6480000,VN,DEV0426,0
TXN01510,CARD01837,C01837,M003,T003,2026-07-24 00:15:00,25890000,SG,DEV1121,0
TXN01511,CARD06061,C06061,M006,T006,2026-07-19 16:32:00,44130000,VN,DEV0658,0
TXN01512,CARD01908,C01908,M007,T007,2026-07-01 17:48:00,20890000,VN,DEV1712,0
TXN01513,CARD02905,C02905,M014,T014,2026-07-14 18:44:00,29340000,VN,DEV1625,0
TXN01514,CARD02091,C02091,M009,T009,2026-07-26 17:15:00,13210000,VN,DEV0984,0
TXN01515,CARD00710,C00710,M009,T009,2026-07-10 12:26:00,16250000,VN,DEV1064,0
TXN01516,CARD09418,C09418,M004,T004,2026-07-01 11:40:00,28840000,SG,DEV0983,0
TXN01517,CARD07704,C07704,M003,T003,2026-07-03 06:49:00,18230000,US,DEV1031,0
TXN01518,CARD04882,C04882,M003,T003,2026-07-27 17:55:00,7160000,US,DEV0460,0
TXN01519,CARD03005,C03005,M010,T010,2026-07-09 08:27:00,49410000,VN,DEV1949,0
TXN01520,CARD04609,C04609,M013,T013,2026-07-24 10:57:00,31090000,VN,DEV0887,0
TXN01521,CARD06433,C06433,M009,T009,2026-07-22 11:34:00,32240000,VN,DEV1952,0
TXN01522,CARD03251,C03251,M009,T009,2026-07-01 20:56:00,1870000,VN,DEV0275,0
TXN01523,CARD07284,C07284,M013,T013,2026-07-21 01:20:00,32490000,VN,DEV1951,0
TXN01524,CARD00875,C00875,M006,T006,2026-07-07 13:26:00,36970000,VN,DEV1423,0
TXN01525,CARD05375,C05375,M014,T014,2026-07-15 01:11:00,46560000,VN,DEV1025,0
TXN01526,CARD08569,C08569,M007,T007,2026-07-02 03:51:00,3100000,VN,DEV1413,0
TXN01527,CARD02430,C02430,M005,T005,2026-07-01 11:23:00,7940000,HK,DEV0062,0
TXN01528,CARD00769,C00769,M007,T007,2026-07-07 20:04:00,28590000,VN,DEV0391,0
TXN01529,CARD07566,C07566,M007,T007,2026-07-15 01:24:00,12950000,VN,DEV1811,0
TXN01530,CARD03832,C03832,M011,T011,2026-07-21 16:40:00,41230000,VN,DEV1604,0
TXN01531,CARD07909,C07909,M003,T003,2026-07-01 05:21:00,8760000,SG,DEV1909,0
TXN01532,CARD08053,C08053,M011,T011,2026-07-20 11:22:00,10740000,VN,DEV0083,0
TXN01533,CARD08275,C08275,M013,T013,2026-07-11 13:14:00,5130000,VN,DEV1794,0
TXN01534,CARD05539,C05539,M002,T002,2026-07-12 02:31:00,34840000,US,DEV0672,0
TXN01535,CARD05909,C05909,M008,T008,2026-07-19 02:19:00,30170000,SG,NEW_DEVICE,1
TXN01536,CARD04657,C04657,M013,T013,2026-07-04 18:44:00,28130000,VN,DEV0179,0
TXN01537,CARD07492,C07492,M001,T001,2026-07-04 07:15:00,1900000,VN,DEV0298,0
TXN01538,CARD07708,C07708,M001,T001,2026-07-19 10:29:00,40600000,VN,DEV0221,0
TXN01539,CARD04034,C04034,M004,T004,2026-07-24 14:35:00,42350000,NG,NEW_DEVICE,1
TXN01540,CARD00673,C00673,M010,T010,2026-07-25 14:34:00,43360000,VN,DEV0419,0
TXN01541,CARD00865,C00865,M012,T012,2026-07-13 13:08:00,22950000,VN,DEV0017,0
TXN01542,CARD09995,C09995,M004,T004,2026-07-20 22:13:00,26010000,HK,DEV1250,0
TXN01543,CARD05212,C05212,M007,T007,2026-07-16 21:06:00,15610000,VN,DEV0420,0
TXN01544,CARD03313,C03313,M003,T003,2026-07-17 02:58:00,30310000,US,DEV1409,0
TXN01545,CARD02453,C02453,M008,T008,2026-07-20 10:24:00,47450000,VN,DEV1855,0
TXN01546,CARD05527,C05527,M011,T011,2026-07-07 07:31:00,16340000,VN,DEV1296,0
TXN01547,CARD06616,C06616,M010,T010,2026-07-17 11:07:00,19650000,VN,DEV0823,0
TXN01548,CARD06533,C06533,M014,T014,2026-07-23 02:52:00,29940000,VN,DEV0954,0
TXN01549,CARD00306,C00306,M010,T010,2026-07-17 09:04:00,38600000,VN,DEV0987,0
TXN01550,CARD02166,C02166,M003,T003,2026-07-12 21:26:00,30240000,HK,DEV1166,0
TXN01551,CARD02115,C02115,M002,T002,2026-07-17 20:03:00,45300000,SG,DEV0544,0
TXN01552,CARD05203,C05203,M013,T013,2026-07-21 15:33:00,49470000,VN,DEV1979,0
TXN01553,CARD01640,C01640,M014,T014,2026-07-22 15:47:00,46550000,VN,DEV1436,0
TXN01554,CARD01970,C01970,M007,T007,2026-07-05 14:23:00,19190000,VN,DEV1174,0
TXN01555,CARD06434,C06434,M010,T010,2026-07-13 01:21:00,14330000,VN,DEV1248,0
TXN01556,CARD09378,C09378,M014,T014,2026-07-20 06:08:00,40070000,VN,DEV0735,0
TXN01557,CARD03052,C03052,M014,T014,2026-07-13 00:36:00,47960000,VN,DEV1745,0
TXN01558,CARD04977,C04977,M014,T014,2026-07-07 18:35:00,46240000,VN,DEV0916,0
TXN01559,CARD03686,C03686,M008,T008,2026-07-05 20:28:00,35670000,VN,DEV0828,0
TXN01560,CARD04207,C04207,M005,T005,2026-07-20 21:31:00,310000,HK,DEV1010,0
TXN01561,CARD04056,C04056,M010,T010,2026-07-16 20:17:00,17350000,VN,DEV0833,0
TXN01562,CARD07109,C07109,M012,T012,2026-07-20 20:30:00,47330000,VN,DEV0665,0
TXN01563,CARD05940,C05940,M009,T009,2026-07-10 02:45:00,46380000,VN,DEV0606,0
TXN01564,CARD03854,C03854,M014,T014,2026-07-08 23:41:00,29790000,VN,DEV1933,0
TXN01565,CARD04737,C04737,M001,T001,2026-07-12 01:38:00,17260000,VN,DEV0500,0
TXN01566,CARD01747,C01747,M001,T001,2026-07-27 08:58:00,8420000,VN,DEV0901,0
TXN01567,CARD07249,C07249,M007,T007,2026-07-27 11:39:00,18100000,VN,DEV1879,0
TXN01568,CARD09369,C09369,M008,T008,2026-07-12 12:39:00,14020000,VN,DEV1186,0
TXN01569,CARD00418,C00418,M012,T012,2026-07-02 15:52:00,33250000,VN,DEV0382,0
TXN01570,CARD03798,C03798,M009,T009,2026-07-07 01:26:00,24580000,VN,DEV0265,0
TXN01571,CARD08428,C08428,M004,T004,2026-07-20 11:50:00,20760000,US,DEV0534,0
TXN01572,CARD05843,C05843,M012,T012,2026-07-13 06:41:00,34430000,VN,DEV1555,0
TXN01573,CARD03605,C03605,M008,T008,2026-07-21 20:26:00,38090000,VN,DEV1181,0
TXN01574,CARD03343,C03343,M008,T008,2026-07-04 00:14:00,47980000,VN,DEV1944,0
TXN01575,CARD05997,C05997,M014,T014,2026-07-25 11:24:00,42990000,VN,DEV0853,0
TXN01576,CARD00766,C00766,M010,T010,2026-07-15 10:20:00,14860000,VN,DEV0950,0
TXN01577,CARD02362,C02362,M013,T013,2026-07-23 07:02:00,7500000,SG,NEW_DEVICE,1
TXN01578,CARD07427,C07427,M004,T004,2026-07-21 06:05:00,3170000,HK,DEV1467,0
TXN01579,CARD07118,C07118,M003,T003,2026-07-18 20:45:00,39320000,HK,DEV0917,0
TXN01580,CARD06737,C06737,M005,T005,2026-07-05 02:59:00,47390000,SG,DEV1611,0
TXN01581,CARD06372,C06372,M014,T014,2026-07-11 10:47:00,19290000,VN,DEV0454,0
TXN01582,CARD03133,C03133,M001,T001,2026-07-06 02:38:00,4940000,VN,DEV0867,0
TXN01583,CARD07620,C07620,M008,T008,2026-07-26 15:16:00,21760000,VN,DEV1384,0
TXN01584,CARD07135,C07135,M003,T003,2026-07-03 17:56:00,8630000,HK,DEV1101,0
TXN01585,CARD08089,C08089,M004,T004,2026-07-04 22:30:00,43560000,US,DEV1253,0
TXN01586,CARD04971,C04971,M009,T009,2026-07-16 02:35:00,43520000,VN,DEV1343,0
TXN01587,CARD00103,C00103,M014,T014,2026-07-21 06:01:00,43070000,VN,DEV0153,0
TXN01588,CARD08879,C08879,M005,T005,2026-07-25 09:19:00,32150000,SG,DEV1752,0
TXN01589,CARD02075,C02075,M004,T004,2026-07-06 04:34:00,38120000,SG,DEV0481,0
TXN01590,CARD05149,C05149,M014,T014,2026-07-04 12:13:00,26770000,VN,DEV1895,0
TXN01591,CARD05121,C05121,M011,T011,2026-07-05 00:25:00,24690000,VN,DEV1938,0
TXN01592,CARD09632,C09632,M010,T010,2026-07-11 23:07:00,2850000,VN,DEV0725,0
TXN01593,CARD07139,C07139,M006,T006,2026-07-17 02:46:00,6470000,VN,DEV0485,0
TXN01594,CARD03016,C03016,M005,T005,2026-07-14 17:04:00,26090000,SG,DEV1729,0
TXN01595,CARD07637,C07637,M013,T013,2026-07-09 02:45:00,20270000,VN,DEV1582,0
TXN01596,CARD01596,C01596,M004,T004,2026-07-27 03:08:00,15400000,HK,DEV0374,0
TXN01597,CARD03892,C03892,M009,T009,2026-07-22 21:13:00,27150000,VN,DEV1484,0
TXN01598,CARD04078,C04078,M009,T009,2026-07-18 04:20:00,12780000,VN,DEV0433,0
TXN01599,CARD01688,C01688,M014,T014,2026-07-11 04:53:00,28720000,VN,DEV1122,0
TXN01600,CARD04823,C04823,M011,T011,2026-07-14 00:38:00,33530000,VN,DEV0308,0
TXN01601,CARD04231,C04231,M006,T006,2026-07-23 12:46:00,4260000,VN,DEV0641,0
TXN01602,CARD02966,C02966,M005,T005,2026-07-27 15:22:00,45060000,HK,DEV1673,0
TXN01603,CARD02653,C02653,M010,T010,2026-07-08 18:56:00,7660000,VN,DEV1255,0
TXN01604,CARD03201,C03201,M009,T009,2026-07-17 22:55:00,4970000,VN,DEV0341,0
TXN01605,CARD02579,C02579,M003,T003,2026-07-09 18:58:00,200000,HK,DEV0238,0
TXN01606,CARD09456,C09456,M001,T001,2026-07-20 19:33:00,15770000,VN,DEV1878,0
TXN01607,CARD02260,C02260,M012,T012,2026-07-04 08:31:00,39820000,VN,DEV0387,0
TXN01608,CARD05832,C05832,M001,T001,2026-07-18 00:30:00,12580000,VN,DEV1303,0
TXN01609,CARD06464,C06464,M011,T011,2026-07-02 11:54:00,47340000,VN,DEV0665,0
TXN01610,CARD00643,C00643,M010,T010,2026-07-06 13:49:00,24040000,VN,DEV1909,0
TXN01611,CARD05170,C05170,M007,T007,2026-07-19 08:36:00,23570000,VN,DEV0707,0
TXN01612,CARD01869,C01869,M003,T003,2026-07-22 10:19:00,16970000,HK,DEV1280,0
TXN01613,CARD06809,C06809,M010,T010,2026-07-05 01:33:00,29190000,VN,DEV0084,0
TXN01614,CARD05190,C05190,M014,T014,2026-07-02 21:27:00,36150000,VN,DEV0698,0
TXN01615,CARD06909,C06909,M002,T002,2026-07-08 10:41:00,4680000,SG,DEV1488,0
TXN01616,CARD04763,C04763,M008,T008,2026-07-26 09:30:00,44050000,VN,DEV0671,0
TXN01617,CARD03795,C03795,M014,T014,2026-07-12 08:17:00,19180000,VN,DEV0026,0
TXN01618,CARD04082,C04082,M011,T011,2026-07-05 06:10:00,16680000,VN,DEV0235,0
TXN01619,CARD05551,C05551,M003,T003,2026-07-26 18:04:00,33550000,VN,NEW_DEVICE,1
TXN01620,CARD08875,C08875,M010,T010,2026-07-05 07:52:00,6150000,VN,DEV1560,0
TXN01621,CARD05070,C05070,M011,T011,2026-07-05 00:12:00,2070000,VN,DEV0497,0
TXN01622,CARD05896,C05896,M013,T013,2026-07-11 02:42:00,21050000,VN,DEV0770,0
TXN01623,CARD07993,C07993,M013,T013,2026-07-25 13:03:00,26770000,VN,DEV0240,0
TXN01624,CARD06189,C06189,M007,T007,2026-07-08 16:57:00,20700000,VN,DEV1518,0
TXN01625,CARD03757,C03757,M010,T010,2026-07-03 16:08:00,43210000,VN,DEV1861,0
TXN01626,CARD00005,C00005,M012,T012,2026-07-14 07:24:00,38700000,VN,DEV0800,0
TXN01627,CARD10000,C10000,M001,T001,2026-07-11 14:43:00,21550000,VN,DEV1079,0
TXN01628,CARD08265,C08265,M012,T012,2026-07-11 18:06:00,13300000,VN,DEV1196,0
TXN01629,CARD07385,C07385,M007,T007,2026-07-03 07:42:00,36880000,VN,DEV1157,0
TXN01630,CARD06099,C06099,M003,T003,2026-07-17 15:19:00,36810000,SG,DEV0978,0
TXN01631,CARD03393,C03393,M013,T013,2026-07-12 10:38:00,2330000,VN,DEV1448,0
TXN01632,CARD01966,C01966,M010,T010,2026-07-27 12:49:00,21520000,VN,DEV0005,0
TXN01633,CARD00833,C00833,M011,T011,2026-07-06 05:06:00,11930000,VN,DEV0293,0
TXN01634,CARD06891,C06891,M014,T014,2026-07-20 22:46:00,34190000,VN,DEV1518,0
TXN01635,CARD09546,C09546,M001,T001,2026-07-05 07:18:00,27980000,VN,DEV0911,0
TXN01636,CARD00700,C00700,M009,T009,2026-07-20 08:12:00,18550000,VN,NEW_DEVICE,1
TXN01637,CARD05825,C05825,M009,T009,2026-07-09 19:34:00,38680000,VN,DEV1371,0
TXN01638,CARD02998,C02998,M003,T003,2026-07-16 10:10:00,470000,SG,DEV0884,0
TXN01639,CARD05390,C05390,M005,T005,2026-07-22 17:07:00,39350000,SG,DEV1332,0
TXN01640,CARD07457,C07457,M009,T009,2026-07-16 02:51:00,6050000,VN,DEV0519,0
TXN01641,CARD05178,C05178,M010,T010,2026-07-22 06:40:00,43890000,VN,DEV0472,0
TXN01642,CARD03947,C03947,M011,T011,2026-07-12 20:00:00,1420000,VN,DEV0031,0
TXN01643,CARD09277,C09277,M004,T004,2026-07-08 13:34:00,26700000,SG,DEV1918,0
TXN01644,CARD06607,C06607,M009,T009,2026-07-24 07:52:00,49160000,VN,DEV0532,0
TXN01645,CARD07146,C07146,M010,T010,2026-07-24 13:26:00,3530000,NG,NEW_DEVICE,1
TXN01646,CARD08282,C08282,M014,T014,2026-07-26 00:27:00,4660000,VN,DEV0569,0
TXN01647,CARD05156,C05156,M005,T005,2026-07-03 21:19:00,19350000,SG,DEV1502,0
TXN01648,CARD00907,C00907,M007,T007,2026-07-19 00:13:00,36480000,VN,DEV1662,0
TXN01649,CARD08182,C08182,M007,T007,2026-07-28 04:58:00,15170000,VN,DEV1706,0
TXN01650,CARD03561,C03561,M006,T006,2026-07-26 20:26:00,33900000,VN,DEV0170,0
TXN01651,CARD00181,C00181,M008,T008,2026-07-10 05:35:00,19490000,VN,DEV0110,0
TXN01652,CARD09739,C09739,M003,T003,2026-07-14 22:36:00,5990000,HK,NEW_DEVICE,1
TXN01653,CARD00731,C00731,M004,T004,2026-07-19 22:37:00,4640000,US,DEV1704,0
TXN01654,CARD00830,C00830,M004,T004,2026-07-16 11:59:00,27790000,US,DEV0239,0
TXN01655,CARD05959,C05959,M010,T010,2026-07-19 03:51:00,25620000,VN,DEV1386,0
TXN01656,CARD06766,C06766,M013,T013,2026-07-05 09:57:00,600000,VN,DEV1391,0
TXN01657,CARD02860,C02860,M012,T012,2026-07-12 14:58:00,46680000,VN,DEV1293,0
TXN01658,CARD08403,C08403,M003,T003,2026-07-10 14:40:00,3420000,US,DEV1416,0
TXN01659,CARD04490,C04490,M009,T009,2026-07-13 12:29:00,35050000,VN,DEV1596,0
TXN01660,CARD07038,C07038,M012,T012,2026-07-27 11:34:00,39630000,VN,DEV1107,0
TXN01661,CARD01065,C01065,M001,T001,2026-07-04 22:36:00,48980000,VN,DEV0827,0
TXN01662,CARD08144,C08144,M002,T002,2026-07-06 19:09:00,32320000,SG,DEV1410,0
TXN01663,CARD07335,C07335,M004,T004,2026-07-12 01:00:00,43930000,HK,DEV0623,0
TXN01664,CARD05761,C05761,M002,T002,2026-07-28 09:40:00,990000,HK,NEW_DEVICE,1
TXN01665,CARD03319,C03319,M007,T007,2026-07-01 11:05:00,40260000,VN,DEV1386,0
TXN01666,CARD02901,C02901,M014,T014,2026-07-06 22:21:00,9330000,VN,DEV0552,0
TXN01667,CARD06209,C06209,M010,T010,2026-07-03 06:46:00,4570000,VN,DEV1758,0
TXN01668,CARD03419,C03419,M010,T010,2026-07-09 17:18:00,37030000,VN,DEV0490,0
TXN01669,CARD06059,C06059,M001,T001,2026-07-06 20:01:00,21440000,VN,DEV0739,0
TXN01670,CARD09795,C09795,M012,T012,2026-07-05 18:06:00,14240000,VN,DEV1777,0
TXN01671,CARD00317,C00317,M006,T006,2026-07-20 07:13:00,45580000,VN,DEV1087,0
TXN01672,CARD01612,C01612,M008,T008,2026-07-17 09:12:00,5680000,VN,DEV1432,0
TXN01673,CARD00576,C00576,M004,T004,2026-07-03 00:56:00,45350000,SG,DEV1662,0
TXN01674,CARD05861,C05861,M002,T002,2026-07-12 11:05:00,37910000,US,DEV1755,0
TXN01675,CARD00592,C00592,M009,T009,2026-07-25 14:57:00,21630000,VN,DEV0056,0
TXN01676,CARD07872,C07872,M002,T002,2026-07-19 09:03:00,43010000,HK,DEV1574,0
TXN01677,CARD04841,C04841,M010,T010,2026-07-21 12:50:00,8440000,VN,DEV1192,0
TXN01678,CARD01391,C01391,M005,T005,2026-07-24 09:32:00,5170000,HK,DEV0284,0
TXN01679,CARD04986,C04986,M010,T010,2026-07-11 06:36:00,5640000,NG,NEW_DEVICE,1
TXN01680,CARD09882,C09882,M004,T004,2026-07-15 08:08:00,32060000,SG,DEV0890,0
TXN01681,CARD07476,C07476,M014,T014,2026-07-17 23:12:00,30050000,VN,DEV0302,0
TXN01682,CARD05790,C05790,M009,T009,2026-07-22 17:48:00,36710000,VN,NEW_DEVICE,1
TXN01683,CARD09230,C09230,M014,T014,2026-07-11 07:44:00,15690000,VN,DEV1513,0
TXN01684,CARD05734,C05734,M002,T002,2026-07-18 16:41:00,9840000,SG,DEV0398,0
TXN01685,CARD08430,C08430,M012,T012,2026-07-01 23:43:00,19570000,VN,DEV1302,0
TXN01686,CARD05922,C05922,M012,T012,2026-07-20 15:35:00,26630000,VN,DEV0494,0
TXN01687,CARD04733,C04733,M006,T006,2026-07-16 14:13:00,32530000,VN,DEV1594,0
TXN01688,CARD05899,C05899,M010,T010,2026-07-22 03:36:00,49400000,VN,DEV1618,0
TXN01689,CARD07239,C07239,M002,T002,2026-07-26 15:14:00,40760000,SG,DEV1941,0
TXN01690,CARD02844,C02844,M008,T008,2026-07-07 23:01:00,30740000,VN,DEV0293,0
TXN01691,CARD06574,C06574,M008,T008,2026-07-04 02:56:00,2840000,VN,DEV1606,0
TXN01692,CARD02154,C02154,M005,T005,2026-07-15 21:27:00,43020000,HK,DEV0171,0
TXN01693,CARD03056,C03056,M004,T004,2026-07-24 19:35:00,31350000,US,DEV1063,0
TXN01694,CARD06251,C06251,M001,T001,2026-07-04 17:33:00,14980000,VN,DEV1000,0
TXN01695,CARD04336,C04336,M005,T005,2026-07-13 11:22:00,48470000,SG,DEV0421,0
TXN01696,CARD05605,C05605,M004,T004,2026-07-26 14:09:00,20740000,SG,DEV0699,0
TXN01697,CARD02768,C02768,M008,T008,2026-07-25 04:04:00,44910000,VN,DEV0136,0
TXN01698,CARD09708,C09708,M009,T009,2026-07-13 07:15:00,27310000,VN,DEV0856,0
TXN01699,CARD00267,C00267,M009,T009,2026-07-11 10:00:00,24360000,VN,DEV0495,0
TXN01700,CARD02732,C02732,M001,T001,2026-07-06 21:31:00,11860000,VN,NEW_DEVICE,1
TXN01701,CARD06068,C06068,M010,T010,2026-07-27 10:46:00,39560000,VN,DEV1987,0
TXN01702,CARD05364,C05364,M012,T012,2026-07-21 17:42:00,29990000,VN,DEV0952,0
TXN01703,CARD05501,C05501,M005,T005,2026-07-24 14:33:00,4490000,HK,DEV0098,0
TXN01704,CARD03772,C03772,M011,T011,2026-07-18 17:54:00,5820000,VN,DEV0522,0
TXN01705,CARD06607,C06607,M010,T010,2026-07-19 04:05:00,26220000,VN,DEV0458,0
TXN01706,CARD00161,C00161,M001,T001,2026-07-26 21:34:00,2560000,VN,DEV1704,0
TXN01707,CARD01967,C01967,M004,T004,2026-07-07 21:41:00,45720000,US,DEV0302,0
TXN01708,CARD04460,C04460,M003,T003,2026-07-05 01:40:00,13270000,US,DEV1331,0
TXN01709,CARD03459,C03459,M008,T008,2026-07-28 05:36:00,21780000,VN,DEV1432,0
TXN01710,CARD09796,C09796,M014,T014,2026-07-06 21:19:00,38160000,VN,DEV1336,0
TXN01711,CARD07620,C07620,M004,T004,2026-07-13 11:27:00,21860000,HK,DEV0984,0
TXN01712,CARD01745,C01745,M008,T008,2026-07-02 15:13:00,4080000,VN,DEV1326,0
TXN01713,CARD07245,C07245,M011,T011,2026-07-01 15:59:00,16180000,VN,DEV0404,0
TXN01714,CARD08080,C08080,M014,T014,2026-07-15 12:21:00,11850000,VN,DEV0164,0
TXN01715,CARD00590,C00590,M010,T010,2026-07-21 21:48:00,29210000,VN,DEV0924,0
TXN01716,CARD04042,C04042,M003,T003,2026-07-11 18:57:00,9350000,SG,DEV1916,0
TXN01717,CARD07892,C07892,M010,T010,2026-07-08 17:01:00,12150000,VN,DEV1369,0
TXN01718,CARD08367,C08367,M006,T006,2026-07-24 18:53:00,25900000,VN,DEV0139,0
TXN01719,CARD03808,C03808,M001,T001,2026-07-07 14:26:00,6420000,VN,DEV0065,0
TXN01720,CARD04412,C04412,M004,T004,2026-07-06 07:16:00,7610000,HK,DEV0239,0
TXN01721,CARD05033,C05033,M012,T012,2026-07-08 17:08:00,11630000,VN,DEV0917,0
TXN01722,CARD04286,C04286,M013,T013,2026-07-07 19:23:00,8510000,VN,DEV0621,0
TXN01723,CARD05868,C05868,M014,T014,2026-07-06 01:53:00,1150000,VN,DEV1432,0
TXN01724,CARD01779,C01779,M013,T013,2026-07-18 03:44:00,36420000,VN,DEV1983,0
TXN01725,CARD06080,C06080,M006,T006,2026-07-19 02:44:00,35700000,VN,DEV1088,0
TXN01726,CARD03077,C03077,M006,T006,2026-07-12 06:15:00,27030000,VN,DEV0167,0
TXN01727,CARD06226,C06226,M006,T006,2026-07-20 03:06:00,26940000,VN,DEV1070,0
TXN01728,CARD07407,C07407,M005,T005,2026-07-27 15:06:00,12150000,US,DEV0928,0
TXN01729,CARD09443,C09443,M009,T009,2026-07-12 05:23:00,10440000,VN,DEV0043,0
TXN01730,CARD08186,C08186,M012,T012,2026-07-27 09:57:00,25270000,VN,DEV1773,0
TXN01731,CARD04649,C04649,M003,T003,2026-07-09 17:45:00,47600000,US,DEV0548,0
TXN01732,CARD03245,C03245,M006,T006,2026-07-28 05:01:00,40850000,VN,DEV1694,0
TXN01733,CARD05542,C05542,M008,T008,2026-07-04 23:23:00,44440000,VN,DEV0675,0
TXN01734,CARD07533,C07533,M002,T002,2026-07-04 00:09:00,23270000,SG,DEV1178,0
TXN01735,CARD01997,C01997,M010,T010,2026-07-27 18:36:00,32660000,VN,DEV0697,0
TXN01736,CARD04337,C04337,M003,T003,2026-07-11 01:41:00,3680000,US,DEV0840,0
TXN01737,CARD06642,C06642,M002,T002,2026-07-12 12:34:00,1780000,HK,DEV0844,0
TXN01738,CARD03422,C03422,M006,T006,2026-07-01 18:49:00,8090000,VN,DEV1784,0
TXN01739,CARD06853,C06853,M004,T004,2026-07-21 17:41:00,6390000,US,DEV0274,0
TXN01740,CARD00508,C00508,M005,T005,2026-07-07 07:11:00,6830000,HK,DEV1007,0
TXN01741,CARD02936,C02936,M009,T009,2026-07-19 04:00:00,13800000,VN,DEV0760,0
TXN01742,CARD04511,C04511,M005,T005,2026-07-08 07:42:00,7340000,SG,DEV1901,0
TXN01743,CARD08217,C08217,M003,T003,2026-07-04 17:51:00,30240000,US,DEV1335,0
TXN01744,CARD01115,C01115,M006,T006,2026-07-28 01:35:00,10030000,VN,DEV0147,0
TXN01745,CARD09181,C09181,M010,T010,2026-07-15 15:28:00,32750000,VN,DEV0966,0
TXN01746,CARD03984,C03984,M013,T013,2026-07-22 20:30:00,4740000,VN,DEV0036,0
TXN01747,CARD07241,C07241,M004,T004,2026-07-03 15:01:00,3480000,HK,DEV1026,0
TXN01748,CARD04259,C04259,M001,T001,2026-07-21 06:37:00,46720000,VN,DEV1818,0
TXN01749,CARD09261,C09261,M003,T003,2026-07-21 13:07:00,6640000,SG,DEV1128,0
TXN01750,CARD01702,C01702,M002,T002,2026-07-20 01:43:00,21880000,US,DEV0378,0
TXN01751,CARD06634,C06634,M009,T009,2026-07-27 10:55:00,17280000,VN,DEV0853,0
TXN01752,CARD06256,C06256,M013,T013,2026-07-13 06:40:00,9800000,VN,DEV1641,0
TXN01753,CARD08128,C08128,M013,T013,2026-07-01 06:49:00,49790000,VN,DEV1228,0
TXN01754,CARD02916,C02916,M003,T003,2026-07-04 23:14:00,31470000,SG,DEV1770,0
TXN01755,CARD09639,C09639,M011,T011,2026-07-08 03:12:00,47160000,VN,DEV1455,0
TXN01756,CARD01977,C01977,M014,T014,2026-07-16 09:13:00,26360000,VN,DEV1937,0
TXN01757,CARD04900,C04900,M001,T001,2026-07-19 13:21:00,23280000,VN,DEV1541,0
TXN01758,CARD01078,C01078,M001,T001,2026-07-13 07:50:00,20840000,VN,DEV1178,0
TXN01759,CARD09798,C09798,M004,T004,2026-07-03 12:32:00,47360000,US,DEV0602,0
TXN01760,CARD09924,C09924,M002,T002,2026-07-26 11:17:00,16400000,SG,DEV1627,0
TXN01761,CARD04190,C04190,M004,T004,2026-07-28 01:02:00,39390000,HK,DEV0023,0
TXN01762,CARD07851,C07851,M009,T009,2026-07-26 22:01:00,47700000,VN,DEV0118,0
TXN01763,CARD02081,C02081,M004,T004,2026-07-09 08:17:00,19720000,HK,DEV1542,0
TXN01764,CARD04945,C04945,M004,T004,2026-07-14 16:34:00,1820000,US,DEV1318,0
TXN01765,CARD04730,C04730,M003,T003,2026-07-01 07:52:00,11220000,US,DEV1815,0
TXN01766,CARD01994,C01994,M007,T007,2026-07-25 18:48:00,1450000,VN,DEV1432,0
TXN01767,CARD07805,C07805,M003,T003,2026-07-20 10:32:00,33490000,HK,DEV1452,0
TXN01768,CARD01050,C01050,M005,T005,2026-07-11 04:22:00,47150000,US,DEV0046,0
TXN01769,CARD02061,C02061,M011,T011,2026-07-14 18:21:00,16600000,VN,DEV1901,0
TXN01770,CARD05922,C05922,M002,T002,2026-07-01 18:56:00,19600000,SG,DEV1146,0
TXN01771,CARD00594,C00594,M014,T014,2026-07-14 04:32:00,20350000,VN,DEV1475,0
TXN01772,CARD00992,C00992,M002,T002,2026-07-16 07:07:00,23230000,US,DEV0277,0
TXN01773,CARD07563,C07563,M004,T004,2026-07-27 06:27:00,16900000,SG,DEV0989,0
TXN01774,CARD01211,C01211,M008,T008,2026-07-27 00:26:00,28080000,VN,DEV1054,0
TXN01775,CARD02535,C02535,M010,T010,2026-07-26 00:23:00,37850000,VN,DEV1026,0
TXN01776,CARD00223,C00223,M009,T009,2026-07-16 18:13:00,2740000,VN,DEV0788,0
TXN01777,CARD04853,C04853,M014,T014,2026-07-15 12:55:00,28360000,VN,DEV0016,0
TXN01778,CARD08170,C08170,M012,T012,2026-07-03 07:07:00,26500000,VN,DEV1886,0
TXN01779,CARD00527,C00527,M013,T013,2026-07-27 19:52:00,14750000,VN,DEV1001,0
TXN01780,CARD04311,C04311,M011,T011,2026-07-08 21:14:00,11650000,VN,DEV0321,0
TXN01781,CARD00796,C00796,M007,T007,2026-07-07 13:39:00,24350000,VN,DEV1040,0
TXN01782,CARD09557,C09557,M014,T014,2026-07-12 05:07:00,17700000,VN,DEV0966,0
TXN01783,CARD08297,C08297,M007,T007,2026-07-06 08:22:00,47040000,VN,DEV0675,0
TXN01784,CARD03787,C03787,M004,T004,2026-07-09 06:58:00,29720000,SG,DEV0270,0
TXN01785,CARD07924,C07924,M007,T007,2026-07-05 13:53:00,22070000,VN,DEV0791,0
TXN01786,CARD09636,C09636,M006,T006,2026-07-25 22:56:00,37670000,VN,DEV0536,0
TXN01787,CARD08824,C08824,M011,T011,2026-07-03 13:35:00,8380000,VN,DEV0468,0
TXN01788,CARD01382,C01382,M006,T006,2026-07-08 17:45:00,45550000,VN,DEV0099,0
TXN01789,CARD08884,C08884,M010,T010,2026-07-10 21:28:00,25660000,VN,NEW_DEVICE,1
TXN01790,CARD03005,C03005,M007,T007,2026-07-04 13:48:00,15630000,VN,DEV0038,0
TXN01791,CARD03159,C03159,M005,T005,2026-07-13 19:33:00,49190000,HK,DEV1711,0
TXN01792,CARD09584,C09584,M014,T014,2026-07-20 21:51:00,15990000,VN,DEV1700,0
TXN01793,CARD09324,C09324,M003,T003,2026-07-11 11:35:00,19560000,HK,DEV1638,0
TXN01794,CARD07315,C07315,M001,T001,2026-07-16 16:21:00,4760000,VN,DEV1921,0
TXN01795,CARD05090,C05090,M004,T004,2026-07-20 09:41:00,31480000,HK,DEV0823,0
TXN01796,CARD07458,C07458,M014,T014,2026-07-01 03:58:00,35320000,VN,DEV1825,0
TXN01797,CARD01172,C01172,M014,T014,2026-07-03 03:32:00,43740000,VN,DEV1405,0
TXN01798,CARD05857,C05857,M009,T009,2026-07-27 04:54:00,47110000,VN,DEV1916,0
TXN01799,CARD08266,C08266,M012,T012,2026-07-25 17:41:00,33250000,VN,DEV1563,0
TXN01800,CARD05591,C05591,M009,T009,2026-07-28 06:05:00,39760000,VN,DEV1431,0
TXN01801,CARD00088,C00088,M005,T005,2026-07-22 21:50:00,30600000,SG,DEV0675,0
TXN01802,CARD07776,C07776,M011,T011,2026-07-08 06:10:00,20190000,VN,DEV0961,0
TXN01803,CARD06923,C06923,M005,T005,2026-07-19 00:22:00,37880000,US,DEV1805,0
TXN01804,CARD09375,C09375,M012,T012,2026-07-12 04:23:00,3190000,VN,DEV0541,0
TXN01805,CARD00357,C00357,M009,T009,2026-07-23 17:56:00,700000,VN,DEV0223,0
TXN01806,CARD05325,C05325,M005,T005,2026-07-10 01:02:00,29850000,SG,DEV0646,0
TXN01807,CARD06552,C06552,M013,T013,2026-07-21 06:48:00,43430000,VN,DEV1639,0
TXN01808,CARD01870,C01870,M005,T005,2026-07-16 01:15:00,43370000,HK,DEV1911,0
TXN01809,CARD02713,C02713,M002,T002,2026-07-27 04:14:00,25970000,HK,DEV0683,0
TXN01810,CARD00063,C00063,M012,T012,2026-07-04 21:32:00,15700000,VN,DEV1984,0
TXN01811,CARD01115,C01115,M014,T014,2026-07-14 17:32:00,3180000,VN,DEV0832,0
TXN01812,CARD00183,C00183,M005,T005,2026-07-09 12:11:00,7540000,SG,DEV1895,0
TXN01813,CARD06870,C06870,M002,T002,2026-07-04 22:56:00,1780000,SG,DEV0871,0
TXN01814,CARD07787,C07787,M013,T013,2026-07-08 21:05:00,40160000,VN,DEV1494,0
TXN01815,CARD04315,C04315,M010,T010,2026-07-06 12:30:00,2520000,VN,DEV1875,0
TXN01816,CARD06987,C06987,M014,T014,2026-07-13 06:08:00,41620000,VN,DEV0544,0
TXN01817,CARD01470,C01470,M006,T006,2026-07-07 08:23:00,33890000,VN,DEV0292,0
TXN01818,CARD07355,C07355,M014,T014,2026-07-07 09:25:00,33750000,VN,DEV1041,0
TXN01819,CARD05812,C05812,M006,T006,2026-07-27 06:46:00,15420000,VN,DEV0960,0
TXN01820,CARD07443,C07443,M012,T012,2026-07-17 01:33:00,42720000,VN,DEV1198,0
TXN01821,CARD02437,C02437,M002,T002,2026-07-22 09:17:00,49060000,SG,DEV1695,0
TXN01822,CARD06258,C06258,M005,T005,2026-07-07 13:18:00,21610000,US,DEV0603,0
TXN01823,CARD08808,C08808,M004,T004,2026-07-03 03:05:00,34980000,SG,DEV1949,0
TXN01824,CARD01635,C01635,M004,T004,2026-07-18 19:37:00,40920000,SG,DEV0123,0
TXN01825,CARD08838,C08838,M003,T003,2026-07-12 21:08:00,16620000,HK,DEV0088,0
TXN01826,CARD00843,C00843,M006,T006,2026-07-06 00:43:00,28250000,VN,DEV0601,0
TXN01827,CARD05569,C05569,M001,T001,2026-07-06 23:49:00,24790000,VN,DEV1007,0
TXN01828,CARD03756,C03756,M012,T012,2026-07-04 12:49:00,37090000,VN,DEV1461,0
TXN01829,CARD05180,C05180,M010,T010,2026-07-22 00:24:00,23350000,VN,DEV0195,0
TXN01830,CARD06225,C06225,M012,T012,2026-07-19 23:42:00,31620000,VN,DEV1226,0
TXN01831,CARD02088,C02088,M005,T005,2026-07-20 02:23:00,25200000,HK,DEV0826,0
TXN01832,CARD08566,C08566,M010,T010,2026-07-21 06:31:00,47720000,VN,DEV1475,0
TXN01833,CARD05865,C05865,M008,T008,2026-07-01 04:15:00,18390000,VN,DEV1990,0
TXN01834,CARD04235,C04235,M002,T002,2026-07-21 02:56:00,49380000,US,DEV1868,0
TXN01835,CARD06713,C06713,M006,T006,2026-07-25 23:53:00,1350000,VN,DEV1082,0
TXN01836,CARD02339,C02339,M010,T010,2026-07-01 00:58:00,31400000,VN,DEV0908,0
TXN01837,CARD04961,C04961,M005,T005,2026-07-06 17:53:00,34190000,SG,DEV1201,0
TXN01838,CARD07562,C07562,M006,T006,2026-07-16 11:25:00,37330000,VN,DEV0607,0
TXN01839,CARD05382,C05382,M002,T002,2026-07-24 21:55:00,47190000,HK,DEV1840,0
TXN01840,CARD07136,C07136,M002,T002,2026-07-11 00:45:00,16530000,US,DEV0944,0
TXN01841,CARD01733,C01733,M009,T009,2026-07-26 22:41:00,43360000,VN,DEV1429,0
TXN01842,CARD06934,C06934,M007,T007,2026-07-08 06:01:00,13190000,VN,DEV1532,0
TXN01843,CARD07484,C07484,M014,T014,2026-07-10 22:58:00,37420000,VN,DEV1056,0
TXN01844,CARD00390,C00390,M014,T014,2026-07-27 19:35:00,46390000,VN,DEV1735,0
TXN01845,CARD02854,C02854,M014,T014,2026-07-21 17:39:00,5770000,VN,DEV0997,0
TXN01846,CARD00405,C00405,M003,T003,2026-07-04 23:55:00,48650000,SG,DEV0844,0
TXN01847,CARD01188,C01188,M002,T002,2026-07-02 06:24:00,12220000,US,DEV1067,0
TXN01848,CARD06704,C06704,M006,T006,2026-07-23 19:28:00,33330000,VN,DEV1921,0
TXN01849,CARD07185,C07185,M013,T013,2026-07-24 10:44:00,13980000,VN,DEV1614,0
TXN01850,CARD07905,C07905,M003,T003,2026-07-15 21:15:00,5910000,SG,DEV0539,0
TXN01851,CARD02990,C02990,M008,T008,2026-07-02 07:12:00,40100000,VN,DEV0558,0
TXN01852,CARD00274,C00274,M009,T009,2026-07-01 09:26:00,26810000,VN,DEV0574,0
TXN01853,CARD04833,C04833,M006,T006,2026-07-02 04:28:00,22830000,VN,DEV0594,0
TXN01854,CARD01643,C01643,M014,T014,2026-07-25 16:46:00,8760000,VN,DEV0875,0
TXN01855,CARD09502,C09502,M013,T013,2026-07-19 11:55:00,9730000,VN,DEV1945,0
TXN01856,CARD07645,C07645,M014,T014,2026-07-08 14:36:00,21920000,VN,DEV0413,0
TXN01857,CARD03522,C03522,M012,T012,2026-07-24 04:21:00,2070000,VN,DEV1852,0
TXN01858,CARD01681,C01681,M013,T013,2026-07-05 21:55:00,19030000,VN,DEV1208,0
TXN01859,CARD01028,C01028,M002,T002,2026-07-18 04:22:00,34710000,SG,DEV0327,0
TXN01860,CARD05320,C05320,M008,T008,2026-07-09 20:07:00,40870000,VN,DEV0200,0
TXN01861,CARD08839,C08839,M012,T012,2026-07-20 23:38:00,25760000,VN,DEV1210,0
TXN01862,CARD09439,C09439,M013,T013,2026-07-18 07:35:00,34810000,VN,DEV1427,0
TXN01863,CARD08717,C08717,M010,T010,2026-07-24 12:42:00,16410000,VN,DEV1312,0
TXN01864,CARD06190,C06190,M006,T006,2026-07-14 04:01:00,42980000,VN,DEV0292,0
TXN01865,CARD04841,C04841,M013,T013,2026-07-16 17:42:00,10660000,VN,DEV1330,0
TXN01866,CARD09116,C09116,M013,T013,2026-07-01 00:25:00,31330000,VN,DEV0087,0
TXN01867,CARD00133,C00133,M013,T013,2026-07-17 19:39:00,48000000,VN,DEV0706,0
TXN01868,CARD05202,C05202,M007,T007,2026-07-25 17:07:00,18940000,VN,DEV1884,0
TXN01869,CARD08266,C08266,M002,T002,2026-07-09 14:50:00,35950000,HK,DEV0514,0
TXN01870,CARD04931,C04931,M011,T011,2026-07-19 20:43:00,14360000,VN,DEV1576,0
TXN01871,CARD08564,C08564,M005,T005,2026-07-16 05:44:00,820000,HK,DEV0471,0
TXN01872,CARD00759,C00759,M004,T004,2026-07-01 22:49:00,2580000,HK,DEV0303,0
TXN01873,CARD00284,C00284,M013,T013,2026-07-27 17:26:00,4720000,VN,DEV0686,0
TXN01874,CARD08389,C08389,M006,T006,2026-07-20 14:31:00,41670000,VN,DEV1437,0
TXN01875,CARD04616,C04616,M006,T006,2026-07-12 06:49:00,31510000,VN,DEV0591,0
TXN01876,CARD03295,C03295,M009,T009,2026-07-23 17:47:00,33590000,VN,DEV0265,0
TXN01877,CARD05795,C05795,M007,T007,2026-07-02 03:10:00,13120000,VN,DEV1771,0
TXN01878,CARD04962,C04962,M012,T012,2026-07-07 03:05:00,7520000,VN,DEV0311,0
TXN01879,CARD06030,C06030,M007,T007,2026-07-23 23:56:00,33360000,VN,DEV0224,0
TXN01880,CARD05966,C05966,M001,T001,2026-07-22 22:07:00,18040000,VN,DEV1705,0
TXN01881,CARD00752,C00752,M012,T012,2026-07-25 11:30:00,35210000,VN,DEV0508,0
TXN01882,CARD03628,C03628,M003,T003,2026-07-20 04:20:00,44950000,SG,DEV1569,0
TXN01883,CARD07354,C07354,M013,T013,2026-07-08 00:09:00,28900000,VN,DEV1951,0
TXN01884,CARD04655,C04655,M014,T014,2026-07-05 22:54:00,42400000,VN,DEV0351,0
TXN01885,CARD06210,C06210,M002,T002,2026-07-09 15:52:00,1310000,HK,DEV0001,0
TXN01886,CARD02485,C02485,M006,T006,2026-07-17 06:26:00,25850000,VN,DEV1179,0
TXN01887,CARD03385,C03385,M013,T013,2026-07-14 16:05:00,25870000,VN,DEV0145,0
TXN01888,CARD09021,C09021,M013,T013,2026-07-24 18:57:00,34610000,VN,DEV0118,0
TXN01889,CARD08688,C08688,M012,T012,2026-07-17 20:51:00,29480000,SG,NEW_DEVICE,1
TXN01890,CARD02730,C02730,M014,T014,2026-07-17 10:54:00,47590000,VN,DEV1694,0
TXN01891,CARD02157,C02157,M002,T002,2026-07-04 14:42:00,12880000,SG,DEV0158,0
TXN01892,CARD04071,C04071,M005,T005,2026-07-10 10:18:00,37670000,SG,DEV1223,0
TXN01893,CARD01031,C01031,M003,T003,2026-07-17 10:16:00,43170000,SG,DEV0329,0
TXN01894,CARD08365,C08365,M002,T002,2026-07-18 19:25:00,11400000,US,DEV1120,0
TXN01895,CARD04753,C04753,M014,T014,2026-07-03 01:31:00,37690000,VN,DEV1073,0
TXN01896,CARD07917,C07917,M013,T013,2026-07-26 02:02:00,19580000,VN,DEV0629,0
TXN01897,CARD06213,C06213,M007,T007,2026-07-16 07:44:00,4860000,VN,DEV1164,0
TXN01898,CARD06077,C06077,M004,T004,2026-07-05 08:02:00,27530000,SG,DEV0717,0
TXN01899,CARD08998,C08998,M008,T008,2026-07-17 03:55:00,17740000,VN,DEV1042,0
TXN01900,CARD01433,C01433,M009,T009,2026-07-07 02:04:00,9720000,VN,DEV0864,0
TXN01901,CARD01297,C01297,M013,T013,2026-07-11 08:44:00,25160000,VN,DEV0575,0
TXN01902,CARD01233,C01233,M007,T007,2026-07-28 15:41:00,27110000,VN,DEV1815,0
TXN01903,CARD02471,C02471,M006,T006,2026-07-04 19:57:00,29710000,VN,DEV1598,0
TXN01904,CARD03575,C03575,M007,T007,2026-07-27 10:33:00,270000,VN,DEV0130,0
TXN01905,CARD02324,C02324,M007,T007,2026-07-07 02:19:00,49660000,VN,DEV1512,0
TXN01906,CARD06773,C06773,M011,T011,2026-07-27 03:34:00,12980000,VN,DEV0136,0
TXN01907,CARD04287,C04287,M008,T008,2026-07-22 04:27:00,18430000,VN,DEV0963,0
TXN01908,CARD06019,C06019,M001,T001,2026-07-20 13:33:00,31030000,VN,DEV0021,0
TXN01909,CARD09331,C09331,M002,T002,2026-07-15 09:46:00,35850000,US,DEV1768,0
TXN01910,CARD00509,C00509,M003,T003,2026-07-24 05:38:00,13830000,HK,DEV0888,0
TXN01911,CARD08384,C08384,M002,T002,2026-07-04 03:23:00,22310000,HK,DEV0567,0
TXN01912,CARD03001,C03001,M001,T001,2026-07-20 23:12:00,26510000,VN,DEV1332,0
TXN01913,CARD03186,C03186,M011,T011,2026-07-20 20:30:00,9970000,VN,DEV1474,0
TXN01914,CARD00632,C00632,M008,T008,2026-07-28 06:31:00,27560000,VN,DEV0496,0
TXN01915,CARD00128,C00128,M006,T006,2026-07-12 10:12:00,18670000,VN,DEV0862,0
TXN01916,CARD08186,C08186,M013,T013,2026-07-24 13:36:00,13420000,VN,DEV1444,0
TXN01917,CARD08699,C08699,M010,T010,2026-07-16 23:36:00,31570000,VN,DEV1736,0
TXN01918,CARD05547,C05547,M010,T010,2026-07-05 10:40:00,16860000,VN,DEV0608,0
TXN01919,CARD08194,C08194,M012,T012,2026-07-05 15:40:00,32300000,VN,DEV0726,0
TXN01920,CARD05658,C05658,M006,T006,2026-07-17 11:31:00,45530000,VN,DEV0356,0
TXN01921,CARD01743,C01743,M008,T008,2026-07-15 13:46:00,690000,VN,DEV1519,0
TXN01922,CARD09888,C09888,M006,T006,2026-07-06 15:13:00,27250000,VN,DEV0684,0
TXN01923,CARD06527,C06527,M008,T008,2026-07-21 08:25:00,14820000,VN,DEV0335,0
TXN01924,CARD05309,C05309,M007,T007,2026-07-03 04:10:00,2990000,VN,DEV0810,0
TXN01925,CARD05216,C05216,M002,T002,2026-07-07 18:27:00,48480000,HK,DEV1848,0
TXN01926,CARD06759,C06759,M009,T009,2026-07-01 23:45:00,47830000,VN,DEV0563,0
TXN01927,CARD01840,C01840,M001,T001,2026-07-10 03:12:00,9620000,VN,DEV0388,0
TXN01928,CARD02180,C02180,M013,T013,2026-07-12 18:30:00,1440000,VN,DEV0001,0
TXN01929,CARD00916,C00916,M007,T007,2026-07-17 21:19:00,1820000,VN,DEV1620,0
TXN01930,CARD07935,C07935,M011,T011,2026-07-05 15:47:00,34990000,VN,DEV1047,0
TXN01931,CARD02007,C02007,M002,T002,2026-07-01 09:44:00,260000,US,NEW_DEVICE,1
TXN01932,CARD04595,C04595,M007,T007,2026-07-07 21:26:00,22540000,VN,DEV0379,0
TXN01933,CARD03887,C03887,M014,T014,2026-07-04 04:04:00,26840000,VN,DEV0445,0
TXN01934,CARD04492,C04492,M011,T011,2026-07-24 15:22:00,10460000,VN,DEV0462,0
TXN01935,CARD02001,C02001,M005,T005,2026-07-05 00:12:00,40420000,HK,DEV0798,0
TXN01936,CARD06418,C06418,M008,T008,2026-07-09 06:55:00,4790000,VN,DEV0661,0
TXN01937,CARD06817,C06817,M010,T010,2026-07-18 04:52:00,30600000,VN,DEV1646,0
TXN01938,CARD04678,C04678,M004,T004,2026-07-03 16:26:00,44590000,US,DEV1376,0
TXN01939,CARD05025,C05025,M002,T002,2026-07-08 01:08:00,20930000,HK,DEV1262,0
TXN01940,CARD01438,C01438,M002,T002,2026-07-24 12:49:00,20830000,HK,DEV1739,0
TXN01941,CARD02120,C02120,M014,T014,2026-07-15 20:59:00,41090000,VN,DEV0414,0
TXN01942,CARD09889,C09889,M001,T001,2026-07-15 23:55:00,34250000,VN,DEV0046,0
TXN01943,CARD00261,C00261,M007,T007,2026-07-14 05:49:00,28780000,VN,DEV1594,0
TXN01944,CARD03293,C03293,M003,T003,2026-07-10 04:59:00,28590000,SG,DEV0276,0
TXN01945,CARD09151,C09151,M005,T005,2026-07-11 08:28:00,8710000,US,DEV1572,0
TXN01946,CARD08985,C08985,M003,T003,2026-07-08 02:24:00,37660000,HK,DEV0569,0
TXN01947,CARD02302,C02302,M013,T013,2026-07-07 10:10:00,9190000,VN,DEV1796,0
TXN01948,CARD01047,C01047,M013,T013,2026-07-03 00:31:00,23860000,VN,DEV0810,0
TXN01949,CARD02969,C02969,M006,T006,2026-07-23 22:13:00,21650000,VN,NEW_DEVICE,1
TXN01950,CARD03319,C03319,M011,T011,2026-07-28 05:25:00,31420000,VN,DEV1870,0
TXN01951,CARD02163,C02163,M005,T005,2026-07-25 00:08:00,21940000,SG,DEV0689,0
TXN01952,CARD09110,C09110,M003,T003,2026-07-04 01:18:00,34030000,SG,DEV0295,0
TXN01953,CARD02931,C02931,M007,T007,2026-07-22 22:19:00,48570000,VN,DEV1147,0
TXN01954,CARD08346,C08346,M006,T006,2026-07-06 20:06:00,49710000,VN,DEV1075,0
TXN01955,CARD07976,C07976,M007,T007,2026-07-15 18:20:00,3730000,VN,DEV1678,0
TXN01956,CARD02061,C02061,M003,T003,2026-07-18 09:55:00,18050000,HK,DEV1345,0
TXN01957,CARD07167,C07167,M001,T001,2026-07-20 04:05:00,4640000,VN,DEV1517,0
TXN01958,CARD06367,C06367,M006,T006,2026-07-11 23:45:00,12440000,VN,DEV0627,0
TXN01959,CARD01356,C01356,M014,T014,2026-07-06 13:17:00,39740000,VN,DEV0919,0
TXN01960,CARD02068,C02068,M010,T010,2026-07-11 14:43:00,49910000,VN,DEV1695,0
TXN01961,CARD04193,C04193,M014,T014,2026-07-09 22:43:00,28240000,VN,DEV1136,0
TXN01962,CARD03254,C03254,M002,T002,2026-07-25 22:18:00,36640000,US,DEV0728,0
TXN01963,CARD03182,C03182,M007,T007,2026-07-07 15:08:00,7380000,VN,DEV1366,0
TXN01964,CARD02488,C02488,M007,T007,2026-07-07 13:31:00,2290000,VN,DEV1022,0
TXN01965,CARD06447,C06447,M007,T007,2026-07-13 12:45:00,20700000,VN,DEV1730,0
TXN01966,CARD09785,C09785,M014,T014,2026-07-20 11:12:00,43510000,VN,DEV1754,0
TXN01967,CARD02140,C02140,M007,T007,2026-07-06 13:40:00,5970000,VN,DEV1422,0
TXN01968,CARD05213,C05213,M004,T004,2026-07-12 09:48:00,45420000,HK,DEV1974,0
TXN01969,CARD09997,C09997,M008,T008,2026-07-06 00:22:00,35330000,VN,DEV1070,0
TXN01970,CARD04936,C04936,M010,T010,2026-07-04 03:28:00,5820000,VN,DEV0288,0
TXN01971,CARD01358,C01358,M010,T010,2026-07-27 20:48:00,32460000,VN,DEV0762,0
TXN01972,CARD02233,C02233,M009,T009,2026-07-28 03:55:00,32150000,VN,DEV1124,0
TXN01973,CARD02786,C02786,M009,T009,2026-07-13 04:56:00,44030000,VN,DEV1534,0
TXN01974,CARD03065,C03065,M003,T003,2026-07-24 01:37:00,7070000,US,DEV0317,0
TXN01975,CARD07091,C07091,M013,T013,2026-07-20 05:41:00,22070000,VN,DEV0897,0
TXN01976,CARD08043,C08043,M013,T013,2026-07-01 13:45:00,18620000,VN,DEV0730,0
TXN01977,CARD03184,C03184,M008,T008,2026-07-13 06:05:00,20460000,VN,DEV0085,0
TXN01978,CARD07341,C07341,M009,T009,2026-07-26 10:04:00,36170000,VN,DEV1150,0
TXN01979,CARD06303,C06303,M006,T006,2026-07-22 07:41:00,7520000,VN,DEV0100,0
TXN01980,CARD03639,C03639,M007,T007,2026-07-21 06:12:00,12190000,VN,DEV1788,0
TXN01981,CARD09062,C09062,M001,T001,2026-07-16 20:07:00,39550000,VN,DEV1527,0
TXN01982,CARD01008,C01008,M013,T013,2026-07-04 23:23:00,22800000,VN,DEV0845,0
TXN01983,CARD00185,C00185,M012,T012,2026-07-16 15:02:00,41580000,VN,DEV0381,0
TXN01984,CARD07410,C07410,M008,T008,2026-07-28 11:54:00,22760000,VN,DEV1513,0
TXN01985,CARD00548,C00548,M004,T004,2026-07-02 11:14:00,40820000,HK,DEV0887,0
TXN01986,CARD04504,C04504,M004,T004,2026-07-01 04:32:00,15630000,HK,DEV1290,0
TXN01987,CARD09964,C09964,M003,T003,2026-07-05 02:47:00,45820000,US,DEV1028,0
TXN01988,CARD02024,C02024,M005,T005,2026-07-26 01:32:00,38620000,HK,DEV1619,0
TXN01989,CARD02960,C02960,M002,T002,2026-07-13 08:39:00,16560000,HK,DEV0392,0
TXN01990,CARD02566,C02566,M012,T012,2026-07-12 07:05:00,20360000,VN,DEV1491,0
TXN01991,CARD03827,C03827,M001,T001,2026-07-06 10:38:00,45580000,VN,DEV1222,0
TXN01992,CARD02213,C02213,M013,T013,2026-07-25 16:03:00,41010000,VN,DEV1403,0
TXN01993,CARD07852,C07852,M004,T004,2026-07-06 03:01:00,10830000,HK,DEV0549,0
TXN01994,CARD02083,C02083,M002,T002,2026-07-09 22:05:00,8410000,HK,DEV1503,0
TXN01995,CARD05177,C05177,M011,T011,2026-07-18 05:08:00,29560000,VN,DEV0058,0
TXN01996,CARD02889,C02889,M005,T005,2026-07-23 04:49:00,40170000,HK,DEV1903,0
TXN01997,CARD08519,C08519,M012,T012,2026-07-01 04:49:00,12200000,VN,DEV0262,0
TXN01998,CARD02186,C02186,M011,T011,2026-07-07 18:38:00,33300000,VN,DEV0932,0
TXN01999,CARD04226,C04226,M002,T002,2026-07-21 14:30:00,24010000,HK,DEV1944,0
TXN02000,CARD03192,C03192,M011,T011,2026-07-01 12:30:00,39330000,VN,DEV1554,0
TXN02001,CARD01827,C01827,M010,T010,2026-07-22 01:28:00,14660000,VN,DEV1303,0
TXN02002,CARD07029,C07029,M003,T003,2026-07-12 02:36:00,38170000,SG,DEV0226,0
TXN02003,CARD05550,C05550,M013,T013,2026-07-27 17:16:00,47520000,VN,DEV1068,0
TXN02004,CARD05785,C05785,M010,T010,2026-07-11 22:57:00,40700000,VN,DEV0055,0
TXN02005,CARD03583,C03583,M010,T010,2026-07-22 05:54:00,22350000,VN,DEV1278,0
TXN02006,CARD07966,C07966,M013,T013,2026-07-17 18:42:00,25430000,VN,DEV0876,0
TXN02007,CARD07703,C07703,M008,T008,2026-07-17 21:06:00,31790000,VN,DEV0701,0
TXN02008,CARD05393,C05393,M006,T006,2026-07-01 15:47:00,40100000,VN,DEV0245,0
TXN02009,CARD06269,C06269,M006,T006,2026-07-25 04:33:00,45900000,VN,DEV0277,0
TXN02010,CARD01096,C01096,M009,T009,2026-07-21 13:38:00,20620000,VN,DEV0030,0
TXN02011,CARD05374,C05374,M009,T009,2026-07-13 21:28:00,12170000,VN,DEV0195,0
TXN02012,CARD04509,C04509,M009,T009,2026-07-20 06:16:00,49370000,VN,DEV1493,0
TXN02013,CARD03960,C03960,M001,T001,2026-07-25 17:59:00,30860000,VN,DEV1635,0
TXN02014,CARD00770,C00770,M002,T002,2026-07-06 21:02:00,36650000,SG,DEV1295,0
TXN02015,CARD07728,C07728,M012,T012,2026-07-07 07:01:00,8400000,VN,DEV0781,0
TXN02016,CARD03440,C03440,M006,T006,2026-07-21 00:04:00,46010000,VN,DEV0691,0
TXN02017,CARD01189,C01189,M002,T002,2026-07-26 00:24:00,24760000,HK,DEV1034,0
TXN02018,CARD06607,C06607,M001,T001,2026-07-13 01:29:00,34160000,VN,DEV0594,0
TXN02019,CARD08512,C08512,M001,T001,2026-07-10 09:53:00,31630000,VN,DEV0934,0
TXN02020,CARD04526,C04526,M009,T009,2026-07-06 04:40:00,18940000,VN,DEV0779,0
TXN02021,CARD01523,C01523,M005,T005,2026-07-09 17:32:00,21370000,US,DEV1317,0
TXN02022,CARD02658,C02658,M001,T001,2026-07-18 21:59:00,14230000,VN,DEV0254,0
TXN02023,CARD03158,C03158,M014,T014,2026-07-17 02:19:00,38840000,VN,DEV1494,0
TXN02024,CARD01956,C01956,M011,T011,2026-07-22 12:55:00,13020000,VN,DEV0331,0
TXN02025,CARD00386,C00386,M010,T010,2026-07-12 20:43:00,420000,VN,DEV0652,0
TXN02026,CARD08400,C08400,M013,T013,2026-07-13 04:15:00,32640000,VN,DEV0003,0
TXN02027,CARD01609,C01609,M009,T009,2026-07-24 04:21:00,15310000,VN,DEV0224,0
TXN02028,CARD00062,C00062,M013,T013,2026-07-28 09:25:00,48030000,VN,DEV0813,0
TXN02029,CARD04522,C04522,M012,T012,2026-07-03 18:36:00,46000000,VN,DEV1999,0
TXN02030,CARD00583,C00583,M008,T008,2026-07-10 22:35:00,22380000,VN,DEV0948,0
TXN02031,CARD01385,C01385,M012,T012,2026-07-07 19:45:00,14270000,VN,DEV0339,0
TXN02032,CARD08504,C08504,M008,T008,2026-07-19 05:17:00,31670000,VN,DEV1022,0
TXN02033,CARD07361,C07361,M007,T007,2026-07-13 10:14:00,7830000,VN,DEV1661,0
TXN02034,CARD00462,C00462,M007,T007,2026-07-24 17:40:00,19620000,VN,DEV0560,0
TXN02035,CARD07841,C07841,M001,T001,2026-07-20 15:58:00,14350000,VN,DEV1651,0
TXN02036,CARD09208,C09208,M010,T010,2026-07-24 23:35:00,41690000,VN,DEV1312,0
TXN02037,CARD08131,C08131,M003,T003,2026-07-01 11:49:00,17640000,SG,DEV0787,0
TXN02038,CARD06889,C06889,M002,T002,2026-07-18 09:36:00,21460000,US,DEV1934,0
TXN02039,CARD08949,C08949,M010,T010,2026-07-14 06:38:00,47800000,VN,DEV1221,0
TXN02040,CARD00682,C00682,M004,T004,2026-07-05 07:03:00,37670000,SG,DEV1170,0
TXN02041,CARD09399,C09399,M010,T010,2026-07-27 13:37:00,830000,VN,DEV1986,0
TXN02042,CARD06510,C06510,M009,T009,2026-07-27 02:36:00,33570000,VN,DEV0740,0
TXN02043,CARD08625,C08625,M005,T005,2026-07-07 03:20:00,3780000,HK,DEV1393,0
TXN02044,CARD05747,C05747,M002,T002,2026-07-02 16:29:00,14280000,SG,DEV1194,0
TXN02045,CARD03086,C03086,M008,T008,2026-07-26 15:23:00,43000000,VN,DEV0998,0
TXN02046,CARD07047,C07047,M001,T001,2026-07-02 06:13:00,12690000,VN,DEV1180,0
TXN02047,CARD05958,C05958,M001,T001,2026-07-11 15:13:00,34980000,VN,DEV1703,0
TXN02048,CARD01164,C01164,M008,T008,2026-07-18 09:53:00,6820000,VN,DEV1966,0
TXN02049,CARD03569,C03569,M006,T006,2026-07-10 13:46:00,20550000,VN,DEV1859,0
TXN02050,CARD00318,C00318,M009,T009,2026-07-24 06:56:00,3340000,VN,DEV1368,0
TXN02051,CARD03840,C03840,M002,T002,2026-07-02 23:43:00,13860000,SG,DEV1679,0
TXN02052,CARD04583,C04583,M001,T001,2026-07-25 19:31:00,15240000,VN,DEV0786,0
TXN02053,CARD02602,C02602,M003,T003,2026-07-25 17:21:00,49490000,SG,DEV0836,0
TXN02054,CARD08793,C08793,M002,T002,2026-07-25 00:36:00,26810000,HK,DEV1961,0
TXN02055,CARD03995,C03995,M004,T004,2026-07-11 11:31:00,20140000,SG,DEV0120,0
TXN02056,CARD00180,C00180,M008,T008,2026-07-23 07:00:00,23990000,VN,DEV1833,0
TXN02057,CARD09760,C09760,M001,T001,2026-07-13 03:38:00,18850000,VN,DEV0260,0
TXN02058,CARD01121,C01121,M008,T008,2026-07-20 13:36:00,35210000,VN,DEV0782,0
TXN02059,CARD04731,C04731,M013,T013,2026-07-19 07:04:00,45520000,VN,DEV1247,0
TXN02060,CARD03206,C03206,M008,T008,2026-07-09 18:42:00,34310000,VN,DEV0306,0
TXN02061,CARD06381,C06381,M003,T003,2026-07-06 02:26:00,5770000,HK,DEV1488,0
TXN02062,CARD01461,C01461,M007,T007,2026-07-28 11:38:00,9360000,VN,NEW_DEVICE,1
TXN02063,CARD05746,C05746,M001,T001,2026-07-08 14:55:00,45010000,VN,DEV0497,0
TXN02064,CARD07656,C07656,M004,T004,2026-07-23 13:07:00,25550000,HK,DEV1498,0
TXN02065,CARD06065,C06065,M014,T014,2026-07-02 00:12:00,28340000,VN,DEV0528,0
TXN02066,CARD03689,C03689,M006,T006,2026-07-05 11:09:00,6540000,VN,DEV0584,0
TXN02067,CARD05423,C05423,M012,T012,2026-07-27 09:42:00,45970000,VN,DEV0082,0
TXN02068,CARD09360,C09360,M006,T006,2026-07-06 04:18:00,46830000,VN,DEV0113,0
TXN02069,CARD00637,C00637,M002,T002,2026-07-19 23:44:00,37850000,SG,DEV0893,0
TXN02070,CARD00085,C00085,M010,T010,2026-07-20 15:47:00,34840000,VN,DEV1223,0
TXN02071,CARD05159,C05159,M004,T004,2026-07-19 21:30:00,5480000,US,DEV0984,0
TXN02072,CARD06380,C06380,M014,T014,2026-07-12 09:26:00,38260000,VN,DEV1430,0
TXN02073,CARD06966,C06966,M014,T014,2026-07-25 02:23:00,10500000,HK,NEW_DEVICE,1
TXN02074,CARD00714,C00714,M007,T007,2026-07-15 09:46:00,21030000,VN,DEV0715,0
TXN02075,CARD03572,C03572,M005,T005,2026-07-12 15:00:00,35890000,US,DEV1827,0
TXN02076,CARD04827,C04827,M005,T005,2026-07-15 13:57:00,36120000,US,DEV1632,0
TXN02077,CARD04931,C04931,M012,T012,2026-07-13 01:04:00,36760000,VN,DEV1833,0
TXN02078,CARD02299,C02299,M007,T007,2026-07-10 21:41:00,22950000,VN,DEV0299,0
TXN02079,CARD07529,C07529,M002,T002,2026-07-15 17:56:00,18560000,HK,DEV1321,0
TXN02080,CARD01775,C01775,M014,T014,2026-07-26 04:08:00,35620000,VN,DEV1962,0
TXN02081,CARD02399,C02399,M003,T003,2026-07-22 16:16:00,20150000,SG,DEV0184,0
TXN02082,CARD09345,C09345,M001,T001,2026-07-09 09:07:00,13500000,VN,DEV0908,0
TXN02083,CARD04170,C04170,M009,T009,2026-07-13 09:42:00,19450000,VN,DEV0073,0
TXN02084,CARD07844,C07844,M014,T014,2026-07-13 10:02:00,44330000,VN,DEV1318,0
TXN02085,CARD08374,C08374,M007,T007,2026-07-03 23:14:00,3210000,VN,DEV0264,0
TXN02086,CARD03615,C03615,M012,T012,2026-07-07 05:36:00,18900000,VN,DEV1418,0
TXN02087,CARD03116,C03116,M012,T012,2026-07-24 18:22:00,36980000,VN,DEV0774,0
TXN02088,CARD00713,C00713,M014,T014,2026-07-04 09:16:00,9500000,VN,DEV1665,0
TXN02089,CARD04470,C04470,M006,T006,2026-07-18 23:59:00,8480000,VN,DEV1357,0
TXN02090,CARD06593,C06593,M008,T008,2026-07-17 21:20:00,37880000,VN,DEV1897,0
TXN02091,CARD01928,C01928,M004,T004,2026-07-17 18:33:00,44220000,US,DEV0528,0
TXN02092,CARD05494,C05494,M004,T004,2026-07-06 07:08:00,38690000,US,DEV1575,0
TXN02093,CARD09529,C09529,M005,T005,2026-07-04 07:35:00,41540000,US,DEV1081,0
TXN02094,CARD02206,C02206,M009,T009,2026-07-28 03:27:00,20670000,VN,DEV1419,0
TXN02095,CARD08132,C08132,M001,T001,2026-07-19 11:26:00,15980000,VN,DEV1377,0
TXN02096,CARD04024,C04024,M009,T009,2026-07-14 03:30:00,8920000,VN,DEV1022,0
TXN02097,CARD02996,C02996,M013,T013,2026-07-12 22:54:00,9830000,VN,DEV0964,0
TXN02098,CARD02615,C02615,M009,T009,2026-07-16 18:56:00,45140000,VN,DEV1200,0
TXN02099,CARD08104,C08104,M003,T003,2026-07-15 12:14:00,12970000,SG,DEV1200,0
TXN02100,CARD08802,C08802,M011,T011,2026-07-22 18:32:00,9460000,VN,DEV0026,0
TXN02101,CARD03956,C03956,M002,T002,2026-07-12 19:35:00,13020000,HK,DEV0844,0
TXN02102,CARD05960,C05960,M004,T004,2026-07-08 18:42:00,20830000,US,DEV1815,0
TXN02103,CARD08896,C08896,M004,T004,2026-07-26 20:47:00,18260000,US,DEV0055,0
TXN02104,CARD00680,C00680,M004,T004,2026-07-02 00:45:00,23060000,SG,DEV0238,0
TXN02105,CARD09476,C09476,M010,T010,2026-07-24 20:17:00,250000,VN,DEV1818,0
TXN02106,CARD08387,C08387,M004,T004,2026-07-01 05:45:00,20650000,US,DEV1875,0
TXN02107,CARD06418,C06418,M013,T013,2026-07-03 03:24:00,29340000,VN,DEV0103,0
TXN02108,CARD01874,C01874,M009,T009,2026-07-19 17:19:00,49310000,US,NEW_DEVICE,1
TXN02109,CARD07123,C07123,M005,T005,2026-07-07 07:36:00,21940000,HK,DEV0364,0
TXN02110,CARD07731,C07731,M008,T008,2026-07-04 22:43:00,26480000,VN,DEV1292,0
TXN02111,CARD08844,C08844,M012,T012,2026-07-10 17:31:00,32900000,VN,DEV0165,0
TXN02112,CARD09952,C09952,M004,T004,2026-07-03 13:10:00,45480000,HK,DEV0744,0
TXN02113,CARD07362,C07362,M011,T011,2026-07-05 02:01:00,41680000,VN,DEV0220,0
TXN02114,CARD06060,C06060,M012,T012,2026-07-13 19:13:00,14730000,VN,DEV1033,0
TXN02115,CARD04799,C04799,M011,T011,2026-07-18 22:53:00,36530000,VN,DEV0236,0
TXN02116,CARD00431,C00431,M008,T008,2026-07-20 09:43:00,11230000,VN,DEV0534,0
TXN02117,CARD00030,C00030,M013,T013,2026-07-20 19:07:00,39220000,VN,DEV0346,0
TXN02118,CARD01879,C01879,M011,T011,2026-07-03 08:43:00,450000,VN,DEV1841,0
TXN02119,CARD02060,C02060,M002,T002,2026-07-28 07:52:00,48440000,NG,NEW_DEVICE,1
TXN02120,CARD06947,C06947,M011,T011,2026-07-20 10:59:00,40220000,VN,DEV1950,0
TXN02121,CARD03483,C03483,M005,T005,2026-07-11 20:26:00,29390000,HK,NEW_DEVICE,1
TXN02122,CARD04568,C04568,M013,T013,2026-07-25 03:17:00,11100000,VN,DEV0241,0
TXN02123,CARD03724,C03724,M003,T003,2026-07-19 10:45:00,6160000,SG,DEV0418,0
TXN02124,CARD01686,C01686,M002,T002,2026-07-05 23:21:00,29610000,SG,DEV0177,0
TXN02125,CARD06811,C06811,M006,T006,2026-07-01 02:24:00,29390000,VN,DEV0948,0
TXN02126,CARD09082,C09082,M001,T001,2026-07-10 02:41:00,5280000,VN,DEV1711,0
TXN02127,CARD02233,C02233,M007,T007,2026-07-23 20:28:00,1380000,VN,DEV1638,0
TXN02128,CARD03709,C03709,M006,T006,2026-07-13 01:42:00,22850000,US,NEW_DEVICE,1
TXN02129,CARD09317,C09317,M014,T014,2026-07-18 20:54:00,5300000,VN,DEV0129,0
TXN02130,CARD08874,C08874,M008,T008,2026-07-11 16:11:00,6480000,VN,DEV0928,0
TXN02131,CARD08862,C08862,M007,T007,2026-07-27 09:54:00,42270000,VN,DEV0174,0
TXN02132,CARD07848,C07848,M006,T006,2026-07-14 19:45:00,8340000,VN,DEV0699,0
TXN02133,CARD03406,C03406,M004,T004,2026-07-09 09:08:00,42390000,US,DEV0682,0
TXN02134,CARD05727,C05727,M002,T002,2026-07-13 04:14:00,29980000,US,DEV0886,0
TXN02135,CARD02497,C02497,M007,T007,2026-07-01 08:08:00,39400000,VN,DEV1781,0
TXN02136,CARD05637,C05637,M011,T011,2026-07-11 16:32:00,14100000,VN,DEV0515,0
TXN02137,CARD08866,C08866,M010,T010,2026-07-10 08:54:00,8770000,VN,DEV0436,0
TXN02138,CARD01024,C01024,M006,T006,2026-07-23 16:10:00,26720000,VN,NEW_DEVICE,1
TXN02139,CARD09402,C09402,M011,T011,2026-07-09 22:15:00,17840000,VN,DEV1350,0
TXN02140,CARD01315,C01315,M010,T010,2026-07-03 05:29:00,10130000,VN,DEV1289,0
TXN02141,CARD07390,C07390,M013,T013,2026-07-15 09:29:00,4650000,VN,DEV1566,0
TXN02142,CARD02979,C02979,M003,T003,2026-07-17 18:52:00,32200000,US,DEV1832,0
TXN02143,CARD04171,C04171,M007,T007,2026-07-18 12:24:00,9860000,VN,DEV1188,0
TXN02144,CARD04708,C04708,M012,T012,2026-07-10 10:00:00,21150000,VN,DEV0894,0
TXN02145,CARD05241,C05241,M001,T001,2026-07-25 12:58:00,20050000,VN,DEV1700,0
TXN02146,CARD01060,C01060,M012,T012,2026-07-17 22:01:00,15280000,VN,DEV0735,0
TXN02147,CARD01611,C01611,M008,T008,2026-07-11 19:19:00,8330000,VN,DEV0467,0
TXN02148,CARD00178,C00178,M013,T013,2026-07-26 15:27:00,23060000,VN,DEV1916,0
TXN02149,CARD02028,C02028,M013,T013,2026-07-24 12:20:00,33400000,VN,DEV1075,0
TXN02150,CARD01384,C01384,M006,T006,2026-07-17 01:35:00,43750000,VN,DEV0089,0
TXN02151,CARD06728,C06728,M009,T009,2026-07-03 22:05:00,12330000,VN,DEV0941,0
TXN02152,CARD01974,C01974,M001,T001,2026-07-04 02:36:00,43610000,VN,DEV1424,0
TXN02153,CARD01685,C01685,M002,T002,2026-07-27 20:10:00,39020000,US,DEV0177,0
TXN02154,CARD09542,C09542,M012,T012,2026-07-25 10:28:00,37000000,VN,DEV0191,0
TXN02155,CARD01048,C01048,M010,T010,2026-07-08 23:45:00,48630000,VN,DEV0413,0
TXN02156,CARD07136,C07136,M011,T011,2026-07-23 06:38:00,37170000,VN,DEV0362,0
TXN02157,CARD00505,C00505,M011,T011,2026-07-26 01:54:00,8360000,VN,DEV0893,0
TXN02158,CARD01400,C01400,M011,T011,2026-07-05 05:43:00,9960000,VN,DEV1424,0
TXN02159,CARD00164,C00164,M002,T002,2026-07-09 23:58:00,7680000,HK,DEV0749,0
TXN02160,CARD01792,C01792,M001,T001,2026-07-26 08:17:00,6940000,VN,DEV0358,0
TXN02161,CARD07724,C07724,M009,T009,2026-07-12 19:37:00,29070000,VN,DEV0338,0
TXN02162,CARD06726,C06726,M004,T004,2026-07-27 08:09:00,43400000,US,DEV1373,0
TXN02163,CARD04412,C04412,M007,T007,2026-07-14 07:53:00,38240000,VN,DEV0577,0
TXN02164,CARD02645,C02645,M004,T004,2026-07-16 15:22:00,17320000,SG,DEV0241,0
TXN02165,CARD05898,C05898,M014,T014,2026-07-08 06:27:00,6210000,VN,DEV0089,0
TXN02166,CARD01761,C01761,M001,T001,2026-07-16 18:09:00,48370000,VN,DEV1588,0
TXN02167,CARD07134,C07134,M010,T010,2026-07-22 18:48:00,6480000,VN,DEV1720,0
TXN02168,CARD06625,C06625,M010,T010,2026-07-27 17:08:00,17610000,VN,DEV1737,0
TXN02169,CARD05058,C05058,M005,T005,2026-07-19 03:39:00,770000,HK,DEV0274,0
TXN02170,CARD03486,C03486,M003,T003,2026-07-09 02:02:00,47120000,SG,DEV1139,0
TXN02171,CARD01452,C01452,M001,T001,2026-07-23 15:54:00,20520000,VN,DEV0497,0
TXN02172,CARD02798,C02798,M002,T002,2026-07-12 07:32:00,42090000,US,DEV1056,0
TXN02173,CARD00673,C00673,M006,T006,2026-07-23 05:09:00,32060000,VN,DEV1551,0
TXN02174,CARD06210,C06210,M007,T007,2026-07-24 07:25:00,3330000,VN,DEV0605,0
TXN02175,CARD05103,C05103,M005,T005,2026-07-20 13:07:00,9620000,US,DEV1492,0
TXN02176,CARD05946,C05946,M012,T012,2026-07-28 13:21:00,3500000,VN,DEV1479,0
TXN02177,CARD07992,C07992,M007,T007,2026-07-20 05:31:00,580000,VN,DEV0452,0
TXN02178,CARD03358,C03358,M001,T001,2026-07-16 15:57:00,35830000,VN,DEV0162,0
TXN02179,CARD01584,C01584,M002,T002,2026-07-17 07:37:00,16880000,SG,DEV0841,0
TXN02180,CARD09162,C09162,M011,T011,2026-07-25 13:10:00,26630000,VN,DEV0802,0
TXN02181,CARD09681,C09681,M013,T013,2026-07-17 19:58:00,49000000,VN,DEV1464,0
TXN02182,CARD06526,C06526,M014,T014,2026-07-13 04:37:00,26290000,VN,DEV0186,0
TXN02183,CARD05304,C05304,M013,T013,2026-07-16 19:18:00,27720000,VN,DEV0104,0
TXN02184,CARD02488,C02488,M005,T005,2026-07-24 07:28:00,34400000,HK,DEV0935,0
TXN02185,CARD03927,C03927,M003,T003,2026-07-15 17:46:00,9310000,US,DEV1160,0
TXN02186,CARD03288,C03288,M005,T005,2026-07-15 17:40:00,24090000,US,DEV1099,0
TXN02187,CARD04637,C04637,M008,T008,2026-07-06 00:09:00,25110000,VN,DEV0446,0
TXN02188,CARD05385,C05385,M002,T002,2026-07-27 17:28:00,4480000,HK,DEV1705,0
TXN02189,CARD01641,C01641,M008,T008,2026-07-08 01:31:00,31590000,VN,DEV0326,0
TXN02190,CARD01737,C01737,M011,T011,2026-07-22 01:59:00,40800000,VN,DEV0304,0
TXN02191,CARD08520,C08520,M006,T006,2026-07-23 00:03:00,7180000,NG,NEW_DEVICE,1
TXN02192,CARD09440,C09440,M002,T002,2026-07-19 15:12:00,10940000,US,DEV1392,0
TXN02193,CARD02531,C02531,M005,T005,2026-07-16 13:46:00,36630000,SG,DEV1456,0
TXN02194,CARD04596,C04596,M011,T011,2026-07-28 17:44:00,43250000,VN,DEV1936,0
TXN02195,CARD07682,C07682,M011,T011,2026-07-15 22:00:00,36220000,VN,DEV1406,0
TXN02196,CARD07918,C07918,M012,T012,2026-07-19 09:01:00,19080000,VN,DEV1059,0
TXN02197,CARD03377,C03377,M007,T007,2026-07-04 18:39:00,34860000,VN,DEV0805,0
TXN02198,CARD06206,C06206,M013,T013,2026-07-21 11:25:00,48710000,VN,DEV0420,0
TXN02199,CARD01398,C01398,M013,T013,2026-07-07 08:57:00,40710000,VN,DEV1978,0
TXN02200,CARD04324,C04324,M001,T001,2026-07-19 02:08:00,17730000,VN,DEV0346,0
TXN02201,CARD03493,C03493,M011,T011,2026-07-13 10:13:00,46140000,VN,DEV1382,0
TXN02202,CARD09685,C09685,M005,T005,2026-07-12 15:04:00,28790000,VN,NEW_DEVICE,1
TXN02203,CARD09696,C09696,M005,T005,2026-07-20 18:25:00,36860000,SG,DEV0350,0
TXN02204,CARD02411,C02411,M012,T012,2026-07-01 02:12:00,42560000,VN,DEV0915,0
TXN02205,CARD08105,C08105,M014,T014,2026-07-02 06:44:00,2830000,VN,DEV0300,0
TXN02206,CARD00951,C00951,M012,T012,2026-07-23 05:11:00,19150000,VN,DEV1757,0
TXN02207,CARD08667,C08667,M006,T006,2026-07-16 08:58:00,17630000,VN,DEV0876,0
TXN02208,CARD03086,C03086,M003,T003,2026-07-12 07:11:00,4450000,US,DEV0740,0
TXN02209,CARD07217,C07217,M009,T009,2026-07-01 23:14:00,28670000,VN,DEV1152,0
TXN02210,CARD03654,C03654,M010,T010,2026-07-26 20:09:00,47460000,VN,DEV1660,0
TXN02211,CARD05515,C05515,M011,T011,2026-07-03 17:17:00,37360000,VN,DEV0855,0
TXN02212,CARD07241,C07241,M010,T010,2026-07-22 00:52:00,35860000,VN,DEV0970,0
TXN02213,CARD06477,C06477,M002,T002,2026-07-14 01:37:00,9040000,SG,DEV1306,0
TXN02214,CARD09254,C09254,M001,T001,2026-07-05 13:35:00,32240000,VN,DEV1626,0
TXN02215,CARD06851,C06851,M012,T012,2026-07-08 22:30:00,6910000,VN,DEV1497,0
TXN02216,CARD08945,C08945,M008,T008,2026-07-20 15:34:00,35270000,VN,DEV0019,0
TXN02217,CARD04690,C04690,M009,T009,2026-07-13 22:38:00,12040000,VN,DEV1860,0
TXN02218,CARD00896,C00896,M002,T002,2026-07-25 13:45:00,17410000,SG,DEV0385,0
TXN02219,CARD07534,C07534,M013,T013,2026-07-17 19:45:00,19570000,VN,DEV0780,0
TXN02220,CARD02531,C02531,M005,T005,2026-07-24 13:19:00,24200000,HK,DEV0563,0
TXN02221,CARD01325,C01325,M001,T001,2026-07-24 16:46:00,32590000,VN,DEV1297,0
TXN02222,CARD07055,C07055,M014,T014,2026-07-04 03:08:00,14680000,VN,DEV0651,0
TXN02223,CARD03488,C03488,M010,T010,2026-07-14 05:08:00,10000000,VN,DEV1266,0
TXN02224,CARD07295,C07295,M013,T013,2026-07-16 02:39:00,47270000,VN,DEV0667,0
TXN02225,CARD01772,C01772,M009,T009,2026-07-15 12:45:00,10290000,VN,DEV1952,0
TXN02226,CARD01097,C01097,M008,T008,2026-07-17 15:40:00,27090000,VN,DEV1699,0
TXN02227,CARD09934,C09934,M009,T009,2026-07-10 08:42:00,28780000,VN,DEV0540,0
TXN02228,CARD00425,C00425,M014,T014,2026-07-25 00:24:00,39910000,VN,DEV0632,0
TXN02229,CARD08528,C08528,M001,T001,2026-07-24 21:13:00,33810000,VN,DEV0296,0
TXN02230,CARD04575,C04575,M001,T001,2026-07-27 05:30:00,26650000,VN,DEV1132,0
TXN02231,CARD09843,C09843,M012,T012,2026-07-10 05:24:00,33650000,VN,DEV0095,0
TXN02232,CARD00747,C00747,M013,T013,2026-07-27 11:02:00,20860000,VN,DEV1893,0
TXN02233,CARD07414,C07414,M002,T002,2026-07-22 21:51:00,34340000,HK,DEV0012,0
TXN02234,CARD07406,C07406,M001,T001,2026-07-15 12:40:00,24790000,VN,DEV1891,0
TXN02235,CARD07374,C07374,M014,T014,2026-07-23 12:21:00,38770000,VN,DEV0758,0
TXN02236,CARD08124,C08124,M013,T013,2026-07-04 07:56:00,2700000,VN,DEV1260,0
TXN02237,CARD01321,C01321,M008,T008,2026-07-19 05:20:00,49610000,VN,DEV0571,0
TXN02238,CARD03088,C03088,M004,T004,2026-07-28 01:31:00,6620000,HK,DEV1302,0
TXN02239,CARD04944,C04944,M002,T002,2026-07-23 06:57:00,40010000,SG,DEV0312,0
TXN02240,CARD05488,C05488,M003,T003,2026-07-04 08:45:00,5740000,HK,DEV0828,0
TXN02241,CARD06778,C06778,M012,T012,2026-07-22 01:56:00,33800000,VN,DEV1303,0
TXN02242,CARD06375,C06375,M011,T011,2026-07-19 07:53:00,24930000,VN,DEV0819,0
TXN02243,CARD08744,C08744,M001,T001,2026-07-08 16:48:00,11780000,VN,DEV0805,0
TXN02244,CARD02522,C02522,M009,T009,2026-07-11 00:11:00,41450000,VN,DEV0229,0
TXN02245,CARD03186,C03186,M005,T005,2026-07-05 17:13:00,24730000,US,DEV0159,0
TXN02246,CARD04909,C04909,M010,T010,2026-07-25 18:55:00,24990000,VN,DEV1272,0
TXN02247,CARD05637,C05637,M002,T002,2026-07-02 11:02:00,43620000,SG,DEV1088,0
TXN02248,CARD04673,C04673,M004,T004,2026-07-20 06:21:00,17560000,SG,DEV1012,0
TXN02249,CARD02475,C02475,M002,T002,2026-07-22 09:54:00,48840000,HK,DEV0904,0
TXN02250,CARD06403,C06403,M002,T002,2026-07-16 16:36:00,42790000,SG,DEV1692,0
TXN02251,CARD07009,C07009,M011,T011,2026-07-21 01:06:00,7260000,VN,DEV0217,0
TXN02252,CARD06433,C06433,M012,T012,2026-07-10 04:50:00,22570000,VN,DEV1083,0
TXN02253,CARD06043,C06043,M011,T011,2026-07-24 05:59:00,21980000,VN,DEV1505,0
TXN02254,CARD06254,C06254,M009,T009,2026-07-20 06:50:00,23690000,VN,DEV1886,0
TXN02255,CARD03558,C03558,M002,T002,2026-07-25 10:43:00,280000,US,DEV1807,0
TXN02256,CARD09331,C09331,M014,T014,2026-07-08 03:09:00,8640000,VN,DEV0801,0
TXN02257,CARD08777,C08777,M005,T005,2026-07-05 22:28:00,49730000,SG,DEV1074,0
TXN02258,CARD01157,C01157,M012,T012,2026-07-10 16:13:00,23950000,VN,DEV0415,0
TXN02259,CARD09877,C09877,M001,T001,2026-07-05 22:47:00,44620000,VN,DEV1861,0
TXN02260,CARD00403,C00403,M005,T005,2026-07-23 11:32:00,30200000,HK,DEV1752,0
TXN02261,CARD02314,C02314,M011,T011,2026-07-04 15:10:00,20610000,VN,DEV1961,0
TXN02262,CARD06498,C06498,M012,T012,2026-07-10 22:34:00,6600000,VN,DEV0635,0
TXN02263,CARD01845,C01845,M012,T012,2026-07-28 12:31:00,42870000,VN,DEV0880,0
TXN02264,CARD00835,C00835,M003,T003,2026-07-18 04:38:00,4600000,HK,DEV1961,0
TXN02265,CARD01132,C01132,M012,T012,2026-07-01 18:16:00,47820000,VN,DEV0357,0
TXN02266,CARD07008,C07008,M006,T006,2026-07-26 00:23:00,40290000,VN,DEV1382,0
TXN02267,CARD09737,C09737,M010,T010,2026-07-07 00:07:00,5980000,VN,DEV1539,0
TXN02268,CARD03973,C03973,M013,T013,2026-07-24 01:22:00,23520000,VN,DEV0573,0
TXN02269,CARD00746,C00746,M001,T001,2026-07-25 02:19:00,36400000,VN,DEV0675,0
TXN02270,CARD06360,C06360,M006,T006,2026-07-16 05:08:00,22820000,VN,DEV0944,0
TXN02271,CARD09466,C09466,M006,T006,2026-07-17 17:17:00,11380000,VN,DEV1242,0
TXN02272,CARD05268,C05268,M005,T005,2026-07-23 03:16:00,26660000,SG,DEV0123,0
TXN02273,CARD09123,C09123,M005,T005,2026-07-19 15:52:00,26610000,HK,DEV0815,0
TXN02274,CARD00591,C00591,M005,T005,2026-07-11 10:17:00,11400000,HK,DEV0335,0
TXN02275,CARD04510,C04510,M009,T009,2026-07-28 06:19:00,32230000,VN,DEV1603,0
TXN02276,CARD02082,C02082,M001,T001,2026-07-11 22:55:00,9570000,VN,DEV1095,0
TXN02277,CARD08001,C08001,M007,T007,2026-07-28 01:31:00,42100000,VN,DEV0634,0
TXN02278,CARD03455,C03455,M009,T009,2026-07-21 08:49:00,41910000,VN,DEV1192,0
TXN02279,CARD05237,C05237,M005,T005,2026-07-10 04:36:00,530000,HK,DEV0140,0
TXN02280,CARD05130,C05130,M006,T006,2026-07-19 22:57:00,18200000,VN,DEV0071,0
TXN02281,CARD08077,C08077,M008,T008,2026-07-21 04:00:00,37940000,VN,DEV0946,0
TXN02282,CARD07460,C07460,M003,T003,2026-07-18 04:18:00,29300000,HK,DEV1072,0
TXN02283,CARD08938,C08938,M005,T005,2026-07-10 15:32:00,10190000,HK,DEV0623,0
TXN02284,CARD02706,C02706,M014,T014,2026-07-01 20:09:00,1670000,VN,DEV1936,0
TXN02285,CARD09379,C09379,M008,T008,2026-07-05 15:06:00,18340000,VN,DEV0594,0
TXN02286,CARD03011,C03011,M014,T014,2026-07-05 06:08:00,11790000,VN,DEV0071,0
TXN02287,CARD05852,C05852,M004,T004,2026-07-17 22:11:00,13460000,US,DEV0518,0
TXN02288,CARD05101,C05101,M003,T003,2026-07-20 10:20:00,16830000,HK,DEV1160,0
TXN02289,CARD05977,C05977,M013,T013,2026-07-05 21:39:00,7020000,VN,DEV0263,0
TXN02290,CARD04183,C04183,M002,T002,2026-07-14 00:08:00,30140000,HK,DEV0943,0
TXN02291,CARD08576,C08576,M011,T011,2026-07-25 14:53:00,40710000,VN,DEV0205,0
TXN02292,CARD07990,C07990,M010,T010,2026-07-06 23:32:00,19580000,VN,DEV1669,0
TXN02293,CARD09850,C09850,M003,T003,2026-07-01 08:23:00,410000,US,DEV0984,0
TXN02294,CARD07653,C07653,M005,T005,2026-07-07 21:04:00,18720000,SG,DEV1864,0
TXN02295,CARD07091,C07091,M011,T011,2026-07-14 13:34:00,39530000,VN,DEV1031,0
TXN02296,CARD06547,C06547,M011,T011,2026-07-21 14:40:00,8190000,VN,DEV0584,0
TXN02297,CARD02145,C02145,M012,T012,2026-07-01 09:31:00,46600000,VN,DEV1782,0
TXN02298,CARD07243,C07243,M011,T011,2026-07-24 23:51:00,45400000,VN,DEV1912,0
TXN02299,CARD08221,C08221,M012,T012,2026-07-01 06:14:00,26080000,VN,DEV1473,0
TXN02300,CARD03334,C03334,M009,T009,2026-07-28 07:08:00,34950000,VN,DEV0355,0
TXN02301,CARD09167,C09167,M007,T007,2026-07-27 20:52:00,11130000,VN,DEV0473,0
TXN02302,CARD02377,C02377,M006,T006,2026-07-24 17:10:00,12870000,VN,DEV1453,0
TXN02303,CARD02440,C02440,M008,T008,2026-07-19 10:27:00,12490000,VN,DEV0454,0
TXN02304,CARD09498,C09498,M001,T001,2026-07-16 03:11:00,6310000,VN,DEV1760,0
TXN02305,CARD06689,C06689,M004,T004,2026-07-04 00:01:00,19070000,HK,DEV1662,0
TXN02306,CARD03062,C03062,M002,T002,2026-07-25 05:46:00,12890000,HK,DEV1669,0
TXN02307,CARD04474,C04474,M005,T005,2026-07-20 14:33:00,4040000,HK,DEV0485,0
TXN02308,CARD06892,C06892,M001,T001,2026-07-22 23:33:00,18290000,VN,DEV0461,0
TXN02309,CARD03708,C03708,M001,T001,2026-07-02 13:00:00,31530000,VN,DEV0344,0
TXN02310,CARD09538,C09538,M004,T004,2026-07-10 12:53:00,43270000,US,DEV0384,0
TXN02311,CARD05423,C05423,M003,T003,2026-07-25 19:05:00,45480000,SG,DEV1511,0
TXN02312,CARD04064,C04064,M001,T001,2026-07-20 18:08:00,1440000,VN,DEV1806,0
TXN02313,CARD09387,C09387,M011,T011,2026-07-01 18:34:00,47370000,VN,DEV1187,0
TXN02314,CARD02016,C02016,M014,T014,2026-07-19 09:20:00,9250000,VN,DEV0393,0
TXN02315,CARD00324,C00324,M007,T007,2026-07-05 15:51:00,34340000,VN,DEV0967,0
TXN02316,CARD00219,C00219,M005,T005,2026-07-15 12:20:00,20870000,SG,DEV1391,0
TXN02317,CARD09668,C09668,M010,T010,2026-07-08 09:00:00,21850000,VN,DEV0627,0
TXN02318,CARD00167,C00167,M009,T009,2026-07-23 17:39:00,550000,VN,DEV0649,0
TXN02319,CARD09160,C09160,M005,T005,2026-07-09 13:32:00,44450000,US,DEV1867,0
TXN02320,CARD00612,C00612,M011,T011,2026-07-04 04:38:00,23910000,VN,DEV1350,0
TXN02321,CARD01952,C01952,M014,T014,2026-07-08 04:19:00,16940000,VN,DEV0852,0
TXN02322,CARD01990,C01990,M010,T010,2026-07-18 01:41:00,43940000,VN,DEV1276,0
TXN02323,CARD09962,C09962,M009,T009,2026-07-07 23:25:00,7080000,VN,DEV0866,0
TXN02324,CARD07864,C07864,M012,T012,2026-07-13 02:14:00,31340000,VN,DEV0821,0
TXN02325,CARD02287,C02287,M014,T014,2026-07-20 12:01:00,48120000,VN,DEV1402,0
TXN02326,CARD05562,C05562,M012,T012,2026-07-16 02:07:00,890000,VN,DEV0286,0
TXN02327,CARD00289,C00289,M001,T001,2026-07-06 14:58:00,18290000,VN,DEV0033,0
TXN02328,CARD01863,C01863,M010,T010,2026-07-17 02:06:00,9540000,VN,DEV1882,0
TXN02329,CARD03947,C03947,M001,T001,2026-07-23 20:20:00,14500000,VN,DEV1341,0
TXN02330,CARD08584,C08584,M008,T008,2026-07-08 06:53:00,10170000,VN,DEV1727,0
TXN02331,CARD01198,C01198,M003,T003,2026-07-16 03:38:00,44780000,SG,DEV1074,0
TXN02332,CARD08188,C08188,M006,T006,2026-07-18 06:58:00,10170000,VN,DEV0530,0
TXN02333,CARD09588,C09588,M008,T008,2026-07-10 03:04:00,9500000,VN,DEV1360,0
TXN02334,CARD02933,C02933,M012,T012,2026-07-21 01:03:00,24770000,VN,DEV0631,0
TXN02335,CARD08390,C08390,M013,T013,2026-07-20 20:27:00,26130000,VN,DEV1286,0
TXN02336,CARD05333,C05333,M003,T003,2026-07-14 02:29:00,24930000,US,DEV0836,0
TXN02337,CARD02450,C02450,M002,T002,2026-07-15 17:54:00,20480000,SG,DEV0515,0
TXN02338,CARD07942,C07942,M013,T013,2026-07-17 11:22:00,14000000,VN,DEV0712,0
TXN02339,CARD03441,C03441,M002,T002,2026-07-04 14:39:00,18320000,SG,DEV1756,0
TXN02340,CARD09827,C09827,M014,T014,2026-07-19 00:53:00,21180000,VN,DEV0967,0
TXN02341,CARD01195,C01195,M010,T010,2026-07-05 05:34:00,34440000,VN,DEV1281,0
TXN02342,CARD02998,C02998,M009,T009,2026-07-08 06:27:00,17390000,HK,NEW_DEVICE,1
TXN02343,CARD08445,C08445,M011,T011,2026-07-02 16:57:00,27610000,VN,DEV1958,0
TXN02344,CARD07180,C07180,M004,T004,2026-07-24 06:30:00,43230000,US,DEV0447,0
TXN02345,CARD08452,C08452,M013,T013,2026-07-11 04:33:00,38390000,VN,DEV0660,0
TXN02346,CARD01167,C01167,M004,T004,2026-07-24 20:47:00,22200000,HK,DEV1799,0
TXN02347,CARD00972,C00972,M005,T005,2026-07-02 06:39:00,32880000,SG,DEV0588,0
TXN02348,CARD04512,C04512,M013,T013,2026-07-28 06:44:00,47660000,VN,DEV0676,0
TXN02349,CARD09177,C09177,M007,T007,2026-07-28 03:56:00,49810000,VN,DEV0261,0
TXN02350,CARD05114,C05114,M008,T008,2026-07-15 04:25:00,34800000,VN,DEV0894,0
TXN02351,CARD00412,C00412,M004,T004,2026-07-26 10:33:00,42680000,SG,DEV0226,0
TXN02352,CARD05658,C05658,M004,T004,2026-07-21 16:44:00,10770000,HK,DEV0472,0
TXN02353,CARD01073,C01073,M002,T002,2026-07-27 12:50:00,43000000,SG,DEV1733,0
TXN02354,CARD08144,C08144,M004,T004,2026-07-14 06:54:00,41900000,HK,DEV0433,0
TXN02355,CARD03305,C03305,M010,T010,2026-07-28 02:59:00,9540000,VN,DEV0374,0
TXN02356,CARD02315,C02315,M011,T011,2026-07-18 16:20:00,47790000,VN,DEV0044,0
TXN02357,CARD07850,C07850,M009,T009,2026-07-11 10:24:00,3010000,VN,DEV0323,0
TXN02358,CARD00830,C00830,M006,T006,2026-07-16 01:25:00,31420000,VN,DEV0536,0
TXN02359,CARD07662,C07662,M014,T014,2026-07-23 16:57:00,18900000,NG,NEW_DEVICE,1
TXN02360,CARD00122,C00122,M011,T011,2026-07-24 15:14:00,17940000,VN,DEV0437,0
TXN02361,CARD05954,C05954,M004,T004,2026-07-04 01:32:00,45640000,SG,DEV0694,0
TXN02362,CARD08554,C08554,M009,T009,2026-07-23 13:06:00,34070000,VN,NEW_DEVICE,1
TXN02363,CARD00247,C00247,M006,T006,2026-07-18 16:12:00,6110000,VN,DEV1088,0
TXN02364,CARD08547,C08547,M011,T011,2026-07-10 07:05:00,4610000,VN,DEV1203,0
TXN02365,CARD00549,C00549,M005,T005,2026-07-16 21:51:00,45450000,US,DEV0430,0
TXN02366,CARD08526,C08526,M005,T005,2026-07-08 11:51:00,43110000,SG,DEV1853,0
TXN02367,CARD08706,C08706,M005,T005,2026-07-25 17:37:00,46890000,US,DEV1432,0
TXN02368,CARD00268,C00268,M008,T008,2026-07-27 21:41:00,14040000,VN,DEV1091,0
TXN02369,CARD07488,C07488,M001,T001,2026-07-25 10:06:00,17860000,VN,DEV1799,0
TXN02370,CARD00664,C00664,M006,T006,2026-07-15 04:13:00,41520000,VN,DEV0812,0
TXN02371,CARD04375,C04375,M008,T008,2026-07-01 20:53:00,7980000,VN,NEW_DEVICE,1
TXN02372,CARD02070,C02070,M010,T010,2026-07-02 04:47:00,5410000,VN,DEV0358,0
TXN02373,CARD07484,C07484,M005,T005,2026-07-26 19:06:00,30760000,HK,DEV0510,0
TXN02374,CARD05578,C05578,M014,T014,2026-07-16 20:29:00,11910000,HK,NEW_DEVICE,1
TXN02375,CARD08516,C08516,M011,T011,2026-07-12 23:47:00,46720000,VN,DEV0017,0
TXN02376,CARD03297,C03297,M010,T010,2026-07-26 13:46:00,39740000,VN,DEV1715,0
TXN02377,CARD06823,C06823,M010,T010,2026-07-25 17:38:00,15390000,VN,DEV1706,0
TXN02378,CARD03064,C03064,M001,T001,2026-07-09 18:29:00,20850000,VN,DEV0771,0
TXN02379,CARD06257,C06257,M002,T002,2026-07-18 19:28:00,19250000,HK,DEV0859,0
TXN02380,CARD06725,C06725,M005,T005,2026-07-01 08:14:00,20110000,US,DEV1019,0
TXN02381,CARD02861,C02861,M010,T010,2026-07-10 23:02:00,15300000,VN,DEV1712,0
TXN02382,CARD09201,C09201,M014,T014,2026-07-24 14:51:00,9480000,VN,DEV0934,0
TXN02383,CARD05882,C05882,M002,T002,2026-07-01 16:27:00,7580000,US,DEV1036,0
TXN02384,CARD09289,C09289,M003,T003,2026-07-16 22:38:00,25580000,HK,DEV0633,0
TXN02385,CARD07211,C07211,M003,T003,2026-07-03 13:30:00,1040000,VN,NEW_DEVICE,1
TXN02386,CARD08244,C08244,M006,T006,2026-07-23 00:39:00,47520000,VN,DEV1046,0
TXN02387,CARD02556,C02556,M001,T001,2026-07-16 16:54:00,2200000,VN,DEV1049,0
TXN02388,CARD04143,C04143,M007,T007,2026-07-02 18:23:00,16860000,VN,DEV0031,0
TXN02389,CARD06724,C06724,M011,T011,2026-07-09 04:44:00,40950000,VN,DEV0007,0
TXN02390,CARD05560,C05560,M009,T009,2026-07-14 15:07:00,48340000,VN,DEV1035,0
TXN02391,CARD08512,C08512,M007,T007,2026-07-27 20:32:00,38510000,VN,DEV1977,0
TXN02392,CARD06850,C06850,M014,T014,2026-07-07 09:14:00,10610000,VN,DEV1388,0
TXN02393,CARD02271,C02271,M012,T012,2026-07-21 19:08:00,46440000,VN,DEV1824,0
TXN02394,CARD01110,C01110,M008,T008,2026-07-18 11:31:00,48190000,VN,DEV0332,0
TXN02395,CARD08414,C08414,M006,T006,2026-07-24 11:40:00,40520000,VN,DEV0110,0
TXN02396,CARD06495,C06495,M001,T001,2026-07-26 17:50:00,41190000,VN,DEV1064,0
TXN02397,CARD06122,C06122,M005,T005,2026-07-02 04:46:00,11480000,HK,DEV1884,0
TXN02398,CARD03874,C03874,M001,T001,2026-07-10 16:49:00,41180000,VN,DEV0902,0
TXN02399,CARD05195,C05195,M014,T014,2026-07-12 22:22:00,5360000,VN,DEV0218,0
TXN02400,CARD05334,C05334,M014,T014,2026-07-10 22:22:00,25770000,VN,DEV0566,0
TXN02401,CARD05003,C05003,M003,T003,2026-07-24 07:29:00,25430000,US,DEV1757,0
TXN02402,CARD03786,C03786,M002,T002,2026-07-03 17:43:00,2540000,SG,DEV1601,0
TXN02403,CARD07056,C07056,M013,T013,2026-07-06 10:31:00,30770000,VN,DEV1325,0
TXN02404,CARD04284,C04284,M014,T014,2026-07-01 13:34:00,15610000,VN,DEV0150,0
TXN02405,CARD03357,C03357,M011,T011,2026-07-10 20:42:00,28990000,VN,DEV0921,0
TXN02406,CARD06161,C06161,M014,T014,2026-07-01 02:50:00,5940000,VN,DEV0131,0
TXN02407,CARD05214,C05214,M005,T005,2026-07-23 20:11:00,36450000,US,DEV1766,0
TXN02408,CARD02468,C02468,M004,T004,2026-07-10 02:27:00,12810000,SG,DEV0274,0
TXN02409,CARD02691,C02691,M005,T005,2026-07-07 09:49:00,31440000,US,DEV0379,0
TXN02410,CARD03011,C03011,M008,T008,2026-07-03 08:24:00,39840000,VN,DEV0907,0
TXN02411,CARD03720,C03720,M007,T007,2026-07-01 17:20:00,42130000,VN,DEV0830,0
TXN02412,CARD00535,C00535,M011,T011,2026-07-18 22:57:00,26510000,VN,DEV1999,0
TXN02413,CARD06025,C06025,M001,T001,2026-07-18 22:39:00,32950000,VN,DEV0028,0
TXN02414,CARD04424,C04424,M012,T012,2026-07-18 23:14:00,23330000,VN,DEV0459,0
TXN02415,CARD01846,C01846,M004,T004,2026-07-08 22:09:00,35690000,HK,DEV1547,0
TXN02416,CARD05022,C05022,M001,T001,2026-07-17 20:50:00,45550000,VN,DEV1175,0
TXN02417,CARD01122,C01122,M011,T011,2026-07-24 12:23:00,11610000,VN,DEV0734,0
TXN02418,CARD02732,C02732,M002,T002,2026-07-10 22:17:00,36920000,US,DEV0058,0
TXN02419,CARD05107,C05107,M002,T002,2026-07-07 17:08:00,40500000,HK,DEV1501,0
TXN02420,CARD07038,C07038,M005,T005,2026-07-17 13:21:00,23630000,SG,DEV0305,0
TXN02421,CARD08149,C08149,M005,T005,2026-07-08 08:33:00,5990000,SG,DEV0376,0
TXN02422,CARD05198,C05198,M004,T004,2026-07-14 19:18:00,20870000,US,DEV0520,0
TXN02423,CARD04148,C04148,M001,T001,2026-07-12 16:47:00,21180000,VN,DEV0876,0
TXN02424,CARD00294,C00294,M010,T010,2026-07-03 22:44:00,2930000,VN,DEV0293,0
TXN02425,CARD07760,C07760,M002,T002,2026-07-22 07:35:00,12160000,HK,DEV1310,0
TXN02426,CARD04364,C04364,M004,T004,2026-07-15 17:23:00,2130000,US,DEV1707,0
TXN02427,CARD02781,C02781,M009,T009,2026-07-05 13:31:00,6810000,VN,DEV0670,0
TXN02428,CARD04560,C04560,M009,T009,2026-07-13 09:23:00,46250000,VN,DEV0832,0
TXN02429,CARD05490,C05490,M007,T007,2026-07-13 04:00:00,24000000,VN,DEV0528,0
TXN02430,CARD06867,C06867,M006,T006,2026-07-02 22:53:00,18530000,VN,DEV1979,0
TXN02431,CARD03926,C03926,M001,T001,2026-07-04 16:01:00,4880000,VN,DEV1671,0
TXN02432,CARD04456,C04456,M010,T010,2026-07-21 01:32:00,23640000,VN,DEV1828,0
TXN02433,CARD02856,C02856,M002,T002,2026-07-20 18:14:00,14230000,HK,DEV0562,0
TXN02434,CARD04833,C04833,M001,T001,2026-07-09 09:35:00,8640000,VN,DEV0187,0
TXN02435,CARD06227,C06227,M011,T011,2026-07-10 06:55:00,15330000,VN,DEV1678,0
TXN02436,CARD06037,C06037,M012,T012,2026-07-10 11:53:00,49980000,VN,DEV0291,0
TXN02437,CARD07745,C07745,M008,T008,2026-07-13 16:26:00,11080000,VN,DEV1346,0
TXN02438,CARD05578,C05578,M003,T003,2026-07-18 09:53:00,520000,US,DEV0711,0
TXN02439,CARD03587,C03587,M006,T006,2026-07-24 16:40:00,480000,VN,DEV0268,0
TXN02440,CARD08184,C08184,M014,T014,2026-07-01 21:32:00,28360000,VN,DEV0923,0
TXN02441,CARD08206,C08206,M004,T004,2026-07-03 03:55:00,18670000,US,DEV0547,0
TXN02442,CARD06227,C06227,M006,T006,2026-07-15 00:40:00,45260000,VN,DEV0322,0
TXN02443,CARD05887,C05887,M013,T013,2026-07-05 11:06:00,49180000,VN,DEV1165,0
TXN02444,CARD00199,C00199,M003,T003,2026-07-21 20:28:00,6980000,SG,DEV0219,0
TXN02445,CARD06515,C06515,M009,T009,2026-07-06 15:51:00,13170000,VN,DEV1116,0
TXN02446,CARD02232,C02232,M001,T001,2026-07-12 01:38:00,3330000,VN,DEV1196,0
TXN02447,CARD04252,C04252,M005,T005,2026-07-01 04:29:00,20150000,HK,DEV1168,0
TXN02448,CARD08406,C08406,M008,T008,2026-07-28 12:23:00,7010000,VN,DEV0399,0
TXN02449,CARD02485,C02485,M007,T007,2026-07-18 01:23:00,39780000,VN,DEV1582,0
TXN02450,CARD07468,C07468,M013,T013,2026-07-04 20:08:00,20840000,VN,DEV0818,0
TXN02451,CARD05343,C05343,M012,T012,2026-07-03 05:28:00,25620000,VN,DEV0364,0
TXN02452,CARD07675,C07675,M008,T008,2026-07-04 12:30:00,24860000,VN,DEV0106,0
TXN02453,CARD00740,C00740,M002,T002,2026-07-24 00:46:00,13240000,SG,DEV0788,0
TXN02454,CARD07217,C07217,M003,T003,2026-07-14 19:56:00,2510000,HK,DEV1293,0
TXN02455,CARD02613,C02613,M013,T013,2026-07-25 12:10:00,5150000,VN,DEV0465,0
TXN02456,CARD08388,C08388,M005,T005,2026-07-19 13:32:00,37060000,HK,DEV0058,0
TXN02457,CARD03466,C03466,M011,T011,2026-07-08 23:28:00,44110000,VN,DEV0287,0
TXN02458,CARD09386,C09386,M012,T012,2026-07-15 22:24:00,42250000,VN,DEV1314,0
TXN02459,CARD07424,C07424,M014,T014,2026-07-27 19:31:00,35090000,VN,DEV1338,0
TXN02460,CARD08392,C08392,M010,T010,2026-07-19 19:44:00,38660000,VN,DEV1756,0
TXN02461,CARD05408,C05408,M008,T008,2026-07-17 21:09:00,44830000,VN,DEV1839,0
TXN02462,CARD06942,C06942,M003,T003,2026-07-10 05:18:00,31190000,HK,DEV0652,0
TXN02463,CARD04228,C04228,M004,T004,2026-07-15 16:34:00,12910000,SG,DEV0147,0
TXN02464,CARD06203,C06203,M013,T013,2026-07-06 16:15:00,46410000,VN,DEV1322,0
TXN02465,CARD09345,C09345,M010,T010,2026-07-11 03:06:00,45300000,VN,DEV1396,0
TXN02466,CARD08910,C08910,M013,T013,2026-07-05 04:22:00,1340000,VN,DEV0736,0
TXN02467,CARD05613,C05613,M014,T014,2026-07-06 01:12:00,5170000,VN,DEV0560,0
TXN02468,CARD00410,C00410,M011,T011,2026-07-22 20:32:00,29640000,HK,NEW_DEVICE,1
TXN02469,CARD06420,C06420,M012,T012,2026-07-14 05:14:00,11160000,VN,DEV0296,0
TXN02470,CARD07075,C07075,M001,T001,2026-07-21 06:50:00,13120000,VN,DEV1062,0
TXN02471,CARD02114,C02114,M004,T004,2026-07-12 04:30:00,35870000,US,DEV1104,0
TXN02472,CARD06739,C06739,M005,T005,2026-07-28 10:32:00,45080000,VN,NEW_DEVICE,1
TXN02473,CARD00378,C00378,M011,T011,2026-07-20 18:17:00,1020000,VN,DEV0469,0
TXN02474,CARD01517,C01517,M006,T006,2026-07-23 21:41:00,14740000,SG,NEW_DEVICE,1
TXN02475,CARD00759,C00759,M011,T011,2026-07-17 19:04:00,21850000,VN,DEV0754,0
TXN02476,CARD05066,C05066,M006,T006,2026-07-15 02:12:00,14510000,VN,DEV0319,0
TXN02477,CARD00419,C00419,M003,T003,2026-07-22 15:02:00,15780000,US,DEV1080,0
TXN02478,CARD05484,C05484,M002,T002,2026-07-13 03:41:00,34030000,SG,DEV0318,0
TXN02479,CARD04865,C04865,M004,T004,2026-07-15 01:47:00,27550000,HK,DEV1924,0
TXN02480,CARD02790,C02790,M002,T002,2026-07-24 20:14:00,15440000,SG,DEV0971,0
TXN02481,CARD08029,C08029,M008,T008,2026-07-10 19:07:00,9590000,US,NEW_DEVICE,1
TXN02482,CARD05840,C05840,M004,T004,2026-07-09 23:26:00,38770000,US,DEV0639,0
TXN02483,CARD05783,C05783,M007,T007,2026-07-09 14:16:00,32770000,VN,DEV1326,0
TXN02484,CARD00116,C00116,M008,T008,2026-07-11 22:34:00,1980000,VN,DEV1533,0
TXN02485,CARD09512,C09512,M008,T008,2026-07-24 19:06:00,6020000,VN,DEV1603,0
TXN02486,CARD01805,C01805,M013,T013,2026-07-26 15:16:00,8700000,VN,DEV0640,0
TXN02487,CARD00880,C00880,M005,T005,2026-07-15 18:45:00,15120000,US,DEV1544,0
TXN02488,CARD06198,C06198,M013,T013,2026-07-03 11:07:00,9000000,VN,DEV1770,0
TXN02489,CARD07483,C07483,M011,T011,2026-07-27 16:05:00,34220000,VN,DEV1274,0
TXN02490,CARD00887,C00887,M013,T013,2026-07-20 17:30:00,24860000,VN,DEV0822,0
TXN02491,CARD07395,C07395,M006,T006,2026-07-18 10:28:00,43490000,VN,DEV1965,0
TXN02492,CARD01273,C01273,M004,T004,2026-07-05 10:54:00,1240000,US,DEV0863,0
TXN02493,CARD03672,C03672,M002,T002,2026-07-05 06:28:00,18080000,SG,DEV1734,0
TXN02494,CARD03434,C03434,M009,T009,2026-07-23 17:51:00,24430000,VN,DEV1457,0
TXN02495,CARD09982,C09982,M012,T012,2026-07-26 04:02:00,15450000,VN,DEV0784,0
TXN02496,CARD05599,C05599,M001,T001,2026-07-27 01:29:00,46300000,VN,DEV0837,0
TXN02497,CARD03844,C03844,M011,T011,2026-07-05 01:50:00,6950000,VN,DEV1346,0
TXN02498,CARD09043,C09043,M009,T009,2026-07-22 17:03:00,29350000,NG,NEW_DEVICE,1
TXN02499,CARD01012,C01012,M014,T014,2026-07-28 07:57:00,4580000,HK,NEW_DEVICE,1
TXN02500,CARD06715,C06715,M002,T002,2026-07-10 17:10:00,15690000,SG,DEV1869,0
TXN02501,CARD09508,C09508,M012,T012,2026-07-02 18:07:00,7430000,VN,DEV1774,0
TXN02502,CARD05444,C05444,M001,T001,2026-07-01 10:09:00,32990000,VN,DEV0108,0
TXN02503,CARD04140,C04140,M009,T009,2026-07-13 16:46:00,12410000,VN,DEV1517,0
TXN02504,CARD07652,C07652,M006,T006,2026-07-19 13:42:00,11990000,VN,DEV1239,0
TXN02505,CARD03142,C03142,M005,T005,2026-07-16 12:53:00,6800000,SG,DEV0844,0
TXN02506,CARD09982,C09982,M013,T013,2026-07-14 06:55:00,32300000,VN,DEV1196,0
TXN02507,CARD06404,C06404,M011,T011,2026-07-19 23:55:00,42210000,VN,DEV0059,0
TXN02508,CARD07199,C07199,M014,T014,2026-07-19 13:55:00,34570000,VN,DEV1369,0
TXN02509,CARD04675,C04675,M010,T010,2026-07-28 13:56:00,130000,VN,DEV0289,0
TXN02510,CARD00655,C00655,M007,T007,2026-07-19 18:14:00,31560000,VN,DEV1125,0
TXN02511,CARD08463,C08463,M003,T003,2026-07-10 09:08:00,15740000,SG,DEV0794,0
TXN02512,CARD03755,C03755,M003,T003,2026-07-08 10:56:00,25070000,HK,DEV1842,0
TXN02513,CARD03220,C03220,M002,T002,2026-07-08 16:54:00,6440000,SG,DEV1670,0
TXN02514,CARD02608,C02608,M004,T004,2026-07-24 09:51:00,20320000,US,DEV1952,0
TXN02515,CARD06609,C06609,M010,T010,2026-07-08 23:39:00,30300000,VN,DEV1934,0
TXN02516,CARD02453,C02453,M006,T006,2026-07-12 07:21:00,2600000,VN,DEV0092,0
TXN02517,CARD04821,C04821,M009,T009,2026-07-21 17:19:00,45440000,VN,DEV0119,0
TXN02518,CARD01179,C01179,M001,T001,2026-07-12 17:20:00,48180000,VN,DEV1946,0
TXN02519,CARD08297,C08297,M004,T004,2026-07-16 20:42:00,16250000,SG,DEV1432,0
TXN02520,CARD07498,C07498,M012,T012,2026-07-02 02:31:00,8850000,VN,DEV0031,0
TXN02521,CARD08749,C08749,M001,T001,2026-07-22 23:58:00,40630000,VN,DEV0295,0
TXN02522,CARD08565,C08565,M014,T014,2026-07-18 04:47:00,34490000,VN,DEV1813,0
TXN02523,CARD00715,C00715,M013,T013,2026-07-10 16:51:00,32910000,VN,DEV0296,0
TXN02524,CARD03954,C03954,M001,T001,2026-07-06 04:26:00,9180000,VN,DEV1325,0
TXN02525,CARD00732,C00732,M001,T001,2026-07-02 04:08:00,29860000,VN,DEV1506,0
TXN02526,CARD08860,C08860,M012,T012,2026-07-04 09:09:00,4860000,VN,DEV1110,0
TXN02527,CARD03539,C03539,M006,T006,2026-07-10 04:30:00,12580000,VN,DEV0332,0
TXN02528,CARD04574,C04574,M004,T004,2026-07-11 04:27:00,5290000,SG,DEV1194,0
TXN02529,CARD08721,C08721,M001,T001,2026-07-04 02:47:00,8500000,VN,DEV1601,0
TXN02530,CARD02832,C02832,M014,T014,2026-07-15 04:34:00,45310000,VN,DEV0275,0
TXN02531,CARD05346,C05346,M011,T011,2026-07-01 11:00:00,40640000,VN,DEV1036,0
TXN02532,CARD08590,C08590,M013,T013,2026-07-08 19:46:00,42550000,VN,DEV1062,0
TXN02533,CARD04310,C04310,M010,T010,2026-07-05 02:24:00,24120000,VN,DEV0814,0
TXN02534,CARD09722,C09722,M003,T003,2026-07-02 04:03:00,19830000,SG,DEV0854,0
TXN02535,CARD05717,C05717,M003,T003,2026-07-15 11:02:00,20410000,US,DEV0791,0
TXN02536,CARD01981,C01981,M009,T009,2026-07-27 06:00:00,43050000,VN,DEV0177,0
TXN02537,CARD07278,C07278,M006,T006,2026-07-02 11:56:00,2720000,VN,DEV0309,0
TXN02538,CARD01836,C01836,M013,T013,2026-07-02 20:01:00,19370000,VN,DEV1121,0
TXN02539,CARD06238,C06238,M003,T003,2026-07-16 03:56:00,14170000,HK,DEV1171,0
TXN02540,CARD06553,C06553,M002,T002,2026-07-21 11:46:00,43340000,HK,DEV1893,0
TXN02541,CARD01430,C01430,M011,T011,2026-07-16 01:06:00,23860000,VN,DEV0674,0
TXN02542,CARD01825,C01825,M010,T010,2026-07-19 19:19:00,43330000,VN,DEV1442,0
TXN02543,CARD02341,C02341,M012,T012,2026-07-24 00:46:00,23790000,VN,DEV1267,0
TXN02544,CARD03838,C03838,M002,T002,2026-07-26 23:05:00,9480000,SG,DEV0825,0
TXN02545,CARD01119,C01119,M012,T012,2026-07-04 06:56:00,33910000,VN,DEV1562,0
TXN02546,CARD09243,C09243,M011,T011,2026-07-27 14:26:00,18820000,VN,DEV1980,0
TXN02547,CARD03490,C03490,M010,T010,2026-07-17 13:43:00,8170000,VN,DEV0402,0
TXN02548,CARD04981,C04981,M003,T003,2026-07-07 10:05:00,18530000,SG,DEV1542,0
TXN02549,CARD00229,C00229,M007,T007,2026-07-12 21:42:00,8520000,VN,DEV0089,0
TXN02550,CARD01403,C01403,M010,T010,2026-07-11 22:56:00,35260000,VN,DEV1987,0
TXN02551,CARD01364,C01364,M009,T009,2026-07-04 20:27:00,45150000,VN,DEV0243,0
TXN02552,CARD06375,C06375,M002,T002,2026-07-02 15:32:00,28570000,HK,DEV0446,0
TXN02553,CARD03000,C03000,M008,T008,2026-07-12 22:41:00,48200000,VN,DEV0218,0
TXN02554,CARD08282,C08282,M010,T010,2026-07-14 17:57:00,33040000,VN,DEV0379,0
TXN02555,CARD05820,C05820,M004,T004,2026-07-08 09:32:00,22920000,SG,DEV1861,0
TXN02556,CARD05508,C05508,M014,T014,2026-07-04 14:10:00,47170000,VN,DEV1633,0
TXN02557,CARD08379,C08379,M012,T012,2026-07-22 10:09:00,13260000,VN,DEV1345,0
TXN02558,CARD05342,C05342,M009,T009,2026-07-07 16:44:00,41560000,VN,DEV1796,0
TXN02559,CARD07207,C07207,M011,T011,2026-07-11 15:05:00,24360000,VN,DEV1267,0
TXN02560,CARD06663,C06663,M006,T006,2026-07-13 18:46:00,14210000,VN,DEV1849,0
TXN02561,CARD08173,C08173,M009,T009,2026-07-21 07:15:00,26160000,VN,DEV0185,0
TXN02562,CARD02028,C02028,M002,T002,2026-07-24 15:37:00,36900000,HK,DEV1262,0
TXN02563,CARD02024,C02024,M002,T002,2026-07-23 01:36:00,43170000,HK,DEV1684,0
TXN02564,CARD01354,C01354,M005,T005,2026-07-26 02:01:00,8600000,HK,DEV0531,0
TXN02565,CARD07429,C07429,M007,T007,2026-07-12 20:43:00,49440000,VN,DEV0316,0
TXN02566,CARD04864,C04864,M001,T001,2026-07-05 16:33:00,14550000,VN,DEV1909,0
TXN02567,CARD05774,C05774,M004,T004,2026-07-28 12:17:00,40000000,HK,DEV0094,0
TXN02568,CARD06870,C06870,M002,T002,2026-07-04 01:02:00,12220000,SG,DEV0870,0
TXN02569,CARD07142,C07142,M002,T002,2026-07-04 00:17:00,43380000,SG,DEV1315,0
TXN02570,CARD03410,C03410,M001,T001,2026-07-13 08:12:00,7620000,VN,DEV0671,0
TXN02571,CARD04481,C04481,M008,T008,2026-07-10 03:08:00,47830000,VN,DEV0334,0
TXN02572,CARD02738,C02738,M009,T009,2026-07-08 03:44:00,27900000,VN,DEV1129,0
TXN02573,CARD02359,C02359,M006,T006,2026-07-14 20:56:00,29310000,VN,DEV1895,0
TXN02574,CARD03114,C03114,M004,T004,2026-07-13 13:02:00,15580000,HK,DEV1739,0
TXN02575,CARD03325,C03325,M006,T006,2026-07-28 09:48:00,10280000,VN,DEV0106,0
TXN02576,CARD08045,C08045,M011,T011,2026-07-13 08:56:00,36660000,VN,DEV1481,0
TXN02577,CARD00224,C00224,M013,T013,2026-07-04 13:22:00,13660000,VN,DEV0777,0
TXN02578,CARD04231,C04231,M009,T009,2026-07-02 16:26:00,25720000,VN,DEV1088,0
TXN02579,CARD03150,C03150,M001,T001,2026-07-18 14:43:00,33970000,VN,DEV0957,0
TXN02580,CARD02368,C02368,M003,T003,2026-07-08 05:06:00,19950000,SG,DEV1731,0
TXN02581,CARD06219,C06219,M007,T007,2026-07-16 20:42:00,14830000,VN,DEV0457,0
TXN02582,CARD07578,C07578,M002,T002,2026-07-04 07:34:00,29160000,SG,DEV1503,0
TXN02583,CARD00835,C00835,M012,T012,2026-07-26 01:51:00,20810000,VN,DEV1240,0
TXN02584,CARD06590,C06590,M011,T011,2026-07-18 14:59:00,20290000,VN,DEV0423,0
TXN02585,CARD03448,C03448,M013,T013,2026-07-25 20:04:00,46500000,VN,DEV1722,0
TXN02586,CARD01414,C01414,M014,T014,2026-07-08 12:57:00,32180000,VN,DEV1226,0
TXN02587,CARD02312,C02312,M009,T009,2026-07-13 14:08:00,43790000,VN,DEV1587,0
TXN02588,CARD05066,C05066,M009,T009,2026-07-23 02:29:00,1220000,VN,DEV0130,0
TXN02589,CARD04734,C04734,M007,T007,2026-07-15 22:43:00,6080000,VN,DEV1661,0
TXN02590,CARD05291,C05291,M007,T007,2026-07-19 18:53:00,49790000,VN,DEV0031,0
TXN02591,CARD05066,C05066,M002,T002,2026-07-04 16:39:00,39290000,HK,NEW_DEVICE,1
TXN02592,CARD06865,C06865,M004,T004,2026-07-06 12:18:00,33440000,SG,DEV1974,0
TXN02593,CARD02792,C02792,M010,T010,2026-07-02 04:02:00,41980000,VN,DEV0145,0
TXN02594,CARD08306,C08306,M005,T005,2026-07-28 01:20:00,10600000,HK,DEV1546,0
TXN02595,CARD08821,C08821,M003,T003,2026-07-24 00:51:00,28950000,US,DEV1594,0
TXN02596,CARD06709,C06709,M011,T011,2026-07-02 13:16:00,15310000,VN,DEV1519,0
TXN02597,CARD02167,C02167,M005,T005,2026-07-13 02:54:00,22210000,HK,DEV0411,0
TXN02598,CARD03810,C03810,M001,T001,2026-07-06 03:39:00,33480000,VN,DEV1692,0
TXN02599,CARD03887,C03887,M001,T001,2026-07-23 11:53:00,220000,VN,DEV0531,0
TXN02600,CARD06571,C06571,M004,T004,2026-07-21 09:31:00,40710000,SG,DEV0413,0
TXN02601,CARD06952,C06952,M007,T007,2026-07-26 06:04:00,9650000,VN,DEV0430,0
TXN02602,CARD07502,C07502,M012,T012,2026-07-22 05:16:00,19630000,VN,NEW_DEVICE,1
TXN02603,CARD01752,C01752,M007,T007,2026-07-09 11:53:00,37670000,VN,DEV0649,0
TXN02604,CARD09829,C09829,M007,T007,2026-07-21 17:33:00,23180000,VN,DEV0793,0
TXN02605,CARD06699,C06699,M010,T010,2026-07-28 04:07:00,33380000,VN,DEV0526,0
TXN02606,CARD09067,C09067,M009,T009,2026-07-01 17:47:00,44490000,VN,DEV0417,0
TXN02607,CARD01353,C01353,M002,T002,2026-07-27 16:13:00,33100000,SG,DEV0709,0
TXN02608,CARD05307,C05307,M004,T004,2026-07-27 14:00:00,1390000,US,DEV0209,0
TXN02609,CARD01463,C01463,M003,T003,2026-07-25 12:59:00,27100000,HK,DEV1540,0
TXN02610,CARD04415,C04415,M008,T008,2026-07-26 00:25:00,6960000,VN,DEV1745,0
TXN02611,CARD07036,C07036,M008,T008,2026-07-09 09:24:00,19400000,VN,DEV1327,0
TXN02612,CARD09125,C09125,M009,T009,2026-07-13 15:19:00,26800000,VN,DEV1400,0
TXN02613,CARD06751,C06751,M009,T009,2026-07-01 17:19:00,12700000,VN,DEV1985,0
TXN02614,CARD09856,C09856,M011,T011,2026-07-02 03:03:00,35140000,VN,DEV0192,0
TXN02615,CARD01716,C01716,M005,T005,2026-07-14 18:21:00,44150000,SG,DEV0218,0
TXN02616,CARD07461,C07461,M010,T010,2026-07-27 17:22:00,2810000,VN,DEV1566,0
TXN02617,CARD01094,C01094,M013,T013,2026-07-19 01:31:00,41460000,VN,DEV1757,0
TXN02618,CARD04544,C04544,M002,T002,2026-07-23 21:56:00,5620000,SG,DEV1850,0
TXN02619,CARD06149,C06149,M004,T004,2026-07-15 11:53:00,11760000,SG,DEV0642,0
TXN02620,CARD04222,C04222,M009,T009,2026-07-25 16:40:00,34990000,VN,DEV0517,0
TXN02621,CARD08329,C08329,M008,T008,2026-07-02 09:55:00,11070000,VN,DEV1837,0
TXN02622,CARD07570,C07570,M005,T005,2026-07-12 06:06:00,20230000,HK,DEV1117,0
TXN02623,CARD01384,C01384,M010,T010,2026-07-09 16:20:00,8350000,VN,DEV1614,0
TXN02624,CARD00201,C00201,M014,T014,2026-07-19 01:30:00,46060000,VN,DEV0606,0
TXN02625,CARD07752,C07752,M005,T005,2026-07-01 07:53:00,34600000,HK,DEV1450,0
TXN02626,CARD06219,C06219,M006,T006,2026-07-11 19:46:00,960000,VN,DEV1914,0
TXN02627,CARD04064,C04064,M002,T002,2026-07-05 13:56:00,42370000,SG,DEV0410,0
TXN02628,CARD02668,C02668,M012,T012,2026-07-22 07:42:00,38960000,VN,DEV0045,0
TXN02629,CARD02303,C02303,M012,T012,2026-07-13 11:33:00,49180000,VN,DEV1661,0
TXN02630,CARD06341,C06341,M001,T001,2026-07-13 12:33:00,40890000,VN,DEV1686,0
TXN02631,CARD06850,C06850,M003,T003,2026-07-27 20:48:00,32420000,HK,DEV0449,0
TXN02632,CARD02378,C02378,M010,T010,2026-07-22 06:49:00,9580000,VN,DEV0289,0
TXN02633,CARD07662,C07662,M009,T009,2026-07-20 21:18:00,43850000,VN,DEV0543,0
TXN02634,CARD09969,C09969,M003,T003,2026-07-27 10:58:00,7410000,HK,DEV1841,0
TXN02635,CARD02036,C02036,M009,T009,2026-07-07 02:29:00,8010000,VN,DEV0250,0
TXN02636,CARD05744,C05744,M007,T007,2026-07-27 23:35:00,27360000,VN,DEV1164,0
TXN02637,CARD06791,C06791,M011,T011,2026-07-12 16:30:00,6150000,VN,DEV0721,0
TXN02638,CARD00175,C00175,M004,T004,2026-07-01 18:39:00,13780000,US,DEV1093,0
TXN02639,CARD04814,C04814,M004,T004,2026-07-13 06:55:00,24410000,SG,DEV0261,0
TXN02640,CARD07714,C07714,M004,T004,2026-07-06 23:02:00,48070000,HK,DEV0755,0
TXN02641,CARD01815,C01815,M013,T013,2026-07-04 01:52:00,47160000,VN,DEV1294,0
TXN02642,CARD00240,C00240,M013,T013,2026-07-12 13:29:00,29720000,VN,DEV1501,0
TXN02643,CARD07801,C07801,M008,T008,2026-07-09 04:38:00,14930000,VN,DEV1171,0
TXN02644,CARD01877,C01877,M009,T009,2026-07-08 13:43:00,4220000,VN,DEV0342,0
TXN02645,CARD07039,C07039,M009,T009,2026-07-04 19:08:00,42350000,VN,DEV0489,0
TXN02646,CARD05706,C05706,M014,T014,2026-07-08 23:58:00,27320000,VN,DEV1505,0
TXN02647,CARD04582,C04582,M004,T004,2026-07-26 04:06:00,40000000,SG,DEV1461,0
TXN02648,CARD05745,C05745,M008,T008,2026-07-11 01:11:00,21770000,VN,DEV1963,0
TXN02649,CARD08557,C08557,M001,T001,2026-07-18 00:23:00,45360000,VN,DEV1203,0
TXN02650,CARD07941,C07941,M009,T009,2026-07-24 01:13:00,29990000,VN,DEV1040,0
TXN02651,CARD02989,C02989,M004,T004,2026-07-23 06:12:00,8980000,US,DEV1672,0
TXN02652,CARD09344,C09344,M014,T014,2026-07-12 14:17:00,34530000,VN,DEV0997,0
TXN02653,CARD09304,C09304,M005,T005,2026-07-05 15:46:00,40880000,US,DEV0381,0
TXN02654,CARD04121,C04121,M007,T007,2026-07-05 17:13:00,15110000,VN,DEV0433,0
TXN02655,CARD03001,C03001,M014,T014,2026-07-14 19:04:00,8140000,VN,DEV1257,0
TXN02656,CARD02986,C02986,M001,T001,2026-07-13 15:42:00,49400000,VN,DEV0900,0
TXN02657,CARD09291,C09291,M003,T003,2026-07-01 14:18:00,8000000,SG,DEV0208,0
TXN02658,CARD03013,C03013,M011,T011,2026-07-08 06:34:00,30150000,VN,DEV1965,0
TXN02659,CARD04305,C04305,M013,T013,2026-07-07 16:34:00,43960000,VN,DEV0070,0
TXN02660,CARD09181,C09181,M011,T011,2026-07-22 00:56:00,14610000,VN,DEV0505,0
TXN02661,CARD06512,C06512,M002,T002,2026-07-23 15:43:00,20500000,SG,DEV1689,0
TXN02662,CARD06243,C06243,M012,T012,2026-07-22 04:54:00,39100000,VN,DEV0934,0
TXN02663,CARD05963,C05963,M012,T012,2026-07-04 01:56:00,7720000,VN,DEV0929,0
TXN02664,CARD05977,C05977,M014,T014,2026-07-13 04:39:00,29500000,VN,DEV1850,0
TXN02665,CARD06558,C06558,M003,T003,2026-07-27 18:41:00,28850000,US,DEV1470,0
TXN02666,CARD01215,C01215,M009,T009,2026-07-26 00:18:00,43770000,VN,DEV0859,0
TXN02667,CARD05505,C05505,M002,T002,2026-07-05 11:47:00,11290000,US,DEV0308,0
TXN02668,CARD08668,C08668,M001,T001,2026-07-22 19:58:00,41610000,VN,DEV1187,0
TXN02669,CARD01812,C01812,M012,T012,2026-07-08 17:52:00,11900000,VN,DEV1257,0
TXN02670,CARD09305,C09305,M010,T010,2026-07-07 02:37:00,33390000,VN,DEV0500,0
TXN02671,CARD09305,C09305,M002,T002,2026-07-06 17:00:00,47230000,SG,DEV1752,0
TXN02672,CARD05828,C05828,M012,T012,2026-07-16 15:47:00,25130000,NG,NEW_DEVICE,1
TXN02673,CARD05343,C05343,M011,T011,2026-07-25 22:12:00,21270000,VN,DEV1568,0
TXN02674,CARD02957,C02957,M011,T011,2026-07-21 11:59:00,22630000,VN,DEV1441,0
TXN02675,CARD00961,C00961,M005,T005,2026-07-17 08:29:00,4150000,SG,DEV1337,0
TXN02676,CARD04560,C04560,M003,T003,2026-07-02 23:40:00,35390000,SG,DEV1626,0
TXN02677,CARD09277,C09277,M014,T014,2026-07-11 02:07:00,39920000,VN,DEV0106,0
TXN02678,CARD00981,C00981,M002,T002,2026-07-09 07:42:00,22590000,HK,DEV0318,0
TXN02679,CARD04267,C04267,M002,T002,2026-07-27 14:37:00,35640000,NG,NEW_DEVICE,1
TXN02680,CARD08637,C08637,M012,T012,2026-07-23 20:28:00,34810000,VN,DEV0374,0
TXN02681,CARD06392,C06392,M009,T009,2026-07-02 06:55:00,14360000,VN,DEV0704,0
TXN02682,CARD06420,C06420,M006,T006,2026-07-06 02:42:00,45980000,VN,DEV1196,0
TXN02683,CARD08282,C08282,M003,T003,2026-07-04 10:34:00,2380000,SG,DEV1608,0
TXN02684,CARD05476,C05476,M007,T007,2026-07-12 13:15:00,46860000,VN,DEV0518,0
TXN02685,CARD02987,C02987,M009,T009,2026-07-22 22:14:00,23580000,VN,DEV0774,0
TXN02686,CARD07194,C07194,M011,T011,2026-07-26 04:11:00,25440000,VN,DEV1506,0
TXN02687,CARD02836,C02836,M001,T001,2026-07-04 16:43:00,24330000,VN,DEV0967,0
TXN02688,CARD02913,C02913,M009,T009,2026-07-05 07:10:00,46250000,VN,DEV0803,0
TXN02689,CARD05179,C05179,M003,T003,2026-07-27 16:41:00,5090000,US,DEV1011,0
TXN02690,CARD02807,C02807,M003,T003,2026-07-13 11:14:00,11580000,US,DEV1439,0
TXN02691,CARD00928,C00928,M013,T013,2026-07-28 16:53:00,42160000,VN,DEV1120,0
TXN02692,CARD07398,C07398,M005,T005,2026-07-14 14:23:00,45760000,HK,NEW_DEVICE,1
TXN02693,CARD09648,C09648,M006,T006,2026-07-18 18:50:00,13960000,VN,DEV1634,0
TXN02694,CARD03116,C03116,M006,T006,2026-07-26 12:02:00,26040000,VN,DEV1586,0
TXN02695,CARD09948,C09948,M010,T010,2026-07-04 20:24:00,26550000,VN,DEV1150,0
TXN02696,CARD09932,C09932,M010,T010,2026-07-09 15:53:00,2240000,VN,DEV1867,0
TXN02697,CARD02517,C02517,M008,T008,2026-07-16 17:43:00,11100000,VN,DEV1324,0
TXN02698,CARD01796,C01796,M004,T004,2026-07-09 09:10:00,5180000,HK,DEV1476,0
TXN02699,CARD04425,C04425,M013,T013,2026-07-09 11:08:00,27300000,VN,DEV1405,0
TXN02700,CARD02658,C02658,M001,T001,2026-07-21 18:59:00,16160000,VN,DEV1881,0
TXN02701,CARD05710,C05710,M013,T013,2026-07-04 12:26:00,27600000,VN,DEV0483,0
TXN02702,CARD06033,C06033,M011,T011,2026-07-07 17:17:00,20080000,VN,DEV0162,0
TXN02703,CARD09014,C09014,M010,T010,2026-07-27 20:37:00,23220000,VN,DEV1965,0
TXN02704,CARD03491,C03491,M014,T014,2026-07-20 08:11:00,49660000,VN,DEV1163,0
TXN02705,CARD04283,C04283,M004,T004,2026-07-06 11:18:00,1370000,US,DEV1026,0
TXN02706,CARD06985,C06985,M013,T013,2026-07-10 09:17:00,33170000,VN,DEV1712,0
TXN02707,CARD08009,C08009,M010,T010,2026-07-14 10:07:00,23850000,VN,DEV1724,0
TXN02708,CARD06594,C06594,M003,T003,2026-07-05 17:17:00,5050000,HK,DEV1665,0
TXN02709,CARD04856,C04856,M006,T006,2026-07-08 10:08:00,37970000,VN,DEV0389,0
TXN02710,CARD09018,C09018,M004,T004,2026-07-03 12:13:00,36050000,US,DEV0323,0
TXN02711,CARD08107,C08107,M006,T006,2026-07-27 13:36:00,10250000,VN,DEV1499,0
TXN02712,CARD01765,C01765,M009,T009,2026-07-06 22:53:00,18320000,VN,DEV0669,0
TXN02713,CARD04932,C04932,M007,T007,2026-07-09 08:21:00,24350000,VN,DEV1733,0
TXN02714,CARD00679,C00679,M001,T001,2026-07-17 08:23:00,38990000,VN,DEV1171,0
TXN02715,CARD01295,C01295,M004,T004,2026-07-13 11:51:00,22920000,US,DEV0971,0
TXN02716,CARD07077,C07077,M001,T001,2026-07-04 08:21:00,11900000,VN,DEV0770,0
TXN02717,CARD06779,C06779,M012,T012,2026-07-25 20:13:00,38740000,VN,DEV1274,0
TXN02718,CARD02897,C02897,M010,T010,2026-07-10 07:29:00,31390000,VN,DEV1988,0
TXN02719,CARD08713,C08713,M014,T014,2026-07-24 13:06:00,37860000,VN,DEV1863,0
TXN02720,CARD08424,C08424,M011,T011,2026-07-22 11:18:00,16230000,VN,DEV0047,0
TXN02721,CARD02551,C02551,M004,T004,2026-07-10 17:26:00,31360000,US,DEV1787,0
TXN02722,CARD08472,C08472,M012,T012,2026-07-19 16:21:00,41970000,VN,DEV0588,0
TXN02723,CARD07376,C07376,M014,T014,2026-07-10 11:12:00,34520000,VN,DEV0889,0
TXN02724,CARD08231,C08231,M011,T011,2026-07-11 08:44:00,13450000,VN,DEV0291,0
TXN02725,CARD09411,C09411,M011,T011,2026-07-08 22:17:00,4390000,VN,DEV1839,0
TXN02726,CARD09737,C09737,M012,T012,2026-07-27 19:57:00,3050000,VN,DEV0489,0
TXN02727,CARD03168,C03168,M002,T002,2026-07-21 06:12:00,43770000,US,DEV0189,0
TXN02728,CARD09082,C09082,M001,T001,2026-07-17 11:41:00,26360000,VN,DEV1271,0
TXN02729,CARD01990,C01990,M009,T009,2026-07-06 10:32:00,45500000,VN,DEV0743,0
TXN02730,CARD09728,C09728,M004,T004,2026-07-25 20:09:00,27420000,HK,DEV1005,0
TXN02731,CARD09425,C09425,M009,T009,2026-07-08 04:26:00,7660000,VN,DEV0762,0
TXN02732,CARD04434,C04434,M011,T011,2026-07-26 00:40:00,7430000,VN,DEV1288,0
TXN02733,CARD07382,C07382,M005,T005,2026-07-02 22:25:00,36500000,SG,NEW_DEVICE,1
TXN02734,CARD09590,C09590,M001,T001,2026-07-20 06:31:00,43680000,VN,DEV1393,0
TXN02735,CARD02318,C02318,M004,T004,2026-07-03 14:00:00,49150000,SG,DEV0504,0
TXN02736,CARD05792,C05792,M008,T008,2026-07-01 15:40:00,23310000,VN,DEV0310,0
TXN02737,CARD06175,C06175,M014,T014,2026-07-24 08:39:00,16900000,VN,DEV1726,0
TXN02738,CARD07234,C07234,M012,T012,2026-07-07 03:48:00,32860000,VN,DEV0064,0
TXN02739,CARD01076,C01076,M011,T011,2026-07-06 19:48:00,44540000,VN,DEV1970,0
TXN02740,CARD00834,C00834,M004,T004,2026-07-15 22:25:00,30050000,US,DEV1801,0
TXN02741,CARD09023,C09023,M004,T004,2026-07-14 03:48:00,90000,SG,DEV0248,0
TXN02742,CARD02235,C02235,M014,T014,2026-07-19 09:54:00,37220000,VN,DEV0834,0
TXN02743,CARD04984,C04984,M007,T007,2026-07-07 11:45:00,34030000,VN,DEV0619,0
TXN02744,CARD07876,C07876,M014,T014,2026-07-25 13:12:00,7430000,VN,DEV0482,0
TXN02745,CARD03938,C03938,M011,T011,2026-07-26 13:32:00,12050000,VN,DEV0973,0
TXN02746,CARD09077,C09077,M002,T002,2026-07-18 15:44:00,27870000,US,DEV0704,0
TXN02747,CARD08961,C08961,M011,T011,2026-07-21 06:00:00,18230000,VN,DEV0667,0
TXN02748,CARD07112,C07112,M008,T008,2026-07-13 15:42:00,29570000,VN,DEV1633,0
TXN02749,CARD02302,C02302,M014,T014,2026-07-20 13:10:00,46470000,VN,DEV1111,0
TXN02750,CARD08408,C08408,M006,T006,2026-07-10 23:48:00,39130000,VN,DEV1116,0
TXN02751,CARD07588,C07588,M011,T011,2026-07-08 23:15:00,47360000,VN,DEV1651,0
TXN02752,CARD08562,C08562,M007,T007,2026-07-12 08:34:00,23320000,VN,DEV0704,0
TXN02753,CARD05383,C05383,M007,T007,2026-07-01 11:03:00,37420000,VN,DEV0858,0
TXN02754,CARD02967,C02967,M009,T009,2026-07-11 03:43:00,40920000,VN,DEV1587,0
TXN02755,CARD03401,C03401,M005,T005,2026-07-27 21:52:00,48350000,US,DEV1092,0
TXN02756,CARD02728,C02728,M013,T013,2026-07-01 10:56:00,28930000,VN,DEV1095,0
TXN02757,CARD06860,C06860,M005,T005,2026-07-24 10:39:00,42510000,HK,DEV0290,0
TXN02758,CARD08213,C08213,M006,T006,2026-07-01 23:24:00,49650000,VN,DEV1001,0
TXN02759,CARD05900,C05900,M008,T008,2026-07-10 04:10:00,31990000,VN,DEV0414,0
TXN02760,CARD03570,C03570,M003,T003,2026-07-02 12:44:00,34020000,US,DEV1127,0
TXN02761,CARD02203,C02203,M003,T003,2026-07-27 14:57:00,20750000,US,DEV1060,0
TXN02762,CARD03893,C03893,M011,T011,2026-07-09 00:14:00,21700000,SG,NEW_DEVICE,1
TXN02763,CARD09351,C09351,M004,T004,2026-07-20 00:37:00,45340000,HK,DEV1526,0
TXN02764,CARD06560,C06560,M002,T002,2026-07-19 07:13:00,17660000,HK,DEV1619,0
TXN02765,CARD00627,C00627,M002,T002,2026-07-03 13:41:00,8720000,SG,DEV1963,0
TXN02766,CARD01675,C01675,M007,T007,2026-07-16 09:41:00,17110000,VN,DEV1417,0
TXN02767,CARD00637,C00637,M008,T008,2026-07-18 08:30:00,46170000,VN,DEV0787,0
TXN02768,CARD06179,C06179,M008,T008,2026-07-20 00:02:00,30110000,VN,DEV1587,0
TXN02769,CARD04559,C04559,M007,T007,2026-07-18 01:48:00,46350000,VN,DEV0259,0
TXN02770,CARD07734,C07734,M013,T013,2026-07-25 13:10:00,32980000,VN,DEV0924,0
TXN02771,CARD09796,C09796,M006,T006,2026-07-05 02:16:00,43230000,VN,DEV0795,0
TXN02772,CARD00221,C00221,M007,T007,2026-07-09 22:27:00,24120000,VN,DEV0882,0
TXN02773,CARD08626,C08626,M011,T011,2026-07-12 15:08:00,1550000,VN,DEV0446,0
TXN02774,CARD06585,C06585,M010,T010,2026-07-06 21:17:00,32060000,VN,DEV0961,0
TXN02775,CARD07793,C07793,M001,T001,2026-07-05 12:31:00,47710000,VN,DEV0776,0
TXN02776,CARD05877,C05877,M013,T013,2026-07-21 12:33:00,36000000,VN,DEV1224,0
TXN02777,CARD00448,C00448,M008,T008,2026-07-12 19:54:00,34960000,VN,DEV0067,0
TXN02778,CARD01985,C01985,M007,T007,2026-07-20 13:11:00,38240000,VN,DEV1467,0
TXN02779,CARD00807,C00807,M010,T010,2026-07-22 09:00:00,35170000,VN,DEV1894,0
TXN02780,CARD07463,C07463,M012,T012,2026-07-01 13:32:00,22180000,VN,DEV1084,0
TXN02781,CARD00124,C00124,M002,T002,2026-07-13 23:09:00,34260000,SG,DEV0661,0
TXN02782,CARD03905,C03905,M008,T008,2026-07-21 22:02:00,48730000,NG,NEW_DEVICE,1
TXN02783,CARD09103,C09103,M005,T005,2026-07-15 10:47:00,35090000,SG,DEV1187,0
TXN02784,CARD09572,C09572,M005,T005,2026-07-13 05:15:00,25400000,HK,DEV0423,0
TXN02785,CARD04150,C04150,M011,T011,2026-07-20 20:24:00,48150000,VN,DEV1569,0
TXN02786,CARD02052,C02052,M004,T004,2026-07-04 06:25:00,31610000,SG,DEV1381,0
TXN02787,CARD04411,C04411,M004,T004,2026-07-19 19:22:00,5130000,HK,DEV1267,0
TXN02788,CARD03736,C03736,M003,T003,2026-07-25 19:50:00,47640000,US,DEV1524,0
TXN02789,CARD07038,C07038,M006,T006,2026-07-26 09:51:00,46360000,VN,DEV0979,0
TXN02790,CARD02112,C02112,M011,T011,2026-07-04 00:01:00,3210000,VN,DEV0295,0
TXN02791,CARD04239,C04239,M014,T014,2026-07-05 04:41:00,12780000,VN,DEV1203,0
TXN02792,CARD04960,C04960,M008,T008,2026-07-22 05:06:00,44870000,VN,DEV0685,0
TXN02793,CARD00382,C00382,M001,T001,2026-07-09 11:51:00,47300000,VN,DEV1303,0
TXN02794,CARD01298,C01298,M003,T003,2026-07-11 04:48:00,45110000,US,DEV0018,0
TXN02795,CARD05600,C05600,M005,T005,2026-07-25 00:09:00,23840000,US,DEV1608,0
TXN02796,CARD09217,C09217,M012,T012,2026-07-25 22:33:00,39740000,VN,DEV1183,0
TXN02797,CARD09362,C09362,M009,T009,2026-07-23 12:25:00,17560000,VN,DEV0588,0
TXN02798,CARD07911,C07911,M014,T014,2026-07-10 03:22:00,47620000,VN,DEV0986,0
TXN02799,CARD08874,C08874,M005,T005,2026-07-15 04:58:00,28970000,SG,DEV1235,0
TXN02800,CARD04496,C04496,M006,T006,2026-07-06 03:53:00,34640000,VN,DEV1405,0
TXN02801,CARD01998,C01998,M012,T012,2026-07-20 08:05:00,33710000,VN,DEV1910,0
TXN02802,CARD02134,C02134,M013,T013,2026-07-14 07:31:00,18780000,VN,DEV1189,0
TXN02803,CARD06579,C06579,M009,T009,2026-07-08 03:00:00,43900000,VN,DEV1854,0
TXN02804,CARD04544,C04544,M003,T003,2026-07-01 14:55:00,23570000,SG,DEV1801,0
TXN02805,CARD00193,C00193,M009,T009,2026-07-06 16:21:00,17430000,VN,DEV0351,0
TXN02806,CARD04122,C04122,M014,T014,2026-07-21 10:20:00,47580000,VN,DEV1083,0
TXN02807,CARD08381,C08381,M010,T010,2026-07-15 09:21:00,30480000,VN,DEV0555,0
TXN02808,CARD00092,C00092,M008,T008,2026-07-10 16:32:00,5890000,NG,NEW_DEVICE,1
TXN02809,CARD07173,C07173,M011,T011,2026-07-19 05:18:00,14810000,VN,DEV1726,0
TXN02810,CARD08445,C08445,M006,T006,2026-07-20 01:58:00,26630000,VN,DEV0229,0
TXN02811,CARD07400,C07400,M010,T010,2026-07-22 21:22:00,3210000,VN,DEV1898,0
TXN02812,CARD05551,C05551,M005,T005,2026-07-10 06:14:00,2940000,SG,DEV1435,0
TXN02813,CARD06863,C06863,M014,T014,2026-07-07 12:43:00,47360000,VN,DEV1564,0
TXN02814,CARD02998,C02998,M013,T013,2026-07-28 00:38:00,21600000,VN,DEV1863,0
TXN02815,CARD05889,C05889,M004,T004,2026-07-17 05:24:00,37180000,SG,DEV1774,0
TXN02816,CARD09480,C09480,M009,T009,2026-07-16 00:56:00,18710000,VN,DEV1821,0
TXN02817,CARD04336,C04336,M013,T013,2026-07-18 03:18:00,33510000,VN,DEV0569,0
TXN02818,CARD06773,C06773,M003,T003,2026-07-21 06:34:00,46050000,US,DEV0510,0
TXN02819,CARD04352,C04352,M012,T012,2026-07-22 08:22:00,28550000,VN,DEV1782,0
TXN02820,CARD02434,C02434,M004,T004,2026-07-08 13:55:00,7590000,HK,DEV1009,0
TXN02821,CARD03938,C03938,M010,T010,2026-07-17 12:19:00,40680000,VN,DEV0185,0
TXN02822,CARD04695,C04695,M009,T009,2026-07-13 10:10:00,3890000,VN,DEV1002,0
TXN02823,CARD06880,C06880,M003,T003,2026-07-04 17:47:00,25450000,US,DEV1169,0
TXN02824,CARD08676,C08676,M010,T010,2026-07-26 22:38:00,21940000,VN,DEV1231,0
TXN02825,CARD08983,C08983,M010,T010,2026-07-15 01:45:00,37210000,VN,DEV0832,0
TXN02826,CARD04079,C04079,M004,T004,2026-07-08 02:49:00,40980000,HK,DEV0976,0
TXN02827,CARD01082,C01082,M008,T008,2026-07-14 01:47:00,33080000,VN,DEV0231,0
TXN02828,CARD01533,C01533,M008,T008,2026-07-16 07:35:00,46060000,VN,DEV0827,0
TXN02829,CARD09799,C09799,M010,T010,2026-07-07 04:36:00,5910000,VN,DEV1576,0
TXN02830,CARD07211,C07211,M013,T013,2026-07-15 05:40:00,43600000,VN,DEV0886,0
TXN02831,CARD05359,C05359,M007,T007,2026-07-28 02:32:00,15340000,VN,DEV0663,0
TXN02832,CARD09767,C09767,M007,T007,2026-07-26 12:17:00,44080000,VN,DEV1804,0
TXN02833,CARD09389,C09389,M010,T010,2026-07-10 15:36:00,47530000,VN,DEV1599,0
TXN02834,CARD04978,C04978,M011,T011,2026-07-07 17:08:00,20290000,VN,DEV1622,0
TXN02835,CARD00347,C00347,M009,T009,2026-07-08 04:30:00,9280000,VN,DEV1493,0
TXN02836,CARD01341,C01341,M010,T010,2026-07-11 03:36:00,46280000,VN,DEV0447,0
TXN02837,CARD07489,C07489,M012,T012,2026-07-25 14:03:00,9100000,VN,DEV0198,0
TXN02838,CARD09805,C09805,M014,T014,2026-07-01 00:49:00,41030000,VN,DEV1070,0
TXN02839,CARD07248,C07248,M013,T013,2026-07-21 05:25:00,24490000,VN,DEV1561,0
TXN02840,CARD02440,C02440,M001,T001,2026-07-11 01:30:00,600000,VN,DEV1399,0
TXN02841,CARD02252,C02252,M007,T007,2026-07-18 00:46:00,6810000,VN,NEW_DEVICE,1
TXN02842,CARD06736,C06736,M007,T007,2026-07-09 21:10:00,32870000,VN,DEV1180,0
TXN02843,CARD02474,C02474,M012,T012,2026-07-07 20:24:00,39810000,VN,DEV1401,0
TXN02844,CARD06676,C06676,M006,T006,2026-07-19 20:37:00,35960000,VN,DEV0850,0
TXN02845,CARD05722,C05722,M014,T014,2026-07-03 23:19:00,15170000,VN,DEV1061,0
TXN02846,CARD08970,C08970,M002,T002,2026-07-11 06:44:00,35950000,HK,DEV0895,0
TXN02847,CARD01879,C01879,M014,T014,2026-07-02 00:45:00,6330000,VN,DEV1297,0
TXN02848,CARD04316,C04316,M004,T004,2026-07-06 06:08:00,14580000,NG,NEW_DEVICE,1
TXN02849,CARD08273,C08273,M008,T008,2026-07-08 02:50:00,36290000,VN,DEV0108,0
TXN02850,CARD09791,C09791,M005,T005,2026-07-02 19:14:00,12320000,US,DEV1287,0
TXN02851,CARD05428,C05428,M013,T013,2026-07-04 19:48:00,39300000,VN,DEV1689,0
TXN02852,CARD08742,C08742,M009,T009,2026-07-26 02:12:00,4340000,VN,DEV0255,0
TXN02853,CARD00613,C00613,M007,T007,2026-07-07 11:17:00,36770000,VN,DEV0082,0
TXN02854,CARD02784,C02784,M008,T008,2026-07-08 20:01:00,34300000,VN,DEV1146,0
TXN02855,CARD01621,C01621,M002,T002,2026-07-06 01:58:00,14590000,HK,DEV1883,0
TXN02856,CARD09735,C09735,M001,T001,2026-07-14 12:51:00,46080000,VN,DEV0172,0
TXN02857,CARD07438,C07438,M010,T010,2026-07-22 01:43:00,41780000,VN,DEV0667,0
TXN02858,CARD07149,C07149,M010,T010,2026-07-18 16:27:00,47220000,VN,DEV0557,0
TXN02859,CARD00489,C00489,M008,T008,2026-07-24 10:31:00,19200000,VN,DEV1360,0
TXN02860,CARD08145,C08145,M014,T014,2026-07-08 10:12:00,35090000,VN,DEV1942,0
TXN02861,CARD09934,C09934,M012,T012,2026-07-12 01:31:00,670000,VN,DEV0144,0
TXN02862,CARD06058,C06058,M011,T011,2026-07-25 09:33:00,47260000,VN,DEV1748,0
TXN02863,CARD00820,C00820,M008,T008,2026-07-15 14:25:00,35180000,VN,DEV0021,0
TXN02864,CARD01075,C01075,M004,T004,2026-07-20 06:02:00,25440000,US,DEV1239,0
TXN02865,CARD05647,C05647,M001,T001,2026-07-16 23:08:00,9890000,VN,DEV0476,0
TXN02866,CARD08989,C08989,M007,T007,2026-07-05 15:58:00,6170000,VN,DEV0569,0
TXN02867,CARD09094,C09094,M005,T005,2026-07-02 19:59:00,41600000,US,DEV0617,0
TXN02868,CARD09770,C09770,M010,T010,2026-07-11 14:45:00,14200000,VN,DEV1506,0
TXN02869,CARD09376,C09376,M005,T005,2026-07-19 07:16:00,39940000,HK,DEV0786,0
TXN02870,CARD00432,C00432,M011,T011,2026-07-23 11:55:00,46160000,VN,DEV0782,0
TXN02871,CARD07340,C07340,M013,T013,2026-07-01 03:19:00,9570000,VN,DEV0599,0
TXN02872,CARD01905,C01905,M013,T013,2026-07-15 06:11:00,16250000,VN,DEV0565,0
TXN02873,CARD05799,C05799,M011,T011,2026-07-15 23:09:00,31850000,VN,DEV0046,0
TXN02874,CARD07471,C07471,M004,T004,2026-07-13 18:40:00,1750000,HK,DEV1294,0
TXN02875,CARD00598,C00598,M002,T002,2026-07-27 15:13:00,7320000,HK,DEV1323,0
TXN02876,CARD07145,C07145,M011,T011,2026-07-20 13:10:00,8570000,VN,DEV0719,0
TXN02877,CARD06918,C06918,M001,T001,2026-07-17 13:39:00,18410000,VN,DEV0492,0
TXN02878,CARD09224,C09224,M014,T014,2026-07-16 03:27:00,39580000,NG,NEW_DEVICE,1
TXN02879,CARD09094,C09094,M014,T014,2026-07-25 06:34:00,17920000,VN,DEV1867,0
TXN02880,CARD09780,C09780,M003,T003,2026-07-13 06:43:00,29410000,SG,DEV1354,0
TXN02881,CARD02483,C02483,M010,T010,2026-07-01 13:11:00,13930000,VN,DEV0779,0
TXN02882,CARD00916,C00916,M004,T004,2026-07-17 01:25:00,20190000,SG,DEV0472,0
TXN02883,CARD08388,C08388,M003,T003,2026-07-05 16:33:00,9610000,SG,DEV0008,0
TXN02884,CARD06358,C06358,M001,T001,2026-07-14 09:39:00,21330000,VN,DEV1980,0
TXN02885,CARD03253,C03253,M007,T007,2026-07-26 02:42:00,8070000,VN,DEV0028,0
TXN02886,CARD04800,C04800,M001,T001,2026-07-06 14:13:00,13970000,VN,DEV1236,0
TXN02887,CARD02107,C02107,M005,T005,2026-07-23 12:23:00,44170000,HK,DEV0543,0
TXN02888,CARD02547,C02547,M014,T014,2026-07-09 10:42:00,40210000,VN,DEV0207,0
TXN02889,CARD01211,C01211,M006,T006,2026-07-05 18:17:00,9650000,VN,DEV0754,0
TXN02890,CARD04849,C04849,M013,T013,2026-07-09 21:23:00,23780000,VN,DEV0760,0
TXN02891,CARD09194,C09194,M003,T003,2026-07-07 21:04:00,38050000,HK,DEV0504,0
TXN02892,CARD05976,C05976,M001,T001,2026-07-09 17:01:00,43870000,VN,DEV1522,0
TXN02893,CARD01846,C01846,M014,T014,2026-07-04 04:02:00,1250000,VN,DEV1317,0
TXN02894,CARD05961,C05961,M013,T013,2026-07-02 00:08:00,34630000,VN,DEV1153,0
TXN02895,CARD08405,C08405,M009,T009,2026-07-26 18:03:00,15810000,VN,DEV1001,0
TXN02896,CARD08251,C08251,M005,T005,2026-07-25 06:32:00,20830000,HK,DEV0806,0
TXN02897,CARD06442,C06442,M002,T002,2026-07-26 03:51:00,31010000,US,DEV0465,0
TXN02898,CARD09562,C09562,M014,T014,2026-07-02 00:02:00,2970000,VN,DEV1049,0
TXN02899,CARD04038,C04038,M005,T005,2026-07-11 18:04:00,48720000,US,DEV0542,0
TXN02900,CARD06722,C06722,M003,T003,2026-07-08 04:15:00,22830000,US,DEV1140,0
TXN02901,CARD09299,C09299,M010,T010,2026-07-04 07:52:00,720000,VN,DEV0379,0
TXN02902,CARD01177,C01177,M004,T004,2026-07-18 16:06:00,28570000,US,DEV0913,0
TXN02903,CARD08215,C08215,M010,T010,2026-07-06 18:45:00,38610000,VN,DEV0442,0
TXN02904,CARD06413,C06413,M001,T001,2026-07-08 04:05:00,16440000,VN,DEV0932,0
TXN02905,CARD06738,C06738,M003,T003,2026-07-24 14:35:00,49840000,HK,DEV1127,0
TXN02906,CARD01400,C01400,M006,T006,2026-07-15 17:29:00,42360000,VN,DEV1079,0
TXN02907,CARD08047,C08047,M008,T008,2026-07-21 03:43:00,49080000,VN,DEV1557,0
TXN02908,CARD03665,C03665,M004,T004,2026-07-28 10:24:00,6870000,HK,DEV1639,0
TXN02909,CARD05201,C05201,M004,T004,2026-07-19 03:02:00,7970000,HK,DEV0143,0
TXN02910,CARD06181,C06181,M002,T002,2026-07-19 17:26:00,3660000,SG,DEV0586,0
TXN02911,CARD05095,C05095,M003,T003,2026-07-18 01:07:00,22270000,US,DEV0742,0
TXN02912,CARD08663,C08663,M007,T007,2026-07-03 00:57:00,3520000,VN,DEV1272,0
TXN02913,CARD01913,C01913,M002,T002,2026-07-01 21:26:00,9020000,US,DEV0661,0
TXN02914,CARD09519,C09519,M005,T005,2026-07-06 07:12:00,26730000,HK,NEW_DEVICE,1
TXN02915,CARD02048,C02048,M007,T007,2026-07-05 02:08:00,23900000,VN,NEW_DEVICE,1
TXN02916,CARD00634,C00634,M014,T014,2026-07-05 12:10:00,27880000,VN,DEV1364,0
TXN02917,CARD00748,C00748,M009,T009,2026-07-28 08:39:00,38070000,VN,DEV1573,0
TXN02918,CARD08495,C08495,M009,T009,2026-07-21 18:40:00,770000,VN,DEV0058,0
TXN02919,CARD09473,C09473,M010,T010,2026-07-24 18:53:00,32200000,VN,DEV0076,0
TXN02920,CARD01309,C01309,M014,T014,2026-07-19 16:48:00,520000,VN,DEV0170,0
TXN02921,CARD06545,C06545,M004,T004,2026-07-09 12:47:00,9240000,HK,DEV1635,0
TXN02922,CARD04146,C04146,M005,T005,2026-07-13 07:36:00,41690000,SG,DEV1546,0
TXN02923,CARD04752,C04752,M003,T003,2026-07-07 02:02:00,12340000,SG,DEV1170,0
TXN02924,CARD02964,C02964,M003,T003,2026-07-06 22:19:00,47390000,HK,DEV0894,0
TXN02925,CARD07973,C07973,M011,T011,2026-07-04 10:56:00,48420000,VN,DEV1737,0
TXN02926,CARD05212,C05212,M007,T007,2026-07-27 07:23:00,5670000,NG,NEW_DEVICE,1
TXN02927,CARD08164,C08164,M010,T010,2026-07-12 00:30:00,18790000,VN,DEV1222,0
TXN02928,CARD01086,C01086,M004,T004,2026-07-25 14:36:00,19520000,US,DEV1903,0
TXN02929,CARD04432,C04432,M009,T009,2026-07-19 00:36:00,47990000,VN,DEV0297,0
TXN02930,CARD09562,C09562,M004,T004,2026-07-15 16:32:00,4120000,SG,DEV0310,0
TXN02931,CARD01628,C01628,M013,T013,2026-07-04 05:43:00,47020000,VN,DEV1425,0
TXN02932,CARD05774,C05774,M002,T002,2026-07-09 13:20:00,8780000,HK,DEV1953,0
TXN02933,CARD05716,C05716,M003,T003,2026-07-24 03:39:00,12820000,HK,DEV0038,0
TXN02934,CARD07046,C07046,M013,T013,2026-07-04 08:46:00,9050000,VN,DEV0667,0
TXN02935,CARD03016,C03016,M012,T012,2026-07-23 12:51:00,12610000,VN,DEV1054,0
TXN02936,CARD01902,C01902,M001,T001,2026-07-26 07:12:00,16910000,VN,DEV1190,0
TXN02937,CARD06640,C06640,M007,T007,2026-07-04 11:02:00,850000,VN,DEV0889,0
TXN02938,CARD02275,C02275,M007,T007,2026-07-01 17:18:00,43870000,VN,DEV0769,0
TXN02939,CARD05469,C05469,M010,T010,2026-07-08 21:00:00,840000,VN,DEV0013,0
TXN02940,CARD05234,C05234,M010,T010,2026-07-10 21:06:00,24480000,VN,DEV0412,0
TXN02941,CARD06277,C06277,M006,T006,2026-07-07 11:00:00,27260000,VN,NEW_DEVICE,1
TXN02942,CARD05692,C05692,M007,T007,2026-07-22 19:40:00,47700000,VN,DEV1275,0
TXN02943,CARD01754,C01754,M009,T009,2026-07-03 23:57:00,20070000,VN,DEV0750,0
TXN02944,CARD04891,C04891,M007,T007,2026-07-02 01:02:00,17080000,VN,DEV0699,0
TXN02945,CARD06785,C06785,M002,T002,2026-07-21 19:21:00,45330000,HK,DEV1315,0
TXN02946,CARD05070,C05070,M003,T003,2026-07-09 10:44:00,8190000,HK,DEV1488,0
TXN02947,CARD07350,C07350,M006,T006,2026-07-16 08:20:00,47980000,VN,DEV1798,0
TXN02948,CARD02555,C02555,M008,T008,2026-07-24 20:40:00,45890000,VN,DEV1921,0
TXN02949,CARD09536,C09536,M006,T006,2026-07-02 03:09:00,8600000,VN,DEV1640,0
TXN02950,CARD01171,C01171,M005,T005,2026-07-07 16:58:00,40990000,US,DEV0935,0
TXN02951,CARD01074,C01074,M006,T006,2026-07-16 17:28:00,31380000,VN,DEV0916,0
TXN02952,CARD05476,C05476,M006,T006,2026-07-06 06:01:00,39250000,VN,DEV1660,0
TXN02953,CARD01286,C01286,M009,T009,2026-07-26 06:52:00,6200000,VN,DEV0345,0
TXN02954,CARD01383,C01383,M004,T004,2026-07-01 00:42:00,8760000,HK,DEV1671,0
TXN02955,CARD09606,C09606,M007,T007,2026-07-10 09:17:00,9340000,VN,DEV0008,0
TXN02956,CARD09081,C09081,M011,T011,2026-07-22 16:59:00,14730000,VN,DEV0523,0
TXN02957,CARD09557,C09557,M014,T014,2026-07-19 18:48:00,8060000,VN,DEV0696,0
TXN02958,CARD09001,C09001,M004,T004,2026-07-11 06:18:00,1290000,SG,DEV1317,0
TXN02959,CARD07651,C07651,M002,T002,2026-07-08 14:38:00,11770000,HK,DEV1282,0
TXN02960,CARD08661,C08661,M004,T004,2026-07-10 23:52:00,41260000,HK,DEV1399,0
TXN02961,CARD08361,C08361,M003,T003,2026-07-11 14:54:00,21910000,SG,DEV0189,0
TXN02962,CARD03428,C03428,M011,T011,2026-07-25 18:10:00,13930000,SG,NEW_DEVICE,1
TXN02963,CARD04912,C04912,M014,T014,2026-07-04 12:41:00,44200000,VN,DEV1041,0
TXN02964,CARD01412,C01412,M013,T013,2026-07-09 08:33:00,37040000,VN,DEV1254,0
TXN02965,CARD00996,C00996,M004,T004,2026-07-26 13:20:00,9070000,US,DEV0604,0
TXN02966,CARD06886,C06886,M008,T008,2026-07-27 06:31:00,6500000,VN,DEV0314,0
TXN02967,CARD09274,C09274,M013,T013,2026-07-09 15:47:00,37190000,VN,DEV0125,0
TXN02968,CARD02145,C02145,M008,T008,2026-07-08 16:00:00,29120000,VN,DEV0760,0
TXN02969,CARD02972,C02972,M002,T002,2026-07-23 12:59:00,43900000,US,DEV1856,0
TXN02970,CARD02499,C02499,M012,T012,2026-07-16 21:14:00,23590000,VN,DEV1124,0
TXN02971,CARD05340,C05340,M002,T002,2026-07-15 15:31:00,48890000,SG,DEV1089,0
TXN02972,CARD01865,C01865,M010,T010,2026-07-14 14:26:00,16340000,VN,DEV1267,0
TXN02973,CARD05686,C05686,M011,T011,2026-07-13 18:13:00,19040000,VN,DEV0869,0
TXN02974,CARD06406,C06406,M014,T014,2026-07-14 18:59:00,6700000,VN,DEV0146,0
TXN02975,CARD04665,C04665,M004,T004,2026-07-26 13:26:00,17430000,US,DEV0861,0
TXN02976,CARD07708,C07708,M013,T013,2026-07-11 13:08:00,24550000,VN,DEV0532,0
TXN02977,CARD00881,C00881,M014,T014,2026-07-24 18:11:00,11920000,VN,DEV0152,0
TXN02978,CARD03565,C03565,M008,T008,2026-07-07 04:24:00,36030000,VN,DEV0257,0
TXN02979,CARD01343,C01343,M006,T006,2026-07-09 04:02:00,11960000,VN,DEV0877,0
TXN02980,CARD05755,C05755,M007,T007,2026-07-14 02:44:00,38040000,VN,DEV1313,0
TXN02981,CARD02390,C02390,M012,T012,2026-07-16 05:39:00,35730000,VN,DEV1429,0
TXN02982,CARD03910,C03910,M013,T013,2026-07-15 11:58:00,29790000,VN,DEV1618,0
TXN02983,CARD00826,C00826,M011,T011,2026-07-13 03:06:00,45280000,VN,DEV1102,0
TXN02984,CARD09606,C09606,M003,T003,2026-07-16 14:10:00,220000,SG,DEV1907,0
TXN02985,CARD07986,C07986,M006,T006,2026-07-11 05:08:00,30990000,VN,DEV0360,0
TXN02986,CARD03283,C03283,M008,T008,2026-07-09 03:56:00,33140000,VN,DEV1191,0
TXN02987,CARD06073,C06073,M007,T007,2026-07-20 19:36:00,16290000,VN,DEV0601,0
TXN02988,CARD01605,C01605,M009,T009,2026-07-22 07:36:00,19540000,VN,DEV1328,0
TXN02989,CARD06897,C06897,M013,T013,2026-07-13 12:09:00,22450000,VN,DEV1832,0
TXN02990,CARD06802,C06802,M007,T007,2026-07-25 14:52:00,28250000,VN,DEV0274,0
TXN02991,CARD07598,C07598,M009,T009,2026-07-03 19:07:00,26770000,VN,DEV0155,0
TXN02992,CARD06788,C06788,M006,T006,2026-07-13 15:38:00,24320000,VN,DEV0156,0
TXN02993,CARD01777,C01777,M007,T007,2026-07-22 11:23:00,7240000,VN,DEV0117,0
TXN02994,CARD05001,C05001,M009,T009,2026-07-10 06:04:00,17540000,VN,DEV1289,0
TXN02995,CARD06757,C06757,M005,T005,2026-07-13 01:03:00,23450000,US,DEV1352,0
TXN02996,CARD09513,C09513,M009,T009,2026-07-24 16:50:00,25170000,SG,NEW_DEVICE,1
TXN02997,CARD08073,C08073,M006,T006,2026-07-19 13:08:00,28640000,VN,DEV0783,0
TXN02998,CARD09663,C09663,M006,T006,2026-07-14 00:52:00,48930000,VN,DEV0617,0
TXN02999,CARD03227,C03227,M013,T013,2026-07-09 09:03:00,24300000,VN,NEW_DEVICE,1
TXN03000,CARD09234,C09234,M008,T008,2026-07-10 03:47:00,12830000,VN,DEV1807,0
TXN03001,CARD02176,C02176,M009,T009,2026-07-26 13:17:00,12890000,VN,DEV1084,0
TXN03002,CARD01052,C01052,M010,T010,2026-07-05 04:06:00,49100000,VN,DEV1338,0
TXN03003,CARD00454,C00454,M001,T001,2026-07-07 05:19:00,45610000,VN,DEV0182,0
TXN03004,CARD06414,C06414,M004,T004,2026-07-20 18:52:00,19060000,US,DEV0449,0
TXN03005,CARD00341,C00341,M006,T006,2026-07-01 06:18:00,1150000,VN,DEV1190,0
TXN03006,CARD04837,C04837,M012,T012,2026-07-17 15:06:00,18430000,VN,DEV1284,0
TXN03007,CARD00669,C00669,M010,T010,2026-07-26 19:14:00,24830000,VN,DEV0677,0
TXN03008,CARD06219,C06219,M012,T012,2026-07-26 20:47:00,4670000,VN,DEV0428,0
TXN03009,CARD09417,C09417,M003,T003,2026-07-01 16:47:00,24630000,HK,DEV1410,0
TXN03010,CARD02228,C02228,M008,T008,2026-07-04 17:40:00,7930000,VN,DEV1995,0
TXN03011,CARD05419,C05419,M014,T014,2026-07-07 06:04:00,18560000,VN,DEV1393,0
TXN03012,CARD07265,C07265,M012,T012,2026-07-18 00:18:00,29750000,VN,DEV0528,0
TXN03013,CARD08240,C08240,M006,T006,2026-07-28 04:22:00,38680000,VN,DEV1435,0
TXN03014,CARD04593,C04593,M009,T009,2026-07-26 22:20:00,16210000,VN,DEV0190,0
TXN03015,CARD06665,C06665,M005,T005,2026-07-23 15:00:00,47560000,HK,DEV1024,0
TXN03016,CARD06441,C06441,M008,T008,2026-07-25 12:41:00,1270000,VN,DEV0750,0
TXN03017,CARD08673,C08673,M004,T004,2026-07-21 20:32:00,47900000,SG,DEV0114,0
TXN03018,CARD07582,C07582,M010,T010,2026-07-24 22:29:00,48570000,VN,DEV1840,0
TXN03019,CARD01293,C01293,M014,T014,2026-07-04 02:38:00,11190000,VN,DEV1771,0
TXN03020,CARD09079,C09079,M014,T014,2026-07-15 04:08:00,47810000,VN,DEV1874,0
TXN03021,CARD02327,C02327,M005,T005,2026-07-23 14:25:00,11250000,HK,DEV0040,0
TXN03022,CARD00287,C00287,M009,T009,2026-07-21 15:06:00,11990000,VN,DEV0802,0
TXN03023,CARD06938,C06938,M008,T008,2026-07-25 00:54:00,29900000,VN,DEV1492,0
TXN03024,CARD03169,C03169,M003,T003,2026-07-19 13:54:00,39300000,US,DEV0096,0
TXN03025,CARD09744,C09744,M005,T005,2026-07-09 05:16:00,21360000,US,DEV0098,0
TXN03026,CARD00238,C00238,M008,T008,2026-07-20 08:28:00,24800000,VN,DEV0191,0
TXN03027,CARD01747,C01747,M008,T008,2026-07-10 20:28:00,30850000,US,NEW_DEVICE,1
TXN03028,CARD06195,C06195,M005,T005,2026-07-01 09:21:00,39760000,HK,DEV1136,0
TXN03029,CARD01388,C01388,M012,T012,2026-07-17 08:54:00,25370000,VN,DEV1092,0
TXN03030,CARD01753,C01753,M008,T008,2026-07-22 17:56:00,3580000,VN,DEV1317,0
TXN03031,CARD08578,C08578,M003,T003,2026-07-24 07:32:00,42170000,HK,DEV1012,0
TXN03032,CARD06328,C06328,M014,T014,2026-07-25 05:53:00,42590000,VN,DEV0561,0
TXN03033,CARD05453,C05453,M010,T010,2026-07-20 07:04:00,47000000,VN,DEV0592,0
TXN03034,CARD03524,C03524,M001,T001,2026-07-24 12:41:00,26420000,VN,DEV1785,0
TXN03035,CARD05897,C05897,M012,T012,2026-07-20 01:24:00,46300000,VN,DEV1676,0
TXN03036,CARD05730,C05730,M011,T011,2026-07-21 03:52:00,21180000,VN,DEV0078,0
TXN03037,CARD02905,C02905,M002,T002,2026-07-02 22:42:00,43710000,US,DEV0693,0
TXN03038,CARD04359,C04359,M004,T004,2026-07-02 18:17:00,27000000,US,DEV0964,0
TXN03039,CARD05359,C05359,M008,T008,2026-07-01 15:32:00,4210000,SG,NEW_DEVICE,1
TXN03040,CARD02585,C02585,M005,T005,2026-07-02 13:06:00,48920000,SG,DEV1943,0
TXN03041,CARD04857,C04857,M002,T002,2026-07-06 08:10:00,17850000,US,DEV0813,0
TXN03042,CARD01001,C01001,M003,T003,2026-07-05 03:18:00,9250000,US,DEV1952,0
TXN03043,CARD03332,C03332,M009,T009,2026-07-22 07:03:00,9520000,VN,DEV0091,0
TXN03044,CARD02566,C02566,M003,T003,2026-07-11 00:50:00,2840000,US,DEV1093,0
TXN03045,CARD02129,C02129,M008,T008,2026-07-24 11:35:00,37380000,VN,DEV0509,0
TXN03046,CARD08564,C08564,M012,T012,2026-07-10 19:51:00,13740000,VN,DEV0330,0
TXN03047,CARD03392,C03392,M013,T013,2026-07-26 08:36:00,23240000,VN,DEV1679,0
TXN03048,CARD07228,C07228,M012,T012,2026-07-08 11:03:00,37810000,VN,DEV1115,0
TXN03049,CARD03624,C03624,M013,T013,2026-07-04 12:55:00,47180000,VN,DEV1813,0
TXN03050,CARD05548,C05548,M004,T004,2026-07-02 08:14:00,7550000,SG,DEV0205,0
TXN03051,CARD00988,C00988,M005,T005,2026-07-08 16:21:00,5550000,US,DEV1084,0
TXN03052,CARD06316,C06316,M007,T007,2026-07-27 18:14:00,43730000,VN,DEV1215,0
TXN03053,CARD09243,C09243,M014,T014,2026-07-09 14:10:00,40840000,VN,DEV1904,0
TXN03054,CARD00432,C00432,M012,T012,2026-07-20 13:51:00,40780000,VN,DEV0211,0
TXN03055,CARD06094,C06094,M003,T003,2026-07-19 07:26:00,22360000,HK,DEV0818,0
TXN03056,CARD05480,C05480,M004,T004,2026-07-02 00:00:00,7680000,SG,DEV0221,0
TXN03057,CARD05255,C05255,M004,T004,2026-07-28 01:57:00,13030000,SG,DEV1151,0
TXN03058,CARD08004,C08004,M005,T005,2026-07-23 23:39:00,26210000,HK,DEV0961,0
TXN03059,CARD02710,C02710,M005,T005,2026-07-13 16:43:00,43670000,US,DEV0599,0
TXN03060,CARD07838,C07838,M006,T006,2026-07-15 20:24:00,29620000,VN,DEV0455,0
TXN03061,CARD04507,C04507,M005,T005,2026-07-23 04:49:00,13410000,HK,DEV0143,0
TXN03062,CARD04059,C04059,M010,T010,2026-07-02 16:27:00,46620000,VN,DEV1190,0
TXN03063,CARD03105,C03105,M003,T003,2026-07-09 08:37:00,41240000,HK,DEV0933,0
TXN03064,CARD00338,C00338,M006,T006,2026-07-27 10:37:00,32610000,VN,DEV1417,0
TXN03065,CARD07425,C07425,M014,T014,2026-07-22 14:58:00,37430000,VN,DEV1671,0
TXN03066,CARD00193,C00193,M002,T002,2026-07-17 18:42:00,2220000,HK,DEV1403,0
TXN03067,CARD04370,C04370,M002,T002,2026-07-05 08:51:00,30570000,HK,DEV0477,0
TXN03068,CARD03329,C03329,M006,T006,2026-07-12 18:06:00,21470000,VN,DEV0999,0
TXN03069,CARD07434,C07434,M009,T009,2026-07-03 05:46:00,21300000,VN,DEV0625,0
TXN03070,CARD08769,C08769,M005,T005,2026-07-01 13:39:00,16440000,SG,DEV0640,0
TXN03071,CARD04022,C04022,M011,T011,2026-07-19 15:42:00,35040000,VN,DEV0194,0
TXN03072,CARD08077,C08077,M013,T013,2026-07-22 22:34:00,40580000,VN,DEV1055,0
TXN03073,CARD06415,C06415,M006,T006,2026-07-11 06:41:00,8260000,VN,DEV0583,0
TXN03074,CARD01266,C01266,M011,T011,2026-07-04 01:07:00,22270000,VN,DEV1544,0
TXN03075,CARD03979,C03979,M011,T011,2026-07-19 09:29:00,45490000,VN,DEV1669,0
TXN03076,CARD02313,C02313,M004,T004,2026-07-19 14:26:00,41090000,SG,DEV0918,0
TXN03077,CARD01210,C01210,M009,T009,2026-07-28 08:24:00,10060000,VN,DEV1908,0
TXN03078,CARD07571,C07571,M005,T005,2026-07-18 07:27:00,6700000,SG,NEW_DEVICE,1
TXN03079,CARD08446,C08446,M001,T001,2026-07-21 10:23:00,13000000,VN,DEV0350,0
TXN03080,CARD02743,C02743,M004,T004,2026-07-17 16:40:00,30520000,SG,NEW_DEVICE,1
TXN03081,CARD04100,C04100,M002,T002,2026-07-14 23:50:00,16730000,US,DEV1373,0
TXN03082,CARD03953,C03953,M003,T003,2026-07-23 10:32:00,25820000,US,DEV0017,0
TXN03083,CARD04805,C04805,M009,T009,2026-07-05 07:58:00,5160000,VN,DEV0145,0
TXN03084,CARD05519,C05519,M002,T002,2026-07-11 06:16:00,20990000,SG,DEV1383,0
TXN03085,CARD05622,C05622,M006,T006,2026-07-02 17:36:00,8380000,VN,DEV1182,0
TXN03086,CARD02656,C02656,M001,T001,2026-07-27 11:53:00,28830000,VN,DEV1431,0
TXN03087,CARD08281,C08281,M005,T005,2026-07-11 19:38:00,4020000,HK,DEV0318,0
TXN03088,CARD09923,C09923,M011,T011,2026-07-11 02:33:00,8410000,VN,DEV0281,0
TXN03089,CARD02474,C02474,M004,T004,2026-07-18 11:15:00,47110000,SG,DEV1858,0
TXN03090,CARD07186,C07186,M009,T009,2026-07-10 05:59:00,36300000,VN,DEV1619,0
TXN03091,CARD04423,C04423,M008,T008,2026-07-18 02:12:00,21260000,VN,DEV1357,0
TXN03092,CARD03589,C03589,M014,T014,2026-07-08 17:58:00,440000,VN,DEV1335,0
TXN03093,CARD07635,C07635,M006,T006,2026-07-24 10:36:00,37690000,VN,DEV0895,0
TXN03094,CARD00574,C00574,M012,T012,2026-07-20 05:08:00,32380000,VN,DEV1680,0
TXN03095,CARD04950,C04950,M005,T005,2026-07-17 21:46:00,35390000,SG,DEV1230,0
TXN03096,CARD05880,C05880,M008,T008,2026-07-19 19:00:00,39770000,VN,DEV1873,0
TXN03097,CARD01848,C01848,M006,T006,2026-07-07 15:21:00,18670000,VN,DEV0913,0
TXN03098,CARD04604,C04604,M014,T014,2026-07-02 16:13:00,39720000,VN,DEV1258,0
TXN03099,CARD01247,C01247,M014,T014,2026-07-16 18:34:00,5910000,SG,NEW_DEVICE,1
TXN03100,CARD05469,C05469,M010,T010,2026-07-06 21:25:00,44720000,VN,DEV1245,0
TXN03101,CARD00088,C00088,M012,T012,2026-07-27 07:22:00,19240000,VN,DEV0316,0
TXN03102,CARD02232,C02232,M011,T011,2026-07-18 01:32:00,23220000,VN,DEV0164,0
TXN03103,CARD08331,C08331,M001,T001,2026-07-05 16:18:00,39250000,VN,DEV1921,0
TXN03104,CARD04375,C04375,M011,T011,2026-07-27 22:47:00,29930000,VN,DEV0014,0
TXN03105,CARD04605,C04605,M001,T001,2026-07-11 18:50:00,38540000,VN,DEV1057,0
TXN03106,CARD00822,C00822,M006,T006,2026-07-13 07:56:00,2140000,VN,DEV1852,0
TXN03107,CARD09088,C09088,M001,T001,2026-07-25 06:13:00,46440000,VN,DEV1858,0
TXN03108,CARD00531,C00531,M014,T014,2026-07-15 06:02:00,40300000,VN,DEV1430,0
TXN03109,CARD00581,C00581,M009,T009,2026-07-08 22:30:00,25690000,VN,DEV1049,0
TXN03110,CARD04291,C04291,M009,T009,2026-07-21 21:26:00,36240000,VN,DEV0831,0
TXN03111,CARD07927,C07927,M012,T012,2026-07-23 07:48:00,20710000,VN,DEV1245,0
TXN03112,CARD01821,C01821,M005,T005,2026-07-18 13:41:00,44530000,US,DEV0749,0
TXN03113,CARD08683,C08683,M013,T013,2026-07-05 06:33:00,27330000,VN,DEV1914,0
TXN03114,CARD03877,C03877,M012,T012,2026-07-25 15:23:00,37290000,VN,DEV0500,0
TXN03115,CARD00690,C00690,M009,T009,2026-07-13 23:08:00,23640000,VN,DEV0214,0
TXN03116,CARD03076,C03076,M006,T006,2026-07-19 07:55:00,18010000,VN,DEV0744,0
TXN03117,CARD00770,C00770,M008,T008,2026-07-17 08:55:00,9770000,VN,DEV0447,0
TXN03118,CARD09059,C09059,M010,T010,2026-07-21 05:06:00,35390000,VN,DEV0739,0
TXN03119,CARD04993,C04993,M001,T001,2026-07-01 02:49:00,20480000,VN,DEV0693,0
TXN03120,CARD04654,C04654,M006,T006,2026-07-27 16:29:00,2680000,VN,DEV0529,0
TXN03121,CARD06513,C06513,M003,T003,2026-07-25 19:37:00,2130000,US,DEV0780,0
TXN03122,CARD08802,C08802,M006,T006,2026-07-14 09:24:00,28480000,VN,DEV1831,0
TXN03123,CARD03241,C03241,M012,T012,2026-07-08 15:06:00,28610000,VN,DEV0995,0
TXN03124,CARD04677,C04677,M012,T012,2026-07-06 14:21:00,8110000,VN,DEV0454,0
TXN03125,CARD06823,C06823,M004,T004,2026-07-24 20:23:00,6790000,HK,DEV0513,0
TXN03126,CARD06641,C06641,M001,T001,2026-07-16 05:38:00,34920000,VN,DEV1700,0
TXN03127,CARD00647,C00647,M014,T014,2026-07-11 10:50:00,44990000,VN,DEV1032,0
TXN03128,CARD07911,C07911,M001,T001,2026-07-03 07:25:00,35970000,VN,DEV0504,0
TXN03129,CARD08233,C08233,M008,T008,2026-07-07 16:05:00,37860000,VN,DEV0621,0
TXN03130,CARD09956,C09956,M012,T012,2026-07-06 23:51:00,28960000,VN,DEV1741,0
TXN03131,CARD03464,C03464,M002,T002,2026-07-03 13:56:00,45550000,SG,DEV0552,0
TXN03132,CARD03066,C03066,M010,T010,2026-07-07 20:16:00,340000,VN,DEV1816,0
TXN03133,CARD03239,C03239,M003,T003,2026-07-15 19:48:00,48800000,US,DEV0834,0
TXN03134,CARD03313,C03313,M010,T010,2026-07-13 05:55:00,43510000,VN,DEV0346,0
TXN03135,CARD03815,C03815,M010,T010,2026-07-27 18:02:00,38730000,VN,DEV1289,0
TXN03136,CARD00612,C00612,M010,T010,2026-07-16 21:50:00,30880000,VN,DEV1045,0
TXN03137,CARD05033,C05033,M004,T004,2026-07-18 09:00:00,37950000,SG,DEV0047,0
TXN03138,CARD06534,C06534,M002,T002,2026-07-15 13:45:00,20050000,SG,DEV0263,0
TXN03139,CARD01925,C01925,M002,T002,2026-07-05 06:11:00,30480000,US,DEV1211,0
TXN03140,CARD05533,C05533,M007,T007,2026-07-20 02:33:00,16020000,VN,DEV0993,0
TXN03141,CARD00669,C00669,M005,T005,2026-07-19 20:53:00,30460000,SG,DEV0761,0
TXN03142,CARD01366,C01366,M014,T014,2026-07-12 17:50:00,48440000,VN,DEV0298,0
TXN03143,CARD08691,C08691,M001,T001,2026-07-12 21:31:00,8800000,VN,DEV1005,0
TXN03144,CARD05049,C05049,M002,T002,2026-07-12 07:01:00,25840000,SG,DEV0363,0
TXN03145,CARD02753,C02753,M001,T001,2026-07-01 21:10:00,37290000,VN,DEV0747,0
TXN03146,CARD06166,C06166,M005,T005,2026-07-23 02:46:00,17250000,US,DEV1275,0
TXN03147,CARD02255,C02255,M001,T001,2026-07-10 07:40:00,21480000,VN,DEV0903,0
TXN03148,CARD04111,C04111,M007,T007,2026-07-06 03:08:00,47970000,VN,DEV0120,0
TXN03149,CARD01068,C01068,M006,T006,2026-07-12 03:00:00,41450000,VN,DEV0619,0
TXN03150,CARD09068,C09068,M012,T012,2026-07-06 19:05:00,23540000,VN,DEV1561,0
TXN03151,CARD06633,C06633,M004,T004,2026-07-20 21:24:00,47660000,HK,DEV1107,0
TXN03152,CARD00821,C00821,M011,T011,2026-07-17 11:27:00,27820000,VN,DEV1940,0
TXN03153,CARD09234,C09234,M008,T008,2026-07-26 19:19:00,24500000,VN,DEV1725,0
TXN03154,CARD02628,C02628,M010,T010,2026-07-10 01:44:00,8170000,VN,DEV1172,0
TXN03155,CARD05868,C05868,M012,T012,2026-07-16 12:17:00,33370000,VN,DEV1961,0
TXN03156,CARD02785,C02785,M007,T007,2026-07-19 20:37:00,15140000,VN,DEV1051,0
TXN03157,CARD05230,C05230,M007,T007,2026-07-02 06:16:00,7560000,VN,DEV0804,0
TXN03158,CARD07505,C07505,M012,T012,2026-07-11 05:21:00,32550000,VN,DEV1584,0
TXN03159,CARD03355,C03355,M006,T006,2026-07-10 14:57:00,5130000,VN,DEV1013,0
TXN03160,CARD00246,C00246,M014,T014,2026-07-03 19:01:00,4910000,VN,DEV1762,0
TXN03161,CARD07215,C07215,M010,T010,2026-07-08 06:50:00,11210000,VN,DEV1257,0
TXN03162,CARD00948,C00948,M012,T012,2026-07-07 11:04:00,22780000,VN,DEV0626,0
TXN03163,CARD08712,C08712,M002,T002,2026-07-20 15:56:00,22830000,US,DEV0098,0
TXN03164,CARD09037,C09037,M012,T012,2026-07-16 13:08:00,40380000,VN,DEV0408,0
TXN03165,CARD05829,C05829,M009,T009,2026-07-01 18:51:00,19870000,VN,DEV1603,0
TXN03166,CARD08480,C08480,M007,T007,2026-07-27 22:18:00,44590000,VN,DEV0642,0
TXN03167,CARD02181,C02181,M012,T012,2026-07-18 06:25:00,5320000,VN,DEV1193,0
TXN03168,CARD01085,C01085,M008,T008,2026-07-11 03:37:00,47720000,VN,DEV1144,0
TXN03169,CARD09820,C09820,M011,T011,2026-07-23 02:09:00,35250000,VN,DEV1832,0
TXN03170,CARD09011,C09011,M008,T008,2026-07-03 15:54:00,22050000,VN,DEV0404,0
TXN03171,CARD08046,C08046,M004,T004,2026-07-17 17:34:00,5740000,SG,DEV0064,0
TXN03172,CARD02630,C02630,M008,T008,2026-07-25 10:15:00,25710000,VN,DEV1665,0
TXN03173,CARD02987,C02987,M007,T007,2026-07-08 21:36:00,7030000,VN,DEV1683,0
TXN03174,CARD04281,C04281,M002,T002,2026-07-15 10:51:00,48810000,SG,DEV1534,0
TXN03175,CARD05322,C05322,M013,T013,2026-07-21 21:29:00,27090000,VN,DEV0019,0
TXN03176,CARD01870,C01870,M003,T003,2026-07-06 01:23:00,6530000,US,DEV1252,0
TXN03177,CARD08305,C08305,M007,T007,2026-07-22 22:41:00,10150000,VN,DEV1224,0
TXN03178,CARD01381,C01381,M002,T002,2026-07-04 13:37:00,38030000,HK,DEV1557,0
TXN03179,CARD08096,C08096,M009,T009,2026-07-27 04:14:00,24110000,VN,DEV0351,0
TXN03180,CARD04606,C04606,M006,T006,2026-07-27 14:38:00,6400000,VN,DEV1817,0
TXN03181,CARD00310,C00310,M001,T001,2026-07-12 13:46:00,32080000,VN,DEV1246,0
TXN03182,CARD03071,C03071,M002,T002,2026-07-26 13:48:00,26950000,HK,DEV1962,0
TXN03183,CARD09141,C09141,M008,T008,2026-07-28 06:03:00,20190000,VN,DEV1729,0
TXN03184,CARD04915,C04915,M009,T009,2026-07-17 20:28:00,32900000,VN,DEV1408,0
TXN03185,CARD01826,C01826,M003,T003,2026-07-13 02:44:00,14010000,SG,DEV0247,0
TXN03186,CARD09230,C09230,M012,T012,2026-07-01 22:43:00,10160000,VN,DEV1802,0
TXN03187,CARD01966,C01966,M004,T004,2026-07-03 10:55:00,49670000,VN,NEW_DEVICE,1
TXN03188,CARD02007,C02007,M006,T006,2026-07-08 18:56:00,15870000,VN,DEV0874,0
TXN03189,CARD03376,C03376,M013,T013,2026-07-26 09:21:00,2200000,VN,DEV1632,0
TXN03190,CARD08302,C08302,M010,T010,2026-07-24 00:56:00,16190000,VN,DEV1828,0
TXN03191,CARD08844,C08844,M001,T001,2026-07-01 10:56:00,16720000,VN,DEV1538,0
TXN03192,CARD03937,C03937,M006,T006,2026-07-07 13:36:00,42120000,VN,DEV0026,0
TXN03193,CARD00638,C00638,M002,T002,2026-07-21 18:00:00,44950000,US,DEV1852,0
TXN03194,CARD07368,C07368,M008,T008,2026-07-07 02:48:00,40410000,VN,DEV0223,0
TXN03195,CARD00549,C00549,M010,T010,2026-07-28 16:05:00,730000,VN,DEV1946,0
TXN03196,CARD06998,C06998,M003,T003,2026-07-18 19:27:00,40400000,HK,DEV0845,0
TXN03197,CARD00328,C00328,M013,T013,2026-07-22 08:55:00,40660000,VN,DEV0028,0
TXN03198,CARD02452,C02452,M003,T003,2026-07-22 11:36:00,42420000,SG,DEV1031,0
TXN03199,CARD02367,C02367,M001,T001,2026-07-21 08:33:00,41610000,VN,DEV1601,0
TXN03200,CARD09619,C09619,M014,T014,2026-07-10 21:07:00,17270000,VN,DEV0644,0
TXN03201,CARD09463,C09463,M012,T012,2026-07-25 16:11:00,22300000,VN,DEV1126,0
TXN03202,CARD02145,C02145,M004,T004,2026-07-25 18:31:00,28520000,HK,DEV0981,0
TXN03203,CARD05184,C05184,M002,T002,2026-07-02 18:12:00,8640000,HK,DEV0166,0
TXN03204,CARD07001,C07001,M002,T002,2026-07-23 07:16:00,14770000,SG,DEV0395,0
TXN03205,CARD04289,C04289,M008,T008,2026-07-14 16:23:00,18830000,VN,DEV0809,0
TXN03206,CARD01747,C01747,M002,T002,2026-07-05 05:07:00,43370000,US,DEV0928,0
TXN03207,CARD06832,C06832,M001,T001,2026-07-27 00:27:00,43130000,VN,DEV0905,0
TXN03208,CARD04388,C04388,M006,T006,2026-07-12 16:02:00,33510000,VN,DEV0392,0
TXN03209,CARD00145,C00145,M012,T012,2026-07-01 20:42:00,12540000,VN,DEV1922,0
TXN03210,CARD09238,C09238,M004,T004,2026-07-19 10:18:00,26640000,SG,DEV1090,0
TXN03211,CARD06197,C06197,M002,T002,2026-07-28 16:33:00,1310000,SG,DEV1994,0
TXN03212,CARD04582,C04582,M007,T007,2026-07-21 04:33:00,21460000,VN,DEV1212,0
TXN03213,CARD02596,C02596,M001,T001,2026-07-20 08:57:00,23060000,VN,DEV1371,0
TXN03214,CARD03972,C03972,M006,T006,2026-07-17 07:04:00,12520000,VN,DEV1015,0
TXN03215,CARD02898,C02898,M012,T012,2026-07-22 23:16:00,41040000,VN,DEV1361,0
TXN03216,CARD06040,C06040,M013,T013,2026-07-09 21:48:00,12850000,VN,DEV1887,0
TXN03217,CARD03246,C03246,M008,T008,2026-07-23 03:08:00,37710000,VN,DEV0040,0
TXN03218,CARD05694,C05694,M010,T010,2026-07-28 17:17:00,16040000,VN,DEV1207,0
TXN03219,CARD03532,C03532,M008,T008,2026-07-26 11:19:00,2490000,VN,DEV1179,0
TXN03220,CARD02020,C02020,M006,T006,2026-07-08 03:27:00,14850000,VN,DEV0023,0
TXN03221,CARD06634,C06634,M011,T011,2026-07-21 18:24:00,38200000,VN,DEV1570,0
TXN03222,CARD05435,C05435,M004,T004,2026-07-12 00:13:00,2860000,US,DEV1571,0
TXN03223,CARD02976,C02976,M008,T008,2026-07-22 18:16:00,38540000,VN,DEV1019,0
TXN03224,CARD09452,C09452,M009,T009,2026-07-03 03:43:00,20010000,VN,DEV0878,0
TXN03225,CARD01411,C01411,M010,T010,2026-07-24 17:40:00,27840000,VN,DEV0116,0
TXN03226,CARD06183,C06183,M011,T011,2026-07-14 20:40:00,33250000,VN,DEV1794,0
TXN03227,CARD09045,C09045,M007,T007,2026-07-17 08:36:00,44960000,VN,DEV1811,0
TXN03228,CARD08958,C08958,M010,T010,2026-07-21 18:51:00,23390000,VN,DEV0086,0
TXN03229,CARD00277,C00277,M007,T007,2026-07-01 22:06:00,28350000,VN,DEV0435,0
TXN03230,CARD06759,C06759,M004,T004,2026-07-14 20:02:00,11790000,HK,DEV1814,0
TXN03231,CARD01439,C01439,M007,T007,2026-07-21 18:03:00,40490000,VN,DEV0127,0
TXN03232,CARD06108,C06108,M003,T003,2026-07-24 06:38:00,8530000,HK,DEV1761,0
TXN03233,CARD04185,C04185,M007,T007,2026-07-20 08:34:00,32250000,VN,DEV1199,0
TXN03234,CARD09463,C09463,M008,T008,2026-07-15 04:34:00,14730000,VN,DEV0178,0
TXN03235,CARD09704,C09704,M012,T012,2026-07-25 06:16:00,38410000,VN,DEV1531,0
TXN03236,CARD00004,C00004,M007,T007,2026-07-03 11:40:00,7880000,VN,DEV1359,0
TXN03237,CARD02935,C02935,M004,T004,2026-07-28 09:52:00,18180000,HK,DEV0415,0
TXN03238,CARD05060,C05060,M011,T011,2026-07-08 17:45:00,12110000,VN,DEV1892,0
TXN03239,CARD08206,C08206,M004,T004,2026-07-19 20:23:00,25680000,HK,DEV1448,0
TXN03240,CARD00482,C00482,M002,T002,2026-07-21 11:21:00,31250000,US,DEV1133,0
TXN03241,CARD02802,C02802,M005,T005,2026-07-21 14:27:00,7580000,HK,DEV1699,0
TXN03242,CARD08495,C08495,M004,T004,2026-07-15 12:18:00,30290000,US,DEV0423,0
TXN03243,CARD02425,C02425,M010,T010,2026-07-16 17:17:00,6760000,VN,DEV1004,0
TXN03244,CARD01452,C01452,M013,T013,2026-07-17 09:26:00,910000,VN,DEV0115,0
TXN03245,CARD07226,C07226,M011,T011,2026-07-14 17:06:00,22280000,VN,DEV0096,0
TXN03246,CARD08257,C08257,M007,T007,2026-07-05 00:18:00,41240000,VN,DEV0916,0
TXN03247,CARD09680,C09680,M001,T001,2026-07-07 06:45:00,12970000,VN,DEV0367,0
TXN03248,CARD08081,C08081,M006,T006,2026-07-04 12:04:00,46310000,VN,DEV1046,0
TXN03249,CARD06494,C06494,M002,T002,2026-07-26 10:13:00,24170000,HK,DEV0868,0
TXN03250,CARD06717,C06717,M012,T012,2026-07-04 12:48:00,44310000,VN,DEV0081,0
TXN03251,CARD08466,C08466,M007,T007,2026-07-27 22:38:00,25100000,VN,DEV0178,0
TXN03252,CARD07906,C07906,M008,T008,2026-07-01 11:06:00,39200000,VN,DEV1493,0
TXN03253,CARD05158,C05158,M005,T005,2026-07-23 00:44:00,39730000,SG,DEV1892,0
TXN03254,CARD03635,C03635,M010,T010,2026-07-02 12:00:00,43150000,VN,DEV0788,0
TXN03255,CARD08621,C08621,M008,T008,2026-07-03 08:04:00,8950000,VN,DEV1055,0
TXN03256,CARD03891,C03891,M006,T006,2026-07-08 02:47:00,4250000,VN,DEV1956,0
TXN03257,CARD09590,C09590,M007,T007,2026-07-21 15:36:00,27940000,VN,DEV0809,0
TXN03258,CARD03340,C03340,M014,T014,2026-07-16 03:55:00,5470000,VN,DEV0477,0
TXN03259,CARD05039,C05039,M008,T008,2026-07-08 00:24:00,44630000,VN,DEV1372,0
TXN03260,CARD00530,C00530,M003,T003,2026-07-14 18:34:00,5810000,SG,DEV1483,0
TXN03261,CARD00498,C00498,M003,T003,2026-07-03 09:04:00,25510000,SG,DEV0922,0
TXN03262,CARD01064,C01064,M013,T013,2026-07-13 08:23:00,27380000,VN,DEV1012,0
TXN03263,CARD04112,C04112,M005,T005,2026-07-07 21:29:00,5470000,US,DEV1627,0
TXN03264,CARD00462,C00462,M003,T003,2026-07-14 04:04:00,13190000,US,DEV0032,0
TXN03265,CARD06587,C06587,M009,T009,2026-07-04 17:38:00,42410000,VN,DEV0849,0
TXN03266,CARD02065,C02065,M008,T008,2026-07-17 17:04:00,24720000,VN,DEV1686,0
TXN03267,CARD07066,C07066,M007,T007,2026-07-18 03:47:00,21140000,VN,DEV1527,0
TXN03268,CARD08821,C08821,M002,T002,2026-07-03 09:04:00,5470000,HK,DEV1525,0
TXN03269,CARD02670,C02670,M013,T013,2026-07-14 05:16:00,22620000,VN,DEV0796,0
TXN03270,CARD04546,C04546,M004,T004,2026-07-01 15:15:00,38440000,HK,DEV0102,0
TXN03271,CARD09092,C09092,M008,T008,2026-07-07 09:26:00,25810000,VN,DEV1246,0
TXN03272,CARD05271,C05271,M007,T007,2026-07-01 21:55:00,13190000,VN,DEV1837,0
TXN03273,CARD03938,C03938,M011,T011,2026-07-01 17:35:00,9100000,VN,DEV0501,0
TXN03274,CARD05715,C05715,M005,T005,2026-07-01 07:15:00,43440000,HK,DEV1559,0
TXN03275,CARD07472,C07472,M007,T007,2026-07-23 17:41:00,37450000,VN,DEV0699,0
TXN03276,CARD00773,C00773,M012,T012,2026-07-23 01:56:00,28670000,VN,DEV1592,0
TXN03277,CARD06513,C06513,M004,T004,2026-07-26 22:51:00,16900000,SG,DEV1508,0
TXN03278,CARD09073,C09073,M001,T001,2026-07-22 22:37:00,32960000,VN,DEV1929,0
TXN03279,CARD05468,C05468,M012,T012,2026-07-19 15:31:00,5020000,VN,DEV1078,0
TXN03280,CARD06255,C06255,M011,T011,2026-07-18 17:59:00,510000,VN,DEV0703,0
TXN03281,CARD07863,C07863,M001,T001,2026-07-20 22:42:00,41790000,VN,DEV1735,0
TXN03282,CARD06612,C06612,M011,T011,2026-07-18 17:29:00,39160000,VN,DEV1121,0
TXN03283,CARD03587,C03587,M008,T008,2026-07-23 02:50:00,36780000,VN,DEV0887,0
TXN03284,CARD06484,C06484,M011,T011,2026-07-25 13:17:00,10290000,VN,DEV1024,0
TXN03285,CARD06488,C06488,M004,T004,2026-07-14 20:42:00,43420000,HK,DEV1344,0
TXN03286,CARD04938,C04938,M012,T012,2026-07-23 10:19:00,44720000,VN,DEV1318,0
TXN03287,CARD00824,C00824,M006,T006,2026-07-12 15:46:00,28500000,VN,DEV0906,0
TXN03288,CARD03961,C03961,M007,T007,2026-07-12 21:27:00,24220000,VN,DEV0276,0
TXN03289,CARD00837,C00837,M007,T007,2026-07-26 01:56:00,47390000,VN,DEV0863,0
TXN03290,CARD03659,C03659,M013,T013,2026-07-09 03:55:00,37800000,VN,DEV1183,0
TXN03291,CARD05051,C05051,M002,T002,2026-07-16 16:03:00,41830000,HK,DEV0603,0
TXN03292,CARD08504,C08504,M011,T011,2026-07-22 02:58:00,44190000,VN,DEV1553,0
TXN03293,CARD04797,C04797,M011,T011,2026-07-23 10:43:00,48730000,VN,DEV1149,0
TXN03294,CARD01354,C01354,M011,T011,2026-07-06 06:10:00,46140000,VN,DEV0547,0
TXN03295,CARD00379,C00379,M001,T001,2026-07-12 13:42:00,34560000,VN,DEV0450,0
TXN03296,CARD07247,C07247,M010,T010,2026-07-07 04:15:00,48060000,VN,DEV1918,0
TXN03297,CARD00171,C00171,M001,T001,2026-07-20 11:45:00,31200000,VN,DEV0998,0
TXN03298,CARD01824,C01824,M013,T013,2026-07-22 00:36:00,49970000,VN,DEV1762,0
TXN03299,CARD01854,C01854,M004,T004,2026-07-25 10:46:00,24040000,SG,DEV1924,0
TXN03300,CARD09102,C09102,M013,T013,2026-07-08 09:42:00,7340000,VN,DEV1145,0
TXN03301,CARD09651,C09651,M009,T009,2026-07-26 00:33:00,45570000,VN,DEV0293,0
TXN03302,CARD02286,C02286,M004,T004,2026-07-25 15:18:00,23240000,US,DEV1789,0
TXN03303,CARD03759,C03759,M010,T010,2026-07-02 14:35:00,5280000,VN,DEV1819,0
TXN03304,CARD09225,C09225,M012,T012,2026-07-10 01:03:00,5210000,VN,DEV0372,0
TXN03305,CARD08744,C08744,M010,T010,2026-07-10 14:36:00,20990000,VN,DEV0274,0
TXN03306,CARD08082,C08082,M008,T008,2026-07-15 04:55:00,37840000,VN,DEV0083,0
TXN03307,CARD07443,C07443,M009,T009,2026-07-15 08:47:00,46600000,VN,DEV1114,0
TXN03308,CARD01861,C01861,M009,T009,2026-07-15 00:34:00,10290000,VN,DEV0757,0
TXN03309,CARD03075,C03075,M001,T001,2026-07-18 06:35:00,35620000,VN,DEV1336,0
TXN03310,CARD08579,C08579,M007,T007,2026-07-09 17:29:00,23240000,VN,DEV1005,0
TXN03311,CARD05734,C05734,M003,T003,2026-07-19 19:05:00,26430000,HK,DEV1095,0
TXN03312,CARD01740,C01740,M014,T014,2026-07-20 08:12:00,9150000,VN,DEV1698,0
TXN03313,CARD04039,C04039,M009,T009,2026-07-12 07:04:00,6980000,VN,DEV0673,0
TXN03314,CARD07040,C07040,M003,T003,2026-07-23 18:13:00,22410000,HK,DEV0929,0
TXN03315,CARD03308,C03308,M001,T001,2026-07-25 09:31:00,47990000,VN,DEV1226,0
TXN03316,CARD01868,C01868,M010,T010,2026-07-11 17:57:00,21670000,VN,DEV1484,0
TXN03317,CARD07784,C07784,M014,T014,2026-07-21 19:45:00,15810000,VN,DEV0300,0
TXN03318,CARD00151,C00151,M006,T006,2026-07-03 21:34:00,22050000,VN,DEV0595,0
TXN03319,CARD04933,C04933,M002,T002,2026-07-24 11:53:00,37590000,SG,DEV1833,0
TXN03320,CARD01227,C01227,M004,T004,2026-07-08 09:10:00,20310000,US,DEV0238,0
TXN03321,CARD05378,C05378,M013,T013,2026-07-19 01:22:00,16540000,VN,DEV0245,0
TXN03322,CARD01666,C01666,M011,T011,2026-07-20 23:58:00,7300000,VN,DEV1532,0
TXN03323,CARD01153,C01153,M003,T003,2026-07-25 11:34:00,40410000,US,DEV1889,0
TXN03324,CARD07208,C07208,M013,T013,2026-07-21 06:10:00,26350000,VN,DEV0880,0
TXN03325,CARD09940,C09940,M013,T013,2026-07-25 00:44:00,44900000,VN,DEV0789,0
TXN03326,CARD00854,C00854,M002,T002,2026-07-21 20:50:00,4310000,HK,DEV0922,0
TXN03327,CARD01208,C01208,M007,T007,2026-07-09 11:09:00,32660000,VN,DEV1789,0
TXN03328,CARD07122,C07122,M005,T005,2026-07-10 16:13:00,3420000,HK,DEV0275,0
TXN03329,CARD07336,C07336,M011,T011,2026-07-19 03:34:00,19200000,VN,DEV0595,0
TXN03330,CARD09420,C09420,M010,T010,2026-07-19 07:10:00,33380000,VN,DEV1991,0
TXN03331,CARD01591,C01591,M012,T012,2026-07-19 17:35:00,18550000,VN,DEV0292,0
TXN03332,CARD04564,C04564,M010,T010,2026-07-13 19:47:00,36090000,VN,DEV0766,0
TXN03333,CARD09686,C09686,M010,T010,2026-07-06 09:20:00,45310000,VN,DEV0875,0
TXN03334,CARD09346,C09346,M007,T007,2026-07-14 07:28:00,1980000,VN,DEV1030,0
TXN03335,CARD03757,C03757,M009,T009,2026-07-23 15:51:00,19610000,VN,DEV0416,0
TXN03336,CARD08564,C08564,M012,T012,2026-07-05 00:59:00,37100000,VN,DEV0840,0
TXN03337,CARD01113,C01113,M001,T001,2026-07-15 18:42:00,39230000,VN,DEV0751,0
TXN03338,CARD07321,C07321,M011,T011,2026-07-07 04:56:00,5610000,VN,DEV0598,0
TXN03339,CARD08981,C08981,M012,T012,2026-07-13 11:28:00,13920000,VN,DEV0121,0
TXN03340,CARD07357,C07357,M011,T011,2026-07-10 17:31:00,6210000,VN,DEV1536,0
TXN03341,CARD08493,C08493,M004,T004,2026-07-08 04:09:00,5050000,SG,DEV1207,0
TXN03342,CARD02294,C02294,M009,T009,2026-07-18 23:23:00,12570000,VN,DEV1156,0
TXN03343,CARD05360,C05360,M011,T011,2026-07-03 21:31:00,48000000,VN,DEV1940,0
TXN03344,CARD09432,C09432,M001,T001,2026-07-27 04:01:00,28430000,VN,DEV0007,0
TXN03345,CARD02216,C02216,M005,T005,2026-07-25 15:02:00,2040000,US,DEV1304,0
TXN03346,CARD09549,C09549,M002,T002,2026-07-22 22:03:00,4340000,SG,DEV0512,0
TXN03347,CARD03554,C03554,M007,T007,2026-07-03 19:34:00,21080000,VN,DEV0172,0
TXN03348,CARD05721,C05721,M001,T001,2026-07-14 00:14:00,41990000,VN,DEV0609,0
TXN03349,CARD07585,C07585,M014,T014,2026-07-11 21:25:00,9530000,VN,DEV0887,0
TXN03350,CARD08596,C08596,M002,T002,2026-07-19 11:05:00,38820000,HK,DEV1821,0
TXN03351,CARD06301,C06301,M009,T009,2026-07-27 07:34:00,5870000,VN,DEV1428,0
TXN03352,CARD03593,C03593,M005,T005,2026-07-07 10:29:00,36620000,HK,DEV0417,0
TXN03353,CARD06097,C06097,M014,T014,2026-07-21 12:48:00,29420000,VN,DEV1949,0
TXN03354,CARD03188,C03188,M005,T005,2026-07-13 10:56:00,35690000,US,DEV1754,0
TXN03355,CARD01931,C01931,M002,T002,2026-07-16 00:38:00,2400000,SG,DEV1313,0
TXN03356,CARD07178,C07178,M008,T008,2026-07-06 00:23:00,35730000,VN,DEV1141,0
TXN03357,CARD04413,C04413,M010,T010,2026-07-03 01:09:00,48280000,VN,DEV1909,0
TXN03358,CARD08219,C08219,M011,T011,2026-07-06 06:05:00,14170000,VN,DEV1038,0
TXN03359,CARD02185,C02185,M009,T009,2026-07-07 04:43:00,130000,VN,DEV0542,0
TXN03360,CARD04799,C04799,M004,T004,2026-07-27 07:25:00,48910000,US,DEV0831,0
TXN03361,CARD03037,C03037,M004,T004,2026-07-19 07:49:00,22460000,HK,DEV1066,0
TXN03362,CARD01690,C01690,M003,T003,2026-07-23 04:58:00,3710000,US,DEV1071,0
TXN03363,CARD00481,C00481,M009,T009,2026-07-26 20:52:00,14120000,VN,DEV0520,0
TXN03364,CARD06240,C06240,M007,T007,2026-07-13 06:08:00,10700000,VN,DEV1810,0
TXN03365,CARD03659,C03659,M001,T001,2026-07-09 06:04:00,16300000,VN,DEV1612,0
TXN03366,CARD01828,C01828,M006,T006,2026-07-21 14:36:00,44090000,VN,DEV0854,0
TXN03367,CARD08361,C08361,M001,T001,2026-07-07 16:48:00,7940000,VN,DEV0912,0
TXN03368,CARD03106,C03106,M011,T011,2026-07-17 23:34:00,16430000,VN,DEV0828,0
TXN03369,CARD09057,C09057,M009,T009,2026-07-16 20:50:00,1770000,VN,DEV0214,0
TXN03370,CARD08990,C08990,M004,T004,2026-07-25 21:52:00,25420000,US,DEV0671,0
TXN03371,CARD03259,C03259,M007,T007,2026-07-15 23:54:00,40750000,VN,DEV1484,0
TXN03372,CARD08986,C08986,M003,T003,2026-07-25 20:05:00,44170000,US,DEV1142,0
TXN03373,CARD05059,C05059,M007,T007,2026-07-23 08:54:00,11460000,VN,DEV1708,0
TXN03374,CARD06464,C06464,M011,T011,2026-07-18 09:34:00,45810000,VN,DEV1887,0
TXN03375,CARD06238,C06238,M014,T014,2026-07-06 11:43:00,19260000,VN,DEV0502,0
TXN03376,CARD09416,C09416,M013,T013,2026-07-17 21:33:00,5720000,VN,DEV1316,0
TXN03377,CARD05131,C05131,M010,T010,2026-07-20 15:14:00,60000,VN,DEV0586,0
TXN03378,CARD08900,C08900,M011,T011,2026-07-19 14:58:00,46600000,VN,DEV0414,0
TXN03379,CARD08641,C08641,M008,T008,2026-07-04 11:20:00,450000,VN,DEV0387,0
TXN03380,CARD02431,C02431,M002,T002,2026-07-06 22:46:00,23940000,US,DEV1261,0
TXN03381,CARD09275,C09275,M014,T014,2026-07-10 19:35:00,24560000,VN,DEV1130,0
TXN03382,CARD02444,C02444,M014,T014,2026-07-07 11:11:00,34470000,VN,DEV1819,0
TXN03383,CARD09362,C09362,M005,T005,2026-07-27 18:19:00,45010000,SG,DEV1965,0
TXN03384,CARD01764,C01764,M013,T013,2026-07-10 10:38:00,1110000,VN,DEV1878,0
TXN03385,CARD00358,C00358,M004,T004,2026-07-14 04:31:00,11340000,US,DEV0741,0
TXN03386,CARD02606,C02606,M005,T005,2026-07-03 09:52:00,2520000,SG,DEV1319,0
TXN03387,CARD08699,C08699,M004,T004,2026-07-01 10:12:00,30080000,HK,DEV1938,0
TXN03388,CARD06997,C06997,M004,T004,2026-07-16 16:26:00,1770000,SG,DEV0395,0
TXN03389,CARD03601,C03601,M003,T003,2026-07-01 07:23:00,920000,SG,DEV1351,0
TXN03390,CARD05473,C05473,M003,T003,2026-07-03 09:28:00,32310000,US,DEV0737,0
TXN03391,CARD09371,C09371,M010,T010,2026-07-02 17:44:00,48360000,VN,DEV1532,0
TXN03392,CARD03813,C03813,M012,T012,2026-07-21 13:00:00,22890000,VN,DEV1534,0
TXN03393,CARD02209,C02209,M010,T010,2026-07-15 23:15:00,28340000,VN,DEV0425,0
TXN03394,CARD02737,C02737,M003,T003,2026-07-23 15:51:00,45070000,HK,DEV0184,0
TXN03395,CARD04824,C04824,M005,T005,2026-07-22 12:31:00,24050000,US,DEV1630,0
TXN03396,CARD01978,C01978,M006,T006,2026-07-05 05:26:00,32510000,VN,DEV0054,0
TXN03397,CARD07786,C07786,M014,T014,2026-07-02 20:34:00,13230000,VN,DEV1269,0
TXN03398,CARD09187,C09187,M012,T012,2026-07-12 10:19:00,4060000,VN,DEV0464,0
TXN03399,CARD07077,C07077,M006,T006,2026-07-27 18:21:00,49460000,VN,DEV0439,0
TXN03400,CARD02471,C02471,M012,T012,2026-07-05 18:38:00,45190000,VN,DEV0852,0
TXN03401,CARD07854,C07854,M009,T009,2026-07-04 14:25:00,5150000,VN,DEV1127,0
TXN03402,CARD07896,C07896,M002,T002,2026-07-11 08:00:00,18330000,US,DEV1659,0
TXN03403,CARD04296,C04296,M009,T009,2026-07-27 09:59:00,4770000,VN,DEV1756,0
TXN03404,CARD07134,C07134,M004,T004,2026-07-09 06:30:00,23150000,SG,DEV1000,0
TXN03405,CARD01556,C01556,M008,T008,2026-07-20 02:38:00,6090000,VN,DEV0704,0
TXN03406,CARD09994,C09994,M008,T008,2026-07-03 07:17:00,43020000,VN,DEV0057,0
TXN03407,CARD05209,C05209,M009,T009,2026-07-11 14:52:00,25200000,VN,NEW_DEVICE,1
TXN03408,CARD05159,C05159,M001,T001,2026-07-12 00:05:00,7920000,VN,DEV0907,0
TXN03409,CARD01697,C01697,M014,T014,2026-07-12 03:38:00,26050000,VN,DEV1887,0
TXN03410,CARD07650,C07650,M014,T014,2026-07-19 08:07:00,42160000,VN,DEV0494,0
TXN03411,CARD07248,C07248,M009,T009,2026-07-06 09:04:00,10090000,VN,DEV0578,0
TXN03412,CARD01378,C01378,M008,T008,2026-07-15 05:23:00,32060000,VN,DEV1160,0
TXN03413,CARD01290,C01290,M004,T004,2026-07-10 02:43:00,10670000,SG,DEV0035,0
TXN03414,CARD08542,C08542,M002,T002,2026-07-04 09:02:00,11550000,HK,DEV0470,0
TXN03415,CARD01909,C01909,M010,T010,2026-07-17 07:52:00,24710000,VN,DEV1961,0
TXN03416,CARD07249,C07249,M012,T012,2026-07-21 18:51:00,36260000,VN,DEV0315,0
TXN03417,CARD04324,C04324,M014,T014,2026-07-22 02:34:00,44270000,VN,DEV1979,0
TXN03418,CARD05828,C05828,M006,T006,2026-07-19 07:55:00,8320000,VN,DEV1187,0
TXN03419,CARD01097,C01097,M005,T005,2026-07-26 01:54:00,36610000,HK,DEV1582,0
TXN03420,CARD00011,C00011,M014,T014,2026-07-25 06:01:00,4790000,VN,DEV0169,0
TXN03421,CARD04326,C04326,M001,T001,2026-07-09 11:39:00,35480000,VN,DEV0474,0
TXN03422,CARD06416,C06416,M013,T013,2026-07-21 16:16:00,49380000,VN,NEW_DEVICE,1
TXN03423,CARD09273,C09273,M012,T012,2026-07-01 12:01:00,33620000,VN,DEV0227,0
TXN03424,CARD03672,C03672,M004,T004,2026-07-09 01:35:00,36300000,SG,DEV0872,0
TXN03425,CARD07012,C07012,M007,T007,2026-07-27 09:21:00,37740000,VN,DEV0912,0
TXN03426,CARD02805,C02805,M007,T007,2026-07-22 10:21:00,28800000,VN,DEV1253,0
TXN03427,CARD03569,C03569,M013,T013,2026-07-17 04:10:00,42280000,VN,DEV0777,0
TXN03428,CARD00516,C00516,M008,T008,2026-07-08 04:17:00,31670000,VN,DEV0362,0
TXN03429,CARD00044,C00044,M003,T003,2026-07-02 06:39:00,23610000,SG,DEV0548,0
TXN03430,CARD09177,C09177,M010,T010,2026-07-28 11:09:00,18740000,VN,DEV0321,0
TXN03431,CARD01427,C01427,M014,T014,2026-07-16 10:48:00,7120000,VN,DEV1293,0
TXN03432,CARD04588,C04588,M014,T014,2026-07-21 19:33:00,17670000,VN,DEV1030,0
TXN03433,CARD02994,C02994,M009,T009,2026-07-19 17:06:00,37020000,VN,DEV1380,0
TXN03434,CARD00886,C00886,M007,T007,2026-07-12 10:03:00,37270000,VN,DEV0797,0
TXN03435,CARD02755,C02755,M008,T008,2026-07-12 14:02:00,18220000,VN,DEV1283,0
TXN03436,CARD02317,C02317,M006,T006,2026-07-27 19:14:00,12340000,VN,DEV0373,0
TXN03437,CARD02172,C02172,M002,T002,2026-07-19 05:36:00,1610000,HK,DEV0845,0
TXN03438,CARD06896,C06896,M009,T009,2026-07-08 22:15:00,35200000,VN,DEV0108,0
TXN03439,CARD03633,C03633,M013,T013,2026-07-20 03:00:00,16030000,VN,DEV0960,0
TXN03440,CARD02141,C02141,M006,T006,2026-07-24 02:56:00,39510000,NG,NEW_DEVICE,1
TXN03441,CARD01530,C01530,M002,T002,2026-07-04 21:22:00,35800000,SG,DEV0273,0
TXN03442,CARD05862,C05862,M009,T009,2026-07-01 12:05:00,46930000,VN,DEV1081,0
TXN03443,CARD07659,C07659,M006,T006,2026-07-02 21:47:00,42150000,VN,DEV1755,0
TXN03444,CARD09052,C09052,M011,T011,2026-07-01 03:54:00,8170000,VN,DEV1571,0
TXN03445,CARD04829,C04829,M007,T007,2026-07-08 21:33:00,4740000,HK,NEW_DEVICE,1
TXN03446,CARD05882,C05882,M002,T002,2026-07-13 08:34:00,34760000,SG,DEV0443,0
TXN03447,CARD08394,C08394,M007,T007,2026-07-25 20:22:00,19100000,VN,NEW_DEVICE,1
TXN03448,CARD06263,C06263,M011,T011,2026-07-21 07:43:00,35070000,VN,DEV1486,0
TXN03449,CARD03216,C03216,M002,T002,2026-07-25 01:25:00,43720000,US,DEV1786,0
TXN03450,CARD00280,C00280,M012,T012,2026-07-21 10:48:00,10440000,VN,DEV1120,0
TXN03451,CARD01865,C01865,M009,T009,2026-07-19 22:57:00,39180000,VN,DEV0364,0
TXN03452,CARD09510,C09510,M008,T008,2026-07-04 08:51:00,20710000,VN,DEV1238,0
TXN03453,CARD03953,C03953,M002,T002,2026-07-12 10:50:00,3730000,SG,DEV0251,0
TXN03454,CARD09286,C09286,M011,T011,2026-07-19 13:27:00,36460000,VN,DEV1577,0
TXN03455,CARD01158,C01158,M005,T005,2026-07-20 08:12:00,31460000,US,DEV1586,0
TXN03456,CARD01460,C01460,M009,T009,2026-07-10 22:23:00,17130000,VN,DEV0728,0
TXN03457,CARD08027,C08027,M013,T013,2026-07-04 00:23:00,8990000,VN,DEV1516,0
TXN03458,CARD03467,C03467,M014,T014,2026-07-24 13:16:00,33770000,VN,DEV1876,0
TXN03459,CARD07327,C07327,M011,T011,2026-07-16 02:55:00,46510000,VN,DEV0329,0
TXN03460,CARD08265,C08265,M010,T010,2026-07-01 13:38:00,32300000,VN,DEV0796,0
TXN03461,CARD07818,C07818,M009,T009,2026-07-09 10:27:00,27360000,VN,DEV1072,0
TXN03462,CARD02716,C02716,M001,T001,2026-07-26 21:07:00,26170000,VN,NEW_DEVICE,1
TXN03463,CARD02576,C02576,M003,T003,2026-07-19 17:17:00,47340000,US,DEV0495,0
TXN03464,CARD04874,C04874,M012,T012,2026-07-20 11:59:00,18810000,VN,DEV1673,0
TXN03465,CARD02862,C02862,M005,T005,2026-07-21 16:28:00,43600000,SG,DEV0945,0
TXN03466,CARD03277,C03277,M011,T011,2026-07-24 16:38:00,34320000,VN,DEV1425,0
TXN03467,CARD06531,C06531,M007,T007,2026-07-20 09:03:00,21240000,VN,DEV0454,0
TXN03468,CARD07690,C07690,M002,T002,2026-07-13 22:06:00,48720000,HK,DEV1008,0
TXN03469,CARD04376,C04376,M012,T012,2026-07-23 01:40:00,36260000,VN,DEV1294,0
TXN03470,CARD04136,C04136,M001,T001,2026-07-26 23:55:00,26940000,VN,DEV1879,0
TXN03471,CARD02775,C02775,M009,T009,2026-07-15 19:51:00,22080000,VN,DEV0658,0
TXN03472,CARD03099,C03099,M006,T006,2026-07-09 09:25:00,33740000,VN,DEV0103,0
TXN03473,CARD08426,C08426,M011,T011,2026-07-18 00:29:00,36160000,US,NEW_DEVICE,1
TXN03474,CARD02335,C02335,M010,T010,2026-07-01 07:58:00,16440000,VN,DEV0655,0
TXN03475,CARD02097,C02097,M002,T002,2026-07-20 03:01:00,35750000,US,DEV1388,0
TXN03476,CARD07816,C07816,M008,T008,2026-07-21 21:51:00,8390000,VN,DEV0413,0
TXN03477,CARD05930,C05930,M002,T002,2026-07-26 04:58:00,8110000,US,DEV1034,0
TXN03478,CARD06633,C06633,M011,T011,2026-07-02 00:25:00,39630000,VN,DEV0492,0
TXN03479,CARD03521,C03521,M007,T007,2026-07-22 06:59:00,23220000,VN,DEV1656,0
TXN03480,CARD04523,C04523,M011,T011,2026-07-05 11:34:00,26490000,VN,DEV1763,0
TXN03481,CARD01197,C01197,M003,T003,2026-07-01 22:01:00,2280000,SG,DEV1401,0
TXN03482,CARD05461,C05461,M014,T014,2026-07-02 05:47:00,26210000,VN,DEV0710,0
TXN03483,CARD00912,C00912,M006,T006,2026-07-07 06:01:00,15850000,VN,DEV1812,0
TXN03484,CARD09541,C09541,M002,T002,2026-07-23 21:02:00,26060000,SG,DEV1993,0
TXN03485,CARD09771,C09771,M014,T014,2026-07-15 22:34:00,6500000,VN,DEV1404,0
TXN03486,CARD01236,C01236,M011,T011,2026-07-17 19:03:00,37590000,VN,DEV1967,0
TXN03487,CARD07778,C07778,M005,T005,2026-07-16 23:01:00,36340000,HK,DEV1391,0
TXN03488,CARD03737,C03737,M005,T005,2026-07-17 05:15:00,9980000,US,DEV1532,0
TXN03489,CARD04255,C04255,M005,T005,2026-07-02 06:46:00,8960000,US,DEV1498,0
TXN03490,CARD05339,C05339,M008,T008,2026-07-04 16:13:00,34150000,VN,DEV1197,0
TXN03491,CARD03524,C03524,M013,T013,2026-07-09 20:57:00,45250000,VN,DEV0963,0
TXN03492,CARD02317,C02317,M011,T011,2026-07-25 03:33:00,31630000,VN,DEV0452,0
TXN03493,CARD00235,C00235,M012,T012,2026-07-02 05:36:00,31150000,VN,DEV0867,0
TXN03494,CARD03227,C03227,M005,T005,2026-07-05 13:26:00,37150000,HK,DEV0178,0
TXN03495,CARD04935,C04935,M004,T004,2026-07-11 01:07:00,32570000,SG,DEV0555,0
TXN03496,CARD01674,C01674,M002,T002,2026-07-01 13:07:00,45620000,US,DEV0459,0
TXN03497,CARD09341,C09341,M006,T006,2026-07-26 03:21:00,20290000,VN,DEV1858,0
TXN03498,CARD08468,C08468,M007,T007,2026-07-12 12:35:00,5690000,VN,DEV1810,0
TXN03499,CARD06634,C06634,M007,T007,2026-07-05 04:32:00,42290000,VN,DEV0386,0
TXN03500,CARD03283,C03283,M003,T003,2026-07-22 10:30:00,21660000,HK,DEV1934,0
TXN03501,CARD02702,C02702,M014,T014,2026-07-25 14:30:00,13860000,VN,DEV1932,0
TXN03502,CARD01377,C01377,M002,T002,2026-07-16 18:49:00,4350000,HK,NEW_DEVICE,1
TXN03503,CARD00061,C00061,M003,T003,2026-07-23 23:42:00,11120000,SG,DEV0891,0
TXN03504,CARD09419,C09419,M001,T001,2026-07-03 09:38:00,45600000,VN,DEV1033,0
TXN03505,CARD05072,C05072,M002,T002,2026-07-02 01:16:00,27350000,SG,NEW_DEVICE,1
TXN03506,CARD09507,C09507,M001,T001,2026-07-12 00:21:00,8220000,VN,DEV0720,0
TXN03507,CARD04962,C04962,M009,T009,2026-07-14 00:38:00,49930000,VN,DEV0220,0
TXN03508,CARD08148,C08148,M004,T004,2026-07-09 12:56:00,35460000,US,DEV1751,0
TXN03509,CARD00608,C00608,M003,T003,2026-07-08 05:22:00,33420000,US,DEV0454,0
TXN03510,CARD05136,C05136,M009,T009,2026-07-26 17:29:00,42570000,VN,DEV0471,0
TXN03511,CARD00062,C00062,M014,T014,2026-07-03 09:23:00,29170000,VN,DEV0935,0
TXN03512,CARD03167,C03167,M006,T006,2026-07-18 20:45:00,14730000,VN,DEV1100,0
TXN03513,CARD01033,C01033,M001,T001,2026-07-02 15:40:00,6010000,VN,DEV1437,0
TXN03514,CARD02812,C02812,M001,T001,2026-07-04 08:31:00,23930000,VN,DEV0772,0
TXN03515,CARD00193,C00193,M001,T001,2026-07-09 02:31:00,32700000,VN,DEV1193,0
TXN03516,CARD01607,C01607,M001,T001,2026-07-14 20:03:00,47320000,VN,DEV0257,0
TXN03517,CARD01252,C01252,M003,T003,2026-07-10 04:59:00,5920000,HK,DEV0299,0
TXN03518,CARD00623,C00623,M006,T006,2026-07-03 06:07:00,29610000,VN,DEV0608,0
TXN03519,CARD00697,C00697,M014,T014,2026-07-27 23:49:00,46380000,VN,DEV1043,0
TXN03520,CARD05723,C05723,M006,T006,2026-07-24 10:51:00,41390000,VN,DEV0379,0
TXN03521,CARD00951,C00951,M002,T002,2026-07-22 00:12:00,45380000,SG,DEV0864,0
TXN03522,CARD04911,C04911,M001,T001,2026-07-15 07:49:00,6310000,VN,DEV1998,0
TXN03523,CARD01457,C01457,M005,T005,2026-07-22 23:03:00,49400000,US,DEV1862,0
TXN03524,CARD02600,C02600,M001,T001,2026-07-16 07:47:00,5220000,VN,DEV1790,0
TXN03525,CARD04154,C04154,M002,T002,2026-07-01 14:54:00,3450000,SG,DEV0119,0
TXN03526,CARD00502,C00502,M006,T006,2026-07-04 19:17:00,41740000,SG,NEW_DEVICE,1
TXN03527,CARD02129,C02129,M014,T014,2026-07-17 14:05:00,6730000,VN,DEV0437,0
TXN03528,CARD04328,C04328,M004,T004,2026-07-02 11:19:00,9650000,US,DEV1899,0
TXN03529,CARD03433,C03433,M002,T002,2026-07-25 20:53:00,40830000,HK,DEV0110,0
TXN03530,CARD03238,C03238,M001,T001,2026-07-25 03:25:00,43340000,VN,DEV1841,0
TXN03531,CARD04378,C04378,M012,T012,2026-07-09 16:36:00,7210000,VN,DEV1649,0
TXN03532,CARD03755,C03755,M008,T008,2026-07-22 13:40:00,26310000,VN,DEV0221,0
TXN03533,CARD01706,C01706,M013,T013,2026-07-26 12:22:00,13030000,VN,DEV1096,0
TXN03534,CARD06922,C06922,M012,T012,2026-07-22 18:48:00,4330000,VN,DEV0858,0
TXN03535,CARD05576,C05576,M003,T003,2026-07-10 23:15:00,27550000,HK,DEV1528,0
TXN03536,CARD09087,C09087,M008,T008,2026-07-14 22:17:00,13860000,VN,DEV1542,0
TXN03537,CARD06133,C06133,M005,T005,2026-07-16 20:03:00,28480000,SG,DEV1868,0
TXN03538,CARD04382,C04382,M011,T011,2026-07-04 06:24:00,13700000,VN,DEV1858,0
TXN03539,CARD02502,C02502,M004,T004,2026-07-20 21:21:00,20830000,SG,DEV0385,0
TXN03540,CARD06632,C06632,M012,T012,2026-07-15 04:52:00,22200000,VN,DEV0472,0
TXN03541,CARD05147,C05147,M008,T008,2026-07-22 07:29:00,33600000,VN,DEV0256,0
TXN03542,CARD04071,C04071,M011,T011,2026-07-19 04:20:00,25720000,VN,DEV0585,0
TXN03543,CARD09371,C09371,M004,T004,2026-07-06 12:34:00,47730000,SG,DEV0528,0
TXN03544,CARD08368,C08368,M014,T014,2026-07-09 17:41:00,26540000,VN,DEV1176,0
TXN03545,CARD03721,C03721,M012,T012,2026-07-15 00:16:00,37480000,VN,DEV0009,0
TXN03546,CARD08897,C08897,M008,T008,2026-07-21 02:10:00,13510000,VN,DEV0811,0
TXN03547,CARD00158,C00158,M004,T004,2026-07-24 11:58:00,16860000,HK,DEV0255,0
TXN03548,CARD08157,C08157,M009,T009,2026-07-26 21:03:00,23520000,VN,DEV1335,0
TXN03549,CARD03443,C03443,M008,T008,2026-07-24 12:34:00,5230000,VN,DEV0954,0
TXN03550,CARD05016,C05016,M007,T007,2026-07-16 15:07:00,23270000,VN,DEV1218,0
TXN03551,CARD06931,C06931,M003,T003,2026-07-08 23:30:00,10710000,US,DEV1012,0
TXN03552,CARD06163,C06163,M007,T007,2026-07-03 11:25:00,29420000,VN,DEV1865,0
TXN03553,CARD02298,C02298,M013,T013,2026-07-06 16:14:00,49810000,VN,DEV1475,0
TXN03554,CARD02408,C02408,M005,T005,2026-07-12 02:39:00,37910000,SG,DEV1085,0
TXN03555,CARD04426,C04426,M003,T003,2026-07-19 04:04:00,11960000,SG,DEV0136,0
TXN03556,CARD08812,C08812,M010,T010,2026-07-24 18:34:00,16580000,VN,DEV1153,0
TXN03557,CARD07167,C07167,M009,T009,2026-07-21 04:39:00,48010000,VN,DEV1238,0
TXN03558,CARD01559,C01559,M005,T005,2026-07-15 08:21:00,41230000,HK,DEV1103,0
TXN03559,CARD05924,C05924,M003,T003,2026-07-01 14:15:00,6770000,US,DEV1207,0
TXN03560,CARD05352,C05352,M007,T007,2026-07-17 02:03:00,12210000,VN,DEV0689,0
TXN03561,CARD01534,C01534,M007,T007,2026-07-24 23:22:00,15310000,VN,DEV1442,0
TXN03562,CARD03339,C03339,M005,T005,2026-07-15 15:27:00,700000,HK,DEV1271,0
TXN03563,CARD00428,C00428,M011,T011,2026-07-25 11:04:00,32430000,VN,DEV1190,0
TXN03564,CARD01171,C01171,M008,T008,2026-07-14 19:17:00,32020000,VN,DEV1831,0
TXN03565,CARD05349,C05349,M013,T013,2026-07-15 05:06:00,49210000,VN,DEV0164,0
TXN03566,CARD02134,C02134,M007,T007,2026-07-04 01:59:00,2930000,VN,DEV0121,0
TXN03567,CARD08063,C08063,M010,T010,2026-07-06 07:57:00,24040000,VN,DEV0888,0
TXN03568,CARD09118,C09118,M012,T012,2026-07-09 18:10:00,42500000,VN,DEV0946,0
TXN03569,CARD01988,C01988,M003,T003,2026-07-01 17:33:00,20670000,US,DEV0903,0
TXN03570,CARD08114,C08114,M009,T009,2026-07-23 22:37:00,4420000,VN,DEV1648,0
TXN03571,CARD09249,C09249,M007,T007,2026-07-09 04:35:00,12310000,VN,DEV0174,0
TXN03572,CARD05243,C05243,M012,T012,2026-07-02 00:26:00,17620000,VN,DEV0774,0
TXN03573,CARD00850,C00850,M010,T010,2026-07-11 11:49:00,43060000,VN,DEV1126,0
TXN03574,CARD05803,C05803,M003,T003,2026-07-06 06:20:00,33170000,SG,DEV1992,0
TXN03575,CARD05288,C05288,M008,T008,2026-07-20 18:38:00,11130000,VN,DEV1809,0
TXN03576,CARD01190,C01190,M003,T003,2026-07-27 03:39:00,42240000,SG,DEV1492,0
TXN03577,CARD00832,C00832,M004,T004,2026-07-17 19:39:00,35700000,US,DEV1553,0
TXN03578,CARD05417,C05417,M013,T013,2026-07-15 01:26:00,19100000,VN,NEW_DEVICE,1
TXN03579,CARD08014,C08014,M004,T004,2026-07-05 23:16:00,3610000,SG,DEV0324,0
TXN03580,CARD04536,C04536,M003,T003,2026-07-26 23:53:00,9210000,SG,DEV1280,0
TXN03581,CARD08080,C08080,M006,T006,2026-07-28 16:22:00,43870000,VN,DEV1703,0
TXN03582,CARD08261,C08261,M003,T003,2026-07-21 11:33:00,5520000,SG,DEV0134,0
TXN03583,CARD02711,C02711,M010,T010,2026-07-23 17:51:00,1250000,VN,DEV1499,0
TXN03584,CARD03869,C03869,M003,T003,2026-07-27 11:51:00,41490000,US,DEV0332,0
TXN03585,CARD08583,C08583,M010,T010,2026-07-11 20:51:00,5830000,VN,DEV1100,0
TXN03586,CARD04070,C04070,M001,T001,2026-07-10 03:17:00,44450000,VN,DEV0019,0
TXN03587,CARD03477,C03477,M010,T010,2026-07-06 07:50:00,1270000,VN,DEV1107,0
TXN03588,CARD06445,C06445,M001,T001,2026-07-05 21:40:00,22510000,VN,DEV0319,0
TXN03589,CARD04293,C04293,M005,T005,2026-07-11 04:27:00,10560000,HK,DEV1489,0
TXN03590,CARD07909,C07909,M012,T012,2026-07-26 16:56:00,18280000,VN,DEV0883,0
TXN03591,CARD00708,C00708,M006,T006,2026-07-15 07:48:00,39890000,VN,DEV0594,0
TXN03592,CARD07559,C07559,M010,T010,2026-07-25 03:30:00,8460000,VN,DEV0176,0
TXN03593,CARD02909,C02909,M012,T012,2026-07-04 11:23:00,4330000,VN,DEV1423,0
TXN03594,CARD07155,C07155,M011,T011,2026-07-11 17:58:00,44130000,VN,DEV0632,0
TXN03595,CARD04559,C04559,M014,T014,2026-07-21 18:57:00,48190000,VN,DEV1228,0
TXN03596,CARD00891,C00891,M011,T011,2026-07-05 09:58:00,36950000,VN,DEV1953,0
TXN03597,CARD00749,C00749,M007,T007,2026-07-06 14:31:00,5030000,VN,DEV1162,0
TXN03598,CARD07329,C07329,M010,T010,2026-07-17 17:28:00,7150000,VN,DEV1831,0
TXN03599,CARD02808,C02808,M011,T011,2026-07-19 17:37:00,23400000,VN,DEV0156,0
TXN03600,CARD00105,C00105,M004,T004,2026-07-26 03:17:00,38700000,SG,NEW_DEVICE,1
TXN03601,CARD07036,C07036,M002,T002,2026-07-24 20:04:00,45040000,US,DEV0754,0
TXN03602,CARD08529,C08529,M010,T010,2026-07-08 11:33:00,70000,VN,DEV1155,0
TXN03603,CARD09373,C09373,M003,T003,2026-07-26 04:05:00,28800000,US,DEV1424,0
TXN03604,CARD02613,C02613,M010,T010,2026-07-11 23:55:00,29670000,VN,DEV0593,0
TXN03605,CARD04191,C04191,M001,T001,2026-07-16 23:04:00,16420000,VN,DEV1036,0
TXN03606,CARD00245,C00245,M005,T005,2026-07-23 07:24:00,6940000,HK,DEV0303,0
TXN03607,CARD08734,C08734,M012,T012,2026-07-11 08:34:00,23020000,VN,DEV1825,0
TXN03608,CARD05055,C05055,M008,T008,2026-07-23 03:25:00,410000,VN,DEV1488,0
TXN03609,CARD07156,C07156,M006,T006,2026-07-15 18:44:00,20800000,VN,DEV0193,0
TXN03610,CARD07610,C07610,M007,T007,2026-07-20 02:14:00,2130000,VN,DEV1074,0
TXN03611,CARD02130,C02130,M001,T001,2026-07-19 22:22:00,22450000,VN,DEV1373,0
TXN03612,CARD02949,C02949,M010,T010,2026-07-26 11:49:00,22950000,VN,DEV0374,0
TXN03613,CARD03720,C03720,M014,T014,2026-07-11 23:35:00,38210000,VN,DEV1997,0
TXN03614,CARD06911,C06911,M001,T001,2026-07-23 23:19:00,3780000,VN,DEV1065,0
TXN03615,CARD08060,C08060,M006,T006,2026-07-09 16:52:00,1710000,VN,DEV0174,0
TXN03616,CARD01908,C01908,M012,T012,2026-07-05 13:39:00,11050000,VN,DEV0878,0
TXN03617,CARD09547,C09547,M006,T006,2026-07-10 18:24:00,33480000,VN,DEV0400,0
TXN03618,CARD00606,C00606,M003,T003,2026-07-09 07:23:00,22030000,SG,DEV0784,0
TXN03619,CARD06876,C06876,M001,T001,2026-07-14 01:05:00,46820000,VN,DEV0774,0
TXN03620,CARD07340,C07340,M004,T004,2026-07-27 15:10:00,2180000,SG,DEV0830,0
TXN03621,CARD00809,C00809,M008,T008,2026-07-17 19:27:00,3430000,VN,DEV0391,0
TXN03622,CARD01039,C01039,M005,T005,2026-07-05 15:10:00,2420000,US,DEV1163,0
TXN03623,CARD01709,C01709,M012,T012,2026-07-03 02:58:00,8270000,VN,DEV1659,0
TXN03624,CARD08149,C08149,M008,T008,2026-07-18 19:57:00,13380000,VN,DEV1985,0
TXN03625,CARD09255,C09255,M012,T012,2026-07-17 13:42:00,12710000,VN,DEV0190,0
TXN03626,CARD01492,C01492,M006,T006,2026-07-22 08:53:00,2380000,VN,DEV1996,0
TXN03627,CARD03530,C03530,M009,T009,2026-07-13 17:59:00,8010000,VN,DEV1239,0
TXN03628,CARD04539,C04539,M010,T010,2026-07-22 03:33:00,6330000,VN,DEV0030,0
TXN03629,CARD08459,C08459,M008,T008,2026-07-17 17:30:00,6010000,VN,DEV0875,0
TXN03630,CARD03867,C03867,M014,T014,2026-07-17 04:28:00,35640000,VN,DEV1106,0
TXN03631,CARD00963,C00963,M011,T011,2026-07-17 09:56:00,40610000,VN,DEV0350,0
TXN03632,CARD02887,C02887,M011,T011,2026-07-07 21:32:00,10880000,VN,DEV1077,0
TXN03633,CARD00085,C00085,M011,T011,2026-07-15 20:33:00,41860000,VN,DEV1551,0
TXN03634,CARD04179,C04179,M010,T010,2026-07-09 05:13:00,32680000,VN,DEV0844,0
TXN03635,CARD08561,C08561,M010,T010,2026-07-21 01:59:00,4600000,VN,DEV1842,0
TXN03636,CARD04983,C04983,M005,T005,2026-07-02 04:19:00,24790000,US,DEV1067,0
TXN03637,CARD03307,C03307,M004,T004,2026-07-25 18:33:00,25240000,HK,DEV1948,0
TXN03638,CARD05825,C05825,M014,T014,2026-07-27 06:14:00,37420000,VN,DEV0917,0
TXN03639,CARD05336,C05336,M008,T008,2026-07-19 07:34:00,4890000,VN,DEV1425,0
TXN03640,CARD01918,C01918,M014,T014,2026-07-24 20:12:00,47500000,VN,DEV0360,0
TXN03641,CARD07842,C07842,M004,T004,2026-07-08 15:17:00,48340000,HK,DEV0534,0
TXN03642,CARD07904,C07904,M008,T008,2026-07-21 04:35:00,26320000,VN,DEV0839,0
TXN03643,CARD07583,C07583,M004,T004,2026-07-01 18:51:00,13940000,SG,DEV0267,0
TXN03644,CARD01952,C01952,M013,T013,2026-07-13 11:25:00,42090000,VN,DEV1268,0
TXN03645,CARD04962,C04962,M009,T009,2026-07-16 23:01:00,20340000,VN,DEV1731,0
TXN03646,CARD05305,C05305,M010,T010,2026-07-02 11:18:00,9400000,VN,DEV0792,0
TXN03647,CARD08046,C08046,M014,T014,2026-07-05 02:40:00,44540000,VN,DEV1178,0
TXN03648,CARD06334,C06334,M007,T007,2026-07-13 17:52:00,28360000,VN,DEV1828,0
TXN03649,CARD05090,C05090,M004,T004,2026-07-28 00:11:00,30890000,SG,DEV1590,0
TXN03650,CARD03616,C03616,M005,T005,2026-07-01 08:47:00,5690000,HK,DEV0999,0
TXN03651,CARD08385,C08385,M009,T009,2026-07-19 13:07:00,27550000,VN,DEV0346,0
TXN03652,CARD00501,C00501,M013,T013,2026-07-09 02:46:00,19440000,VN,DEV0593,0
TXN03653,CARD02947,C02947,M004,T004,2026-07-19 01:09:00,47190000,US,DEV1809,0
TXN03654,CARD08207,C08207,M004,T004,2026-07-05 06:42:00,34430000,HK,DEV0062,0
TXN03655,CARD01609,C01609,M002,T002,2026-07-13 10:32:00,27420000,SG,DEV1650,0
TXN03656,CARD00616,C00616,M001,T001,2026-07-15 22:20:00,7010000,VN,DEV1328,0
TXN03657,CARD00096,C00096,M011,T011,2026-07-26 21:18:00,45950000,VN,DEV0687,0
TXN03658,CARD01265,C01265,M013,T013,2026-07-28 10:02:00,34960000,VN,DEV1607,0
TXN03659,CARD01705,C01705,M009,T009,2026-07-28 05:25:00,35850000,VN,DEV1979,0
TXN03660,CARD07184,C07184,M007,T007,2026-07-13 22:33:00,17150000,VN,DEV1784,0
TXN03661,CARD03679,C03679,M002,T002,2026-07-10 16:31:00,2850000,SG,DEV1380,0
TXN03662,CARD02429,C02429,M006,T006,2026-07-05 17:11:00,46300000,VN,DEV0824,0
TXN03663,CARD06558,C06558,M004,T004,2026-07-03 08:26:00,24310000,US,DEV0939,0
TXN03664,CARD09549,C09549,M003,T003,2026-07-07 09:27:00,11670000,SG,DEV0470,0
TXN03665,CARD05717,C05717,M001,T001,2026-07-26 06:37:00,920000,VN,DEV0946,0
TXN03666,CARD03132,C03132,M006,T006,2026-07-05 14:53:00,10790000,VN,DEV0625,0
TXN03667,CARD05932,C05932,M006,T006,2026-07-13 07:15:00,39480000,VN,DEV1548,0
TXN03668,CARD08945,C08945,M004,T004,2026-07-14 11:07:00,8100000,SG,DEV0386,0
TXN03669,CARD00393,C00393,M001,T001,2026-07-03 19:01:00,47110000,VN,DEV0182,0
TXN03670,CARD09697,C09697,M007,T007,2026-07-10 14:29:00,31510000,VN,DEV0401,0
TXN03671,CARD05416,C05416,M007,T007,2026-07-14 13:28:00,21540000,VN,DEV0274,0
TXN03672,CARD01031,C01031,M009,T009,2026-07-14 06:17:00,36420000,VN,DEV1590,0
TXN03673,CARD09707,C09707,M011,T011,2026-07-14 10:28:00,90000,VN,DEV0157,0
TXN03674,CARD09532,C09532,M008,T008,2026-07-22 23:16:00,6040000,VN,DEV1259,0
TXN03675,CARD08555,C08555,M011,T011,2026-07-17 07:16:00,25790000,VN,DEV1225,0
TXN03676,CARD06610,C06610,M004,T004,2026-07-08 11:31:00,14290000,US,DEV1307,0
TXN03677,CARD08199,C08199,M010,T010,2026-07-13 14:27:00,26360000,VN,DEV0264,0
TXN03678,CARD05924,C05924,M010,T010,2026-07-01 05:09:00,49890000,VN,DEV1411,0
TXN03679,CARD07657,C07657,M012,T012,2026-07-02 03:43:00,3600000,VN,DEV1134,0
TXN03680,CARD02079,C02079,M002,T002,2026-07-10 11:53:00,31250000,US,DEV0298,0
TXN03681,CARD03944,C03944,M001,T001,2026-07-26 14:12:00,14340000,VN,DEV0650,0
TXN03682,CARD03712,C03712,M007,T007,2026-07-13 02:48:00,42470000,VN,DEV1653,0
TXN03683,CARD04876,C04876,M007,T007,2026-07-07 18:05:00,31970000,VN,DEV1298,0
TXN03684,CARD09971,C09971,M007,T007,2026-07-02 14:36:00,1270000,VN,DEV0128,0
TXN03685,CARD09624,C09624,M001,T001,2026-07-02 05:52:00,36200000,VN,DEV1589,0
TXN03686,CARD04111,C04111,M006,T006,2026-07-01 21:30:00,930000,VN,DEV1172,0
TXN03687,CARD06000,C06000,M007,T007,2026-07-05 12:12:00,15070000,VN,DEV1181,0
TXN03688,CARD03736,C03736,M014,T014,2026-07-17 04:44:00,16800000,VN,DEV1622,0
TXN03689,CARD09013,C09013,M013,T013,2026-07-01 20:22:00,19990000,VN,DEV1063,0
TXN03690,CARD06009,C06009,M001,T001,2026-07-19 08:25:00,11110000,VN,DEV0743,0
TXN03691,CARD07813,C07813,M001,T001,2026-07-06 19:50:00,8780000,VN,DEV0071,0
TXN03692,CARD07603,C07603,M001,T001,2026-07-19 07:48:00,41200000,VN,DEV0528,0
TXN03693,CARD06368,C06368,M007,T007,2026-07-03 21:12:00,47950000,VN,DEV0077,0
TXN03694,CARD08112,C08112,M005,T005,2026-07-09 11:50:00,6450000,HK,DEV0635,0
TXN03695,CARD00990,C00990,M013,T013,2026-07-18 00:47:00,41180000,VN,DEV1728,0
TXN03696,CARD02569,C02569,M013,T013,2026-07-12 23:41:00,7160000,VN,DEV1901,0
TXN03697,CARD03256,C03256,M009,T009,2026-07-21 19:43:00,43980000,VN,DEV1272,0
TXN03698,CARD04297,C04297,M010,T010,2026-07-02 08:18:00,48790000,VN,DEV0883,0
TXN03699,CARD05674,C05674,M005,T005,2026-07-11 01:55:00,40490000,SG,DEV1372,0
TXN03700,CARD08056,C08056,M004,T004,2026-07-22 05:36:00,48670000,HK,DEV0912,0
TXN03701,CARD09056,C09056,M006,T006,2026-07-02 13:29:00,25930000,VN,DEV0751,0
TXN03702,CARD04021,C04021,M011,T011,2026-07-01 10:20:00,24760000,VN,DEV0943,0
TXN03703,CARD01106,C01106,M014,T014,2026-07-02 06:14:00,35930000,VN,DEV1529,0
TXN03704,CARD02211,C02211,M006,T006,2026-07-25 22:04:00,1220000,VN,DEV0979,0
TXN03705,CARD08419,C08419,M009,T009,2026-07-22 06:31:00,14290000,VN,DEV1896,0
TXN03706,CARD05506,C05506,M005,T005,2026-07-22 19:13:00,29050000,US,DEV1476,0
TXN03707,CARD02811,C02811,M001,T001,2026-07-01 09:47:00,26400000,VN,DEV1630,0
TXN03708,CARD02196,C02196,M004,T004,2026-07-05 13:23:00,31970000,HK,DEV0150,0
TXN03709,CARD06339,C06339,M007,T007,2026-07-13 17:26:00,32580000,VN,DEV1941,0
TXN03710,CARD08345,C08345,M010,T010,2026-07-01 13:25:00,36470000,VN,DEV1922,0
TXN03711,CARD08389,C08389,M001,T001,2026-07-03 02:42:00,36650000,VN,DEV0425,0
TXN03712,CARD00741,C00741,M012,T012,2026-07-11 20:46:00,35260000,VN,DEV1312,0
TXN03713,CARD03449,C03449,M007,T007,2026-07-21 02:44:00,21880000,VN,DEV0950,0
TXN03714,CARD00251,C00251,M011,T011,2026-07-26 23:00:00,5060000,VN,DEV1711,0
TXN03715,CARD00738,C00738,M001,T001,2026-07-18 13:24:00,39670000,VN,DEV0865,0
TXN03716,CARD09727,C09727,M006,T006,2026-07-12 04:37:00,9870000,VN,DEV1736,0
TXN03717,CARD08857,C08857,M001,T001,2026-07-03 22:58:00,31690000,VN,DEV0947,0
TXN03718,CARD06108,C06108,M011,T011,2026-07-24 11:57:00,29600000,VN,DEV1182,0
TXN03719,CARD04013,C04013,M006,T006,2026-07-18 13:39:00,21750000,VN,DEV1159,0
TXN03720,CARD07700,C07700,M010,T010,2026-07-09 10:54:00,36440000,VN,DEV1944,0
TXN03721,CARD01102,C01102,M007,T007,2026-07-05 09:29:00,12570000,VN,DEV0862,0
TXN03722,CARD09248,C09248,M008,T008,2026-07-12 14:27:00,18730000,VN,DEV1356,0
TXN03723,CARD01536,C01536,M014,T014,2026-07-23 17:39:00,12920000,VN,DEV0631,0
TXN03724,CARD09856,C09856,M009,T009,2026-07-07 11:01:00,30970000,VN,DEV0461,0
TXN03725,CARD04459,C04459,M014,T014,2026-07-09 11:35:00,19810000,VN,DEV1451,0
TXN03726,CARD05663,C05663,M010,T010,2026-07-13 09:39:00,18180000,VN,DEV1206,0
TXN03727,CARD08054,C08054,M003,T003,2026-07-05 10:41:00,2890000,SG,DEV1259,0
TXN03728,CARD09211,C09211,M002,T002,2026-07-18 23:19:00,9290000,SG,DEV0165,0
TXN03729,CARD07961,C07961,M005,T005,2026-07-24 17:50:00,16020000,HK,DEV0228,0
TXN03730,CARD07341,C07341,M008,T008,2026-07-06 20:47:00,7440000,VN,DEV1009,0
TXN03731,CARD06284,C06284,M014,T014,2026-07-01 17:42:00,23230000,VN,DEV0817,0
TXN03732,CARD05370,C05370,M012,T012,2026-07-10 04:55:00,22100000,VN,DEV1558,0
TXN03733,CARD06563,C06563,M008,T008,2026-07-17 16:58:00,16190000,VN,DEV0261,0
TXN03734,CARD06291,C06291,M003,T003,2026-07-06 12:40:00,30530000,SG,DEV0721,0
TXN03735,CARD06695,C06695,M014,T014,2026-07-14 12:50:00,21800000,VN,DEV0851,0
TXN03736,CARD05001,C05001,M014,T014,2026-07-20 03:57:00,40240000,VN,DEV0799,0
TXN03737,CARD03498,C03498,M011,T011,2026-07-14 18:56:00,48140000,VN,DEV1255,0
TXN03738,CARD04177,C04177,M009,T009,2026-07-05 20:29:00,9050000,VN,DEV1884,0
TXN03739,CARD03816,C03816,M014,T014,2026-07-23 22:53:00,20770000,VN,DEV0246,0
TXN03740,CARD09274,C09274,M006,T006,2026-07-13 05:03:00,11370000,VN,DEV0649,0
TXN03741,CARD01304,C01304,M009,T009,2026-07-14 05:13:00,39610000,VN,DEV1647,0
TXN03742,CARD07835,C07835,M009,T009,2026-07-26 02:14:00,14930000,VN,DEV1378,0
TXN03743,CARD05186,C05186,M013,T013,2026-07-25 04:22:00,14060000,VN,DEV1561,0
TXN03744,CARD01145,C01145,M014,T014,2026-07-17 07:15:00,47100000,VN,DEV0903,0
TXN03745,CARD09425,C09425,M006,T006,2026-07-25 13:03:00,47570000,VN,DEV0563,0
TXN03746,CARD09525,C09525,M011,T011,2026-07-24 00:53:00,20460000,VN,DEV1689,0
TXN03747,CARD02072,C02072,M012,T012,2026-07-15 23:12:00,45610000,VN,DEV0339,0
TXN03748,CARD07078,C07078,M002,T002,2026-07-15 21:07:00,31600000,US,DEV1372,0
TXN03749,CARD09434,C09434,M008,T008,2026-07-20 14:20:00,33500000,VN,DEV0023,0
TXN03750,CARD03533,C03533,M004,T004,2026-07-01 20:25:00,31130000,US,DEV0641,0
TXN03751,CARD03078,C03078,M013,T013,2026-07-09 00:55:00,20020000,VN,DEV1695,0
TXN03752,CARD04267,C04267,M007,T007,2026-07-21 22:26:00,10320000,HK,NEW_DEVICE,1
TXN03753,CARD04496,C04496,M001,T001,2026-07-05 16:29:00,38940000,VN,DEV1652,0
TXN03754,CARD02801,C02801,M005,T005,2026-07-20 06:29:00,39860000,US,DEV0905,0
TXN03755,CARD03657,C03657,M012,T012,2026-07-11 05:39:00,10920000,VN,DEV1733,0
TXN03756,CARD00763,C00763,M011,T011,2026-07-17 12:49:00,23150000,VN,DEV0899,0
TXN03757,CARD06535,C06535,M014,T014,2026-07-25 12:31:00,630000,VN,DEV1956,0
TXN03758,CARD06325,C06325,M014,T014,2026-07-26 19:33:00,1170000,VN,DEV1809,0
TXN03759,CARD05522,C05522,M003,T003,2026-07-10 07:45:00,5770000,SG,DEV1489,0
TXN03760,CARD09774,C09774,M014,T014,2026-07-15 17:42:00,2400000,VN,DEV1354,0
TXN03761,CARD02069,C02069,M009,T009,2026-07-03 16:23:00,31010000,VN,DEV0679,0
TXN03762,CARD03512,C03512,M014,T014,2026-07-10 13:47:00,8330000,VN,DEV0105,0
TXN03763,CARD03604,C03604,M003,T003,2026-07-03 08:00:00,8730000,US,DEV0088,0
TXN03764,CARD05493,C05493,M011,T011,2026-07-14 22:52:00,25220000,VN,NEW_DEVICE,1
TXN03765,CARD04908,C04908,M013,T013,2026-07-15 10:54:00,7720000,VN,DEV1649,0
TXN03766,CARD01894,C01894,M004,T004,2026-07-24 08:41:00,35830000,SG,DEV1390,0
TXN03767,CARD05035,C05035,M011,T011,2026-07-07 21:14:00,400000,VN,DEV1209,0
TXN03768,CARD00693,C00693,M010,T010,2026-07-03 10:48:00,46590000,VN,DEV1630,0
TXN03769,CARD01460,C01460,M004,T004,2026-07-21 03:31:00,44510000,HK,DEV1795,0
TXN03770,CARD06994,C06994,M012,T012,2026-07-05 14:29:00,25230000,VN,DEV1016,0
TXN03771,CARD03532,C03532,M014,T014,2026-07-12 12:27:00,11160000,VN,DEV1525,0
TXN03772,CARD01445,C01445,M004,T004,2026-07-19 23:53:00,45160000,US,DEV1068,0
TXN03773,CARD00171,C00171,M001,T001,2026-07-28 10:20:00,41450000,VN,DEV0177,0
TXN03774,CARD06317,C06317,M004,T004,2026-07-10 05:28:00,14780000,HK,DEV1733,0
TXN03775,CARD04862,C04862,M005,T005,2026-07-07 21:15:00,10880000,US,DEV0821,0
TXN03776,CARD05863,C05863,M002,T002,2026-07-27 09:52:00,17080000,HK,DEV1583,0
TXN03777,CARD09813,C09813,M008,T008,2026-07-27 09:22:00,24410000,VN,DEV0351,0
TXN03778,CARD07427,C07427,M001,T001,2026-07-05 23:53:00,21360000,VN,DEV0600,0
TXN03779,CARD06571,C06571,M007,T007,2026-07-09 21:54:00,44090000,VN,DEV0709,0
TXN03780,CARD02264,C02264,M009,T009,2026-07-26 15:38:00,48330000,VN,DEV1078,0
TXN03781,CARD07918,C07918,M006,T006,2026-07-22 21:10:00,13230000,VN,DEV1505,0
TXN03782,CARD03722,C03722,M012,T012,2026-07-26 19:33:00,28290000,VN,DEV0063,0
TXN03783,CARD08339,C08339,M006,T006,2026-07-04 05:34:00,46760000,VN,DEV0177,0
TXN03784,CARD02584,C02584,M013,T013,2026-07-26 17:29:00,250000,VN,DEV1844,0
TXN03785,CARD04514,C04514,M006,T006,2026-07-16 09:06:00,16740000,VN,DEV1209,0
TXN03786,CARD06151,C06151,M005,T005,2026-07-21 06:13:00,20680000,US,DEV1344,0
TXN03787,CARD01220,C01220,M007,T007,2026-07-27 20:30:00,10340000,VN,DEV0806,0
TXN03788,CARD01624,C01624,M009,T009,2026-07-03 10:29:00,2420000,VN,DEV0060,0
TXN03789,CARD08704,C08704,M010,T010,2026-07-28 18:25:00,22140000,VN,DEV0487,0
TXN03790,CARD00113,C00113,M009,T009,2026-07-04 00:57:00,44110000,VN,DEV0526,0
TXN03791,CARD00094,C00094,M011,T011,2026-07-24 00:24:00,46580000,VN,DEV0408,0
TXN03792,CARD00681,C00681,M001,T001,2026-07-25 10:45:00,31910000,VN,DEV0065,0
TXN03793,CARD01717,C01717,M011,T011,2026-07-24 20:29:00,18950000,VN,DEV1396,0
TXN03794,CARD06409,C06409,M005,T005,2026-07-03 04:39:00,45140000,SG,DEV0459,0
TXN03795,CARD06588,C06588,M004,T004,2026-07-13 15:44:00,24200000,US,DEV1365,0
TXN03796,CARD05565,C05565,M010,T010,2026-07-17 02:18:00,19120000,VN,DEV0026,0
TXN03797,CARD05209,C05209,M003,T003,2026-07-19 13:33:00,12650000,SG,DEV1802,0
TXN03798,CARD05325,C05325,M011,T011,2026-07-19 23:54:00,46660000,VN,DEV1738,0
TXN03799,CARD01042,C01042,M007,T007,2026-07-26 20:57:00,48210000,VN,DEV0799,0
TXN03800,CARD08898,C08898,M003,T003,2026-07-10 11:34:00,42370000,US,DEV1537,0
TXN03801,CARD03259,C03259,M011,T011,2026-07-20 09:45:00,13660000,VN,DEV1365,0
TXN03802,CARD07873,C07873,M005,T005,2026-07-15 17:12:00,22180000,US,DEV0573,0
TXN03803,CARD07433,C07433,M004,T004,2026-07-14 09:30:00,11820000,US,DEV1230,0
TXN03804,CARD08534,C08534,M006,T006,2026-07-04 13:44:00,35080000,VN,DEV1069,0
TXN03805,CARD06282,C06282,M001,T001,2026-07-10 18:18:00,25090000,VN,DEV1714,0
TXN03806,CARD04765,C04765,M013,T013,2026-07-08 15:46:00,9150000,VN,DEV1525,0
TXN03807,CARD09538,C09538,M011,T011,2026-07-21 19:33:00,16610000,VN,DEV1657,0
TXN03808,CARD07832,C07832,M004,T004,2026-07-15 15:51:00,12140000,US,DEV0457,0
TXN03809,CARD00595,C00595,M010,T010,2026-07-25 09:48:00,36950000,VN,DEV1708,0
TXN03810,CARD06107,C06107,M010,T010,2026-07-20 19:44:00,7460000,VN,DEV1865,0
TXN03811,CARD09398,C09398,M009,T009,2026-07-28 13:57:00,13190000,VN,DEV1524,0
TXN03812,CARD04577,C04577,M001,T001,2026-07-08 14:19:00,28340000,VN,DEV1809,0
TXN03813,CARD00813,C00813,M004,T004,2026-07-17 09:53:00,20140000,HK,DEV0208,0
TXN03814,CARD09808,C09808,M013,T013,2026-07-10 21:32:00,33380000,VN,DEV1138,0
TXN03815,CARD09574,C09574,M001,T001,2026-07-10 18:57:00,1480000,VN,DEV1378,0
TXN03816,CARD06727,C06727,M005,T005,2026-07-04 11:54:00,33290000,US,DEV0494,0
TXN03817,CARD09180,C09180,M007,T007,2026-07-22 00:34:00,37190000,VN,DEV1312,0
TXN03818,CARD03859,C03859,M012,T012,2026-07-17 21:23:00,31940000,VN,DEV0304,0
TXN03819,CARD05192,C05192,M012,T012,2026-07-22 13:44:00,34890000,VN,DEV0935,0
TXN03820,CARD04579,C04579,M007,T007,2026-07-06 12:41:00,32270000,VN,DEV1450,0
TXN03821,CARD02099,C02099,M006,T006,2026-07-06 06:33:00,3290000,VN,DEV1900,0
TXN03822,CARD03609,C03609,M004,T004,2026-07-14 12:27:00,37790000,HK,DEV0376,0
TXN03823,CARD01573,C01573,M002,T002,2026-07-06 11:20:00,19810000,SG,DEV0187,0
TXN03824,CARD02010,C02010,M006,T006,2026-07-19 06:57:00,3830000,VN,DEV0689,0
TXN03825,CARD04849,C04849,M001,T001,2026-07-03 01:52:00,21570000,VN,DEV0505,0
TXN03826,CARD01393,C01393,M007,T007,2026-07-11 21:30:00,11810000,VN,DEV1943,0
TXN03827,CARD03496,C03496,M003,T003,2026-07-24 01:38:00,10550000,SG,DEV1985,0
TXN03828,CARD02806,C02806,M008,T008,2026-07-04 22:44:00,43320000,VN,DEV0764,0
TXN03829,CARD01035,C01035,M012,T012,2026-07-22 14:47:00,17430000,VN,DEV1855,0
TXN03830,CARD05449,C05449,M008,T008,2026-07-25 01:16:00,21120000,VN,DEV0637,0
TXN03831,CARD05985,C05985,M001,T001,2026-07-07 10:43:00,25900000,VN,DEV0847,0
TXN03832,CARD08400,C08400,M010,T010,2026-07-21 11:51:00,42510000,SG,NEW_DEVICE,1
TXN03833,CARD07220,C07220,M002,T002,2026-07-28 09:18:00,13750000,SG,DEV1183,0
TXN03834,CARD09801,C09801,M006,T006,2026-07-27 21:07:00,28870000,VN,DEV1630,0
TXN03835,CARD02946,C02946,M005,T005,2026-07-06 11:35:00,44370000,US,DEV1506,0
TXN03836,CARD00203,C00203,M010,T010,2026-07-20 02:38:00,48830000,VN,DEV0597,0
TXN03837,CARD07302,C07302,M014,T014,2026-07-03 15:58:00,9860000,VN,DEV1511,0
TXN03838,CARD02172,C02172,M004,T004,2026-07-28 09:18:00,21900000,HK,DEV0752,0
TXN03839,CARD02042,C02042,M012,T012,2026-07-03 20:34:00,7870000,VN,DEV1176,0
TXN03840,CARD00556,C00556,M010,T010,2026-07-05 02:24:00,36450000,VN,DEV0405,0
TXN03841,CARD08865,C08865,M013,T013,2026-07-12 07:42:00,7110000,VN,DEV1483,0
TXN03842,CARD01548,C01548,M012,T012,2026-07-16 16:49:00,45350000,VN,DEV0211,0
TXN03843,CARD03026,C03026,M001,T001,2026-07-08 12:32:00,18870000,VN,DEV0813,0
TXN03844,CARD08820,C08820,M007,T007,2026-07-16 08:41:00,16120000,VN,DEV0789,0
TXN03845,CARD02755,C02755,M008,T008,2026-07-15 09:55:00,49400000,VN,DEV0378,0
TXN03846,CARD01396,C01396,M005,T005,2026-07-08 13:25:00,46480000,HK,DEV0117,0
TXN03847,CARD08811,C08811,M001,T001,2026-07-02 07:44:00,19500000,VN,DEV0038,0
TXN03848,CARD02963,C02963,M007,T007,2026-07-14 07:03:00,28240000,VN,DEV1937,0
TXN03849,CARD01321,C01321,M003,T003,2026-07-25 23:13:00,14000000,HK,DEV1180,0
TXN03850,CARD05697,C05697,M014,T014,2026-07-18 16:58:00,18790000,VN,DEV0894,0
TXN03851,CARD01997,C01997,M009,T009,2026-07-26 09:51:00,13680000,VN,DEV1261,0
TXN03852,CARD07277,C07277,M004,T004,2026-07-28 06:29:00,5760000,SG,DEV0326,0
TXN03853,CARD05417,C05417,M001,T001,2026-07-08 01:04:00,17430000,VN,DEV0624,0
TXN03854,CARD06690,C06690,M014,T014,2026-07-25 01:38:00,28540000,VN,DEV0795,0
TXN03855,CARD03931,C03931,M002,T002,2026-07-13 19:39:00,10620000,SG,DEV1117,0
TXN03856,CARD04420,C04420,M003,T003,2026-07-18 20:19:00,36870000,SG,DEV1384,0
TXN03857,CARD07493,C07493,M009,T009,2026-07-09 00:34:00,34170000,VN,DEV0529,0
TXN03858,CARD04465,C04465,M011,T011,2026-07-14 06:46:00,31170000,VN,DEV0756,0
TXN03859,CARD09491,C09491,M004,T004,2026-07-11 20:06:00,18230000,SG,DEV0922,0
TXN03860,CARD01622,C01622,M005,T005,2026-07-15 22:03:00,16710000,HK,DEV1377,0
TXN03861,CARD00519,C00519,M007,T007,2026-07-27 03:12:00,12840000,VN,DEV0434,0
TXN03862,CARD09417,C09417,M011,T011,2026-07-07 01:26:00,29620000,VN,DEV0170,0
TXN03863,CARD07909,C07909,M005,T005,2026-07-02 18:54:00,8340000,US,DEV0154,0
TXN03864,CARD01732,C01732,M014,T014,2026-07-11 07:00:00,6420000,VN,DEV0630,0
TXN03865,CARD01533,C01533,M014,T014,2026-07-14 02:41:00,18500000,VN,DEV1927,0
TXN03866,CARD04070,C04070,M013,T013,2026-07-26 17:26:00,40130000,VN,DEV1117,0
TXN03867,CARD06681,C06681,M014,T014,2026-07-07 05:52:00,36970000,VN,DEV1250,0
TXN03868,CARD09213,C09213,M002,T002,2026-07-04 11:47:00,22280000,HK,DEV0800,0
TXN03869,CARD08141,C08141,M004,T004,2026-07-02 01:19:00,10610000,US,DEV1383,0
TXN03870,CARD04456,C04456,M010,T010,2026-07-16 13:32:00,37210000,HK,NEW_DEVICE,1
TXN03871,CARD02228,C02228,M011,T011,2026-07-13 17:41:00,32270000,VN,DEV1924,0
TXN03872,CARD08719,C08719,M012,T012,2026-07-07 03:34:00,41510000,VN,DEV1790,0
TXN03873,CARD04495,C04495,M006,T006,2026-07-17 03:55:00,36200000,VN,DEV1405,0
TXN03874,CARD05749,C05749,M003,T003,2026-07-16 22:43:00,11960000,SG,DEV1631,0
TXN03875,CARD07832,C07832,M007,T007,2026-07-01 08:31:00,32190000,VN,DEV1415,0
TXN03876,CARD00756,C00756,M010,T010,2026-07-09 13:55:00,24910000,VN,DEV0928,0
TXN03877,CARD03154,C03154,M011,T011,2026-07-14 09:45:00,13880000,VN,DEV1990,0
TXN03878,CARD07837,C07837,M009,T009,2026-07-18 19:46:00,25430000,VN,DEV0209,0
TXN03879,CARD02049,C02049,M006,T006,2026-07-08 03:53:00,27500000,VN,DEV0925,0
TXN03880,CARD02496,C02496,M007,T007,2026-07-19 11:59:00,35530000,VN,DEV0422,0
TXN03881,CARD02249,C02249,M013,T013,2026-07-03 06:06:00,21260000,VN,DEV1342,0
TXN03882,CARD07377,C07377,M001,T001,2026-07-17 18:34:00,23830000,VN,DEV0851,0
TXN03883,CARD07265,C07265,M014,T014,2026-07-16 13:20:00,43750000,VN,DEV1554,0
TXN03884,CARD05096,C05096,M009,T009,2026-07-11 00:58:00,39400000,VN,DEV1621,0
TXN03885,CARD01489,C01489,M013,T013,2026-07-13 17:34:00,33390000,VN,DEV1837,0
TXN03886,CARD07431,C07431,M001,T001,2026-07-14 16:11:00,4110000,VN,DEV1847,0
TXN03887,CARD05181,C05181,M004,T004,2026-07-15 00:00:00,30020000,SG,DEV0343,0
TXN03888,CARD03244,C03244,M013,T013,2026-07-16 13:55:00,31530000,VN,DEV0115,0
TXN03889,CARD09854,C09854,M003,T003,2026-07-28 13:19:00,20910000,US,DEV0700,0
TXN03890,CARD02821,C02821,M012,T012,2026-07-10 03:20:00,8820000,VN,DEV1508,0
TXN03891,CARD07210,C07210,M001,T001,2026-07-19 00:52:00,32400000,VN,DEV1219,0
TXN03892,CARD03789,C03789,M002,T002,2026-07-12 12:49:00,8120000,HK,DEV0766,0
TXN03893,CARD01101,C01101,M013,T013,2026-07-15 13:54:00,37400000,VN,DEV0380,0
TXN03894,CARD01289,C01289,M004,T004,2026-07-12 18:36:00,26320000,SG,DEV1567,0
TXN03895,CARD07838,C07838,M006,T006,2026-07-10 03:55:00,19930000,VN,DEV1264,0
TXN03896,CARD04730,C04730,M003,T003,2026-07-07 10:09:00,19010000,HK,DEV0036,0
TXN03897,CARD01542,C01542,M006,T006,2026-07-26 19:47:00,23650000,VN,DEV0213,0
TXN03898,CARD09476,C09476,M004,T004,2026-07-20 19:04:00,9610000,SG,DEV1764,0
TXN03899,CARD02818,C02818,M012,T012,2026-07-19 08:12:00,4170000,VN,DEV0997,0
TXN03900,CARD02006,C02006,M014,T014,2026-07-07 01:34:00,24260000,VN,DEV1393,0
TXN03901,CARD00122,C00122,M007,T007,2026-07-10 07:02:00,17620000,VN,DEV0510,0
TXN03902,CARD09483,C09483,M010,T010,2026-07-26 01:49:00,36300000,VN,DEV0943,0
TXN03903,CARD09363,C09363,M002,T002,2026-07-04 18:40:00,20780000,HK,DEV1744,0
TXN03904,CARD01202,C01202,M001,T001,2026-07-07 22:05:00,4980000,VN,DEV0056,0
TXN03905,CARD02214,C02214,M001,T001,2026-07-03 10:27:00,43960000,VN,DEV1991,0
TXN03906,CARD01122,C01122,M006,T006,2026-07-08 07:18:00,6250000,VN,DEV1975,0
TXN03907,CARD06375,C06375,M010,T010,2026-07-01 22:18:00,17700000,VN,DEV0758,0
TXN03908,CARD09599,C09599,M003,T003,2026-07-27 12:02:00,22430000,SG,DEV0725,0
TXN03909,CARD05587,C05587,M007,T007,2026-07-24 20:06:00,17090000,VN,DEV0039,0
TXN03910,CARD08688,C08688,M011,T011,2026-07-07 13:52:00,41720000,VN,DEV0486,0
TXN03911,CARD02449,C02449,M004,T004,2026-07-07 13:57:00,26750000,HK,DEV1982,0
TXN03912,CARD07895,C07895,M007,T007,2026-07-11 09:43:00,12630000,VN,DEV0047,0
TXN03913,CARD04776,C04776,M005,T005,2026-07-18 12:34:00,41560000,NG,NEW_DEVICE,1
TXN03914,CARD06459,C06459,M012,T012,2026-07-19 21:07:00,27900000,VN,DEV1205,0
TXN03915,CARD05174,C05174,M008,T008,2026-07-28 01:14:00,42220000,VN,DEV1592,0
TXN03916,CARD09533,C09533,M014,T014,2026-07-09 05:57:00,28530000,VN,DEV1795,0
TXN03917,CARD07427,C07427,M008,T008,2026-07-24 10:28:00,35850000,VN,DEV0373,0
TXN03918,CARD01895,C01895,M009,T009,2026-07-12 14:31:00,30990000,VN,DEV1318,0
TXN03919,CARD01639,C01639,M011,T011,2026-07-05 05:58:00,26390000,VN,DEV1537,0
TXN03920,CARD01735,C01735,M008,T008,2026-07-22 12:35:00,44930000,VN,DEV0580,0
TXN03921,CARD06297,C06297,M010,T010,2026-07-27 04:11:00,13000000,VN,DEV1867,0
TXN03922,CARD08643,C08643,M009,T009,2026-07-28 09:22:00,21550000,VN,DEV1152,0
TXN03923,CARD09752,C09752,M013,T013,2026-07-25 15:44:00,1440000,VN,DEV1425,0
TXN03924,CARD08508,C08508,M002,T002,2026-07-09 15:11:00,2370000,US,DEV0191,0
TXN03925,CARD08190,C08190,M009,T009,2026-07-02 09:31:00,25610000,VN,DEV0788,0
TXN03926,CARD09998,C09998,M007,T007,2026-07-21 16:00:00,5460000,VN,DEV1817,0
TXN03927,CARD05352,C05352,M004,T004,2026-07-03 12:46:00,37030000,US,DEV0756,0
TXN03928,CARD00500,C00500,M014,T014,2026-07-23 09:56:00,33030000,VN,DEV1540,0
TXN03929,CARD09161,C09161,M012,T012,2026-07-11 14:10:00,41140000,VN,DEV0763,0
TXN03930,CARD05723,C05723,M004,T004,2026-07-18 10:36:00,19790000,HK,DEV1821,0
TXN03931,CARD09807,C09807,M009,T009,2026-07-21 05:59:00,37730000,VN,DEV1560,0
TXN03932,CARD06019,C06019,M001,T001,2026-07-01 17:31:00,21340000,VN,DEV0165,0
TXN03933,CARD04122,C04122,M008,T008,2026-07-14 21:20:00,4140000,VN,NEW_DEVICE,1
TXN03934,CARD02728,C02728,M003,T003,2026-07-22 18:15:00,45750000,HK,DEV0791,0
TXN03935,CARD08884,C08884,M009,T009,2026-07-24 02:03:00,41540000,VN,DEV0843,0
TXN03936,CARD07990,C07990,M007,T007,2026-07-17 10:41:00,16820000,VN,DEV1787,0
TXN03937,CARD09217,C09217,M008,T008,2026-07-25 20:12:00,49110000,VN,DEV1319,0
TXN03938,CARD06756,C06756,M005,T005,2026-07-11 03:11:00,46140000,SG,DEV1639,0
TXN03939,CARD08044,C08044,M010,T010,2026-07-05 02:16:00,8340000,VN,DEV1852,0
TXN03940,CARD08712,C08712,M011,T011,2026-07-20 15:41:00,49110000,VN,DEV1410,0
TXN03941,CARD05541,C05541,M004,T004,2026-07-06 11:02:00,39080000,HK,DEV0041,0
TXN03942,CARD03462,C03462,M013,T013,2026-07-03 18:14:00,9610000,VN,DEV1503,0
TXN03943,CARD00200,C00200,M011,T011,2026-07-25 09:03:00,29340000,VN,DEV1133,0
TXN03944,CARD02095,C02095,M001,T001,2026-07-14 04:44:00,41500000,VN,DEV0469,0
TXN03945,CARD09789,C09789,M014,T014,2026-07-19 02:52:00,7100000,VN,DEV1560,0
TXN03946,CARD00967,C00967,M011,T011,2026-07-03 05:48:00,40570000,VN,DEV0517,0
TXN03947,CARD02449,C02449,M004,T004,2026-07-15 23:45:00,31480000,SG,DEV1694,0
TXN03948,CARD01086,C01086,M009,T009,2026-07-22 11:25:00,47600000,VN,DEV1921,0
TXN03949,CARD02016,C02016,M010,T010,2026-07-08 17:19:00,12220000,VN,DEV1670,0
TXN03950,CARD01356,C01356,M007,T007,2026-07-02 20:35:00,31880000,VN,DEV0739,0
TXN03951,CARD03779,C03779,M009,T009,2026-07-01 11:36:00,1780000,VN,DEV0293,0
TXN03952,CARD03534,C03534,M005,T005,2026-07-02 13:01:00,27040000,SG,DEV1831,0
TXN03953,CARD09972,C09972,M001,T001,2026-07-10 13:17:00,1320000,VN,DEV0940,0
TXN03954,CARD08477,C08477,M002,T002,2026-07-10 12:18:00,18230000,US,DEV1954,0
TXN03955,CARD05087,C05087,M003,T003,2026-07-13 20:00:00,7350000,US,DEV0134,0
TXN03956,CARD08719,C08719,M005,T005,2026-07-15 16:12:00,450000,US,DEV1098,0
TXN03957,CARD08437,C08437,M006,T006,2026-07-25 01:08:00,4020000,VN,DEV0911,0
TXN03958,CARD00743,C00743,M009,T009,2026-07-03 07:17:00,30400000,VN,DEV1450,0
TXN03959,CARD05845,C05845,M012,T012,2026-07-21 20:02:00,34860000,VN,DEV0975,0
TXN03960,CARD04132,C04132,M013,T013,2026-07-05 04:44:00,10380000,VN,DEV0396,0
TXN03961,CARD02249,C02249,M005,T005,2026-07-02 08:36:00,25150000,HK,DEV1752,0
TXN03962,CARD04229,C04229,M008,T008,2026-07-21 07:23:00,32570000,VN,DEV0737,0
TXN03963,CARD07571,C07571,M012,T012,2026-07-23 08:33:00,36740000,VN,DEV0771,0
TXN03964,CARD00249,C00249,M007,T007,2026-07-02 03:24:00,44970000,VN,DEV1851,0
TXN03965,CARD09672,C09672,M007,T007,2026-07-12 10:07:00,42510000,VN,DEV0540,0
TXN03966,CARD04279,C04279,M009,T009,2026-07-21 15:16:00,45720000,VN,DEV0959,0
TXN03967,CARD01612,C01612,M013,T013,2026-07-06 21:07:00,45570000,VN,DEV1335,0
TXN03968,CARD03874,C03874,M008,T008,2026-07-26 09:55:00,16260000,VN,DEV0451,0
TXN03969,CARD07780,C07780,M004,T004,2026-07-13 07:07:00,42190000,HK,DEV0713,0
TXN03970,CARD02944,C02944,M005,T005,2026-07-22 03:34:00,12660000,HK,DEV0855,0
TXN03971,CARD04380,C04380,M010,T010,2026-07-20 19:14:00,5110000,VN,NEW_DEVICE,1
TXN03972,CARD05849,C05849,M005,T005,2026-07-24 18:15:00,22180000,VN,NEW_DEVICE,1
TXN03973,CARD03306,C03306,M012,T012,2026-07-17 20:28:00,43670000,VN,DEV1141,0
TXN03974,CARD03655,C03655,M004,T004,2026-07-18 08:09:00,7310000,HK,DEV1388,0
TXN03975,CARD05496,C05496,M001,T001,2026-07-10 08:21:00,6940000,VN,DEV1400,0
TXN03976,CARD03280,C03280,M002,T002,2026-07-02 06:13:00,39990000,SG,DEV0989,0
TXN03977,CARD01385,C01385,M013,T013,2026-07-09 14:42:00,39970000,VN,DEV1069,0
TXN03978,CARD08392,C08392,M012,T012,2026-07-24 20:13:00,43100000,VN,DEV1931,0
TXN03979,CARD03350,C03350,M012,T012,2026-07-23 20:46:00,46700000,VN,DEV0993,0
TXN03980,CARD05771,C05771,M012,T012,2026-07-28 15:50:00,43610000,VN,DEV1566,0
TXN03981,CARD01811,C01811,M003,T003,2026-07-19 20:55:00,17410000,HK,DEV0932,0
TXN03982,CARD08607,C08607,M012,T012,2026-07-25 07:37:00,42520000,VN,DEV1613,0
TXN03983,CARD00992,C00992,M014,T014,2026-07-02 23:33:00,34360000,VN,DEV1562,0
TXN03984,CARD04739,C04739,M002,T002,2026-07-27 01:09:00,14130000,US,DEV0787,0
TXN03985,CARD00759,C00759,M009,T009,2026-07-02 06:18:00,19880000,VN,DEV1183,0
TXN03986,CARD05861,C05861,M006,T006,2026-07-12 21:36:00,46890000,VN,DEV1538,0
TXN03987,CARD06817,C06817,M006,T006,2026-07-18 17:38:00,34210000,VN,DEV1022,0
TXN03988,CARD01925,C01925,M005,T005,2026-07-06 15:34:00,580000,SG,DEV0646,0
TXN03989,CARD06891,C06891,M001,T001,2026-07-24 02:35:00,25710000,VN,DEV0826,0
TXN03990,CARD09033,C09033,M010,T010,2026-07-01 13:57:00,17280000,VN,DEV0174,0
TXN03991,CARD07459,C07459,M004,T004,2026-07-20 01:39:00,40150000,US,DEV1268,0
TXN03992,CARD03934,C03934,M012,T012,2026-07-23 00:07:00,10490000,VN,DEV0376,0
TXN03993,CARD06769,C06769,M010,T010,2026-07-23 03:16:00,41210000,VN,DEV0473,0
TXN03994,CARD06670,C06670,M002,T002,2026-07-27 04:04:00,27710000,US,DEV1986,0
TXN03995,CARD09468,C09468,M011,T011,2026-07-14 23:34:00,11340000,VN,DEV1960,0
TXN03996,CARD00977,C00977,M012,T012,2026-07-21 22:10:00,11360000,VN,DEV1815,0
TXN03997,CARD03198,C03198,M006,T006,2026-07-20 04:33:00,46140000,VN,DEV1199,0
TXN03998,CARD04105,C04105,M012,T012,2026-07-04 14:44:00,4740000,VN,DEV1860,0
TXN03999,CARD04393,C04393,M013,T013,2026-07-01 17:00:00,34460000,VN,DEV0921,0
TXN04000,CARD00316,C00316,M014,T014,2026-07-22 05:13:00,44510000,VN,DEV1736,0
TXN04001,CARD04067,C04067,M011,T011,2026-07-14 08:55:00,30330000,VN,DEV0159,0
TXN04002,CARD02257,C02257,M005,T005,2026-07-14 16:09:00,25000000,HK,DEV0679,0
TXN04003,CARD00236,C00236,M003,T003,2026-07-23 05:39:00,23270000,SG,DEV0800,0
TXN04004,CARD04433,C04433,M009,T009,2026-07-10 23:59:00,32410000,VN,DEV1478,0
TXN04005,CARD09517,C09517,M011,T011,2026-07-11 20:27:00,7430000,VN,DEV1565,0
TXN04006,CARD02215,C02215,M001,T001,2026-07-21 05:14:00,20430000,VN,DEV1543,0
TXN04007,CARD08042,C08042,M003,T003,2026-07-26 14:55:00,11180000,SG,NEW_DEVICE,1
TXN04008,CARD08670,C08670,M004,T004,2026-07-16 08:39:00,41460000,HK,DEV1929,0
TXN04009,CARD07438,C07438,M010,T010,2026-07-02 17:44:00,24240000,VN,DEV0889,0
TXN04010,CARD07664,C07664,M008,T008,2026-07-02 17:40:00,40540000,VN,DEV1147,0
TXN04011,CARD01782,C01782,M011,T011,2026-07-28 05:38:00,42560000,VN,DEV0024,0
TXN04012,CARD05996,C05996,M003,T003,2026-07-04 06:58:00,4510000,SG,DEV1528,0
TXN04013,CARD05370,C05370,M011,T011,2026-07-28 05:41:00,3470000,VN,DEV0259,0
TXN04014,CARD04702,C04702,M005,T005,2026-07-15 11:56:00,10420000,US,DEV1837,0
TXN04015,CARD02673,C02673,M010,T010,2026-07-07 02:17:00,45460000,VN,DEV1950,0
TXN04016,CARD03965,C03965,M001,T001,2026-07-13 22:41:00,5180000,VN,DEV0902,0
TXN04017,CARD07174,C07174,M002,T002,2026-07-03 02:50:00,26450000,US,DEV1851,0
TXN04018,CARD03371,C03371,M003,T003,2026-07-19 08:37:00,41920000,HK,DEV0831,0
TXN04019,CARD05595,C05595,M012,T012,2026-07-07 09:16:00,37750000,VN,DEV1022,0
TXN04020,CARD08101,C08101,M004,T004,2026-07-09 14:45:00,17220000,HK,DEV0640,0
TXN04021,CARD03449,C03449,M004,T004,2026-07-14 00:45:00,18130000,HK,DEV0255,0
TXN04022,CARD01516,C01516,M003,T003,2026-07-06 08:56:00,49480000,US,DEV1124,0
TXN04023,CARD08817,C08817,M002,T002,2026-07-06 18:36:00,24940000,SG,DEV0744,0
TXN04024,CARD07092,C07092,M008,T008,2026-07-04 04:27:00,46220000,VN,DEV1706,0
TXN04025,CARD08903,C08903,M014,T014,2026-07-16 16:16:00,11470000,VN,DEV1777,0
TXN04026,CARD00447,C00447,M011,T011,2026-07-28 17:10:00,17590000,VN,DEV1581,0
TXN04027,CARD00687,C00687,M006,T006,2026-07-19 21:19:00,18660000,VN,DEV0571,0
TXN04028,CARD06313,C06313,M013,T013,2026-07-10 22:23:00,19130000,VN,DEV0446,0
TXN04029,CARD00969,C00969,M003,T003,2026-07-11 20:33:00,39830000,US,DEV1074,0
TXN04030,CARD03181,C03181,M005,T005,2026-07-03 06:40:00,13430000,US,DEV0410,0
TXN04031,CARD01595,C01595,M012,T012,2026-07-23 09:27:00,12800000,VN,DEV0957,0
TXN04032,CARD00461,C00461,M009,T009,2026-07-11 03:44:00,31790000,VN,DEV1769,0
TXN04033,CARD08492,C08492,M009,T009,2026-07-28 15:02:00,35470000,VN,DEV0276,0
TXN04034,CARD05449,C05449,M011,T011,2026-07-28 00:59:00,46900000,VN,DEV1590,0
TXN04035,CARD08117,C08117,M014,T014,2026-07-09 06:03:00,38670000,VN,DEV0934,0
TXN04036,CARD07289,C07289,M005,T005,2026-07-21 00:00:00,1180000,HK,DEV1271,0
TXN04037,CARD02711,C02711,M011,T011,2026-07-13 10:36:00,18940000,VN,DEV0522,0
TXN04038,CARD07952,C07952,M002,T002,2026-07-17 08:04:00,33400000,HK,DEV1088,0
TXN04039,CARD04613,C04613,M002,T002,2026-07-26 18:51:00,48260000,SG,DEV0935,0
TXN04040,CARD02081,C02081,M006,T006,2026-07-27 19:16:00,30430000,VN,DEV0093,0
TXN04041,CARD09361,C09361,M003,T003,2026-07-11 17:06:00,9680000,HK,DEV1053,0
TXN04042,CARD02048,C02048,M008,T008,2026-07-17 19:20:00,43290000,VN,DEV0885,0
TXN04043,CARD09880,C09880,M007,T007,2026-07-13 13:39:00,8590000,VN,DEV1356,0
TXN04044,CARD02621,C02621,M003,T003,2026-07-06 22:16:00,1710000,SG,DEV1507,0
TXN04045,CARD02059,C02059,M009,T009,2026-07-04 17:57:00,6960000,VN,DEV1529,0
TXN04046,CARD04351,C04351,M005,T005,2026-07-02 16:41:00,42450000,US,DEV1385,0
TXN04047,CARD05430,C05430,M011,T011,2026-07-25 06:21:00,48940000,VN,DEV1145,0
TXN04048,CARD02872,C02872,M002,T002,2026-07-05 09:04:00,13460000,HK,DEV1451,0
TXN04049,CARD02509,C02509,M009,T009,2026-07-16 19:04:00,590000,VN,DEV1207,0
TXN04050,CARD09638,C09638,M014,T014,2026-07-21 14:02:00,25580000,VN,DEV0268,0
TXN04051,CARD08504,C08504,M005,T005,2026-07-06 23:07:00,39070000,US,DEV0966,0
TXN04052,CARD03696,C03696,M006,T006,2026-07-28 15:54:00,37120000,VN,DEV0782,0
TXN04053,CARD02254,C02254,M002,T002,2026-07-03 10:55:00,41070000,HK,DEV1709,0
TXN04054,CARD03501,C03501,M007,T007,2026-07-20 12:51:00,49650000,VN,DEV1348,0
TXN04055,CARD00694,C00694,M007,T007,2026-07-08 10:15:00,8550000,VN,DEV0630,0
TXN04056,CARD00877,C00877,M012,T012,2026-07-04 06:13:00,10170000,VN,DEV0976,0
TXN04057,CARD09570,C09570,M012,T012,2026-07-11 03:47:00,33020000,VN,DEV1679,0
TXN04058,CARD09713,C09713,M010,T010,2026-07-10 23:24:00,7710000,VN,DEV1462,0
TXN04059,CARD07548,C07548,M004,T004,2026-07-02 00:59:00,12090000,SG,DEV0511,0
TXN04060,CARD01731,C01731,M010,T010,2026-07-05 09:00:00,6790000,VN,NEW_DEVICE,1
TXN04061,CARD03426,C03426,M012,T012,2026-07-27 16:02:00,18140000,VN,DEV0567,0
TXN04062,CARD07098,C07098,M009,T009,2026-07-10 03:51:00,28030000,VN,DEV1772,0
TXN04063,CARD04802,C04802,M013,T013,2026-07-09 06:57:00,47230000,VN,DEV1165,0
TXN04064,CARD00460,C00460,M003,T003,2026-07-08 12:24:00,49470000,HK,DEV1241,0
TXN04065,CARD04403,C04403,M009,T009,2026-07-20 07:32:00,37020000,VN,DEV0461,0
TXN04066,CARD08644,C08644,M010,T010,2026-07-14 02:33:00,43590000,VN,DEV1198,0
TXN04067,CARD07291,C07291,M012,T012,2026-07-27 13:30:00,34610000,VN,DEV1537,0
TXN04068,CARD09585,C09585,M012,T012,2026-07-02 01:19:00,20010000,VN,DEV1044,0
TXN04069,CARD04630,C04630,M012,T012,2026-07-27 07:42:00,29720000,VN,DEV1327,0
TXN04070,CARD01035,C01035,M006,T006,2026-07-23 20:48:00,30450000,VN,DEV0704,0
TXN04071,CARD02643,C02643,M005,T005,2026-07-18 07:01:00,9960000,US,DEV1372,0
TXN04072,CARD03468,C03468,M007,T007,2026-07-22 16:49:00,43010000,VN,DEV0359,0
TXN04073,CARD00431,C00431,M012,T012,2026-07-19 05:06:00,38120000,VN,DEV1968,0
TXN04074,CARD03412,C03412,M006,T006,2026-07-21 19:59:00,24100000,VN,DEV1595,0
TXN04075,CARD09499,C09499,M007,T007,2026-07-27 21:08:00,30320000,VN,DEV1913,0
TXN04076,CARD06204,C06204,M009,T009,2026-07-08 02:13:00,29690000,VN,DEV0607,0
TXN04077,CARD04821,C04821,M013,T013,2026-07-04 21:57:00,11160000,VN,DEV0835,0
TXN04078,CARD06533,C06533,M010,T010,2026-07-16 15:19:00,38670000,VN,DEV1278,0
TXN04079,CARD09176,C09176,M014,T014,2026-07-23 08:23:00,40880000,VN,DEV0186,0
TXN04080,CARD02196,C02196,M004,T004,2026-07-16 18:58:00,25410000,SG,DEV1806,0
TXN04081,CARD08505,C08505,M008,T008,2026-07-14 17:42:00,23290000,US,NEW_DEVICE,1
TXN04082,CARD09274,C09274,M003,T003,2026-07-06 22:14:00,45030000,US,DEV0205,0
TXN04083,CARD04186,C04186,M011,T011,2026-07-03 07:31:00,25240000,VN,DEV1990,0
TXN04084,CARD05984,C05984,M002,T002,2026-07-24 06:56:00,36450000,SG,DEV0980,0
TXN04085,CARD00177,C00177,M012,T012,2026-07-25 04:56:00,3510000,VN,DEV1848,0
TXN04086,CARD07257,C07257,M009,T009,2026-07-06 07:07:00,24360000,VN,DEV1148,0
TXN04087,CARD05912,C05912,M002,T002,2026-07-23 01:09:00,16840000,SG,DEV0051,0
TXN04088,CARD08788,C08788,M008,T008,2026-07-16 08:27:00,29310000,VN,DEV1919,0
TXN04089,CARD08985,C08985,M008,T008,2026-07-26 12:25:00,5240000,VN,DEV0215,0
TXN04090,CARD03621,C03621,M003,T003,2026-07-11 14:40:00,3860000,US,DEV1221,0
TXN04091,CARD06685,C06685,M013,T013,2026-07-05 02:55:00,35660000,VN,DEV1420,0
TXN04092,CARD05903,C05903,M014,T014,2026-07-27 08:26:00,15960000,VN,DEV0745,0
TXN04093,CARD04263,C04263,M003,T003,2026-07-18 12:26:00,9290000,VN,NEW_DEVICE,1
TXN04094,CARD05715,C05715,M008,T008,2026-07-21 23:45:00,30580000,VN,DEV1436,0
TXN04095,CARD00268,C00268,M006,T006,2026-07-14 04:14:00,14360000,VN,DEV0264,0
TXN04096,CARD08879,C08879,M011,T011,2026-07-13 18:06:00,27240000,VN,DEV1136,0
TXN04097,CARD03332,C03332,M007,T007,2026-07-02 13:14:00,22110000,VN,DEV1090,0
TXN04098,CARD07954,C07954,M010,T010,2026-07-17 00:15:00,41400000,VN,DEV0787,0
TXN04099,CARD00496,C00496,M003,T003,2026-07-08 11:53:00,18040000,HK,DEV1592,0
TXN04100,CARD05599,C05599,M012,T012,2026-07-26 22:26:00,13140000,VN,DEV1981,0
TXN04101,CARD08463,C08463,M001,T001,2026-07-27 22:59:00,3760000,VN,DEV0141,0
TXN04102,CARD02929,C02929,M002,T002,2026-07-08 12:40:00,43460000,US,DEV0479,0
TXN04103,CARD05258,C05258,M007,T007,2026-07-28 13:21:00,18180000,VN,DEV0275,0
TXN04104,CARD08592,C08592,M012,T012,2026-07-25 13:05:00,20650000,VN,DEV1457,0
TXN04105,CARD08870,C08870,M010,T010,2026-07-17 05:48:00,3710000,VN,DEV1978,0
TXN04106,CARD09766,C09766,M014,T014,2026-07-23 22:57:00,24930000,VN,DEV1707,0
TXN04107,CARD02223,C02223,M014,T014,2026-07-26 20:32:00,21260000,VN,DEV0780,0
TXN04108,CARD09444,C09444,M007,T007,2026-07-12 13:00:00,24970000,VN,DEV1476,0
TXN04109,CARD05998,C05998,M001,T001,2026-07-07 15:03:00,10110000,VN,DEV0765,0
TXN04110,CARD06676,C06676,M012,T012,2026-07-14 00:59:00,22890000,VN,DEV1882,0
TXN04111,CARD07542,C07542,M005,T005,2026-07-05 09:27:00,45920000,SG,DEV1331,0
TXN04112,CARD03144,C03144,M009,T009,2026-07-25 16:18:00,1920000,VN,DEV1812,0
TXN04113,CARD06731,C06731,M007,T007,2026-07-03 16:53:00,41130000,VN,DEV1089,0
TXN04114,CARD06125,C06125,M005,T005,2026-07-22 13:51:00,22600000,US,DEV1279,0
TXN04115,CARD07084,C07084,M003,T003,2026-07-06 16:55:00,29910000,US,DEV1977,0
TXN04116,CARD06909,C06909,M014,T014,2026-07-10 20:56:00,6110000,VN,DEV1967,0
TXN04117,CARD06306,C06306,M003,T003,2026-07-07 05:06:00,2770000,HK,DEV0330,0
TXN04118,CARD07997,C07997,M004,T004,2026-07-22 08:33:00,20810000,HK,DEV0005,0
TXN04119,CARD03924,C03924,M007,T007,2026-07-26 22:43:00,37010000,VN,DEV0427,0
TXN04120,CARD03634,C03634,M001,T001,2026-07-26 18:40:00,6440000,VN,DEV1771,0
TXN04121,CARD09003,C09003,M003,T003,2026-07-13 13:26:00,5570000,US,DEV0605,0
TXN04122,CARD00397,C00397,M006,T006,2026-07-17 05:46:00,27040000,VN,DEV1567,0
TXN04123,CARD06974,C06974,M004,T004,2026-07-17 01:12:00,17130000,US,DEV0666,0
TXN04124,CARD05743,C05743,M012,T012,2026-07-17 16:02:00,9500000,VN,DEV0205,0
TXN04125,CARD00861,C00861,M004,T004,2026-07-24 21:26:00,40800000,HK,DEV1508,0
TXN04126,CARD04744,C04744,M001,T001,2026-07-17 14:11:00,29600000,VN,DEV0543,0
TXN04127,CARD05004,C05004,M008,T008,2026-07-22 12:55:00,49940000,VN,DEV0661,0
TXN04128,CARD01835,C01835,M001,T001,2026-07-11 08:13:00,5410000,VN,DEV0710,0
TXN04129,CARD08341,C08341,M002,T002,2026-07-16 07:06:00,31200000,HK,DEV1434,0
TXN04130,CARD08849,C08849,M005,T005,2026-07-28 16:14:00,8570000,US,DEV1036,0
TXN04131,CARD04083,C04083,M009,T009,2026-07-10 21:35:00,37120000,VN,DEV0937,0
TXN04132,CARD03005,C03005,M012,T012,2026-07-19 23:17:00,11920000,VN,DEV1636,0
TXN04133,CARD06104,C06104,M013,T013,2026-07-17 06:55:00,17410000,VN,DEV1546,0
TXN04134,CARD03962,C03962,M014,T014,2026-07-07 00:09:00,2650000,HK,NEW_DEVICE,1
TXN04135,CARD09918,C09918,M006,T006,2026-07-21 07:19:00,6320000,VN,DEV1131,0
TXN04136,CARD09717,C09717,M009,T009,2026-07-24 20:56:00,49670000,VN,DEV0868,0
TXN04137,CARD04558,C04558,M014,T014,2026-07-01 16:14:00,24080000,VN,DEV1126,0
TXN04138,CARD00302,C00302,M005,T005,2026-07-15 07:01:00,8090000,HK,DEV0488,0
TXN04139,CARD09374,C09374,M009,T009,2026-07-09 11:43:00,8610000,SG,NEW_DEVICE,1
TXN04140,CARD01800,C01800,M006,T006,2026-07-12 23:14:00,46730000,VN,DEV0221,0
TXN04141,CARD05099,C05099,M003,T003,2026-07-11 03:38:00,19680000,US,DEV1931,0
TXN04142,CARD05620,C05620,M007,T007,2026-07-12 15:26:00,14240000,VN,DEV1358,0
TXN04143,CARD01718,C01718,M008,T008,2026-07-25 03:29:00,13600000,VN,DEV1075,0
TXN04144,CARD06739,C06739,M010,T010,2026-07-24 19:03:00,14130000,VN,DEV1099,0
TXN04145,CARD06059,C06059,M011,T011,2026-07-19 19:47:00,6520000,VN,DEV1682,0
TXN04146,CARD01406,C01406,M006,T006,2026-07-23 03:03:00,4830000,VN,DEV0891,0
TXN04147,CARD02537,C02537,M012,T012,2026-07-01 15:31:00,22450000,VN,DEV0722,0
TXN04148,CARD07179,C07179,M013,T013,2026-07-27 01:09:00,35770000,VN,DEV1014,0
TXN04149,CARD08988,C08988,M004,T004,2026-07-12 00:58:00,7420000,SG,DEV0939,0
TXN04150,CARD07719,C07719,M013,T013,2026-07-15 10:49:00,33490000,VN,DEV1097,0
TXN04151,CARD03382,C03382,M011,T011,2026-07-03 08:34:00,19130000,VN,DEV1558,0
TXN04152,CARD06361,C06361,M001,T001,2026-07-03 16:53:00,19740000,VN,DEV0431,0
TXN04153,CARD04847,C04847,M003,T003,2026-07-15 10:16:00,35330000,SG,DEV0818,0
TXN04154,CARD03269,C03269,M010,T010,2026-07-26 22:11:00,7970000,VN,DEV0913,0
TXN04155,CARD09989,C09989,M010,T010,2026-07-04 01:31:00,39330000,VN,DEV1143,0
TXN04156,CARD00827,C00827,M003,T003,2026-07-24 14:17:00,32600000,US,DEV1218,0
TXN04157,CARD05104,C05104,M004,T004,2026-07-11 10:32:00,26610000,HK,DEV0264,0
TXN04158,CARD07246,C07246,M010,T010,2026-07-06 19:19:00,14860000,VN,DEV0355,0
TXN04159,CARD06392,C06392,M004,T004,2026-07-01 03:35:00,17330000,US,DEV1587,0
TXN04160,CARD09019,C09019,M003,T003,2026-07-05 03:06:00,43540000,HK,DEV0601,0
TXN04161,CARD06626,C06626,M014,T014,2026-07-01 06:21:00,22870000,VN,DEV1156,0
TXN04162,CARD05664,C05664,M001,T001,2026-07-27 06:00:00,25000000,VN,DEV1587,0
TXN04163,CARD00736,C00736,M012,T012,2026-07-08 03:03:00,37980000,VN,DEV1202,0
TXN04164,CARD05649,C05649,M005,T005,2026-07-17 10:10:00,11310000,HK,DEV1637,0
TXN04165,CARD08997,C08997,M004,T004,2026-07-28 06:57:00,46360000,SG,DEV1140,0
TXN04166,CARD03875,C03875,M001,T001,2026-07-13 03:57:00,11510000,VN,DEV1346,0
TXN04167,CARD09425,C09425,M007,T007,2026-07-12 00:12:00,23760000,VN,DEV0514,0
TXN04168,CARD09053,C09053,M002,T002,2026-07-09 20:53:00,42070000,US,DEV0695,0
TXN04169,CARD02465,C02465,M001,T001,2026-07-15 00:55:00,16990000,VN,DEV1848,0
TXN04170,CARD04177,C04177,M004,T004,2026-07-01 22:04:00,29140000,US,DEV0606,0
TXN04171,CARD04470,C04470,M003,T003,2026-07-27 07:38:00,47970000,US,DEV1904,0
TXN04172,CARD04130,C04130,M010,T010,2026-07-27 01:58:00,5430000,HK,NEW_DEVICE,1
TXN04173,CARD09031,C09031,M011,T011,2026-07-24 15:03:00,24160000,VN,DEV0956,0
TXN04174,CARD00245,C00245,M009,T009,2026-07-26 13:31:00,30280000,VN,DEV0604,0
TXN04175,CARD00274,C00274,M009,T009,2026-07-02 19:22:00,25330000,VN,DEV1952,0
TXN04176,CARD08102,C08102,M004,T004,2026-07-12 16:02:00,35910000,SG,DEV0187,0
TXN04177,CARD06031,C06031,M004,T004,2026-07-08 19:45:00,9830000,HK,DEV1472,0
TXN04178,CARD05624,C05624,M013,T013,2026-07-13 14:36:00,46930000,VN,DEV0576,0
TXN04179,CARD07142,C07142,M005,T005,2026-07-09 12:02:00,19110000,SG,DEV0360,0
TXN04180,CARD09584,C09584,M001,T001,2026-07-17 02:38:00,32520000,VN,DEV1223,0
TXN04181,CARD00033,C00033,M001,T001,2026-07-13 19:48:00,47320000,VN,DEV0416,0
TXN04182,CARD07492,C07492,M002,T002,2026-07-15 09:09:00,49580000,SG,DEV1033,0
TXN04183,CARD08031,C08031,M005,T005,2026-07-23 23:56:00,12600000,HK,DEV0107,0
TXN04184,CARD07999,C07999,M005,T005,2026-07-03 06:14:00,32220000,HK,DEV0744,0
TXN04185,CARD09674,C09674,M011,T011,2026-07-04 16:49:00,340000,VN,DEV0328,0
TXN04186,CARD01193,C01193,M003,T003,2026-07-23 20:59:00,39420000,HK,DEV1226,0
TXN04187,CARD05108,C05108,M014,T014,2026-07-16 22:48:00,28730000,VN,DEV1048,0
TXN04188,CARD04612,C04612,M002,T002,2026-07-28 04:58:00,9010000,US,DEV1560,0
TXN04189,CARD03603,C03603,M014,T014,2026-07-10 12:21:00,32320000,VN,DEV1569,0
TXN04190,CARD07331,C07331,M008,T008,2026-07-11 19:36:00,44190000,VN,DEV0902,0
TXN04191,CARD03242,C03242,M002,T002,2026-07-21 07:56:00,15190000,US,DEV0053,0
TXN04192,CARD01373,C01373,M002,T002,2026-07-06 23:39:00,36310000,US,DEV1399,0
TXN04193,CARD08541,C08541,M001,T001,2026-07-14 04:27:00,13070000,VN,DEV0235,0
TXN04194,CARD02660,C02660,M010,T010,2026-07-19 17:03:00,26860000,VN,DEV0229,0
TXN04195,CARD00799,C00799,M006,T006,2026-07-23 13:18:00,34660000,VN,DEV1058,0
TXN04196,CARD03010,C03010,M005,T005,2026-07-01 23:25:00,28400000,HK,DEV1142,0
TXN04197,CARD06242,C06242,M003,T003,2026-07-20 23:24:00,10960000,HK,DEV1031,0
TXN04198,CARD07926,C07926,M007,T007,2026-07-08 01:45:00,22530000,VN,DEV1128,0
TXN04199,CARD03834,C03834,M003,T003,2026-07-09 20:35:00,21870000,US,DEV0136,0
TXN04200,CARD05302,C05302,M006,T006,2026-07-27 21:37:00,14630000,VN,DEV1816,0
TXN04201,CARD08110,C08110,M006,T006,2026-07-05 07:44:00,2070000,VN,DEV0671,0
TXN04202,CARD06480,C06480,M012,T012,2026-07-08 17:06:00,7540000,VN,DEV1415,0
TXN04203,CARD08175,C08175,M003,T003,2026-07-12 21:18:00,590000,US,DEV0949,0
TXN04204,CARD09958,C09958,M008,T008,2026-07-28 13:49:00,820000,VN,DEV0900,0
TXN04205,CARD09695,C09695,M006,T006,2026-07-25 17:11:00,13820000,VN,DEV1797,0
TXN04206,CARD08440,C08440,M006,T006,2026-07-06 21:51:00,43960000,VN,DEV0698,0
TXN04207,CARD01773,C01773,M003,T003,2026-07-13 17:14:00,49440000,SG,DEV0394,0
TXN04208,CARD04195,C04195,M007,T007,2026-07-24 02:31:00,31140000,VN,DEV1365,0
TXN04209,CARD04762,C04762,M004,T004,2026-07-02 11:26:00,44130000,HK,DEV1407,0
TXN04210,CARD04367,C04367,M009,T009,2026-07-21 15:46:00,39810000,VN,DEV1248,0
TXN04211,CARD00627,C00627,M006,T006,2026-07-14 13:50:00,44440000,VN,DEV0352,0
TXN04212,CARD00631,C00631,M004,T004,2026-07-24 03:40:00,10100000,SG,DEV1993,0
TXN04213,CARD08446,C08446,M004,T004,2026-07-18 13:43:00,39370000,US,DEV0251,0
TXN04214,CARD07912,C07912,M013,T013,2026-07-27 03:35:00,26190000,HK,NEW_DEVICE,1
TXN04215,CARD03036,C03036,M003,T003,2026-07-23 13:03:00,25800000,HK,DEV0858,0
TXN04216,CARD01782,C01782,M009,T009,2026-07-09 15:35:00,29290000,VN,DEV1059,0
TXN04217,CARD05252,C05252,M014,T014,2026-07-08 19:31:00,36500000,SG,NEW_DEVICE,1
TXN04218,CARD09479,C09479,M008,T008,2026-07-26 22:06:00,4730000,VN,DEV0772,0
TXN04219,CARD02005,C02005,M009,T009,2026-07-26 13:04:00,41240000,VN,DEV0432,0
TXN04220,CARD05694,C05694,M013,T013,2026-07-08 14:25:00,42860000,VN,DEV1666,0
TXN04221,CARD06187,C06187,M001,T001,2026-07-15 14:23:00,30470000,VN,DEV1713,0
TXN04222,CARD00377,C00377,M010,T010,2026-07-03 05:30:00,2730000,VN,DEV1567,0
TXN04223,CARD02746,C02746,M004,T004,2026-07-08 08:10:00,26520000,SG,DEV1469,0
TXN04224,CARD06328,C06328,M002,T002,2026-07-06 05:32:00,26380000,HK,DEV0417,0
TXN04225,CARD04526,C04526,M009,T009,2026-07-06 13:50:00,5150000,VN,DEV1244,0
TXN04226,CARD00284,C00284,M006,T006,2026-07-21 03:26:00,2660000,VN,DEV0099,0
TXN04227,CARD00247,C00247,M014,T014,2026-07-24 22:10:00,4600000,VN,DEV0095,0
TXN04228,CARD01466,C01466,M006,T006,2026-07-22 01:42:00,34120000,VN,DEV1031,0
TXN04229,CARD07089,C07089,M013,T013,2026-07-27 03:37:00,13240000,VN,DEV1926,0
TXN04230,CARD09625,C09625,M012,T012,2026-07-17 19:46:00,25800000,VN,DEV1222,0
TXN04231,CARD01078,C01078,M005,T005,2026-07-06 15:26:00,18650000,SG,DEV1283,0
TXN04232,CARD01792,C01792,M002,T002,2026-07-18 07:17:00,15870000,SG,DEV0770,0
TXN04233,CARD06342,C06342,M003,T003,2026-07-07 02:43:00,18000000,HK,DEV0065,0
TXN04234,CARD01073,C01073,M007,T007,2026-07-09 03:20:00,38050000,VN,DEV0879,0
TXN04235,CARD08357,C08357,M011,T011,2026-07-17 04:12:00,19680000,VN,DEV0759,0
TXN04236,CARD01321,C01321,M013,T013,2026-07-28 18:02:00,32610000,VN,DEV0448,0
TXN04237,CARD00071,C00071,M011,T011,2026-07-02 08:50:00,36620000,VN,DEV1643,0
TXN04238,CARD05023,C05023,M014,T014,2026-07-02 03:29:00,29750000,VN,DEV0127,0
TXN04239,CARD01973,C01973,M002,T002,2026-07-09 23:21:00,28500000,HK,DEV1796,0
TXN04240,CARD04207,C04207,M013,T013,2026-07-20 18:23:00,2530000,VN,DEV0486,0
TXN04241,CARD04177,C04177,M011,T011,2026-07-23 00:49:00,3750000,VN,DEV0458,0
TXN04242,CARD09267,C09267,M011,T011,2026-07-06 01:59:00,29820000,VN,DEV0585,0
TXN04243,CARD05893,C05893,M003,T003,2026-07-02 02:14:00,37620000,HK,DEV1011,0
TXN04244,CARD07401,C07401,M001,T001,2026-07-16 05:17:00,47370000,VN,DEV0735,0
TXN04245,CARD01151,C01151,M005,T005,2026-07-10 08:25:00,22130000,US,DEV0939,0
TXN04246,CARD08642,C08642,M012,T012,2026-07-17 09:11:00,28450000,VN,DEV1412,0
TXN04247,CARD03103,C03103,M001,T001,2026-07-02 03:47:00,4600000,VN,NEW_DEVICE,1
TXN04248,CARD09776,C09776,M004,T004,2026-07-17 02:08:00,9320000,HK,DEV1483,0
TXN04249,CARD06111,C06111,M002,T002,2026-07-01 02:35:00,48160000,HK,DEV0074,0
TXN04250,CARD09316,C09316,M007,T007,2026-07-15 01:21:00,250000,VN,DEV0520,0
TXN04251,CARD03461,C03461,M001,T001,2026-07-13 04:49:00,37970000,VN,DEV0842,0
TXN04252,CARD03520,C03520,M006,T006,2026-07-23 12:39:00,9010000,VN,DEV0406,0
TXN04253,CARD00554,C00554,M008,T008,2026-07-01 19:22:00,10270000,VN,DEV0080,0
TXN04254,CARD05548,C05548,M011,T011,2026-07-15 00:54:00,16030000,VN,DEV1995,0
TXN04255,CARD01299,C01299,M010,T010,2026-07-08 22:45:00,28280000,VN,DEV1283,0
TXN04256,CARD04540,C04540,M014,T014,2026-07-02 09:20:00,29820000,VN,DEV1856,0
TXN04257,CARD04072,C04072,M001,T001,2026-07-22 03:29:00,26610000,VN,DEV1718,0
TXN04258,CARD04095,C04095,M007,T007,2026-07-06 05:25:00,240000,VN,DEV1693,0
TXN04259,CARD02483,C02483,M004,T004,2026-07-04 15:55:00,24640000,US,DEV1050,0
TXN04260,CARD08191,C08191,M004,T004,2026-07-19 01:32:00,37120000,SG,DEV1793,0
TXN04261,CARD03341,C03341,M006,T006,2026-07-03 04:07:00,26870000,VN,DEV1281,0
TXN04262,CARD02213,C02213,M007,T007,2026-07-18 15:09:00,47600000,VN,DEV0626,0
TXN04263,CARD09543,C09543,M012,T012,2026-07-16 15:52:00,4350000,VN,DEV1517,0
TXN04264,CARD00004,C00004,M001,T001,2026-07-28 00:05:00,41670000,VN,DEV1852,0
TXN04265,CARD02347,C02347,M014,T014,2026-07-15 11:31:00,39180000,VN,DEV0416,0
TXN04266,CARD04551,C04551,M007,T007,2026-07-14 18:49:00,9560000,VN,DEV1369,0
TXN04267,CARD04609,C04609,M010,T010,2026-07-16 17:02:00,21460000,VN,DEV1669,0
TXN04268,CARD06036,C06036,M006,T006,2026-07-23 21:17:00,33910000,VN,DEV1693,0
TXN04269,CARD06557,C06557,M005,T005,2026-07-20 06:04:00,7600000,HK,DEV1443,0
TXN04270,CARD04710,C04710,M012,T012,2026-07-28 03:57:00,15910000,VN,DEV0892,0
TXN04271,CARD00442,C00442,M002,T002,2026-07-23 15:32:00,44360000,SG,DEV0505,0
TXN04272,CARD09481,C09481,M004,T004,2026-07-06 17:36:00,21450000,SG,DEV1903,0
TXN04273,CARD01387,C01387,M013,T013,2026-07-11 10:47:00,45730000,VN,DEV0370,0
TXN04274,CARD08425,C08425,M013,T013,2026-07-10 07:22:00,16890000,VN,DEV0048,0
TXN04275,CARD02990,C02990,M003,T003,2026-07-14 07:32:00,45610000,SG,DEV0669,0
TXN04276,CARD05540,C05540,M011,T011,2026-07-09 06:37:00,49700000,VN,DEV0652,0
TXN04277,CARD01081,C01081,M010,T010,2026-07-28 04:10:00,38430000,VN,DEV1768,0
TXN04278,CARD00618,C00618,M004,T004,2026-07-06 08:29:00,5360000,SG,DEV1188,0
TXN04279,CARD00371,C00371,M009,T009,2026-07-12 12:34:00,28010000,VN,DEV0589,0
TXN04280,CARD03907,C03907,M006,T006,2026-07-27 04:22:00,29020000,VN,DEV0238,0
TXN04281,CARD07016,C07016,M003,T003,2026-07-15 13:58:00,12210000,HK,DEV0233,0
TXN04282,CARD08693,C08693,M007,T007,2026-07-09 13:21:00,32320000,VN,DEV0739,0
TXN04283,CARD03276,C03276,M009,T009,2026-07-21 14:20:00,28590000,VN,DEV0518,0
TXN04284,CARD07398,C07398,M008,T008,2026-07-27 22:18:00,45560000,VN,DEV0386,0
TXN04285,CARD07556,C07556,M004,T004,2026-07-07 23:54:00,39140000,SG,DEV0765,0
TXN04286,CARD07861,C07861,M008,T008,2026-07-27 01:24:00,2390000,VN,DEV1025,0
TXN04287,CARD00549,C00549,M003,T003,2026-07-04 22:42:00,21450000,US,DEV1886,0
TXN04288,CARD03962,C03962,M012,T012,2026-07-20 10:15:00,48440000,VN,DEV1742,0
TXN04289,CARD07619,C07619,M006,T006,2026-07-15 10:01:00,14400000,VN,DEV1313,0
TXN04290,CARD05894,C05894,M004,T004,2026-07-26 02:23:00,34500000,SG,DEV1292,0
TXN04291,CARD04628,C04628,M001,T001,2026-07-14 03:40:00,15890000,VN,DEV0738,0
TXN04292,CARD03846,C03846,M013,T013,2026-07-26 03:11:00,14780000,VN,DEV1830,0
TXN04293,CARD09055,C09055,M012,T012,2026-07-03 04:06:00,5480000,VN,DEV1604,0
TXN04294,CARD09323,C09323,M009,T009,2026-07-19 04:11:00,8420000,VN,DEV0585,0
TXN04295,CARD06349,C06349,M012,T012,2026-07-05 17:35:00,19460000,VN,DEV0900,0
TXN04296,CARD06636,C06636,M004,T004,2026-07-04 14:53:00,12890000,SG,DEV1124,0
TXN04297,CARD09719,C09719,M012,T012,2026-07-13 16:29:00,12070000,VN,DEV1347,0
TXN04298,CARD04700,C04700,M001,T001,2026-07-03 14:56:00,8480000,VN,DEV0664,0
TXN04299,CARD09679,C09679,M005,T005,2026-07-01 10:18:00,30950000,SG,DEV1037,0
TXN04300,CARD05890,C05890,M005,T005,2026-07-28 17:56:00,18390000,US,DEV0477,0
TXN04301,CARD07858,C07858,M013,T013,2026-07-04 12:41:00,23400000,VN,DEV1225,0
TXN04302,CARD01353,C01353,M011,T011,2026-07-17 00:34:00,26140000,VN,DEV1259,0
TXN04303,CARD06288,C06288,M007,T007,2026-07-17 14:03:00,33730000,VN,DEV1609,0
TXN04304,CARD09765,C09765,M005,T005,2026-07-05 06:57:00,90000,SG,DEV0700,0
TXN04305,CARD09351,C09351,M004,T004,2026-07-01 12:47:00,48480000,US,DEV0583,0
TXN04306,CARD02275,C02275,M005,T005,2026-07-11 15:14:00,22130000,HK,DEV1765,0
TXN04307,CARD05781,C05781,M007,T007,2026-07-04 19:07:00,40290000,VN,DEV1622,0
TXN04308,CARD01424,C01424,M008,T008,2026-07-10 21:50:00,41890000,VN,DEV1584,0
TXN04309,CARD00719,C00719,M010,T010,2026-07-27 16:14:00,34920000,VN,DEV0717,0
TXN04310,CARD01295,C01295,M001,T001,2026-07-03 22:09:00,9510000,VN,DEV1633,0
TXN04311,CARD00313,C00313,M004,T004,2026-07-05 10:05:00,12590000,US,DEV0768,0
TXN04312,CARD07113,C07113,M010,T010,2026-07-20 15:49:00,26780000,VN,DEV0003,0
TXN04313,CARD06348,C06348,M014,T014,2026-07-08 04:27:00,30370000,VN,DEV1766,0
TXN04314,CARD03733,C03733,M004,T004,2026-07-07 05:21:00,29610000,SG,DEV0861,0
TXN04315,CARD08538,C08538,M011,T011,2026-07-13 18:59:00,19630000,VN,DEV1148,0
TXN04316,CARD06656,C06656,M014,T014,2026-07-18 01:57:00,26570000,VN,DEV1513,0
TXN04317,CARD06976,C06976,M003,T003,2026-07-13 08:23:00,420000,HK,DEV0381,0
TXN04318,CARD00217,C00217,M004,T004,2026-07-11 01:49:00,46750000,US,DEV0987,0
TXN04319,CARD04023,C04023,M001,T001,2026-07-05 00:04:00,38900000,VN,DEV1794,0
TXN04320,CARD08513,C08513,M001,T001,2026-07-16 06:36:00,6340000,VN,DEV1151,0
TXN04321,CARD02259,C02259,M001,T001,2026-07-16 12:24:00,10600000,VN,DEV0529,0
TXN04322,CARD04594,C04594,M012,T012,2026-07-03 12:04:00,5570000,VN,DEV1177,0
TXN04323,CARD02050,C02050,M010,T010,2026-07-08 00:32:00,40960000,VN,DEV0510,0
TXN04324,CARD02291,C02291,M012,T012,2026-07-12 01:24:00,3700000,VN,DEV0928,0
TXN04325,CARD00368,C00368,M003,T003,2026-07-15 11:10:00,3590000,SG,DEV1284,0
TXN04326,CARD02664,C02664,M012,T012,2026-07-12 07:47:00,17770000,VN,DEV1929,0
TXN04327,CARD04909,C04909,M003,T003,2026-07-04 01:29:00,29080000,SG,DEV0622,0
TXN04328,CARD07422,C07422,M014,T014,2026-07-17 17:40:00,10910000,VN,DEV1792,0
TXN04329,CARD04070,C04070,M005,T005,2026-07-15 12:31:00,19250000,US,DEV1388,0
TXN04330,CARD07553,C07553,M006,T006,2026-07-23 05:31:00,26200000,VN,DEV1661,0
TXN04331,CARD08827,C08827,M006,T006,2026-07-24 01:17:00,19560000,VN,DEV1027,0
TXN04332,CARD06690,C06690,M002,T002,2026-07-07 18:48:00,22200000,US,DEV0448,0
TXN04333,CARD06470,C06470,M012,T012,2026-07-22 23:23:00,25040000,VN,DEV1183,0
TXN04334,CARD05857,C05857,M007,T007,2026-07-14 20:26:00,1920000,VN,DEV1828,0
TXN04335,CARD00917,C00917,M003,T003,2026-07-15 10:33:00,5580000,US,DEV1924,0
TXN04336,CARD03434,C03434,M013,T013,2026-07-20 23:53:00,15480000,VN,DEV0129,0
TXN04337,CARD03212,C03212,M005,T005,2026-07-24 09:15:00,48270000,HK,DEV0685,0
TXN04338,CARD08374,C08374,M001,T001,2026-07-14 06:43:00,43410000,VN,DEV0534,0
TXN04339,CARD08158,C08158,M001,T001,2026-07-03 03:31:00,24420000,VN,DEV0473,0
TXN04340,CARD08450,C08450,M011,T011,2026-07-18 19:03:00,32360000,VN,DEV0858,0
TXN04341,CARD05333,C05333,M005,T005,2026-07-15 04:39:00,24170000,HK,DEV0925,0
TXN04342,CARD05740,C05740,M004,T004,2026-07-24 06:36:00,48880000,US,DEV1094,0
TXN04343,CARD06365,C06365,M004,T004,2026-07-25 08:55:00,41430000,SG,DEV1180,0
TXN04344,CARD04218,C04218,M012,T012,2026-07-13 05:15:00,20160000,VN,DEV1424,0
TXN04345,CARD01242,C01242,M010,T010,2026-07-22 20:42:00,32010000,VN,DEV1000,0
TXN04346,CARD09612,C09612,M002,T002,2026-07-19 20:14:00,3260000,HK,DEV0425,0
TXN04347,CARD02945,C02945,M006,T006,2026-07-02 06:33:00,44870000,VN,DEV0344,0
TXN04348,CARD02593,C02593,M009,T009,2026-07-12 17:57:00,41340000,VN,DEV1663,0
TXN04349,CARD04976,C04976,M011,T011,2026-07-12 02:20:00,10620000,VN,DEV1722,0
TXN04350,CARD01674,C01674,M002,T002,2026-07-20 08:08:00,44740000,US,DEV0769,0
TXN04351,CARD01894,C01894,M002,T002,2026-07-10 09:26:00,6840000,HK,DEV1765,0
TXN04352,CARD05082,C05082,M011,T011,2026-07-10 19:13:00,20290000,VN,DEV0868,0
TXN04353,CARD08458,C08458,M003,T003,2026-07-05 07:47:00,18640000,SG,DEV1823,0
TXN04354,CARD03012,C03012,M004,T004,2026-07-10 17:49:00,38110000,HK,DEV0507,0
TXN04355,CARD08775,C08775,M007,T007,2026-07-18 05:13:00,14800000,VN,DEV0942,0
TXN04356,CARD07191,C07191,M006,T006,2026-07-04 04:23:00,22500000,VN,DEV1154,0
TXN04357,CARD01929,C01929,M003,T003,2026-07-25 17:59:00,16330000,US,DEV0640,0
TXN04358,CARD01242,C01242,M011,T011,2026-07-27 18:40:00,23370000,VN,DEV1756,0
TXN04359,CARD03479,C03479,M002,T002,2026-07-15 05:15:00,14030000,SG,DEV1810,0
TXN04360,CARD08165,C08165,M010,T010,2026-07-03 07:33:00,9030000,VN,DEV0187,0
TXN04361,CARD05820,C05820,M002,T002,2026-07-16 19:58:00,26910000,US,DEV0807,0
TXN04362,CARD05740,C05740,M007,T007,2026-07-13 00:49:00,48430000,VN,DEV1517,0
TXN04363,CARD00692,C00692,M005,T005,2026-07-01 22:05:00,46120000,US,DEV1525,0
TXN04364,CARD03710,C03710,M009,T009,2026-07-09 18:33:00,43700000,VN,DEV0176,0
TXN04365,CARD00506,C00506,M007,T007,2026-07-05 08:22:00,48460000,VN,DEV1682,0
TXN04366,CARD01398,C01398,M013,T013,2026-07-14 19:29:00,45950000,VN,DEV1380,0
TXN04367,CARD01887,C01887,M012,T012,2026-07-22 01:25:00,32420000,VN,DEV1272,0
TXN04368,CARD05079,C05079,M003,T003,2026-07-20 05:46:00,11730000,HK,NEW_DEVICE,1
TXN04369,CARD05430,C05430,M007,T007,2026-07-07 05:31:00,41430000,VN,DEV1749,0
TXN04370,CARD02865,C02865,M014,T014,2026-07-14 23:32:00,13110000,VN,DEV0626,0
TXN04371,CARD00598,C00598,M003,T003,2026-07-20 03:10:00,47330000,US,DEV1829,0
TXN04372,CARD02753,C02753,M002,T002,2026-07-18 19:06:00,29650000,SG,DEV0711,0
TXN04373,CARD07758,C07758,M013,T013,2026-07-04 11:03:00,37530000,VN,DEV0768,0
TXN04374,CARD02821,C02821,M012,T012,2026-07-14 18:39:00,26080000,VN,DEV1870,0
TXN04375,CARD03284,C03284,M013,T013,2026-07-23 08:32:00,12250000,HK,NEW_DEVICE,1
TXN04376,CARD01796,C01796,M009,T009,2026-07-01 01:33:00,36420000,VN,DEV1292,0
TXN04377,CARD03560,C03560,M011,T011,2026-07-25 18:49:00,14320000,VN,DEV0154,0
TXN04378,CARD00906,C00906,M010,T010,2026-07-07 15:13:00,15190000,VN,DEV1163,0
TXN04379,CARD06893,C06893,M006,T006,2026-07-17 16:20:00,10190000,VN,DEV0244,0
TXN04380,CARD00034,C00034,M005,T005,2026-07-19 13:19:00,29700000,HK,DEV0202,0
TXN04381,CARD08401,C08401,M014,T014,2026-07-03 12:28:00,10080000,VN,DEV1398,0
TXN04382,CARD03871,C03871,M013,T013,2026-07-19 00:21:00,26980000,VN,DEV0975,0
TXN04383,CARD08583,C08583,M004,T004,2026-07-18 21:03:00,19120000,HK,DEV1513,0
TXN04384,CARD01949,C01949,M011,T011,2026-07-13 14:13:00,25480000,VN,DEV0867,0
TXN04385,CARD01723,C01723,M007,T007,2026-07-09 16:01:00,16400000,VN,DEV1204,0
TXN04386,CARD04524,C04524,M001,T001,2026-07-09 05:58:00,370000,VN,DEV0748,0
TXN04387,CARD08055,C08055,M005,T005,2026-07-01 14:56:00,26530000,SG,DEV0963,0
TXN04388,CARD05313,C05313,M012,T012,2026-07-08 23:08:00,32580000,VN,DEV0591,0
TXN04389,CARD00418,C00418,M003,T003,2026-07-06 22:18:00,29900000,SG,DEV1161,0
TXN04390,CARD06541,C06541,M006,T006,2026-07-13 02:44:00,18410000,VN,DEV0704,0
TXN04391,CARD07278,C07278,M014,T014,2026-07-23 22:04:00,32970000,VN,DEV1209,0
TXN04392,CARD03400,C03400,M008,T008,2026-07-27 06:35:00,1000000,VN,DEV0259,0
TXN04393,CARD00658,C00658,M011,T011,2026-07-06 18:27:00,33240000,VN,DEV0027,0
TXN04394,CARD07045,C07045,M006,T006,2026-07-09 15:19:00,26630000,VN,DEV0677,0
TXN04395,CARD05994,C05994,M012,T012,2026-07-14 00:51:00,11790000,VN,DEV1545,0
TXN04396,CARD02692,C02692,M011,T011,2026-07-24 07:05:00,8570000,VN,DEV0340,0
TXN04397,CARD08766,C08766,M008,T008,2026-07-17 03:39:00,14010000,VN,DEV1890,0
TXN04398,CARD09569,C09569,M001,T001,2026-07-02 03:03:00,31710000,VN,DEV1406,0
TXN04399,CARD05479,C05479,M003,T003,2026-07-20 21:19:00,18600000,US,DEV1295,0
TXN04400,CARD04162,C04162,M007,T007,2026-07-04 15:03:00,36450000,VN,DEV1629,0
TXN04401,CARD07780,C07780,M011,T011,2026-07-27 17:52:00,12820000,VN,DEV1466,0
TXN04402,CARD05788,C05788,M005,T005,2026-07-05 16:26:00,45520000,NG,NEW_DEVICE,1
TXN04403,CARD08031,C08031,M004,T004,2026-07-25 10:42:00,25450000,SG,DEV1618,0
TXN04404,CARD04353,C04353,M004,T004,2026-07-21 17:38:00,30670000,US,DEV1073,0
TXN04405,CARD06600,C06600,M006,T006,2026-07-14 00:04:00,4130000,VN,DEV0335,0
TXN04406,CARD06557,C06557,M004,T004,2026-07-21 09:26:00,10270000,SG,DEV0265,0
TXN04407,CARD05935,C05935,M003,T003,2026-07-04 16:45:00,46860000,SG,DEV0341,0
TXN04408,CARD08384,C08384,M007,T007,2026-07-15 23:11:00,15720000,VN,DEV1791,0
TXN04409,CARD05576,C05576,M012,T012,2026-07-07 01:43:00,49790000,VN,DEV0215,0
TXN04410,CARD01999,C01999,M004,T004,2026-07-16 16:30:00,36940000,SG,DEV0081,0
TXN04411,CARD03640,C03640,M009,T009,2026-07-01 14:50:00,39180000,VN,DEV1678,0
TXN04412,CARD03159,C03159,M001,T001,2026-07-09 15:43:00,42340000,VN,DEV1746,0
TXN04413,CARD01506,C01506,M001,T001,2026-07-05 14:36:00,40980000,VN,DEV0367,0
TXN04414,CARD09361,C09361,M009,T009,2026-07-06 21:03:00,19570000,VN,DEV1841,0
TXN04415,CARD09536,C09536,M010,T010,2026-07-02 10:04:00,23670000,VN,DEV1852,0
TXN04416,CARD00063,C00063,M006,T006,2026-07-01 15:49:00,17300000,VN,DEV1962,0
TXN04417,CARD00045,C00045,M009,T009,2026-07-10 19:37:00,38020000,VN,DEV1582,0
TXN04418,CARD05666,C05666,M006,T006,2026-07-20 11:35:00,49790000,VN,DEV1486,0
TXN04419,CARD05371,C05371,M003,T003,2026-07-20 15:39:00,43870000,SG,DEV0010,0
TXN04420,CARD06352,C06352,M010,T010,2026-07-19 11:52:00,9390000,VN,DEV1804,0
TXN04421,CARD04615,C04615,M006,T006,2026-07-10 17:18:00,20310000,VN,DEV1480,0
TXN04422,CARD00526,C00526,M001,T001,2026-07-24 07:19:00,47190000,VN,DEV0724,0
TXN04423,CARD07193,C07193,M011,T011,2026-07-15 23:33:00,22850000,VN,DEV1773,0
TXN04424,CARD06667,C06667,M013,T013,2026-07-03 12:51:00,11180000,VN,DEV0878,0
TXN04425,CARD03827,C03827,M011,T011,2026-07-10 22:33:00,17630000,VN,DEV0821,0
TXN04426,CARD02259,C02259,M006,T006,2026-07-23 00:36:00,40160000,VN,DEV1092,0
TXN04427,CARD05198,C05198,M010,T010,2026-07-20 20:02:00,27180000,VN,DEV0055,0
TXN04428,CARD04502,C04502,M012,T012,2026-07-27 13:01:00,16420000,VN,DEV0855,0
TXN04429,CARD08008,C08008,M002,T002,2026-07-26 07:46:00,18560000,HK,DEV0203,0
TXN04430,CARD01708,C01708,M010,T010,2026-07-03 00:31:00,39440000,VN,DEV1164,0
TXN04431,CARD05537,C05537,M012,T012,2026-07-12 21:15:00,1890000,VN,DEV1221,0
TXN04432,CARD08298,C08298,M006,T006,2026-07-01 02:38:00,3900000,VN,DEV0722,0
TXN04433,CARD07863,C07863,M004,T004,2026-07-06 17:54:00,24710000,US,DEV1431,0
TXN04434,CARD03198,C03198,M012,T012,2026-07-01 12:54:00,37120000,VN,DEV1392,0
TXN04435,CARD09958,C09958,M008,T008,2026-07-08 00:53:00,18810000,VN,DEV1100,0
TXN04436,CARD05971,C05971,M014,T014,2026-07-15 04:21:00,43290000,VN,DEV0557,0
TXN04437,CARD00390,C00390,M008,T008,2026-07-15 15:58:00,48630000,VN,DEV0407,0
TXN04438,CARD08871,C08871,M005,T005,2026-07-04 09:36:00,18500000,SG,DEV1014,0
TXN04439,CARD00999,C00999,M007,T007,2026-07-25 03:27:00,46430000,VN,DEV0562,0
TXN04440,CARD09170,C09170,M008,T008,2026-07-05 00:51:00,49500000,VN,DEV1105,0
TXN04441,CARD09558,C09558,M004,T004,2026-07-09 06:14:00,5410000,HK,DEV0099,0
TXN04442,CARD07580,C07580,M001,T001,2026-07-04 21:02:00,15720000,VN,DEV0337,0
TXN04443,CARD08510,C08510,M011,T011,2026-07-20 05:23:00,39890000,VN,DEV1178,0
TXN04444,CARD06429,C06429,M012,T012,2026-07-26 00:42:00,35000000,VN,DEV0072,0
TXN04445,CARD00220,C00220,M012,T012,2026-07-25 21:57:00,27170000,VN,DEV1835,0
TXN04446,CARD06366,C06366,M001,T001,2026-07-13 12:03:00,12500000,VN,DEV0734,0
TXN04447,CARD01808,C01808,M005,T005,2026-07-05 03:10:00,7410000,SG,DEV1045,0
TXN04448,CARD01487,C01487,M013,T013,2026-07-19 19:33:00,45860000,VN,DEV0659,0
TXN04449,CARD09983,C09983,M003,T003,2026-07-24 08:49:00,38920000,US,DEV0561,0
TXN04450,CARD08266,C08266,M009,T009,2026-07-08 13:56:00,29570000,VN,DEV0691,0
TXN04451,CARD07284,C07284,M011,T011,2026-07-02 03:28:00,19730000,VN,DEV0914,0
TXN04452,CARD04206,C04206,M004,T004,2026-07-07 20:53:00,43550000,US,DEV1554,0
TXN04453,CARD07117,C07117,M005,T005,2026-07-18 16:26:00,22300000,HK,DEV1083,0
TXN04454,CARD01647,C01647,M003,T003,2026-07-19 19:38:00,40090000,US,DEV1837,0
TXN04455,CARD04437,C04437,M014,T014,2026-07-05 06:37:00,2190000,VN,DEV1165,0
TXN04456,CARD04562,C04562,M002,T002,2026-07-22 22:27:00,47600000,SG,DEV0032,0
TXN04457,CARD09053,C09053,M001,T001,2026-07-07 11:41:00,43080000,VN,DEV1477,0
TXN04458,CARD06374,C06374,M006,T006,2026-07-09 12:56:00,48150000,VN,DEV0328,0
TXN04459,CARD09112,C09112,M003,T003,2026-07-16 10:47:00,1650000,US,DEV0669,0
TXN04460,CARD05820,C05820,M002,T002,2026-07-14 12:05:00,36740000,HK,DEV0913,0
TXN04461,CARD03386,C03386,M013,T013,2026-07-11 13:17:00,42740000,VN,DEV1473,0
TXN04462,CARD02564,C02564,M003,T003,2026-07-27 07:53:00,43730000,US,DEV1400,0
TXN04463,CARD01227,C01227,M008,T008,2026-07-25 06:31:00,29540000,VN,DEV0464,0
TXN04464,CARD02115,C02115,M013,T013,2026-07-13 00:32:00,32510000,VN,DEV1629,0
TXN04465,CARD00973,C00973,M007,T007,2026-07-19 03:45:00,30690000,VN,DEV0449,0
TXN04466,CARD00950,C00950,M006,T006,2026-07-11 20:11:00,23740000,VN,DEV1341,0
TXN04467,CARD06155,C06155,M013,T013,2026-07-15 23:51:00,32720000,VN,DEV1094,0
TXN04468,CARD08472,C08472,M004,T004,2026-07-16 22:10:00,47470000,US,DEV1967,0
TXN04469,CARD05820,C05820,M003,T003,2026-07-28 06:51:00,35280000,US,DEV0312,0
TXN04470,CARD09367,C09367,M005,T005,2026-07-16 19:24:00,33290000,HK,DEV1606,0
TXN04471,CARD07091,C07091,M003,T003,2026-07-27 02:32:00,19490000,US,DEV0380,0
TXN04472,CARD01185,C01185,M001,T001,2026-07-26 07:45:00,32360000,VN,DEV0135,0
TXN04473,CARD01657,C01657,M008,T008,2026-07-27 05:10:00,20280000,VN,DEV1601,0
TXN04474,CARD02554,C02554,M012,T012,2026-07-18 01:31:00,36400000,VN,DEV1505,0
TXN04475,CARD00832,C00832,M003,T003,2026-07-20 06:54:00,6200000,US,DEV1195,0
TXN04476,CARD08650,C08650,M003,T003,2026-07-14 04:08:00,12450000,US,DEV1919,0
TXN04477,CARD03633,C03633,M014,T014,2026-07-18 21:35:00,45730000,VN,DEV1567,0
TXN04478,CARD00205,C00205,M005,T005,2026-07-19 17:45:00,40520000,SG,DEV0421,0
TXN04479,CARD09350,C09350,M003,T003,2026-07-23 04:14:00,26400000,US,DEV0158,0
TXN04480,CARD05431,C05431,M001,T001,2026-07-23 12:40:00,40380000,VN,DEV0665,0
TXN04481,CARD09718,C09718,M004,T004,2026-07-19 07:39:00,40420000,HK,DEV1989,0
TXN04482,CARD01792,C01792,M009,T009,2026-07-08 15:14:00,48840000,VN,DEV1299,0
TXN04483,CARD00244,C00244,M008,T008,2026-07-25 16:40:00,21520000,VN,DEV0879,0
TXN04484,CARD08796,C08796,M004,T004,2026-07-28 14:52:00,26820000,HK,DEV1748,0
TXN04485,CARD07273,C07273,M010,T010,2026-07-24 03:57:00,43390000,VN,DEV1701,0
TXN04486,CARD09157,C09157,M002,T002,2026-07-03 13:45:00,27280000,SG,DEV1434,0
TXN04487,CARD03622,C03622,M014,T014,2026-07-07 04:12:00,44210000,VN,DEV0510,0
TXN04488,CARD00119,C00119,M004,T004,2026-07-27 00:58:00,48880000,SG,DEV0023,0
TXN04489,CARD00328,C00328,M013,T013,2026-07-17 08:15:00,17050000,VN,DEV0642,0
TXN04490,CARD01292,C01292,M008,T008,2026-07-04 04:10:00,33890000,VN,DEV0507,0
TXN04491,CARD02333,C02333,M009,T009,2026-07-26 13:02:00,21600000,VN,DEV0278,0
TXN04492,CARD03436,C03436,M013,T013,2026-07-20 23:07:00,22230000,VN,DEV1471,0
TXN04493,CARD07071,C07071,M005,T005,2026-07-26 21:45:00,31460000,SG,DEV1121,0
TXN04494,CARD04750,C04750,M001,T001,2026-07-17 17:17:00,23560000,VN,DEV0206,0
TXN04495,CARD07399,C07399,M008,T008,2026-07-28 06:30:00,48120000,VN,DEV0307,0
TXN04496,CARD04553,C04553,M004,T004,2026-07-23 23:14:00,36810000,SG,DEV1503,0
TXN04497,CARD08839,C08839,M001,T001,2026-07-20 16:37:00,25660000,VN,DEV1540,0
TXN04498,CARD05295,C05295,M009,T009,2026-07-11 06:57:00,36250000,VN,DEV0361,0
TXN04499,CARD01360,C01360,M002,T002,2026-07-14 04:48:00,30060000,HK,NEW_DEVICE,1
TXN04500,CARD07738,C07738,M006,T006,2026-07-07 14:57:00,2030000,VN,DEV0820,0
TXN04501,CARD09907,C09907,M014,T014,2026-07-02 11:12:00,32360000,VN,DEV1746,0
TXN04502,CARD07812,C07812,M005,T005,2026-07-13 21:59:00,48740000,HK,DEV1442,0
TXN04503,CARD09396,C09396,M009,T009,2026-07-17 09:28:00,25370000,VN,DEV1228,0
TXN04504,CARD04678,C04678,M004,T004,2026-07-20 21:24:00,1910000,HK,DEV0538,0
TXN04505,CARD07137,C07137,M008,T008,2026-07-04 19:15:00,40390000,VN,DEV0739,0
TXN04506,CARD01214,C01214,M012,T012,2026-07-17 13:54:00,30400000,VN,DEV0223,0
TXN04507,CARD08703,C08703,M007,T007,2026-07-20 09:59:00,49400000,VN,NEW_DEVICE,1
TXN04508,CARD06702,C06702,M002,T002,2026-07-17 15:15:00,29330000,US,DEV1592,0
TXN04509,CARD02892,C02892,M013,T013,2026-07-24 13:43:00,23070000,VN,DEV1193,0
TXN04510,CARD06919,C06919,M009,T009,2026-07-19 14:14:00,28480000,VN,DEV1862,0
TXN04511,CARD02212,C02212,M014,T014,2026-07-18 21:37:00,24300000,VN,DEV0312,0
TXN04512,CARD08263,C08263,M003,T003,2026-07-11 00:12:00,15780000,US,DEV1551,0
TXN04513,CARD09726,C09726,M014,T014,2026-07-21 20:13:00,13300000,NG,NEW_DEVICE,1
TXN04514,CARD03567,C03567,M004,T004,2026-07-27 13:29:00,34310000,NG,NEW_DEVICE,1
TXN04515,CARD05998,C05998,M001,T001,2026-07-03 13:54:00,8000000,VN,DEV0223,0
TXN04516,CARD08661,C08661,M011,T011,2026-07-22 12:54:00,5850000,VN,DEV1896,0
TXN04517,CARD07920,C07920,M014,T014,2026-07-27 10:16:00,400000,VN,DEV1744,0
TXN04518,CARD06511,C06511,M013,T013,2026-07-19 18:33:00,27830000,VN,DEV1571,0
TXN04519,CARD06358,C06358,M011,T011,2026-07-13 21:59:00,30790000,VN,DEV0745,0
TXN04520,CARD01148,C01148,M013,T013,2026-07-20 23:38:00,27840000,VN,DEV0092,0
TXN04521,CARD03843,C03843,M003,T003,2026-07-14 18:13:00,17840000,HK,DEV0696,0
TXN04522,CARD03436,C03436,M004,T004,2026-07-26 23:10:00,34030000,US,DEV1055,0
TXN04523,CARD04264,C04264,M005,T005,2026-07-22 19:10:00,12620000,US,DEV1334,0
TXN04524,CARD02253,C02253,M002,T002,2026-07-16 00:52:00,1580000,SG,DEV0104,0
TXN04525,CARD05635,C05635,M002,T002,2026-07-17 05:32:00,12100000,HK,DEV1677,0
TXN04526,CARD07897,C07897,M012,T012,2026-07-11 08:54:00,8450000,VN,DEV0744,0
TXN04527,CARD06808,C06808,M009,T009,2026-07-14 08:13:00,33410000,VN,DEV0771,0
TXN04528,CARD04159,C04159,M008,T008,2026-07-02 05:41:00,7800000,VN,DEV1745,0
TXN04529,CARD00413,C00413,M012,T012,2026-07-20 09:39:00,19230000,VN,DEV1494,0
TXN04530,CARD03901,C03901,M009,T009,2026-07-16 13:37:00,40550000,NG,NEW_DEVICE,1
TXN04531,CARD05113,C05113,M001,T001,2026-07-08 01:07:00,1870000,VN,DEV1183,0
TXN04532,CARD03939,C03939,M013,T013,2026-07-13 04:21:00,41260000,VN,NEW_DEVICE,1
TXN04533,CARD04871,C04871,M010,T010,2026-07-19 10:17:00,6410000,VN,DEV1301,0
TXN04534,CARD04090,C04090,M006,T006,2026-07-21 16:00:00,40640000,VN,DEV0090,0
TXN04535,CARD00537,C00537,M002,T002,2026-07-12 23:41:00,16400000,US,DEV0746,0
TXN04536,CARD02304,C02304,M003,T003,2026-07-21 16:02:00,39750000,US,DEV0877,0
TXN04537,CARD04007,C04007,M007,T007,2026-07-09 05:39:00,47320000,VN,DEV0604,0
TXN04538,CARD03793,C03793,M004,T004,2026-07-17 18:45:00,29370000,HK,DEV1604,0
TXN04539,CARD03032,C03032,M007,T007,2026-07-20 16:54:00,35690000,VN,DEV0677,0
TXN04540,CARD06383,C06383,M004,T004,2026-07-05 01:04:00,48200000,US,DEV0183,0
TXN04541,CARD01965,C01965,M003,T003,2026-07-05 17:48:00,41960000,US,DEV0605,0
TXN04542,CARD00515,C00515,M009,T009,2026-07-21 23:57:00,35300000,VN,DEV1084,0
TXN04543,CARD09633,C09633,M013,T013,2026-07-12 09:14:00,20990000,VN,DEV0325,0
TXN04544,CARD04414,C04414,M014,T014,2026-07-07 09:56:00,16960000,VN,DEV1600,0
TXN04545,CARD02536,C02536,M002,T002,2026-07-04 15:26:00,26380000,HK,DEV0318,0
TXN04546,CARD03972,C03972,M012,T012,2026-07-10 03:31:00,10760000,VN,DEV0316,0
TXN04547,CARD09140,C09140,M010,T010,2026-07-17 13:49:00,7820000,VN,DEV0223,0
TXN04548,CARD04876,C04876,M001,T001,2026-07-16 13:03:00,11320000,VN,DEV0681,0
TXN04549,CARD03423,C03423,M006,T006,2026-07-09 04:52:00,42840000,VN,DEV0786,0
TXN04550,CARD08374,C08374,M002,T002,2026-07-18 08:20:00,39800000,US,DEV1317,0
TXN04551,CARD07151,C07151,M014,T014,2026-07-15 08:27:00,18820000,VN,DEV1787,0
TXN04552,CARD09581,C09581,M011,T011,2026-07-11 23:14:00,20630000,VN,DEV0076,0
TXN04553,CARD06533,C06533,M011,T011,2026-07-01 22:50:00,3140000,VN,DEV0176,0
TXN04554,CARD08481,C08481,M007,T007,2026-07-02 21:37:00,33920000,VN,DEV0142,0
TXN04555,CARD08301,C08301,M010,T010,2026-07-25 15:50:00,23250000,VN,DEV0427,0
TXN04556,CARD06161,C06161,M011,T011,2026-07-01 07:36:00,47560000,VN,DEV0365,0
TXN04557,CARD06047,C06047,M007,T007,2026-07-12 13:41:00,36430000,VN,DEV0405,0
TXN04558,CARD02708,C02708,M013,T013,2026-07-10 18:24:00,26990000,VN,DEV0550,0
TXN04559,CARD03015,C03015,M010,T010,2026-07-11 22:55:00,11140000,VN,DEV1887,0
TXN04560,CARD09524,C09524,M003,T003,2026-07-13 16:54:00,18470000,US,DEV1280,0
TXN04561,CARD03019,C03019,M012,T012,2026-07-18 08:25:00,34140000,VN,DEV0317,0
TXN04562,CARD09754,C09754,M005,T005,2026-07-24 20:00:00,46210000,SG,DEV1902,0
TXN04563,CARD00124,C00124,M012,T012,2026-07-07 23:03:00,21340000,VN,DEV0660,0
TXN04564,CARD00342,C00342,M005,T005,2026-07-03 23:28:00,23810000,US,DEV1330,0
TXN04565,CARD00030,C00030,M001,T001,2026-07-27 02:04:00,20010000,VN,DEV1995,0
TXN04566,CARD00065,C00065,M004,T004,2026-07-05 11:00:00,48290000,SG,DEV1212,0
TXN04567,CARD06235,C06235,M014,T014,2026-07-07 01:57:00,4610000,VN,DEV0248,0
TXN04568,CARD06653,C06653,M001,T001,2026-07-22 12:18:00,47240000,VN,DEV0078,0
TXN04569,CARD01317,C01317,M010,T010,2026-07-22 11:09:00,28750000,VN,DEV0001,0
TXN04570,CARD06399,C06399,M011,T011,2026-07-21 12:22:00,37860000,VN,DEV0792,0
TXN04571,CARD02328,C02328,M001,T001,2026-07-03 09:07:00,490000,US,NEW_DEVICE,1
TXN04572,CARD08301,C08301,M001,T001,2026-07-09 15:08:00,1030000,VN,DEV1636,0
TXN04573,CARD02536,C02536,M007,T007,2026-07-18 23:50:00,40260000,VN,DEV1065,0
TXN04574,CARD05271,C05271,M002,T002,2026-07-07 19:35:00,30110000,SG,DEV0107,0
TXN04575,CARD03055,C03055,M013,T013,2026-07-09 01:54:00,41740000,VN,DEV1071,0
TXN04576,CARD08887,C08887,M010,T010,2026-07-05 14:07:00,12660000,VN,DEV0771,0
TXN04577,CARD04618,C04618,M011,T011,2026-07-15 16:00:00,4510000,VN,DEV0735,0
TXN04578,CARD03631,C03631,M005,T005,2026-07-11 17:09:00,30140000,SG,DEV0977,0
TXN04579,CARD08899,C08899,M011,T011,2026-07-17 03:13:00,31160000,VN,DEV1927,0
TXN04580,CARD08622,C08622,M012,T012,2026-07-19 01:03:00,34020000,VN,NEW_DEVICE,1
TXN04581,CARD01558,C01558,M004,T004,2026-07-11 00:21:00,36800000,SG,DEV1998,0
TXN04582,CARD07805,C07805,M004,T004,2026-07-10 18:23:00,7740000,US,DEV1355,0
TXN04583,CARD00729,C00729,M008,T008,2026-07-11 02:39:00,48900000,VN,DEV0646,0
TXN04584,CARD03280,C03280,M011,T011,2026-07-14 14:12:00,22010000,VN,DEV1787,0
TXN04585,CARD08795,C08795,M011,T011,2026-07-04 21:25:00,15520000,VN,DEV1223,0
TXN04586,CARD02729,C02729,M004,T004,2026-07-05 23:28:00,16600000,US,DEV1296,0
TXN04587,CARD01674,C01674,M011,T011,2026-07-12 23:48:00,5080000,VN,DEV1667,0
TXN04588,CARD02825,C02825,M012,T012,2026-07-10 15:33:00,46260000,VN,DEV0720,0
TXN04589,CARD07877,C07877,M001,T001,2026-07-13 03:45:00,30430000,VN,DEV1742,0
TXN04590,CARD05099,C05099,M012,T012,2026-07-20 13:01:00,27730000,VN,DEV1311,0
TXN04591,CARD02880,C02880,M006,T006,2026-07-27 17:37:00,43370000,VN,DEV0234,0
TXN04592,CARD08578,C08578,M014,T014,2026-07-24 07:32:00,18310000,VN,DEV1628,0
TXN04593,CARD00112,C00112,M008,T008,2026-07-14 19:05:00,32080000,VN,DEV1307,0
TXN04594,CARD03491,C03491,M002,T002,2026-07-25 17:51:00,22120000,HK,DEV0309,0
TXN04595,CARD05339,C05339,M008,T008,2026-07-11 23:24:00,44150000,VN,DEV1208,0
TXN04596,CARD05911,C05911,M006,T006,2026-07-17 15:30:00,49080000,VN,DEV1090,0
TXN04597,CARD05507,C05507,M010,T010,2026-07-24 10:18:00,27430000,VN,DEV0493,0
TXN04598,CARD03420,C03420,M009,T009,2026-07-26 00:35:00,42310000,VN,DEV1802,0
TXN04599,CARD09075,C09075,M002,T002,2026-07-14 20:54:00,32250000,US,DEV0203,0
TXN04600,CARD03800,C03800,M004,T004,2026-07-03 03:02:00,13570000,HK,DEV1544,0
TXN04601,CARD06836,C06836,M004,T004,2026-07-15 15:03:00,40970000,US,DEV1639,0
TXN04602,CARD07231,C07231,M003,T003,2026-07-11 03:26:00,34050000,VN,NEW_DEVICE,1
TXN04603,CARD02344,C02344,M010,T010,2026-07-26 11:32:00,25230000,VN,DEV0771,0
TXN04604,CARD03758,C03758,M011,T011,2026-07-18 01:19:00,11900000,SG,NEW_DEVICE,1
TXN04605,CARD02215,C02215,M008,T008,2026-07-21 22:29:00,23810000,VN,DEV0685,0
TXN04606,CARD07364,C07364,M012,T012,2026-07-11 18:24:00,11460000,VN,DEV0090,0
TXN04607,CARD01231,C01231,M003,T003,2026-07-04 10:16:00,32280000,US,DEV1601,0
TXN04608,CARD00687,C00687,M003,T003,2026-07-04 04:49:00,27920000,HK,DEV1489,0
TXN04609,CARD07621,C07621,M012,T012,2026-07-20 07:37:00,15250000,VN,DEV1570,0
TXN04610,CARD08566,C08566,M009,T009,2026-07-16 18:40:00,14190000,VN,DEV1041,0
TXN04611,CARD09823,C09823,M012,T012,2026-07-16 10:19:00,8180000,VN,DEV0829,0
TXN04612,CARD07159,C07159,M011,T011,2026-07-13 22:40:00,7990000,VN,DEV0705,0
TXN04613,CARD00371,C00371,M002,T002,2026-07-24 05:00:00,13680000,SG,DEV0943,0
TXN04614,CARD00013,C00013,M004,T004,2026-07-18 10:26:00,39460000,HK,DEV0391,0
TXN04615,CARD08303,C08303,M012,T012,2026-07-02 15:11:00,26550000,VN,DEV0550,0
TXN04616,CARD03209,C03209,M009,T009,2026-07-05 05:36:00,15920000,VN,DEV1474,0
TXN04617,CARD03638,C03638,M002,T002,2026-07-19 22:30:00,43600000,US,DEV0453,0
TXN04618,CARD09894,C09894,M009,T009,2026-07-09 20:54:00,210000,VN,DEV1793,0
TXN04619,CARD06323,C06323,M006,T006,2026-07-27 22:44:00,33060000,VN,DEV0699,0
TXN04620,CARD05234,C05234,M008,T008,2026-07-20 07:15:00,28500000,VN,DEV1197,0
TXN04621,CARD02710,C02710,M008,T008,2026-07-12 19:23:00,45900000,VN,DEV1318,0
TXN04622,CARD08451,C08451,M001,T001,2026-07-03 08:28:00,14190000,VN,DEV1531,0
TXN04623,CARD07037,C07037,M006,T006,2026-07-02 22:13:00,15300000,VN,DEV1680,0
TXN04624,CARD07561,C07561,M002,T002,2026-07-11 08:12:00,43130000,US,DEV1977,0
TXN04625,CARD00571,C00571,M002,T002,2026-07-25 02:46:00,2310000,US,DEV0932,0
TXN04626,CARD07783,C07783,M002,T002,2026-07-05 06:55:00,36370000,US,DEV1518,0
TXN04627,CARD02167,C02167,M004,T004,2026-07-03 16:05:00,7480000,SG,DEV0251,0
TXN04628,CARD04290,C04290,M006,T006,2026-07-15 15:50:00,3790000,VN,DEV0881,0
TXN04629,CARD03355,C03355,M005,T005,2026-07-19 08:14:00,2180000,HK,DEV1399,0
TXN04630,CARD07178,C07178,M005,T005,2026-07-24 07:25:00,46000000,US,DEV1405,0
TXN04631,CARD01270,C01270,M008,T008,2026-07-19 10:17:00,39880000,VN,DEV0134,0
TXN04632,CARD03598,C03598,M006,T006,2026-07-08 17:39:00,15610000,NG,NEW_DEVICE,1
TXN04633,CARD02544,C02544,M004,T004,2026-07-23 05:49:00,5470000,HK,DEV0456,0
TXN04634,CARD06701,C06701,M002,T002,2026-07-12 12:39:00,42470000,US,DEV0360,0
TXN04635,CARD07879,C07879,M004,T004,2026-07-16 10:18:00,18820000,HK,DEV1202,0
TXN04636,CARD00556,C00556,M010,T010,2026-07-01 07:58:00,38580000,VN,DEV1645,0
TXN04637,CARD02494,C02494,M008,T008,2026-07-09 14:06:00,5600000,VN,DEV0917,0
TXN04638,CARD03389,C03389,M014,T014,2026-07-14 01:35:00,3060000,VN,DEV0299,0
TXN04639,CARD01900,C01900,M002,T002,2026-07-05 18:22:00,17420000,US,DEV0264,0
TXN04640,CARD01774,C01774,M012,T012,2026-07-11 01:50:00,23690000,VN,DEV0964,0
TXN04641,CARD07519,C07519,M003,T003,2026-07-20 16:06:00,18990000,SG,DEV1591,0
TXN04642,CARD09225,C09225,M005,T005,2026-07-12 23:29:00,34970000,HK,DEV0879,0
TXN04643,CARD08752,C08752,M012,T012,2026-07-10 03:06:00,17910000,VN,DEV0479,0
TXN04644,CARD03819,C03819,M002,T002,2026-07-25 03:44:00,9710000,SG,DEV0451,0
TXN04645,CARD01947,C01947,M003,T003,2026-07-12 22:50:00,11690000,HK,DEV0074,0
TXN04646,CARD09972,C09972,M006,T006,2026-07-26 17:46:00,41320000,VN,DEV1226,0
TXN04647,CARD04509,C04509,M002,T002,2026-07-01 10:55:00,14850000,US,DEV1717,0
TXN04648,CARD02638,C02638,M001,T001,2026-07-21 10:34:00,42370000,VN,DEV1673,0
TXN04649,CARD00165,C00165,M011,T011,2026-07-05 23:46:00,28170000,VN,DEV0857,0
TXN04650,CARD06640,C06640,M001,T001,2026-07-14 10:40:00,41080000,VN,DEV1537,0
TXN04651,CARD06802,C06802,M013,T013,2026-07-07 17:25:00,16470000,VN,DEV0002,0
TXN04652,CARD02463,C02463,M012,T012,2026-07-10 10:52:00,27980000,VN,DEV0300,0
TXN04653,CARD05419,C05419,M008,T008,2026-07-25 17:19:00,27870000,VN,DEV0615,0
TXN04654,CARD06491,C06491,M011,T011,2026-07-21 05:47:00,35200000,VN,DEV1873,0
TXN04655,CARD09175,C09175,M010,T010,2026-07-19 05:02:00,6470000,VN,DEV0701,0
TXN04656,CARD02053,C02053,M008,T008,2026-07-07 17:55:00,11620000,VN,DEV0479,0
TXN04657,CARD04535,C04535,M009,T009,2026-07-16 07:38:00,42680000,VN,DEV1538,0
TXN04658,CARD04727,C04727,M007,T007,2026-07-07 04:07:00,32450000,VN,DEV0556,0
TXN04659,CARD02531,C02531,M007,T007,2026-07-05 22:26:00,26660000,VN,DEV0206,0
TXN04660,CARD02017,C02017,M003,T003,2026-07-10 06:35:00,5100000,SG,DEV1856,0
TXN04661,CARD01700,C01700,M006,T006,2026-07-02 06:24:00,45020000,VN,DEV0993,0
TXN04662,CARD03204,C03204,M013,T013,2026-07-23 12:22:00,30850000,VN,DEV0145,0
TXN04663,CARD06229,C06229,M003,T003,2026-07-18 20:36:00,18170000,SG,DEV0236,0
TXN04664,CARD04666,C04666,M003,T003,2026-07-22 11:46:00,14510000,US,DEV0500,0
TXN04665,CARD02290,C02290,M011,T011,2026-07-12 23:48:00,37850000,VN,DEV0833,0
TXN04666,CARD07381,C07381,M004,T004,2026-07-01 18:26:00,4310000,HK,DEV0088,0
TXN04667,CARD01569,C01569,M010,T010,2026-07-27 07:58:00,31980000,VN,DEV1567,0
TXN04668,CARD08740,C08740,M005,T005,2026-07-06 17:17:00,37190000,US,DEV0970,0
TXN04669,CARD04397,C04397,M004,T004,2026-07-02 17:03:00,8560000,HK,DEV0939,0
TXN04670,CARD07377,C07377,M004,T004,2026-07-20 01:50:00,2090000,US,DEV0892,0
TXN04671,CARD05120,C05120,M003,T003,2026-07-02 18:13:00,11520000,US,DEV1575,0
TXN04672,CARD02480,C02480,M011,T011,2026-07-05 13:46:00,940000,VN,DEV0385,0
TXN04673,CARD00503,C00503,M003,T003,2026-07-14 20:55:00,4150000,US,DEV0642,0
TXN04674,CARD07491,C07491,M014,T014,2026-07-24 01:42:00,42410000,VN,DEV1322,0
TXN04675,CARD03179,C03179,M010,T010,2026-07-20 15:51:00,32710000,VN,DEV1289,0
TXN04676,CARD00301,C00301,M013,T013,2026-07-12 17:02:00,7660000,VN,DEV0058,0
TXN04677,CARD03221,C03221,M013,T013,2026-07-03 10:44:00,23140000,VN,DEV1937,0
TXN04678,CARD08868,C08868,M001,T001,2026-07-20 04:15:00,36020000,SG,NEW_DEVICE,1
TXN04679,CARD01580,C01580,M010,T010,2026-07-08 05:30:00,1970000,VN,DEV0985,0
TXN04680,CARD08069,C08069,M004,T004,2026-07-17 11:17:00,47050000,US,DEV0535,0
TXN04681,CARD08413,C08413,M007,T007,2026-07-26 07:37:00,44580000,VN,DEV1369,0
TXN04682,CARD04562,C04562,M008,T008,2026-07-03 11:48:00,28340000,VN,DEV0458,0
TXN04683,CARD02212,C02212,M003,T003,2026-07-24 05:41:00,35000000,HK,DEV1888,0
TXN04684,CARD05357,C05357,M013,T013,2026-07-15 06:08:00,5930000,VN,NEW_DEVICE,1
TXN04685,CARD08328,C08328,M005,T005,2026-07-02 14:19:00,43240000,SG,DEV1427,0
TXN04686,CARD02541,C02541,M011,T011,2026-07-07 00:02:00,36930000,VN,DEV1841,0
TXN04687,CARD02229,C02229,M008,T008,2026-07-17 20:22:00,48000000,VN,DEV0394,0
TXN04688,CARD07647,C07647,M007,T007,2026-07-11 21:22:00,21560000,VN,DEV1114,0
TXN04689,CARD07515,C07515,M002,T002,2026-07-13 12:06:00,38220000,US,DEV1950,0
TXN04690,CARD05677,C05677,M001,T001,2026-07-21 03:35:00,42910000,VN,DEV1442,0
TXN04691,CARD02584,C02584,M008,T008,2026-07-06 22:33:00,31790000,VN,DEV1151,0
TXN04692,CARD08147,C08147,M005,T005,2026-07-19 23:19:00,4370000,SG,DEV0949,0
TXN04693,CARD04339,C04339,M014,T014,2026-07-26 09:34:00,23450000,VN,DEV0272,0
TXN04694,CARD03703,C03703,M014,T014,2026-07-07 21:42:00,42510000,VN,DEV0134,0
TXN04695,CARD09229,C09229,M005,T005,2026-07-25 19:04:00,40860000,US,DEV1196,0
TXN04696,CARD07916,C07916,M008,T008,2026-07-01 20:06:00,2730000,VN,DEV1139,0
TXN04697,CARD08148,C08148,M005,T005,2026-07-12 03:58:00,80000,US,DEV1221,0
TXN04698,CARD09344,C09344,M005,T005,2026-07-04 05:07:00,46070000,SG,DEV1704,0
TXN04699,CARD08736,C08736,M012,T012,2026-07-09 10:37:00,45780000,VN,DEV0031,0
TXN04700,CARD01989,C01989,M010,T010,2026-07-02 08:13:00,29110000,VN,DEV1378,0
TXN04701,CARD00631,C00631,M011,T011,2026-07-06 17:34:00,12020000,VN,DEV0541,0
TXN04702,CARD08637,C08637,M003,T003,2026-07-10 14:52:00,19540000,US,DEV0262,0
TXN04703,CARD00739,C00739,M004,T004,2026-07-14 01:44:00,31870000,HK,DEV0894,0
TXN04704,CARD09305,C09305,M001,T001,2026-07-10 10:31:00,2580000,VN,DEV0216,0
TXN04705,CARD04846,C04846,M004,T004,2026-07-22 23:25:00,45730000,US,DEV0297,0
TXN04706,CARD02835,C02835,M011,T011,2026-07-20 06:33:00,39750000,VN,DEV0857,0
TXN04707,CARD06770,C06770,M007,T007,2026-07-27 10:48:00,35800000,VN,DEV1662,0
TXN04708,CARD09314,C09314,M004,T004,2026-07-28 00:44:00,45290000,NG,NEW_DEVICE,1
TXN04709,CARD01216,C01216,M014,T014,2026-07-21 06:46:00,38600000,VN,DEV1586,0
TXN04710,CARD00379,C00379,M009,T009,2026-07-07 09:50:00,42100000,VN,DEV0410,0
TXN04711,CARD06392,C06392,M006,T006,2026-07-22 06:15:00,4200000,VN,DEV1217,0
TXN04712,CARD03881,C03881,M011,T011,2026-07-19 11:27:00,25150000,VN,DEV1737,0
TXN04713,CARD02260,C02260,M002,T002,2026-07-25 19:01:00,46560000,US,DEV0230,0
TXN04714,CARD08558,C08558,M004,T004,2026-07-06 15:21:00,48460000,HK,DEV1379,0
TXN04715,CARD08619,C08619,M009,T009,2026-07-28 10:34:00,31060000,VN,DEV1694,0
TXN04716,CARD02732,C02732,M007,T007,2026-07-08 05:21:00,12530000,VN,DEV0296,0
TXN04717,CARD07767,C07767,M005,T005,2026-07-09 00:10:00,22750000,SG,DEV1866,0
TXN04718,CARD08811,C08811,M012,T012,2026-07-09 01:40:00,5870000,VN,DEV1191,0
TXN04719,CARD02162,C02162,M009,T009,2026-07-22 06:38:00,9740000,VN,DEV1812,0
TXN04720,CARD00868,C00868,M006,T006,2026-07-26 07:46:00,43830000,VN,DEV1112,0
TXN04721,CARD04801,C04801,M011,T011,2026-07-07 07:14:00,37950000,VN,DEV1027,0
TXN04722,CARD02087,C02087,M009,T009,2026-07-12 07:00:00,33120000,VN,DEV0260,0
TXN04723,CARD09248,C09248,M005,T005,2026-07-03 04:33:00,9550000,US,DEV1172,0
TXN04724,CARD04957,C04957,M005,T005,2026-07-11 15:29:00,34090000,SG,DEV1956,0
TXN04725,CARD04137,C04137,M012,T012,2026-07-17 05:43:00,25410000,VN,DEV1099,0
TXN04726,CARD00288,C00288,M002,T002,2026-07-15 15:24:00,20270000,VN,NEW_DEVICE,1
TXN04727,CARD06745,C06745,M008,T008,2026-07-10 13:59:00,9540000,VN,DEV1526,0
TXN04728,CARD01971,C01971,M013,T013,2026-07-13 17:44:00,43400000,VN,DEV0844,0
TXN04729,CARD04617,C04617,M003,T003,2026-07-13 02:10:00,33670000,US,DEV1674,0
TXN04730,CARD02773,C02773,M002,T002,2026-07-11 06:03:00,17520000,HK,DEV1034,0
TXN04731,CARD00334,C00334,M004,T004,2026-07-05 23:41:00,8700000,US,DEV0802,0
TXN04732,CARD08803,C08803,M009,T009,2026-07-15 09:15:00,38790000,VN,DEV0824,0
TXN04733,CARD00381,C00381,M009,T009,2026-07-02 07:57:00,30050000,VN,DEV1944,0
TXN04734,CARD04496,C04496,M005,T005,2026-07-26 10:43:00,43300000,HK,DEV1756,0
TXN04735,CARD01297,C01297,M011,T011,2026-07-04 16:26:00,9460000,VN,DEV0747,0
TXN04736,CARD03650,C03650,M011,T011,2026-07-16 23:36:00,34550000,VN,DEV1118,0
TXN04737,CARD02345,C02345,M001,T001,2026-07-02 00:35:00,22680000,VN,DEV1232,0
TXN04738,CARD07884,C07884,M012,T012,2026-07-26 08:53:00,48000000,VN,DEV0680,0
TXN04739,CARD04463,C04463,M002,T002,2026-07-23 04:40:00,15300000,HK,DEV1299,0
TXN04740,CARD08186,C08186,M002,T002,2026-07-08 02:39:00,14110000,SG,DEV1055,0
TXN04741,CARD01499,C01499,M009,T009,2026-07-21 08:40:00,26760000,VN,DEV0844,0
TXN04742,CARD05591,C05591,M007,T007,2026-07-04 09:54:00,48520000,VN,DEV1785,0
TXN04743,CARD06512,C06512,M008,T008,2026-07-10 10:52:00,35220000,VN,DEV1435,0
TXN04744,CARD01095,C01095,M005,T005,2026-07-13 23:48:00,19100000,SG,DEV1015,0
TXN04745,CARD06947,C06947,M012,T012,2026-07-09 10:11:00,44360000,VN,DEV1230,0
TXN04746,CARD08138,C08138,M010,T010,2026-07-12 13:33:00,3250000,VN,DEV1499,0
TXN04747,CARD06563,C06563,M009,T009,2026-07-02 11:49:00,46400000,VN,DEV1349,0
TXN04748,CARD05899,C05899,M014,T014,2026-07-04 01:20:00,5600000,SG,NEW_DEVICE,1
TXN04749,CARD06204,C06204,M005,T005,2026-07-25 18:38:00,34570000,HK,DEV0240,0
TXN04750,CARD08689,C08689,M005,T005,2026-07-18 04:42:00,37840000,US,DEV0302,0
TXN04751,CARD06731,C06731,M014,T014,2026-07-05 02:33:00,10230000,VN,DEV0119,0
TXN04752,CARD05674,C05674,M012,T012,2026-07-14 21:13:00,3060000,VN,DEV0090,0
TXN04753,CARD02310,C02310,M012,T012,2026-07-06 05:38:00,17590000,VN,DEV1980,0
TXN04754,CARD07768,C07768,M006,T006,2026-07-05 12:42:00,9330000,VN,DEV0922,0
TXN04755,CARD08012,C08012,M003,T003,2026-07-22 17:32:00,29480000,SG,DEV1031,0
TXN04756,CARD06577,C06577,M001,T001,2026-07-19 05:08:00,2520000,VN,DEV0165,0
TXN04757,CARD06045,C06045,M013,T013,2026-07-20 01:32:00,48340000,VN,DEV1648,0
TXN04758,CARD01240,C01240,M007,T007,2026-07-28 14:44:00,19990000,VN,DEV0244,0
TXN04759,CARD02235,C02235,M006,T006,2026-07-01 03:41:00,49090000,VN,DEV0033,0
TXN04760,CARD07230,C07230,M010,T010,2026-07-02 03:46:00,14570000,VN,DEV0678,0
TXN04761,CARD08002,C08002,M014,T014,2026-07-13 20:02:00,5990000,VN,DEV0089,0
TXN04762,CARD08421,C08421,M014,T014,2026-07-08 02:44:00,29590000,VN,DEV1656,0
TXN04763,CARD03480,C03480,M004,T004,2026-07-28 10:33:00,24480000,US,DEV0070,0
TXN04764,CARD00019,C00019,M008,T008,2026-07-05 22:32:00,47180000,VN,DEV1780,0
TXN04765,CARD02039,C02039,M006,T006,2026-07-04 01:59:00,40100000,VN,DEV0542,0
TXN04766,CARD09914,C09914,M002,T002,2026-07-02 07:42:00,37450000,SG,DEV0220,0
TXN04767,CARD06245,C06245,M009,T009,2026-07-12 16:30:00,35110000,VN,DEV1486,0
TXN04768,CARD06290,C06290,M011,T011,2026-07-18 13:25:00,42830000,VN,DEV0945,0
TXN04769,CARD08385,C08385,M010,T010,2026-07-27 19:01:00,20910000,VN,DEV0809,0
TXN04770,CARD02682,C02682,M006,T006,2026-07-23 22:09:00,32410000,VN,DEV0449,0
TXN04771,CARD02336,C02336,M005,T005,2026-07-11 17:12:00,15510000,US,DEV0097,0
TXN04772,CARD09424,C09424,M003,T003,2026-07-09 18:29:00,48390000,US,DEV1355,0
TXN04773,CARD02668,C02668,M004,T004,2026-07-11 03:03:00,5980000,US,DEV0892,0
TXN04774,CARD05070,C05070,M013,T013,2026-07-22 11:50:00,1920000,VN,DEV1231,0
TXN04775,CARD05081,C05081,M011,T011,2026-07-12 11:50:00,8600000,VN,DEV1194,0
TXN04776,CARD09498,C09498,M005,T005,2026-07-21 20:30:00,15880000,SG,DEV1564,0
TXN04777,CARD04134,C04134,M013,T013,2026-07-17 03:41:00,2260000,VN,DEV0406,0
TXN04778,CARD01404,C01404,M013,T013,2026-07-22 15:15:00,34440000,VN,DEV0943,0
TXN04779,CARD01605,C01605,M001,T001,2026-07-02 22:55:00,6570000,VN,DEV0478,0
TXN04780,CARD06108,C06108,M009,T009,2026-07-20 15:35:00,21160000,VN,DEV0879,0
TXN04781,CARD06211,C06211,M004,T004,2026-07-19 14:10:00,32390000,SG,DEV1091,0
TXN04782,CARD06991,C06991,M007,T007,2026-07-03 23:09:00,27040000,VN,DEV0274,0
TXN04783,CARD03704,C03704,M003,T003,2026-07-06 05:52:00,47960000,SG,DEV1201,0
TXN04784,CARD02594,C02594,M009,T009,2026-07-13 16:53:00,36250000,VN,DEV0516,0
TXN04785,CARD04301,C04301,M001,T001,2026-07-01 11:25:00,8480000,VN,DEV1567,0
TXN04786,CARD09533,C09533,M014,T014,2026-07-17 12:53:00,38890000,VN,DEV1983,0
TXN04787,CARD08734,C08734,M001,T001,2026-07-10 18:29:00,6650000,VN,DEV1684,0
TXN04788,CARD04829,C04829,M014,T014,2026-07-24 23:28:00,45060000,VN,DEV1985,0
TXN04789,CARD01417,C01417,M014,T014,2026-07-23 01:02:00,39240000,VN,DEV1538,0
TXN04790,CARD08221,C08221,M006,T006,2026-07-26 21:52:00,29430000,VN,DEV1613,0
TXN04791,CARD02664,C02664,M014,T014,2026-07-25 12:28:00,9190000,VN,DEV0789,0
TXN04792,CARD00657,C00657,M003,T003,2026-07-17 11:35:00,27600000,HK,DEV1104,0
TXN04793,CARD03683,C03683,M013,T013,2026-07-23 15:54:00,39440000,VN,DEV0783,0
TXN04794,CARD09162,C09162,M010,T010,2026-07-25 00:56:00,10880000,VN,DEV0001,0
TXN04795,CARD01041,C01041,M012,T012,2026-07-24 15:03:00,3420000,VN,DEV0202,0
TXN04796,CARD07083,C07083,M008,T008,2026-07-27 10:39:00,27540000,VN,DEV0356,0
TXN04797,CARD09193,C09193,M003,T003,2026-07-06 07:45:00,11650000,US,DEV0067,0
TXN04798,CARD03592,C03592,M005,T005,2026-07-25 15:17:00,34510000,US,DEV0267,0
TXN04799,CARD02149,C02149,M005,T005,2026-07-10 18:24:00,19990000,HK,DEV1955,0
TXN04800,CARD09256,C09256,M001,T001,2026-07-25 21:52:00,31060000,VN,DEV0864,0
TXN04801,CARD01715,C01715,M001,T001,2026-07-24 17:36:00,35490000,VN,DEV0474,0
TXN04802,CARD05130,C05130,M006,T006,2026-07-13 10:02:00,10970000,VN,DEV1059,0
TXN04803,CARD07533,C07533,M002,T002,2026-07-01 04:08:00,46490000,US,DEV0268,0
TXN04804,CARD02984,C02984,M002,T002,2026-07-14 07:26:00,1560000,HK,DEV1749,0
TXN04805,CARD00644,C00644,M010,T010,2026-07-20 12:26:00,6470000,VN,DEV0987,0
TXN04806,CARD05910,C05910,M006,T006,2026-07-08 15:47:00,31450000,VN,DEV1132,0
TXN04807,CARD08576,C08576,M008,T008,2026-07-07 23:56:00,16230000,VN,DEV0866,0
TXN04808,CARD00067,C00067,M005,T005,2026-07-01 07:28:00,12350000,HK,DEV1826,0
TXN04809,CARD06252,C06252,M003,T003,2026-07-15 22:12:00,34500000,SG,DEV0780,0
TXN04810,CARD09850,C09850,M013,T013,2026-07-24 21:33:00,49530000,VN,DEV1254,0
TXN04811,CARD07116,C07116,M005,T005,2026-07-11 19:18:00,17090000,SG,DEV0728,0
TXN04812,CARD01642,C01642,M008,T008,2026-07-06 05:32:00,45470000,VN,DEV0744,0
TXN04813,CARD07663,C07663,M009,T009,2026-07-11 02:31:00,10250000,VN,DEV0916,0
TXN04814,CARD03327,C03327,M007,T007,2026-07-20 20:14:00,29260000,VN,DEV1565,0
TXN04815,CARD01502,C01502,M011,T011,2026-07-13 07:05:00,10830000,VN,DEV0784,0
TXN04816,CARD08058,C08058,M005,T005,2026-07-14 08:47:00,22820000,SG,DEV0975,0
TXN04817,CARD01213,C01213,M004,T004,2026-07-23 14:52:00,19030000,HK,DEV0407,0
TXN04818,CARD02058,C02058,M003,T003,2026-07-19 23:43:00,12700000,SG,DEV0619,0
TXN04819,CARD01240,C01240,M010,T010,2026-07-19 21:15:00,43730000,US,NEW_DEVICE,1
TXN04820,CARD00900,C00900,M005,T005,2026-07-13 22:29:00,13190000,HK,DEV0351,0
TXN04821,CARD01623,C01623,M013,T013,2026-07-11 07:53:00,22710000,VN,DEV1345,0
TXN04822,CARD07641,C07641,M006,T006,2026-07-16 01:42:00,45820000,VN,DEV0896,0
TXN04823,CARD04086,C04086,M004,T004,2026-07-07 02:36:00,1040000,US,DEV1710,0
TXN04824,CARD07659,C07659,M010,T010,2026-07-20 09:18:00,20170000,VN,DEV0843,0
TXN04825,CARD04136,C04136,M006,T006,2026-07-22 18:36:00,41880000,VN,DEV1082,0
TXN04826,CARD06294,C06294,M006,T006,2026-07-02 08:04:00,18770000,VN,DEV0250,0
TXN04827,CARD09700,C09700,M012,T012,2026-07-11 17:09:00,18140000,VN,DEV0112,0
TXN04828,CARD00879,C00879,M002,T002,2026-07-23 21:05:00,48680000,SG,DEV0374,0
TXN04829,CARD07500,C07500,M011,T011,2026-07-18 19:19:00,27280000,VN,DEV1711,0
TXN04830,CARD00071,C00071,M005,T005,2026-07-05 07:07:00,20130000,US,DEV0347,0
TXN04831,CARD06177,C06177,M014,T014,2026-07-25 06:05:00,15750000,VN,DEV0286,0
TXN04832,CARD06106,C06106,M014,T014,2026-07-20 09:46:00,47220000,VN,DEV1873,0
TXN04833,CARD07055,C07055,M004,T004,2026-07-04 20:09:00,15640000,US,DEV0382,0
TXN04834,CARD02585,C02585,M014,T014,2026-07-10 19:25:00,28470000,VN,DEV1812,0
TXN04835,CARD04005,C04005,M008,T008,2026-07-28 04:26:00,26710000,VN,DEV1916,0
TXN04836,CARD09732,C09732,M013,T013,2026-07-21 05:30:00,6050000,VN,DEV0365,0
TXN04837,CARD01905,C01905,M002,T002,2026-07-23 14:07:00,34850000,HK,DEV1838,0
TXN04838,CARD01661,C01661,M012,T012,2026-07-08 13:58:00,20790000,VN,DEV0133,0
TXN04839,CARD03870,C03870,M008,T008,2026-07-16 08:12:00,17770000,VN,DEV1213,0
TXN04840,CARD09147,C09147,M012,T012,2026-07-08 18:01:00,22200000,VN,DEV1225,0
TXN04841,CARD00971,C00971,M013,T013,2026-07-19 04:22:00,41700000,VN,DEV0192,0
TXN04842,CARD02538,C02538,M010,T010,2026-07-13 06:08:00,1060000,VN,DEV1753,0
TXN04843,CARD05367,C05367,M011,T011,2026-07-22 03:31:00,42270000,VN,DEV1635,0
TXN04844,CARD06096,C06096,M010,T010,2026-07-04 14:18:00,8230000,VN,DEV0350,0
TXN04845,CARD07092,C07092,M007,T007,2026-07-20 14:33:00,15160000,VN,DEV1122,0
TXN04846,CARD09566,C09566,M002,T002,2026-07-13 19:58:00,2210000,US,DEV1770,0
TXN04847,CARD08756,C08756,M014,T014,2026-07-12 09:37:00,18010000,VN,DEV1082,0
TXN04848,CARD02344,C02344,M011,T011,2026-07-06 15:42:00,37720000,VN,DEV1112,0
TXN04849,CARD06715,C06715,M001,T001,2026-07-14 12:46:00,29820000,VN,DEV1052,0
TXN04850,CARD03355,C03355,M011,T011,2026-07-24 18:42:00,30010000,VN,DEV1910,0
TXN04851,CARD02849,C02849,M010,T010,2026-07-17 08:09:00,1550000,VN,DEV0716,0
TXN04852,CARD05473,C05473,M001,T001,2026-07-19 17:29:00,7450000,VN,DEV1738,0
TXN04853,CARD08574,C08574,M010,T010,2026-07-03 13:24:00,14060000,VN,NEW_DEVICE,1
TXN04854,CARD07990,C07990,M004,T004,2026-07-26 04:00:00,24070000,US,DEV1808,0
TXN04855,CARD04965,C04965,M001,T001,2026-07-11 23:35:00,27340000,VN,DEV0806,0
TXN04856,CARD01049,C01049,M011,T011,2026-07-10 03:52:00,12590000,VN,DEV0210,0
TXN04857,CARD09026,C09026,M010,T010,2026-07-02 08:49:00,28670000,VN,DEV1843,0
TXN04858,CARD02466,C02466,M005,T005,2026-07-06 13:00:00,40790000,US,DEV1677,0
TXN04859,CARD09711,C09711,M005,T005,2026-07-17 00:29:00,49770000,US,DEV0931,0
TXN04860,CARD07329,C07329,M002,T002,2026-07-10 07:22:00,32900000,US,DEV0665,0
TXN04861,CARD06433,C06433,M002,T002,2026-07-05 01:44:00,46640000,US,DEV0095,0
TXN04862,CARD09427,C09427,M004,T004,2026-07-17 11:21:00,41760000,US,DEV0116,0
TXN04863,CARD04577,C04577,M011,T011,2026-07-26 02:25:00,44980000,VN,DEV0248,0
TXN04864,CARD01359,C01359,M012,T012,2026-07-04 10:33:00,34560000,VN,DEV1642,0
TXN04865,CARD09230,C09230,M002,T002,2026-07-18 23:43:00,40210000,HK,DEV0975,0
TXN04866,CARD04930,C04930,M007,T007,2026-07-14 20:51:00,26370000,VN,DEV0509,0
TXN04867,CARD01794,C01794,M014,T014,2026-07-15 06:33:00,32450000,VN,DEV0684,0
TXN04868,CARD02877,C02877,M006,T006,2026-07-06 12:06:00,1700000,VN,DEV0158,0
TXN04869,CARD08260,C08260,M001,T001,2026-07-08 14:04:00,42070000,VN,DEV0295,0
TXN04870,CARD00885,C00885,M014,T014,2026-07-02 05:29:00,25110000,HK,NEW_DEVICE,1
TXN04871,CARD00284,C00284,M006,T006,2026-07-15 19:49:00,35110000,VN,DEV1928,0
TXN04872,CARD02258,C02258,M005,T005,2026-07-25 03:30:00,30190000,SG,DEV0641,0
TXN04873,CARD09951,C09951,M001,T001,2026-07-10 07:32:00,35770000,VN,DEV1882,0
TXN04874,CARD01897,C01897,M006,T006,2026-07-15 14:44:00,13150000,VN,DEV1811,0
TXN04875,CARD06080,C06080,M012,T012,2026-07-06 22:35:00,39740000,VN,DEV1804,0
TXN04876,CARD09381,C09381,M008,T008,2026-07-21 22:15:00,15120000,VN,DEV1197,0
TXN04877,CARD09639,C09639,M006,T006,2026-07-22 01:52:00,38000000,VN,DEV1940,0
TXN04878,CARD03473,C03473,M005,T005,2026-07-14 17:32:00,18540000,SG,DEV0560,0
TXN04879,CARD05634,C05634,M003,T003,2026-07-21 03:15:00,19550000,HK,DEV1913,0
TXN04880,CARD00224,C00224,M002,T002,2026-07-08 07:45:00,30730000,SG,DEV0427,0
TXN04881,CARD00588,C00588,M006,T006,2026-07-11 11:08:00,2320000,VN,DEV0894,0
TXN04882,CARD01447,C01447,M010,T010,2026-07-11 08:16:00,31580000,VN,DEV1932,0
TXN04883,CARD08851,C08851,M003,T003,2026-07-22 22:15:00,5670000,HK,DEV1869,0
TXN04884,CARD09137,C09137,M003,T003,2026-07-25 16:12:00,17820000,SG,DEV1631,0
TXN04885,CARD08123,C08123,M009,T009,2026-07-09 04:47:00,9010000,VN,DEV1394,0
TXN04886,CARD00254,C00254,M014,T014,2026-07-05 01:00:00,7220000,VN,DEV0169,0
TXN04887,CARD09694,C09694,M001,T001,2026-07-28 05:16:00,27980000,VN,DEV0617,0
TXN04888,CARD01163,C01163,M013,T013,2026-07-12 17:44:00,14200000,VN,DEV0416,0
TXN04889,CARD00044,C00044,M013,T013,2026-07-20 19:01:00,9100000,VN,DEV1961,0
TXN04890,CARD06313,C06313,M004,T004,2026-07-04 00:16:00,11490000,US,DEV0705,0
TXN04891,CARD06906,C06906,M011,T011,2026-07-05 17:27:00,1200000,VN,DEV0158,0
TXN04892,CARD08502,C08502,M014,T014,2026-07-06 14:35:00,24970000,VN,DEV1867,0
TXN04893,CARD02822,C02822,M007,T007,2026-07-12 15:43:00,35700000,HK,NEW_DEVICE,1
TXN04894,CARD01052,C01052,M013,T013,2026-07-21 00:56:00,12700000,VN,DEV1119,0
TXN04895,CARD02356,C02356,M003,T003,2026-07-11 03:52:00,46640000,US,DEV0272,0
TXN04896,CARD06772,C06772,M002,T002,2026-07-15 00:03:00,17060000,SG,DEV1856,0
TXN04897,CARD07827,C07827,M001,T001,2026-07-15 14:25:00,45710000,VN,DEV0108,0
TXN04898,CARD09093,C09093,M006,T006,2026-07-06 12:40:00,5060000,VN,DEV0788,0
TXN04899,CARD02552,C02552,M007,T007,2026-07-23 13:25:00,34760000,VN,DEV1734,0
TXN04900,CARD05461,C05461,M009,T009,2026-07-19 09:22:00,13320000,VN,DEV1336,0
TXN04901,CARD00199,C00199,M002,T002,2026-07-11 09:38:00,35300000,HK,DEV0155,0
TXN04902,CARD06005,C06005,M009,T009,2026-07-04 06:06:00,11770000,VN,DEV1889,0
TXN04903,CARD06667,C06667,M001,T001,2026-07-23 06:55:00,42370000,VN,DEV1232,0
TXN04904,CARD07783,C07783,M007,T007,2026-07-23 02:33:00,44860000,VN,DEV1164,0
TXN04905,CARD07485,C07485,M007,T007,2026-07-26 01:40:00,46090000,VN,DEV1467,0
TXN04906,CARD06562,C06562,M006,T006,2026-07-27 09:25:00,26360000,VN,DEV0369,0
TXN04907,CARD00327,C00327,M007,T007,2026-07-24 21:33:00,12340000,VN,DEV0317,0
TXN04908,CARD02436,C02436,M006,T006,2026-07-21 00:48:00,22290000,VN,DEV1433,0
TXN04909,CARD04637,C04637,M004,T004,2026-07-04 15:50:00,12800000,SG,DEV0719,0
TXN04910,CARD08323,C08323,M006,T006,2026-07-05 20:27:00,25390000,VN,DEV1491,0
TXN04911,CARD03955,C03955,M007,T007,2026-07-08 01:03:00,28370000,VN,DEV0632,0
TXN04912,CARD00062,C00062,M008,T008,2026-07-23 13:18:00,17120000,VN,DEV1863,0
TXN04913,CARD07690,C07690,M007,T007,2026-07-20 14:14:00,48380000,VN,DEV0065,0
TXN04914,CARD06700,C06700,M004,T004,2026-07-12 14:09:00,35310000,SG,DEV0517,0
TXN04915,CARD05856,C05856,M011,T011,2026-07-15 10:28:00,34460000,VN,DEV1379,0
TXN04916,CARD09690,C09690,M011,T011,2026-07-07 15:39:00,26230000,VN,DEV0485,0
TXN04917,CARD00565,C00565,M010,T010,2026-07-23 04:53:00,35810000,VN,DEV1832,0
TXN04918,CARD02705,C02705,M002,T002,2026-07-10 16:40:00,19550000,SG,DEV1872,0
TXN04919,CARD05163,C05163,M005,T005,2026-07-18 18:29:00,39150000,US,DEV0914,0
TXN04920,CARD07921,C07921,M009,T009,2026-07-11 02:34:00,49000000,VN,DEV1789,0
TXN04921,CARD06459,C06459,M001,T001,2026-07-18 17:07:00,4710000,VN,DEV1407,0
TXN04922,CARD06188,C06188,M004,T004,2026-07-03 11:51:00,38990000,HK,DEV0081,0
TXN04923,CARD07485,C07485,M006,T006,2026-07-07 01:16:00,6330000,VN,DEV1283,0
TXN04924,CARD05691,C05691,M010,T010,2026-07-01 07:05:00,33590000,VN,DEV0279,0
TXN04925,CARD09327,C09327,M012,T012,2026-07-02 20:26:00,3220000,VN,DEV1123,0
TXN04926,CARD01839,C01839,M014,T014,2026-07-21 12:31:00,11950000,VN,DEV0961,0
TXN04927,CARD09307,C09307,M013,T013,2026-07-26 19:58:00,7570000,VN,DEV1683,0
TXN04928,CARD02727,C02727,M014,T014,2026-07-15 09:02:00,23800000,VN,DEV0886,0
TXN04929,CARD08238,C08238,M006,T006,2026-07-26 23:34:00,45720000,VN,DEV0057,0
TXN04930,CARD06172,C06172,M006,T006,2026-07-17 09:34:00,2950000,VN,DEV0936,0
TXN04931,CARD07364,C07364,M010,T010,2026-07-14 23:47:00,32870000,VN,DEV0267,0
TXN04932,CARD05820,C05820,M004,T004,2026-07-25 15:16:00,5160000,HK,DEV0354,0
TXN04933,CARD00579,C00579,M014,T014,2026-07-23 04:10:00,900000,VN,DEV0249,0
TXN04934,CARD01740,C01740,M012,T012,2026-07-12 01:17:00,530000,VN,DEV1518,0
TXN04935,CARD08594,C08594,M004,T004,2026-07-18 03:44:00,21260000,SG,DEV0067,0
TXN04936,CARD03084,C03084,M007,T007,2026-07-25 15:55:00,41730000,VN,DEV1221,0
TXN04937,CARD02655,C02655,M003,T003,2026-07-26 00:06:00,2510000,SG,DEV1445,0
TXN04938,CARD03041,C03041,M005,T005,2026-07-27 04:23:00,37130000,SG,DEV0218,0
TXN04939,CARD06631,C06631,M008,T008,2026-07-20 07:39:00,6020000,VN,DEV1674,0
TXN04940,CARD08238,C08238,M001,T001,2026-07-27 06:14:00,10980000,VN,DEV0229,0
TXN04941,CARD05314,C05314,M005,T005,2026-07-01 19:46:00,28750000,SG,DEV1451,0
TXN04942,CARD00259,C00259,M007,T007,2026-07-17 14:45:00,33550000,VN,DEV1773,0
TXN04943,CARD06716,C06716,M011,T011,2026-07-25 03:40:00,45590000,VN,DEV0207,0
TXN04944,CARD05921,C05921,M005,T005,2026-07-05 06:51:00,13930000,HK,DEV1144,0
TXN04945,CARD02893,C02893,M005,T005,2026-07-19 17:51:00,30750000,US,DEV0037,0
TXN04946,CARD00976,C00976,M008,T008,2026-07-25 09:35:00,2820000,VN,DEV0871,0
TXN04947,CARD00760,C00760,M012,T012,2026-07-07 21:13:00,39540000,VN,DEV0751,0
TXN04948,CARD04352,C04352,M004,T004,2026-07-06 14:46:00,23800000,US,DEV1298,0
TXN04949,CARD09550,C09550,M003,T003,2026-07-21 03:27:00,47830000,HK,DEV0125,0
TXN04950,CARD03929,C03929,M013,T013,2026-07-17 09:23:00,48630000,VN,DEV0078,0
TXN04951,CARD01836,C01836,M006,T006,2026-07-18 08:14:00,3210000,VN,DEV0985,0
TXN04952,CARD03184,C03184,M013,T013,2026-07-12 21:01:00,21440000,VN,DEV1262,0
TXN04953,CARD03694,C03694,M004,T004,2026-07-04 07:29:00,36400000,SG,DEV0764,0
TXN04954,CARD00074,C00074,M004,T004,2026-07-10 13:43:00,23520000,HK,DEV1561,0
TXN04955,CARD03724,C03724,M006,T006,2026-07-24 08:58:00,37310000,VN,DEV1455,0
TXN04956,CARD05896,C05896,M012,T012,2026-07-02 02:00:00,47740000,VN,DEV1147,0
TXN04957,CARD01644,C01644,M008,T008,2026-07-22 15:36:00,20450000,VN,DEV0469,0
TXN04958,CARD01322,C01322,M004,T004,2026-07-09 00:34:00,22120000,SG,DEV0725,0
TXN04959,CARD02290,C02290,M002,T002,2026-07-06 22:59:00,3790000,US,DEV1821,0
TXN04960,CARD07770,C07770,M014,T014,2026-07-25 00:09:00,46170000,VN,DEV0365,0
TXN04961,CARD01225,C01225,M004,T004,2026-07-22 13:46:00,32800000,HK,DEV1327,0
TXN04962,CARD03838,C03838,M008,T008,2026-07-14 01:49:00,11100000,VN,DEV0161,0
TXN04963,CARD08542,C08542,M007,T007,2026-07-28 05:06:00,38680000,VN,DEV0733,0
TXN04964,CARD05709,C05709,M014,T014,2026-07-24 07:42:00,12330000,VN,DEV0305,0
TXN04965,CARD04458,C04458,M012,T012,2026-07-20 12:41:00,16190000,VN,DEV1421,0
TXN04966,CARD03423,C03423,M005,T005,2026-07-03 04:41:00,23450000,HK,DEV0674,0
TXN04967,CARD09448,C09448,M004,T004,2026-07-11 14:36:00,1050000,US,DEV0265,0
TXN04968,CARD00220,C00220,M010,T010,2026-07-04 17:23:00,21360000,VN,DEV1294,0
TXN04969,CARD09234,C09234,M014,T014,2026-07-02 10:21:00,30560000,VN,DEV0918,0
TXN04970,CARD00667,C00667,M003,T003,2026-07-02 05:17:00,18820000,HK,DEV0362,0
TXN04971,CARD00202,C00202,M004,T004,2026-07-06 01:35:00,43190000,US,DEV0659,0
TXN04972,CARD01772,C01772,M004,T004,2026-07-21 02:15:00,29700000,US,DEV0788,0
TXN04973,CARD08352,C08352,M009,T009,2026-07-04 07:20:00,1240000,VN,DEV1696,0
TXN04974,CARD00894,C00894,M002,T002,2026-07-23 22:11:00,45900000,SG,DEV1291,0
TXN04975,CARD03454,C03454,M009,T009,2026-07-05 21:35:00,19690000,VN,DEV0637,0
TXN04976,CARD02230,C02230,M004,T004,2026-07-09 04:51:00,39380000,US,DEV0153,0
TXN04977,CARD02732,C02732,M004,T004,2026-07-12 14:27:00,5690000,HK,DEV1048,0
TXN04978,CARD02879,C02879,M006,T006,2026-07-10 00:06:00,33860000,VN,DEV0956,0
TXN04979,CARD02088,C02088,M006,T006,2026-07-01 03:28:00,42620000,VN,DEV1606,0
TXN04980,CARD08896,C08896,M003,T003,2026-07-11 01:10:00,7490000,SG,DEV0594,0
TXN04981,CARD01075,C01075,M011,T011,2026-07-13 03:09:00,24810000,VN,DEV1449,0
TXN04982,CARD06805,C06805,M004,T004,2026-07-09 14:06:00,38770000,SG,DEV1531,0
TXN04983,CARD02852,C02852,M005,T005,2026-07-08 11:50:00,22470000,SG,DEV1091,0
TXN04984,CARD03695,C03695,M002,T002,2026-07-13 12:33:00,46920000,SG,DEV0680,0
TXN04985,CARD08486,C08486,M013,T013,2026-07-08 21:11:00,11990000,VN,DEV0567,0
TXN04986,CARD08137,C08137,M001,T001,2026-07-26 02:19:00,28700000,VN,DEV0056,0
TXN04987,CARD06404,C06404,M010,T010,2026-07-25 16:49:00,28850000,VN,DEV0211,0
TXN04988,CARD03480,C03480,M008,T008,2026-07-07 04:11:00,44920000,VN,DEV1853,0
TXN04989,CARD07635,C07635,M012,T012,2026-07-16 03:47:00,30190000,VN,DEV1002,0
TXN04990,CARD04611,C04611,M012,T012,2026-07-17 13:05:00,8780000,VN,DEV1118,0
TXN04991,CARD02419,C02419,M004,T004,2026-07-19 06:54:00,43000000,US,DEV1022,0
TXN04992,CARD01052,C01052,M012,T012,2026-07-01 18:53:00,170000,VN,DEV1575,0
TXN04993,CARD03412,C03412,M010,T010,2026-07-20 01:01:00,40730000,VN,DEV1897,0
TXN04994,CARD04096,C04096,M009,T009,2026-07-07 20:59:00,12670000,VN,DEV1923,0
TXN04995,CARD02392,C02392,M012,T012,2026-07-23 14:10:00,2790000,VN,DEV0682,0
TXN04996,CARD05971,C05971,M004,T004,2026-07-07 11:44:00,27410000,HK,DEV0556,0
TXN04997,CARD00777,C00777,M013,T013,2026-07-20 07:31:00,1210000,VN,DEV0292,0
TXN04998,CARD03050,C03050,M009,T009,2026-07-11 04:23:00,25060000,VN,DEV0229,0
TXN04999,CARD00008,C00008,M004,T004,2026-07-11 10:13:00,31330000,HK,DEV1846,0
TXN05000,CARD02389,C02389,M013,T013,2026-07-16 17:55:00,31490000,VN,DEV0173,0
TXN05001,CARD01318,C01318,M012,T012,2026-07-02 00:38:00,41570000,VN,DEV1605,0
TXN05002,CARD03992,C03992,M007,T007,2026-07-18 15:29:00,43090000,VN,DEV1066,0
TXN05003,CARD00664,C00664,M011,T011,2026-07-03 18:19:00,11730000,VN,DEV0044,0
TXN05004,CARD00032,C00032,M006,T006,2026-07-10 01:49:00,47560000,VN,DEV1891,0
TXN05005,CARD01509,C01509,M010,T010,2026-07-22 16:36:00,7560000,VN,DEV0939,0
TXN05006,CARD04410,C04410,M009,T009,2026-07-13 19:59:00,33680000,VN,DEV0288,0
TXN05007,CARD05953,C05953,M008,T008,2026-07-10 01:09:00,8370000,VN,DEV1361,0
TXN05008,CARD09943,C09943,M008,T008,2026-07-25 10:09:00,39730000,VN,DEV1827,0
TXN05009,CARD00317,C00317,M007,T007,2026-07-20 01:52:00,44050000,VN,DEV1984,0
TXN05010,CARD00989,C00989,M002,T002,2026-07-02 20:20:00,4180000,SG,DEV0239,0
TXN05011,CARD04091,C04091,M001,T001,2026-07-05 10:55:00,22510000,VN,DEV1555,0
TXN05012,CARD09315,C09315,M010,T010,2026-07-24 15:30:00,17920000,VN,DEV1191,0
TXN05013,CARD03073,C03073,M010,T010,2026-07-18 15:22:00,21400000,VN,DEV1169,0
TXN05014,CARD05895,C05895,M005,T005,2026-07-08 20:54:00,23590000,HK,DEV1738,0
TXN05015,CARD00843,C00843,M004,T004,2026-07-23 12:24:00,8340000,HK,DEV0265,0
TXN05016,CARD02375,C02375,M005,T005,2026-07-03 08:43:00,29410000,US,DEV1402,0
TXN05017,CARD08143,C08143,M011,T011,2026-07-19 08:56:00,34690000,VN,DEV1784,0
TXN05018,CARD02901,C02901,M005,T005,2026-07-23 08:17:00,21670000,SG,DEV1165,0
TXN05019,CARD01871,C01871,M004,T004,2026-07-02 11:22:00,23640000,SG,DEV1303,0
TXN05020,CARD04583,C04583,M008,T008,2026-07-11 23:06:00,45540000,VN,DEV0585,0
TXN05021,CARD07776,C07776,M006,T006,2026-07-06 13:18:00,45430000,VN,DEV1758,0
TXN05022,CARD02273,C02273,M011,T011,2026-07-01 14:29:00,41770000,VN,DEV1166,0
TXN05023,CARD04982,C04982,M013,T013,2026-07-06 07:05:00,7900000,VN,DEV0060,0
TXN05024,CARD07351,C07351,M004,T004,2026-07-23 21:06:00,38010000,HK,DEV0368,0
TXN05025,CARD04504,C04504,M010,T010,2026-07-26 19:02:00,4030000,VN,DEV1007,0
TXN05026,CARD02662,C02662,M013,T013,2026-07-06 07:48:00,6470000,VN,DEV0271,0
TXN05027,CARD00966,C00966,M006,T006,2026-07-09 06:44:00,35480000,VN,DEV1584,0
TXN05028,CARD01077,C01077,M012,T012,2026-07-14 01:49:00,24160000,VN,DEV0645,0
TXN05029,CARD09177,C09177,M004,T004,2026-07-05 13:51:00,16040000,HK,DEV0876,0
TXN05030,CARD01218,C01218,M001,T001,2026-07-06 19:29:00,19530000,VN,DEV0663,0
TXN05031,CARD02424,C02424,M010,T010,2026-07-01 01:54:00,40770000,VN,DEV0015,0
TXN05032,CARD01683,C01683,M007,T007,2026-07-04 14:45:00,10910000,VN,DEV1745,0
TXN05033,CARD05971,C05971,M008,T008,2026-07-16 19:58:00,32770000,VN,DEV1903,0
TXN05034,CARD00505,C00505,M008,T008,2026-07-23 15:50:00,8240000,VN,DEV0538,0
TXN05035,CARD08078,C08078,M010,T010,2026-07-14 23:31:00,5390000,VN,DEV1589,0
TXN05036,CARD01402,C01402,M002,T002,2026-07-18 02:05:00,40900000,HK,DEV1841,0
TXN05037,CARD09004,C09004,M011,T011,2026-07-26 11:58:00,2420000,VN,DEV1351,0
TXN05038,CARD08407,C08407,M005,T005,2026-07-14 10:53:00,19340000,SG,DEV0674,0
TXN05039,CARD08108,C08108,M010,T010,2026-07-17 17:24:00,23250000,VN,DEV0351,0
TXN05040,CARD07462,C07462,M011,T011,2026-07-27 16:37:00,22050000,VN,DEV1432,0
TXN05041,CARD05209,C05209,M008,T008,2026-07-12 05:50:00,4940000,VN,DEV1930,0
TXN05042,CARD02804,C02804,M013,T013,2026-07-19 02:20:00,210000,VN,DEV0737,0
TXN05043,CARD07825,C07825,M006,T006,2026-07-04 23:45:00,46670000,VN,DEV1338,0
TXN05044,CARD02752,C02752,M001,T001,2026-07-15 09:03:00,32180000,VN,DEV1947,0
TXN05045,CARD09053,C09053,M002,T002,2026-07-24 03:28:00,23160000,HK,DEV0997,0
TXN05046,CARD05763,C05763,M012,T012,2026-07-20 04:35:00,33830000,VN,DEV0238,0
TXN05047,CARD00836,C00836,M008,T008,2026-07-23 10:03:00,31380000,VN,DEV0575,0
TXN05048,CARD09166,C09166,M009,T009,2026-07-03 04:51:00,3050000,VN,DEV1415,0
TXN05049,CARD04864,C04864,M011,T011,2026-07-23 05:10:00,25100000,VN,DEV1528,0
TXN05050,CARD04478,C04478,M011,T011,2026-07-23 20:59:00,7220000,VN,DEV0093,0
TXN05051,CARD07582,C07582,M004,T004,2026-07-07 10:01:00,4360000,SG,DEV0264,0
TXN05052,CARD03866,C03866,M003,T003,2026-07-11 23:21:00,45920000,SG,DEV0779,0
TXN05053,CARD02449,C02449,M007,T007,2026-07-03 14:28:00,7450000,VN,DEV1362,0
TXN05054,CARD08133,C08133,M001,T001,2026-07-13 10:29:00,14470000,VN,DEV0885,0
TXN05055,CARD06978,C06978,M002,T002,2026-07-08 15:16:00,27510000,US,DEV0584,0
TXN05056,CARD00967,C00967,M006,T006,2026-07-24 18:08:00,29430000,VN,DEV1306,0
TXN05057,CARD08920,C08920,M004,T004,2026-07-06 18:58:00,29360000,HK,DEV0560,0
TXN05058,CARD01326,C01326,M010,T010,2026-07-07 17:44:00,12120000,VN,DEV1820,0
TXN05059,CARD02811,C02811,M010,T010,2026-07-05 00:22:00,46850000,VN,DEV1630,0
TXN05060,CARD06300,C06300,M003,T003,2026-07-20 13:48:00,4400000,HK,DEV0352,0
TXN05061,CARD05151,C05151,M003,T003,2026-07-13 06:56:00,26070000,US,DEV0214,0
TXN05062,CARD04340,C04340,M005,T005,2026-07-25 04:54:00,49820000,SG,DEV1114,0
TXN05063,CARD05957,C05957,M012,T012,2026-07-12 13:39:00,8090000,VN,DEV0992,0
TXN05064,CARD01866,C01866,M011,T011,2026-07-21 22:37:00,17470000,VN,DEV1811,0
TXN05065,CARD01495,C01495,M003,T003,2026-07-06 20:39:00,49460000,US,DEV0524,0
TXN05066,CARD00809,C00809,M004,T004,2026-07-25 09:21:00,6790000,US,DEV1250,0
TXN05067,CARD00236,C00236,M007,T007,2026-07-25 03:43:00,11740000,VN,DEV0328,0
TXN05068,CARD01831,C01831,M011,T011,2026-07-22 05:35:00,22790000,VN,DEV0831,0
TXN05069,CARD02111,C02111,M007,T007,2026-07-13 03:14:00,44680000,VN,DEV1243,0
TXN05070,CARD04971,C04971,M001,T001,2026-07-16 06:40:00,27690000,VN,DEV1047,0
TXN05071,CARD04901,C04901,M004,T004,2026-07-25 16:29:00,14640000,HK,DEV0114,0
TXN05072,CARD04747,C04747,M007,T007,2026-07-06 11:58:00,9430000,VN,DEV0984,0
TXN05073,CARD07633,C07633,M011,T011,2026-07-10 10:24:00,28470000,VN,DEV0936,0
TXN05074,CARD04773,C04773,M013,T013,2026-07-05 11:48:00,26260000,VN,DEV1524,0
TXN05075,CARD01904,C01904,M007,T007,2026-07-07 04:05:00,10660000,VN,DEV0316,0
TXN05076,CARD01437,C01437,M002,T002,2026-07-06 18:32:00,7990000,SG,DEV0612,0
TXN05077,CARD06287,C06287,M008,T008,2026-07-07 10:46:00,49220000,VN,DEV0498,0
TXN05078,CARD01270,C01270,M007,T007,2026-07-07 01:06:00,33550000,VN,DEV0727,0
TXN05079,CARD02294,C02294,M002,T002,2026-07-09 14:53:00,570000,HK,DEV0932,0
TXN05080,CARD08825,C08825,M008,T008,2026-07-09 17:11:00,41290000,VN,DEV0349,0
TXN05081,CARD07222,C07222,M013,T013,2026-07-10 03:06:00,46630000,VN,DEV1710,0
TXN05082,CARD07991,C07991,M006,T006,2026-07-14 09:33:00,15960000,VN,DEV0354,0
TXN05083,CARD06154,C06154,M005,T005,2026-07-07 08:42:00,49050000,SG,DEV1834,0
TXN05084,CARD01077,C01077,M013,T013,2026-07-18 00:00:00,5020000,VN,DEV1454,0
TXN05085,CARD07817,C07817,M007,T007,2026-07-20 08:58:00,17180000,VN,DEV1221,0
TXN05086,CARD04294,C04294,M014,T014,2026-07-21 01:54:00,17180000,VN,DEV1862,0
TXN05087,CARD07604,C07604,M005,T005,2026-07-10 10:40:00,30750000,US,DEV0325,0
TXN05088,CARD07730,C07730,M014,T014,2026-07-05 15:15:00,30100000,VN,DEV1440,0
TXN05089,CARD06306,C06306,M006,T006,2026-07-19 17:29:00,34970000,VN,DEV0104,0
TXN05090,CARD08072,C08072,M005,T005,2026-07-05 02:05:00,28130000,HK,DEV1238,0
TXN05091,CARD04273,C04273,M002,T002,2026-07-16 15:55:00,13590000,HK,DEV0834,0
TXN05092,CARD09773,C09773,M012,T012,2026-07-25 01:16:00,18010000,VN,DEV1784,0
TXN05093,CARD04343,C04343,M003,T003,2026-07-19 21:55:00,34210000,HK,DEV1577,0
TXN05094,CARD04065,C04065,M014,T014,2026-07-23 04:55:00,18530000,VN,DEV1767,0
TXN05095,CARD00655,C00655,M008,T008,2026-07-24 21:57:00,43090000,VN,DEV1804,0
TXN05096,CARD04843,C04843,M010,T010,2026-07-14 14:23:00,16670000,VN,DEV1962,0
TXN05097,CARD03723,C03723,M003,T003,2026-07-10 23:12:00,39120000,HK,DEV1648,0
TXN05098,CARD04720,C04720,M005,T005,2026-07-25 10:19:00,9020000,US,DEV0590,0
TXN05099,CARD00388,C00388,M010,T010,2026-07-13 14:47:00,21670000,VN,DEV0210,0
TXN05100,CARD05884,C05884,M008,T008,2026-07-12 02:33:00,20640000,VN,DEV1924,0
TXN05101,CARD09219,C09219,M009,T009,2026-07-03 06:47:00,9680000,VN,DEV1477,0
TXN05102,CARD06432,C06432,M011,T011,2026-07-04 18:21:00,24640000,VN,DEV0516,0
TXN05103,CARD05444,C05444,M013,T013,2026-07-13 17:29:00,4690000,VN,DEV1339,0
TXN05104,CARD08386,C08386,M009,T009,2026-07-23 18:40:00,38470000,VN,DEV0325,0
TXN05105,CARD09590,C09590,M006,T006,2026-07-02 00:53:00,11210000,VN,DEV0940,0
TXN05106,CARD01474,C01474,M007,T007,2026-07-20 14:43:00,35710000,VN,DEV0979,0
TXN05107,CARD05392,C05392,M007,T007,2026-07-02 06:18:00,35330000,VN,DEV1525,0
TXN05108,CARD03553,C03553,M014,T014,2026-07-20 08:09:00,39880000,VN,DEV1734,0
TXN05109,CARD02598,C02598,M007,T007,2026-07-17 00:45:00,32820000,VN,DEV1679,0
TXN05110,CARD04160,C04160,M012,T012,2026-07-10 21:00:00,36570000,VN,DEV1417,0
TXN05111,CARD07628,C07628,M007,T007,2026-07-22 10:47:00,37100000,VN,DEV0944,0
TXN05112,CARD08387,C08387,M009,T009,2026-07-18 22:05:00,28250000,VN,DEV1462,0
TXN05113,CARD02047,C02047,M005,T005,2026-07-18 22:22:00,3790000,US,DEV0067,0
TXN05114,CARD03075,C03075,M012,T012,2026-07-15 22:25:00,10040000,VN,DEV0217,0
TXN05115,CARD00333,C00333,M003,T003,2026-07-02 17:37:00,13270000,US,DEV1162,0
TXN05116,CARD02129,C02129,M004,T004,2026-07-01 15:56:00,9880000,US,DEV1218,0
TXN05117,CARD00656,C00656,M010,T010,2026-07-09 21:11:00,37390000,VN,DEV1097,0
TXN05118,CARD09883,C09883,M004,T004,2026-07-19 05:42:00,39080000,HK,DEV1171,0
TXN05119,CARD04218,C04218,M011,T011,2026-07-24 21:34:00,43780000,VN,DEV0560,0
TXN05120,CARD04592,C04592,M009,T009,2026-07-22 19:17:00,7010000,VN,DEV0147,0
TXN05121,CARD03460,C03460,M002,T002,2026-07-22 02:09:00,24140000,US,DEV0450,0
TXN05122,CARD09122,C09122,M012,T012,2026-07-17 12:16:00,16180000,VN,DEV0020,0
TXN05123,CARD09074,C09074,M014,T014,2026-07-24 05:11:00,17210000,VN,DEV0392,0
TXN05124,CARD09887,C09887,M014,T014,2026-07-06 00:40:00,860000,VN,DEV0211,0
TXN05125,CARD06892,C06892,M002,T002,2026-07-13 00:48:00,1740000,US,DEV1421,0
TXN05126,CARD02894,C02894,M009,T009,2026-07-22 09:40:00,35420000,VN,DEV0054,0
TXN05127,CARD07261,C07261,M014,T014,2026-07-09 13:59:00,5390000,VN,DEV0673,0
TXN05128,CARD08774,C08774,M012,T012,2026-07-21 22:45:00,37160000,VN,DEV0610,0
TXN05129,CARD00872,C00872,M008,T008,2026-07-16 01:39:00,3890000,VN,DEV1056,0
TXN05130,CARD03402,C03402,M011,T011,2026-07-25 13:28:00,6520000,VN,DEV0881,0
TXN05131,CARD02190,C02190,M001,T001,2026-07-11 11:30:00,7130000,SG,NEW_DEVICE,1
TXN05132,CARD01929,C01929,M010,T010,2026-07-07 00:48:00,21200000,VN,NEW_DEVICE,1
TXN05133,CARD01128,C01128,M008,T008,2026-07-22 02:32:00,21160000,VN,DEV1185,0
TXN05134,CARD07969,C07969,M006,T006,2026-07-21 15:46:00,4190000,VN,DEV0575,0
TXN05135,CARD06684,C06684,M012,T012,2026-07-07 06:25:00,29730000,VN,DEV0344,0
TXN05136,CARD02434,C02434,M012,T012,2026-07-24 12:22:00,5030000,VN,DEV1458,0
TXN05137,CARD01512,C01512,M007,T007,2026-07-03 12:36:00,26470000,VN,DEV1807,0
TXN05138,CARD05938,C05938,M006,T006,2026-07-27 20:23:00,610000,VN,DEV0108,0
TXN05139,CARD06945,C06945,M013,T013,2026-07-21 01:19:00,25930000,VN,DEV1109,0
TXN05140,CARD00049,C00049,M009,T009,2026-07-05 08:14:00,2140000,VN,DEV1720,0
TXN05141,CARD05644,C05644,M009,T009,2026-07-13 16:41:00,35450000,VN,DEV1703,0
TXN05142,CARD08437,C08437,M002,T002,2026-07-05 20:50:00,47310000,US,DEV1371,0
TXN05143,CARD00118,C00118,M002,T002,2026-07-18 03:09:00,13550000,HK,DEV1403,0
TXN05144,CARD03535,C03535,M012,T012,2026-07-15 03:34:00,26850000,VN,DEV0170,0
TXN05145,CARD09567,C09567,M004,T004,2026-07-16 09:00:00,24100000,US,DEV0966,0
TXN05146,CARD08077,C08077,M006,T006,2026-07-20 15:01:00,36140000,VN,DEV1347,0
TXN05147,CARD00012,C00012,M004,T004,2026-07-25 07:00:00,24620000,SG,DEV0899,0
TXN05148,CARD00941,C00941,M002,T002,2026-07-28 10:36:00,27250000,US,DEV1366,0
TXN05149,CARD08026,C08026,M014,T014,2026-07-27 11:32:00,13170000,VN,DEV0274,0
TXN05150,CARD04756,C04756,M003,T003,2026-07-26 12:36:00,4000000,SG,DEV0796,0
TXN05151,CARD05578,C05578,M006,T006,2026-07-28 03:05:00,46160000,VN,DEV0528,0
TXN05152,CARD09616,C09616,M010,T010,2026-07-12 03:15:00,35590000,VN,DEV0644,0
TXN05153,CARD03610,C03610,M006,T006,2026-07-13 02:29:00,29560000,VN,DEV1285,0
TXN05154,CARD00858,C00858,M010,T010,2026-07-11 12:49:00,47110000,VN,DEV0681,0
TXN05155,CARD02027,C02027,M009,T009,2026-07-17 02:13:00,23630000,VN,DEV0618,0
TXN05156,CARD09871,C09871,M011,T011,2026-07-10 09:33:00,24610000,VN,DEV0431,0
TXN05157,CARD03136,C03136,M003,T003,2026-07-05 07:45:00,43060000,SG,DEV1776,0
TXN05158,CARD06989,C06989,M004,T004,2026-07-22 06:01:00,9960000,US,DEV1631,0
TXN05159,CARD04623,C04623,M007,T007,2026-07-15 18:01:00,23370000,VN,DEV1564,0
TXN05160,CARD06183,C06183,M004,T004,2026-07-02 23:57:00,28470000,US,DEV1567,0
TXN05161,CARD02517,C02517,M010,T010,2026-07-03 17:52:00,47550000,VN,DEV0594,0
TXN05162,CARD03123,C03123,M002,T002,2026-07-24 02:59:00,45860000,SG,DEV0899,0
TXN05163,CARD00322,C00322,M011,T011,2026-07-14 00:06:00,6070000,VN,DEV1517,0
TXN05164,CARD04501,C04501,M005,T005,2026-07-19 16:50:00,25650000,SG,DEV1387,0
TXN05165,CARD05079,C05079,M014,T014,2026-07-09 10:20:00,10540000,VN,DEV1248,0
TXN05166,CARD07475,C07475,M007,T007,2026-07-04 16:01:00,18860000,VN,DEV1403,0
TXN05167,CARD08463,C08463,M001,T001,2026-07-01 04:09:00,15820000,VN,DEV0940,0
TXN05168,CARD04688,C04688,M004,T004,2026-07-22 06:42:00,26640000,US,DEV0296,0
TXN05169,CARD00032,C00032,M004,T004,2026-07-24 21:34:00,43000000,HK,DEV1458,0
TXN05170,CARD05489,C05489,M012,T012,2026-07-20 10:47:00,30350000,VN,DEV1957,0
TXN05171,CARD08715,C08715,M011,T011,2026-07-08 19:56:00,7560000,VN,DEV0972,0
TXN05172,CARD01669,C01669,M006,T006,2026-07-03 15:10:00,39850000,VN,DEV1906,0
TXN05173,CARD03306,C03306,M012,T012,2026-07-06 09:57:00,9960000,VN,DEV1875,0
TXN05174,CARD02460,C02460,M008,T008,2026-07-11 09:10:00,10820000,VN,DEV0538,0
TXN05175,CARD05913,C05913,M003,T003,2026-07-21 14:21:00,20230000,HK,DEV1286,0
TXN05176,CARD08436,C08436,M007,T007,2026-07-04 17:50:00,32070000,VN,DEV0646,0
TXN05177,CARD03014,C03014,M008,T008,2026-07-06 10:51:00,9510000,VN,DEV1334,0
TXN05178,CARD06181,C06181,M006,T006,2026-07-12 16:27:00,44430000,VN,DEV1864,0
TXN05179,CARD03961,C03961,M007,T007,2026-07-22 10:27:00,23350000,VN,DEV0471,0
TXN05180,CARD00205,C00205,M002,T002,2026-07-12 06:57:00,10870000,SG,NEW_DEVICE,1
TXN05181,CARD00725,C00725,M007,T007,2026-07-17 16:39:00,5920000,VN,DEV0370,0
TXN05182,CARD01196,C01196,M006,T006,2026-07-04 16:18:00,31780000,VN,DEV1131,0
TXN05183,CARD06261,C06261,M008,T008,2026-07-03 08:30:00,49250000,VN,DEV1616,0
TXN05184,CARD03966,C03966,M009,T009,2026-07-02 07:25:00,33630000,VN,DEV0210,0
TXN05185,CARD08728,C08728,M002,T002,2026-07-13 06:30:00,42730000,SG,DEV0791,0
TXN05186,CARD00201,C00201,M007,T007,2026-07-08 14:35:00,18160000,VN,DEV0732,0
TXN05187,CARD00453,C00453,M004,T004,2026-07-10 15:58:00,21420000,US,DEV1498,0
TXN05188,CARD01211,C01211,M007,T007,2026-07-08 17:43:00,14860000,VN,DEV0202,0
TXN05189,CARD06601,C06601,M011,T011,2026-07-17 14:58:00,29950000,VN,DEV1884,0
TXN05190,CARD04127,C04127,M001,T001,2026-07-16 18:15:00,32710000,VN,DEV1218,0
TXN05191,CARD05290,C05290,M014,T014,2026-07-14 21:36:00,9460000,SG,NEW_DEVICE,1
TXN05192,CARD06386,C06386,M008,T008,2026-07-15 19:34:00,25120000,VN,DEV0817,0
TXN05193,CARD09179,C09179,M011,T011,2026-07-15 07:23:00,7770000,VN,DEV0226,0
TXN05194,CARD01204,C01204,M011,T011,2026-07-28 03:14:00,14940000,VN,DEV0497,0
TXN05195,CARD04954,C04954,M002,T002,2026-07-02 06:51:00,19180000,SG,DEV0473,0
TXN05196,CARD07138,C07138,M009,T009,2026-07-26 14:24:00,41530000,VN,DEV0776,0
TXN05197,CARD08694,C08694,M005,T005,2026-07-24 23:32:00,16570000,HK,DEV0266,0
TXN05198,CARD08361,C08361,M013,T013,2026-07-22 08:31:00,45960000,VN,DEV0524,0
TXN05199,CARD03471,C03471,M004,T004,2026-07-25 17:25:00,6460000,US,DEV1758,0
TXN05200,CARD00193,C00193,M002,T002,2026-07-27 11:49:00,9690000,US,DEV1401,0
TXN05201,CARD01935,C01935,M012,T012,2026-07-13 17:54:00,34440000,VN,DEV0206,0
TXN05202,CARD05167,C05167,M011,T011,2026-07-05 00:17:00,37800000,VN,DEV0158,0
TXN05203,CARD05414,C05414,M013,T013,2026-07-09 22:40:00,11080000,VN,DEV0009,0
TXN05204,CARD02384,C02384,M003,T003,2026-07-03 19:50:00,14950000,HK,DEV1040,0
TXN05205,CARD03107,C03107,M005,T005,2026-07-11 17:33:00,36050000,SG,DEV1748,0
TXN05206,CARD08799,C08799,M001,T001,2026-07-07 21:31:00,15140000,VN,DEV0420,0
TXN05207,CARD00105,C00105,M009,T009,2026-07-26 06:19:00,37010000,VN,DEV1463,0
TXN05208,CARD08823,C08823,M014,T014,2026-07-18 04:19:00,1970000,VN,DEV0813,0
TXN05209,CARD06780,C06780,M008,T008,2026-07-19 15:58:00,29030000,VN,DEV1491,0
TXN05210,CARD05804,C05804,M007,T007,2026-07-07 09:54:00,7770000,VN,DEV0508,0
TXN05211,CARD08909,C08909,M005,T005,2026-07-20 21:23:00,18630000,HK,DEV0611,0
TXN05212,CARD09752,C09752,M006,T006,2026-07-02 09:47:00,8500000,VN,DEV1318,0
TXN05213,CARD04871,C04871,M012,T012,2026-07-16 06:38:00,6090000,VN,DEV0199,0
TXN05214,CARD06915,C06915,M010,T010,2026-07-01 15:59:00,41050000,VN,DEV0166,0
TXN05215,CARD07262,C07262,M008,T008,2026-07-06 22:51:00,18950000,VN,DEV1031,0
TXN05216,CARD09896,C09896,M002,T002,2026-07-16 19:13:00,31450000,US,DEV0134,0
TXN05217,CARD08260,C08260,M007,T007,2026-07-22 16:07:00,4680000,VN,DEV1921,0
TXN05218,CARD02753,C02753,M012,T012,2026-07-21 12:11:00,23110000,VN,DEV1741,0
TXN05219,CARD09361,C09361,M007,T007,2026-07-23 12:26:00,2250000,VN,DEV0910,0
TXN05220,CARD09920,C09920,M002,T002,2026-07-24 11:26:00,19540000,SG,DEV1812,0
TXN05221,CARD06736,C06736,M011,T011,2026-07-21 16:33:00,2740000,VN,DEV0836,0
TXN05222,CARD07796,C07796,M004,T004,2026-07-07 18:00:00,25700000,SG,DEV0220,0
TXN05223,CARD01851,C01851,M005,T005,2026-07-24 15:32:00,3860000,US,DEV1816,0
TXN05224,CARD01357,C01357,M001,T001,2026-07-03 17:09:00,24870000,VN,DEV0251,0
TXN05225,CARD01990,C01990,M008,T008,2026-07-07 16:48:00,23490000,VN,DEV1604,0
TXN05226,CARD00135,C00135,M011,T011,2026-07-04 05:01:00,14290000,US,NEW_DEVICE,1
TXN05227,CARD02193,C02193,M004,T004,2026-07-17 12:33:00,16760000,HK,DEV0715,0
TXN05228,CARD07557,C07557,M009,T009,2026-07-25 07:25:00,6340000,VN,DEV1805,0
TXN05229,CARD00323,C00323,M009,T009,2026-07-05 18:44:00,1940000,VN,DEV1473,0
TXN05230,CARD01021,C01021,M002,T002,2026-07-09 03:51:00,11360000,SG,DEV1255,0
TXN05231,CARD01315,C01315,M005,T005,2026-07-08 17:05:00,20990000,HK,DEV1364,0
TXN05232,CARD06086,C06086,M011,T011,2026-07-02 21:57:00,24960000,VN,DEV0167,0
TXN05233,CARD06535,C06535,M001,T001,2026-07-23 16:55:00,24620000,VN,DEV0002,0
TXN05234,CARD07466,C07466,M014,T014,2026-07-07 04:01:00,29290000,VN,DEV0780,0
TXN05235,CARD00414,C00414,M010,T010,2026-07-27 04:22:00,18160000,VN,DEV0463,0
TXN05236,CARD00942,C00942,M012,T012,2026-07-09 04:18:00,29920000,VN,DEV0050,0
TXN05237,CARD04993,C04993,M006,T006,2026-07-16 03:31:00,15490000,VN,DEV0756,0
TXN05238,CARD04124,C04124,M003,T003,2026-07-22 06:03:00,13470000,HK,DEV1463,0
TXN05239,CARD01300,C01300,M013,T013,2026-07-26 04:07:00,15060000,VN,DEV1492,0
TXN05240,CARD07776,C07776,M006,T006,2026-07-03 04:08:00,24430000,VN,DEV1481,0
TXN05241,CARD05019,C05019,M002,T002,2026-07-01 23:00:00,44910000,US,DEV0624,0
TXN05242,CARD08171,C08171,M014,T014,2026-07-18 16:43:00,17730000,VN,DEV0811,0
TXN05243,CARD04971,C04971,M012,T012,2026-07-17 17:27:00,9960000,VN,DEV0947,0
TXN05244,CARD07923,C07923,M009,T009,2026-07-03 06:39:00,4250000,VN,DEV1207,0
TXN05245,CARD05501,C05501,M005,T005,2026-07-12 21:28:00,16430000,HK,DEV0901,0
TXN05246,CARD02287,C02287,M010,T010,2026-07-03 15:43:00,44270000,VN,DEV0828,0
TXN05247,CARD09410,C09410,M011,T011,2026-07-10 05:47:00,31000000,VN,DEV0392,0
TXN05248,CARD08046,C08046,M002,T002,2026-07-16 23:55:00,9490000,HK,DEV1087,0
TXN05249,CARD07003,C07003,M002,T002,2026-07-12 18:11:00,32130000,SG,DEV1969,0
TXN05250,CARD03371,C03371,M013,T013,2026-07-20 05:50:00,3320000,VN,DEV1427,0
TXN05251,CARD08050,C08050,M013,T013,2026-07-17 13:26:00,6290000,VN,DEV1342,0
TXN05252,CARD04614,C04614,M003,T003,2026-07-16 07:33:00,25670000,US,DEV1487,0
TXN05253,CARD00564,C00564,M002,T002,2026-07-05 13:00:00,27530000,US,DEV0979,0
TXN05254,CARD00160,C00160,M012,T012,2026-07-03 10:53:00,45210000,VN,DEV0244,0
TXN05255,CARD07376,C07376,M006,T006,2026-07-24 22:08:00,1660000,VN,DEV1603,0
TXN05256,CARD05968,C05968,M004,T004,2026-07-16 06:41:00,23390000,HK,DEV1181,0
TXN05257,CARD03371,C03371,M009,T009,2026-07-23 20:49:00,13410000,HK,NEW_DEVICE,1
TXN05258,CARD07886,C07886,M003,T003,2026-07-14 02:25:00,890000,US,DEV1506,0
TXN05259,CARD00485,C00485,M007,T007,2026-07-07 02:24:00,24090000,VN,DEV0556,0
TXN05260,CARD06705,C06705,M007,T007,2026-07-21 03:53:00,43040000,VN,DEV0309,0
TXN05261,CARD04917,C04917,M008,T008,2026-07-11 01:54:00,22840000,VN,DEV0238,0
TXN05262,CARD05905,C05905,M007,T007,2026-07-12 10:57:00,38630000,VN,DEV0726,0
TXN05263,CARD07021,C07021,M012,T012,2026-07-27 09:38:00,49230000,VN,DEV1159,0
TXN05264,CARD04188,C04188,M014,T014,2026-07-26 08:30:00,8420000,VN,DEV0342,0
TXN05265,CARD09319,C09319,M008,T008,2026-07-25 04:10:00,30490000,VN,DEV0789,0
TXN05266,CARD08990,C08990,M001,T001,2026-07-25 15:57:00,28800000,VN,DEV0305,0
TXN05267,CARD07666,C07666,M009,T009,2026-07-07 11:40:00,48720000,VN,DEV1445,0
TXN05268,CARD03059,C03059,M007,T007,2026-07-26 22:15:00,20300000,VN,DEV0134,0
TXN05269,CARD08356,C08356,M012,T012,2026-07-05 17:32:00,28410000,VN,DEV0731,0
TXN05270,CARD04821,C04821,M008,T008,2026-07-18 05:53:00,10030000,VN,DEV0899,0
TXN05271,CARD03284,C03284,M014,T014,2026-07-04 17:32:00,15520000,VN,DEV1345,0
TXN05272,CARD07680,C07680,M011,T011,2026-07-04 17:28:00,16490000,VN,DEV1715,0
TXN05273,CARD02640,C02640,M002,T002,2026-07-02 04:49:00,49350000,SG,DEV0415,0
TXN05274,CARD03955,C03955,M013,T013,2026-07-02 23:12:00,12600000,VN,DEV0717,0
TXN05275,CARD02342,C02342,M001,T001,2026-07-04 00:16:00,43000000,VN,DEV0220,0
TXN05276,CARD03185,C03185,M008,T008,2026-07-04 12:49:00,30130000,VN,DEV0384,0
TXN05277,CARD06700,C06700,M003,T003,2026-07-11 00:56:00,8590000,HK,DEV0550,0
TXN05278,CARD08731,C08731,M002,T002,2026-07-16 18:01:00,26910000,HK,DEV0958,0
TXN05279,CARD01465,C01465,M006,T006,2026-07-03 02:57:00,2200000,VN,DEV1488,0
TXN05280,CARD05345,C05345,M005,T005,2026-07-17 03:38:00,16970000,US,DEV0590,0
TXN05281,CARD03513,C03513,M011,T011,2026-07-09 08:47:00,2710000,VN,DEV0330,0
TXN05282,CARD07769,C07769,M010,T010,2026-07-11 01:17:00,48510000,VN,DEV0347,0
TXN05283,CARD01892,C01892,M012,T012,2026-07-22 02:41:00,11970000,VN,DEV0230,0
TXN05284,CARD02289,C02289,M013,T013,2026-07-16 21:31:00,17970000,VN,DEV0892,0
TXN05285,CARD01999,C01999,M007,T007,2026-07-25 22:31:00,25130000,VN,DEV1417,0
TXN05286,CARD01806,C01806,M006,T006,2026-07-23 09:13:00,14320000,VN,DEV1725,0
TXN05287,CARD06191,C06191,M003,T003,2026-07-09 20:00:00,20570000,HK,DEV0889,0
TXN05288,CARD05892,C05892,M010,T010,2026-07-22 09:53:00,29370000,VN,DEV1385,0
TXN05289,CARD09130,C09130,M006,T006,2026-07-08 18:03:00,11930000,VN,DEV0482,0
TXN05290,CARD09777,C09777,M007,T007,2026-07-16 22:58:00,5440000,VN,DEV0427,0
TXN05291,CARD00962,C00962,M006,T006,2026-07-04 19:42:00,32540000,VN,DEV0380,0
TXN05292,CARD05563,C05563,M009,T009,2026-07-17 20:37:00,7720000,VN,DEV0883,0
TXN05293,CARD04023,C04023,M007,T007,2026-07-27 23:08:00,21480000,VN,DEV0356,0
TXN05294,CARD05914,C05914,M005,T005,2026-07-11 08:38:00,46650000,VN,NEW_DEVICE,1
TXN05295,CARD00464,C00464,M004,T004,2026-07-08 10:51:00,39640000,HK,DEV0138,0
TXN05296,CARD07067,C07067,M006,T006,2026-07-26 04:01:00,10670000,VN,DEV0946,0
TXN05297,CARD05469,C05469,M002,T002,2026-07-24 03:48:00,5420000,US,DEV1467,0
TXN05298,CARD06001,C06001,M009,T009,2026-07-25 18:19:00,41730000,VN,NEW_DEVICE,1
TXN05299,CARD09029,C09029,M006,T006,2026-07-24 23:32:00,18900000,VN,DEV0154,0
TXN05300,CARD06333,C06333,M010,T010,2026-07-12 10:20:00,13550000,VN,DEV1390,0
TXN05301,CARD09674,C09674,M008,T008,2026-07-05 18:41:00,15690000,VN,DEV0408,0
TXN05302,CARD03910,C03910,M002,T002,2026-07-24 04:21:00,39690000,SG,DEV1943,0
TXN05303,CARD02363,C02363,M010,T010,2026-07-20 00:28:00,38680000,VN,DEV1387,0
TXN05304,CARD04930,C04930,M014,T014,2026-07-10 13:34:00,9940000,VN,DEV0372,0
TXN05305,CARD07088,C07088,M001,T001,2026-07-05 03:50:00,680000,VN,DEV1010,0
TXN05306,CARD02255,C02255,M013,T013,2026-07-04 15:39:00,5460000,VN,DEV1495,0
TXN05307,CARD05832,C05832,M014,T014,2026-07-14 21:01:00,42860000,VN,DEV1252,0
TXN05308,CARD03429,C03429,M014,T014,2026-07-25 17:18:00,4910000,VN,DEV1622,0
TXN05309,CARD08127,C08127,M011,T011,2026-07-18 16:50:00,45090000,VN,DEV0747,0
TXN05310,CARD05565,C05565,M004,T004,2026-07-20 11:13:00,4030000,US,DEV1528,0
TXN05311,CARD07897,C07897,M012,T012,2026-07-19 22:16:00,28660000,VN,DEV0613,0
TXN05312,CARD09886,C09886,M007,T007,2026-07-01 02:09:00,20690000,VN,DEV1164,0
TXN05313,CARD03323,C03323,M005,T005,2026-07-01 18:40:00,33580000,US,DEV0605,0
TXN05314,CARD01119,C01119,M004,T004,2026-07-07 00:15:00,2350000,SG,DEV0565,0
TXN05315,CARD01107,C01107,M011,T011,2026-07-11 10:37:00,10750000,VN,DEV0666,0
TXN05316,CARD00363,C00363,M008,T008,2026-07-08 00:44:00,7100000,VN,DEV1007,0
TXN05317,CARD03647,C03647,M002,T002,2026-07-25 07:47:00,46290000,US,DEV0961,0
TXN05318,CARD05331,C05331,M007,T007,2026-07-21 04:37:00,37360000,VN,DEV1621,0
TXN05319,CARD09461,C09461,M014,T014,2026-07-04 06:48:00,14690000,VN,DEV0883,0
TXN05320,CARD00164,C00164,M007,T007,2026-07-20 18:47:00,10930000,VN,DEV0945,0
TXN05321,CARD05317,C05317,M013,T013,2026-07-18 23:20:00,11020000,VN,DEV1646,0
TXN05322,CARD03063,C03063,M008,T008,2026-07-19 13:35:00,1000000,VN,DEV1104,0
TXN05323,CARD06132,C06132,M008,T008,2026-07-01 07:31:00,5490000,VN,DEV0694,0
TXN05324,CARD02708,C02708,M011,T011,2026-07-04 20:31:00,28380000,VN,DEV1192,0
TXN05325,CARD00891,C00891,M013,T013,2026-07-18 11:55:00,12770000,VN,DEV0070,0
TXN05326,CARD03587,C03587,M002,T002,2026-07-10 22:27:00,31900000,SG,DEV0574,0
TXN05327,CARD02225,C02225,M003,T003,2026-07-06 08:16:00,32780000,HK,DEV1277,0
TXN05328,CARD05777,C05777,M002,T002,2026-07-27 02:33:00,7000000,HK,DEV0201,0
TXN05329,CARD07699,C07699,M005,T005,2026-07-07 07:19:00,27030000,SG,NEW_DEVICE,1
TXN05330,CARD09147,C09147,M002,T002,2026-07-25 04:55:00,30260000,US,DEV1964,0
TXN05331,CARD09441,C09441,M001,T001,2026-07-18 00:51:00,24490000,VN,DEV1415,0
TXN05332,CARD01152,C01152,M002,T002,2026-07-20 05:06:00,34080000,HK,DEV1925,0
TXN05333,CARD04748,C04748,M013,T013,2026-07-28 00:28:00,9830000,VN,DEV1675,0
TXN05334,CARD09922,C09922,M012,T012,2026-07-13 23:03:00,18350000,VN,DEV1061,0
TXN05335,CARD07987,C07987,M006,T006,2026-07-17 07:17:00,35940000,VN,DEV0302,0
TXN05336,CARD02192,C02192,M009,T009,2026-07-07 14:13:00,40640000,VN,DEV1218,0
TXN05337,CARD00255,C00255,M011,T011,2026-07-17 04:30:00,38030000,VN,DEV0321,0
TXN05338,CARD02774,C02774,M013,T013,2026-07-07 16:46:00,21090000,VN,DEV1117,0
TXN05339,CARD07230,C07230,M002,T002,2026-07-27 17:11:00,10980000,HK,DEV0882,0
TXN05340,CARD05305,C05305,M010,T010,2026-07-27 22:19:00,20630000,VN,DEV1037,0
TXN05341,CARD04147,C04147,M012,T012,2026-07-10 12:59:00,13980000,VN,DEV0397,0
TXN05342,CARD00467,C00467,M014,T014,2026-07-13 16:30:00,41840000,VN,DEV0516,0
TXN05343,CARD02416,C02416,M007,T007,2026-07-17 09:00:00,18090000,VN,DEV1909,0
TXN05344,CARD04601,C04601,M005,T005,2026-07-07 19:16:00,20730000,US,DEV0303,0
TXN05345,CARD02536,C02536,M002,T002,2026-07-16 03:00:00,15920000,SG,DEV0397,0
TXN05346,CARD09136,C09136,M010,T010,2026-07-15 00:05:00,27460000,VN,DEV1082,0
TXN05347,CARD05800,C05800,M008,T008,2026-07-07 13:39:00,34930000,VN,DEV0703,0
TXN05348,CARD01710,C01710,M011,T011,2026-07-23 07:59:00,13330000,VN,DEV1808,0
TXN05349,CARD09008,C09008,M012,T012,2026-07-26 18:56:00,22960000,VN,DEV1729,0
TXN05350,CARD08457,C08457,M005,T005,2026-07-21 21:57:00,8080000,US,DEV1049,0
TXN05351,CARD06072,C06072,M014,T014,2026-07-04 23:23:00,45480000,VN,DEV0464,0
TXN05352,CARD02441,C02441,M008,T008,2026-07-23 03:38:00,8580000,VN,DEV0205,0
TXN05353,CARD03159,C03159,M012,T012,2026-07-13 21:45:00,44010000,VN,DEV0451,0
TXN05354,CARD00301,C00301,M011,T011,2026-07-22 10:38:00,15530000,VN,DEV1557,0
TXN05355,CARD09745,C09745,M006,T006,2026-07-18 23:51:00,9720000,VN,DEV0082,0
TXN05356,CARD07830,C07830,M007,T007,2026-07-02 03:12:00,49630000,VN,DEV0609,0
TXN05357,CARD09276,C09276,M008,T008,2026-07-28 05:01:00,11530000,VN,DEV1187,0
TXN05358,CARD01810,C01810,M014,T014,2026-07-15 19:02:00,49140000,VN,DEV1591,0
TXN05359,CARD00201,C00201,M014,T014,2026-07-01 06:26:00,27790000,VN,DEV1656,0
TXN05360,CARD04486,C04486,M008,T008,2026-07-06 23:30:00,33030000,VN,DEV1263,0
TXN05361,CARD04409,C04409,M006,T006,2026-07-26 13:49:00,9500000,HK,NEW_DEVICE,1
TXN05362,CARD08793,C08793,M010,T010,2026-07-19 22:31:00,16170000,VN,DEV1598,0
TXN05363,CARD08942,C08942,M014,T014,2026-07-08 19:46:00,25030000,VN,DEV1511,0
TXN05364,CARD07274,C07274,M010,T010,2026-07-02 04:44:00,19990000,VN,DEV1122,0
TXN05365,CARD03684,C03684,M008,T008,2026-07-08 04:21:00,9920000,VN,DEV1340,0
TXN05366,CARD06652,C06652,M009,T009,2026-07-08 05:00:00,21680000,VN,DEV0008,0
TXN05367,CARD05562,C05562,M008,T008,2026-07-17 06:46:00,37910000,VN,DEV0228,0
TXN05368,CARD03716,C03716,M001,T001,2026-07-10 22:22:00,41900000,VN,DEV1044,0
TXN05369,CARD05047,C05047,M005,T005,2026-07-17 20:38:00,34100000,SG,NEW_DEVICE,1
TXN05370,CARD07149,C07149,M010,T010,2026-07-25 20:40:00,21180000,VN,DEV1482,0
TXN05371,CARD00763,C00763,M010,T010,2026-07-13 15:08:00,10040000,VN,DEV1370,0
TXN05372,CARD09922,C09922,M004,T004,2026-07-17 20:25:00,34240000,SG,DEV0851,0
TXN05373,CARD09818,C09818,M010,T010,2026-07-24 19:21:00,660000,VN,DEV0212,0
TXN05374,CARD03250,C03250,M008,T008,2026-07-04 05:08:00,3130000,VN,DEV0200,0
TXN05375,CARD09414,C09414,M010,T010,2026-07-11 19:15:00,25540000,VN,DEV0928,0
TXN05376,CARD00802,C00802,M011,T011,2026-07-03 16:24:00,1060000,VN,DEV0788,0
TXN05377,CARD03627,C03627,M005,T005,2026-07-08 00:59:00,43620000,US,DEV0686,0
TXN05378,CARD07477,C07477,M007,T007,2026-07-10 22:40:00,48900000,VN,DEV0370,0
TXN05379,CARD08523,C08523,M007,T007,2026-07-25 20:32:00,43780000,VN,DEV0726,0
TXN05380,CARD03920,C03920,M010,T010,2026-07-16 01:17:00,28890000,VN,DEV1228,0
TXN05381,CARD02281,C02281,M004,T004,2026-07-10 09:57:00,5100000,HK,DEV0411,0
TXN05382,CARD09907,C09907,M011,T011,2026-07-07 03:59:00,28010000,VN,DEV0662,0
TXN05383,CARD00664,C00664,M013,T013,2026-07-22 17:43:00,2040000,VN,DEV0712,0
TXN05384,CARD06968,C06968,M009,T009,2026-07-02 10:29:00,29140000,VN,DEV0432,0
TXN05385,CARD01182,C01182,M001,T001,2026-07-14 01:10:00,25830000,VN,DEV1603,0
TXN05386,CARD05085,C05085,M001,T001,2026-07-28 03:27:00,22300000,VN,DEV1444,0
TXN05387,CARD08694,C08694,M006,T006,2026-07-26 00:19:00,35540000,VN,DEV1921,0
TXN05388,CARD06739,C06739,M009,T009,2026-07-14 15:55:00,32510000,VN,DEV1950,0
TXN05389,CARD07083,C07083,M009,T009,2026-07-26 09:27:00,27770000,VN,DEV1282,0
TXN05390,CARD08774,C08774,M012,T012,2026-07-03 10:38:00,48310000,VN,DEV1801,0
TXN05391,CARD04557,C04557,M001,T001,2026-07-21 18:13:00,2530000,VN,DEV1717,0
TXN05392,CARD09089,C09089,M006,T006,2026-07-01 23:08:00,13890000,VN,DEV0178,0
TXN05393,CARD08910,C08910,M008,T008,2026-07-18 17:26:00,43720000,VN,DEV1148,0
TXN05394,CARD09769,C09769,M009,T009,2026-07-23 17:01:00,6610000,VN,DEV0846,0
TXN05395,CARD05620,C05620,M004,T004,2026-07-09 03:01:00,6820000,HK,DEV0525,0
TXN05396,CARD02540,C02540,M002,T002,2026-07-09 21:11:00,21490000,HK,DEV1120,0
TXN05397,CARD03959,C03959,M002,T002,2026-07-13 19:09:00,38840000,SG,DEV1296,0
TXN05398,CARD05293,C05293,M012,T012,2026-07-10 07:02:00,28470000,VN,DEV0879,0
TXN05399,CARD09493,C09493,M007,T007,2026-07-24 04:57:00,17090000,VN,DEV0035,0
TXN05400,CARD08135,C08135,M005,T005,2026-07-01 07:53:00,20560000,HK,DEV1017,0
TXN05401,CARD02169,C02169,M013,T013,2026-07-04 16:16:00,18560000,VN,DEV1765,0
TXN05402,CARD06333,C06333,M007,T007,2026-07-06 13:56:00,24170000,VN,DEV1840,0
TXN05403,CARD02307,C02307,M012,T012,2026-07-05 19:23:00,36320000,VN,DEV0023,0
TXN05404,CARD09228,C09228,M002,T002,2026-07-03 12:31:00,2180000,SG,DEV1539,0
TXN05405,CARD04839,C04839,M004,T004,2026-07-27 14:45:00,35040000,HK,DEV1083,0
TXN05406,CARD09983,C09983,M009,T009,2026-07-23 01:18:00,15620000,VN,DEV0639,0
TXN05407,CARD01266,C01266,M013,T013,2026-07-04 06:28:00,31770000,VN,DEV1172,0
TXN05408,CARD03805,C03805,M014,T014,2026-07-10 01:11:00,46030000,VN,DEV1043,0
TXN05409,CARD09213,C09213,M008,T008,2026-07-18 17:21:00,4970000,VN,DEV0706,0
TXN05410,CARD00716,C00716,M011,T011,2026-07-26 10:51:00,27430000,VN,DEV0147,0
TXN05411,CARD04270,C04270,M003,T003,2026-07-23 04:39:00,13250000,SG,DEV1528,0
TXN05412,CARD04335,C04335,M012,T012,2026-07-26 21:06:00,48930000,VN,DEV1774,0
TXN05413,CARD05912,C05912,M005,T005,2026-07-03 16:59:00,5230000,SG,DEV0458,0
TXN05414,CARD05955,C05955,M010,T010,2026-07-10 00:30:00,10140000,VN,DEV1634,0
TXN05415,CARD07658,C07658,M013,T013,2026-07-04 07:04:00,28090000,VN,DEV0527,0
TXN05416,CARD00854,C00854,M007,T007,2026-07-26 23:19:00,22120000,VN,DEV0772,0
TXN05417,CARD01019,C01019,M002,T002,2026-07-26 11:32:00,46530000,SG,DEV1954,0
TXN05418,CARD01951,C01951,M004,T004,2026-07-04 01:08:00,33370000,HK,DEV1636,0
TXN05419,CARD05780,C05780,M004,T004,2026-07-22 00:43:00,18560000,US,DEV0318,0
TXN05420,CARD07369,C07369,M006,T006,2026-07-12 07:03:00,34530000,VN,DEV0223,0
TXN05421,CARD00199,C00199,M003,T003,2026-07-02 16:14:00,22890000,US,DEV1136,0
TXN05422,CARD08495,C08495,M013,T013,2026-07-15 10:23:00,20080000,VN,DEV0442,0
TXN05423,CARD09178,C09178,M007,T007,2026-07-18 01:06:00,18330000,VN,DEV1929,0
TXN05424,CARD07461,C07461,M003,T003,2026-07-27 17:30:00,32260000,US,DEV0217,0
TXN05425,CARD01927,C01927,M001,T001,2026-07-06 00:56:00,10510000,VN,DEV1231,0
TXN05426,CARD05522,C05522,M001,T001,2026-07-17 21:24:00,40980000,VN,DEV1256,0
TXN05427,CARD09432,C09432,M003,T003,2026-07-26 13:54:00,23940000,US,DEV1738,0
TXN05428,CARD01705,C01705,M004,T004,2026-07-01 09:11:00,2150000,SG,DEV1331,0
TXN05429,CARD05586,C05586,M014,T014,2026-07-13 02:41:00,42760000,VN,DEV1402,0
TXN05430,CARD07618,C07618,M002,T002,2026-07-19 18:29:00,10530000,SG,DEV0978,0
TXN05431,CARD02394,C02394,M004,T004,2026-07-08 16:22:00,11630000,SG,DEV0880,0
TXN05432,CARD00499,C00499,M002,T002,2026-07-09 03:11:00,13980000,SG,DEV0292,0
TXN05433,CARD06726,C06726,M013,T013,2026-07-24 07:14:00,47500000,HK,NEW_DEVICE,1
TXN05434,CARD02713,C02713,M014,T014,2026-07-14 00:53:00,22210000,VN,DEV1980,0
TXN05435,CARD07127,C07127,M011,T011,2026-07-06 19:37:00,40660000,VN,DEV0774,0
TXN05436,CARD05948,C05948,M007,T007,2026-07-21 00:39:00,47740000,VN,DEV0321,0
TXN05437,CARD04075,C04075,M004,T004,2026-07-12 15:33:00,19020000,US,DEV1984,0
TXN05438,CARD09091,C09091,M002,T002,2026-07-14 18:56:00,13040000,SG,DEV1497,0
TXN05439,CARD04771,C04771,M013,T013,2026-07-23 10:04:00,49180000,VN,DEV1523,0
TXN05440,CARD06074,C06074,M003,T003,2026-07-03 21:42:00,10700000,SG,DEV0554,0
TXN05441,CARD08967,C08967,M014,T014,2026-07-06 01:15:00,20930000,VN,DEV0836,0
TXN05442,CARD00552,C00552,M001,T001,2026-07-18 17:10:00,48440000,VN,DEV1886,0
TXN05443,CARD02076,C02076,M004,T004,2026-07-13 15:57:00,46610000,HK,DEV1026,0
TXN05444,CARD00944,C00944,M007,T007,2026-07-01 23:14:00,13350000,VN,DEV0581,0
TXN05445,CARD04356,C04356,M010,T010,2026-07-10 19:04:00,41660000,VN,DEV1515,0
TXN05446,CARD09076,C09076,M013,T013,2026-07-12 13:49:00,29900000,VN,DEV1200,0
TXN05447,CARD05503,C05503,M007,T007,2026-07-11 07:42:00,3540000,VN,DEV1195,0
TXN05448,CARD05254,C05254,M002,T002,2026-07-16 05:41:00,41270000,HK,DEV0673,0
TXN05449,CARD07063,C07063,M001,T001,2026-07-17 09:45:00,12020000,VN,DEV1905,0
TXN05450,CARD06267,C06267,M003,T003,2026-07-02 00:37:00,13570000,HK,DEV0974,0
TXN05451,CARD03270,C03270,M013,T013,2026-07-18 23:58:00,48950000,VN,DEV1458,0
TXN05452,CARD02012,C02012,M013,T013,2026-07-25 10:52:00,23950000,VN,DEV0923,0
TXN05453,CARD04472,C04472,M011,T011,2026-07-24 15:45:00,20880000,VN,DEV0383,0
TXN05454,CARD02056,C02056,M013,T013,2026-07-10 07:50:00,20380000,VN,DEV0124,0
TXN05455,CARD08650,C08650,M014,T014,2026-07-07 19:48:00,7220000,VN,DEV1491,0
TXN05456,CARD07977,C07977,M004,T004,2026-07-23 01:59:00,11620000,US,DEV1263,0
TXN05457,CARD04197,C04197,M001,T001,2026-07-24 01:16:00,4660000,VN,DEV1520,0
TXN05458,CARD06328,C06328,M009,T009,2026-07-06 17:46:00,42550000,VN,DEV1285,0
TXN05459,CARD00910,C00910,M005,T005,2026-07-26 16:56:00,32750000,US,DEV0008,0
TXN05460,CARD07446,C07446,M010,T010,2026-07-23 07:51:00,49270000,VN,DEV0612,0
TXN05461,CARD08344,C08344,M006,T006,2026-07-17 11:35:00,36720000,VN,DEV1579,0
TXN05462,CARD08956,C08956,M010,T010,2026-07-02 17:39:00,11830000,VN,DEV1991,0
TXN05463,CARD09893,C09893,M001,T001,2026-07-14 21:53:00,29240000,VN,DEV1724,0
TXN05464,CARD00172,C00172,M011,T011,2026-07-22 12:06:00,24960000,VN,DEV1373,0
TXN05465,CARD04412,C04412,M002,T002,2026-07-09 08:17:00,21200000,SG,DEV1452,0
TXN05466,CARD01772,C01772,M009,T009,2026-07-09 21:02:00,11680000,VN,DEV1466,0
TXN05467,CARD02792,C02792,M010,T010,2026-07-27 08:35:00,42370000,VN,DEV1518,0
TXN05468,CARD02764,C02764,M003,T003,2026-07-26 11:26:00,38500000,HK,DEV1752,0
TXN05469,CARD07139,C07139,M009,T009,2026-07-28 01:25:00,35840000,VN,DEV1837,0
TXN05470,CARD04304,C04304,M011,T011,2026-07-01 19:20:00,25590000,VN,DEV0062,0
TXN05471,CARD00536,C00536,M003,T003,2026-07-19 19:53:00,15840000,SG,DEV1232,0
TXN05472,CARD03250,C03250,M003,T003,2026-07-17 23:36:00,9430000,SG,DEV1490,0
TXN05473,CARD01837,C01837,M008,T008,2026-07-02 09:45:00,3330000,VN,DEV1438,0
TXN05474,CARD07705,C07705,M002,T002,2026-07-14 09:42:00,5750000,SG,DEV0374,0
TXN05475,CARD03599,C03599,M011,T011,2026-07-22 15:35:00,9130000,VN,DEV1068,0
TXN05476,CARD01806,C01806,M010,T010,2026-07-08 10:42:00,43970000,VN,DEV1844,0
TXN05477,CARD03118,C03118,M001,T001,2026-07-03 21:54:00,12660000,VN,DEV1494,0
TXN05478,CARD03102,C03102,M011,T011,2026-07-09 12:18:00,8720000,VN,DEV1333,0
TXN05479,CARD06305,C06305,M012,T012,2026-07-11 19:27:00,7050000,VN,DEV1383,0
TXN05480,CARD03057,C03057,M012,T012,2026-07-17 09:07:00,7430000,VN,DEV0019,0
TXN05481,CARD04621,C04621,M007,T007,2026-07-04 12:08:00,29340000,VN,DEV1865,0
TXN05482,CARD01464,C01464,M007,T007,2026-07-22 22:19:00,21410000,VN,DEV1891,0
TXN05483,CARD01880,C01880,M012,T012,2026-07-22 23:16:00,33420000,VN,DEV1824,0
TXN05484,CARD03787,C03787,M012,T012,2026-07-15 15:36:00,21480000,VN,DEV1871,0
TXN05485,CARD09002,C09002,M014,T014,2026-07-22 12:04:00,21870000,US,NEW_DEVICE,1
TXN05486,CARD04114,C04114,M013,T013,2026-07-22 19:41:00,44790000,VN,DEV1624,0
TXN05487,CARD09770,C09770,M013,T013,2026-07-02 02:35:00,25700000,VN,DEV1927,0
TXN05488,CARD04735,C04735,M013,T013,2026-07-21 19:21:00,4270000,VN,DEV1562,0
TXN05489,CARD04288,C04288,M005,T005,2026-07-12 20:21:00,400000,NG,NEW_DEVICE,1
TXN05490,CARD02324,C02324,M003,T003,2026-07-09 09:11:00,36420000,US,DEV1470,0
TXN05491,CARD04066,C04066,M002,T002,2026-07-21 07:46:00,21550000,SG,DEV0469,0
TXN05492,CARD05523,C05523,M002,T002,2026-07-03 12:57:00,49980000,HK,DEV1407,0
TXN05493,CARD00910,C00910,M004,T004,2026-07-17 15:31:00,26460000,US,DEV1897,0
TXN05494,CARD04842,C04842,M009,T009,2026-07-20 20:59:00,26890000,VN,DEV0132,0
TXN05495,CARD02515,C02515,M004,T004,2026-07-06 17:16:00,5400000,US,DEV1564,0
TXN05496,CARD07966,C07966,M010,T010,2026-07-15 23:09:00,31410000,VN,DEV0245,0
TXN05497,CARD04276,C04276,M003,T003,2026-07-16 05:58:00,39470000,US,DEV1509,0
TXN05498,CARD09764,C09764,M009,T009,2026-07-09 13:59:00,1000000,VN,DEV1767,0
TXN05499,CARD08468,C08468,M012,T012,2026-07-12 01:36:00,11950000,VN,DEV0386,0
TXN05500,CARD05922,C05922,M001,T001,2026-07-16 22:07:00,44780000,VN,DEV0858,0
TXN05501,CARD01355,C01355,M005,T005,2026-07-02 08:41:00,28010000,US,DEV0259,0
TXN05502,CARD09337,C09337,M007,T007,2026-07-11 23:01:00,42440000,VN,DEV1124,0
TXN05503,CARD05631,C05631,M013,T013,2026-07-01 23:21:00,39760000,VN,DEV0715,0
TXN05504,CARD08481,C08481,M006,T006,2026-07-10 17:57:00,44430000,VN,DEV0404,0
TXN05505,CARD09526,C09526,M013,T013,2026-07-12 22:46:00,11850000,VN,DEV0386,0
TXN05506,CARD08259,C08259,M008,T008,2026-07-28 16:41:00,19560000,VN,DEV0116,0
TXN05507,CARD05451,C05451,M010,T010,2026-07-04 01:49:00,31640000,VN,DEV1164,0
TXN05508,CARD07583,C07583,M011,T011,2026-07-25 08:14:00,11200000,VN,DEV0663,0
TXN05509,CARD05538,C05538,M013,T013,2026-07-03 17:12:00,6000000,VN,DEV1037,0
TXN05510,CARD05233,C05233,M001,T001,2026-07-26 10:03:00,13830000,VN,DEV1987,0
TXN05511,CARD00347,C00347,M013,T013,2026-07-14 15:04:00,49940000,VN,NEW_DEVICE,1
TXN05512,CARD04667,C04667,M003,T003,2026-07-14 07:12:00,35050000,US,DEV0107,0
TXN05513,CARD00124,C00124,M008,T008,2026-07-03 05:32:00,37280000,VN,DEV0229,0
TXN05514,CARD01136,C01136,M013,T013,2026-07-04 19:07:00,31970000,VN,DEV0949,0
TXN05515,CARD03969,C03969,M006,T006,2026-07-23 01:14:00,49270000,VN,DEV0639,0
TXN05516,CARD00542,C00542,M001,T001,2026-07-19 06:19:00,10650000,VN,DEV1482,0
TXN05517,CARD05949,C05949,M008,T008,2026-07-12 16:23:00,9860000,VN,DEV1248,0
TXN05518,CARD02948,C02948,M007,T007,2026-07-19 15:10:00,5770000,VN,NEW_DEVICE,1
TXN05519,CARD08715,C08715,M004,T004,2026-07-15 13:38:00,40970000,HK,DEV0962,0
TXN05520,CARD04525,C04525,M011,T011,2026-07-03 11:33:00,17110000,VN,DEV0937,0
TXN05521,CARD06434,C06434,M010,T010,2026-07-22 19:06:00,1630000,VN,DEV0069,0
TXN05522,CARD01809,C01809,M012,T012,2026-07-19 02:31:00,34820000,VN,DEV0111,0
TXN05523,CARD02735,C02735,M011,T011,2026-07-17 23:52:00,22680000,VN,DEV0734,0
TXN05524,CARD08329,C08329,M011,T011,2026-07-02 11:02:00,19350000,VN,DEV0036,0
TXN05525,CARD04065,C04065,M007,T007,2026-07-23 14:16:00,44120000,VN,DEV0322,0
TXN05526,CARD05350,C05350,M005,T005,2026-07-02 20:11:00,200000,HK,DEV0670,0
TXN05527,CARD01692,C01692,M012,T012,2026-07-14 17:51:00,28760000,VN,DEV1136,0
TXN05528,CARD08882,C08882,M002,T002,2026-07-18 02:01:00,30180000,SG,DEV0677,0
TXN05529,CARD03439,C03439,M001,T001,2026-07-07 05:46:00,48640000,VN,DEV0083,0
TXN05530,CARD07244,C07244,M003,T003,2026-07-24 04:49:00,22970000,HK,DEV1442,0
TXN05531,CARD03019,C03019,M009,T009,2026-07-14 00:56:00,39710000,VN,DEV0523,0
TXN05532,CARD00514,C00514,M008,T008,2026-07-10 02:38:00,19400000,VN,DEV0543,0
TXN05533,CARD05064,C05064,M003,T003,2026-07-17 08:26:00,11600000,HK,DEV1598,0
TXN05534,CARD00292,C00292,M006,T006,2026-07-27 16:26:00,47030000,VN,DEV0179,0
TXN05535,CARD03389,C03389,M010,T010,2026-07-10 15:01:00,14910000,VN,DEV1456,0
TXN05536,CARD04959,C04959,M006,T006,2026-07-06 05:41:00,32190000,VN,DEV0138,0
TXN05537,CARD09965,C09965,M004,T004,2026-07-09 10:00:00,23120000,SG,DEV0969,0
TXN05538,CARD06392,C06392,M002,T002,2026-07-01 11:25:00,28790000,US,DEV0037,0
TXN05539,CARD08790,C08790,M006,T006,2026-07-07 19:58:00,23530000,VN,DEV0726,0
TXN05540,CARD02584,C02584,M002,T002,2026-07-02 19:35:00,2780000,US,DEV1275,0
TXN05541,CARD04495,C04495,M010,T010,2026-07-10 13:24:00,22800000,VN,DEV1643,0
TXN05542,CARD08571,C08571,M003,T003,2026-07-25 00:34:00,45220000,SG,DEV0748,0
TXN05543,CARD03308,C03308,M012,T012,2026-07-10 21:44:00,4470000,VN,DEV1339,0
TXN05544,CARD07170,C07170,M011,T011,2026-07-24 06:25:00,34420000,VN,DEV1410,0
TXN05545,CARD04884,C04884,M002,T002,2026-07-25 08:21:00,2960000,SG,DEV1123,0
TXN05546,CARD06016,C06016,M009,T009,2026-07-28 03:24:00,45190000,VN,DEV0038,0
TXN05547,CARD03647,C03647,M005,T005,2026-07-27 09:40:00,1990000,SG,DEV0212,0
TXN05548,CARD09218,C09218,M007,T007,2026-07-26 00:53:00,46720000,VN,DEV0918,0
TXN05549,CARD09006,C09006,M002,T002,2026-07-03 01:15:00,35040000,HK,DEV1338,0
TXN05550,CARD00802,C00802,M004,T004,2026-07-06 12:03:00,17550000,US,DEV1597,0
TXN05551,CARD03485,C03485,M013,T013,2026-07-01 05:35:00,24710000,VN,DEV1269,0
TXN05552,CARD02922,C02922,M010,T010,2026-07-06 09:53:00,34050000,VN,DEV0172,0
TXN05553,CARD03726,C03726,M010,T010,2026-07-25 02:26:00,45940000,VN,DEV1917,0
TXN05554,CARD04028,C04028,M014,T014,2026-07-15 04:50:00,38830000,VN,DEV0596,0
TXN05555,CARD03980,C03980,M006,T006,2026-07-24 17:36:00,28600000,VN,DEV1463,0
TXN05556,CARD03244,C03244,M001,T001,2026-07-06 23:23:00,29530000,VN,DEV1388,0
TXN05557,CARD05447,C05447,M012,T012,2026-07-27 17:56:00,35450000,VN,DEV1606,0
TXN05558,CARD06463,C06463,M002,T002,2026-07-23 07:51:00,21490000,HK,DEV0200,0
TXN05559,CARD00355,C00355,M008,T008,2026-07-01 05:40:00,33090000,VN,DEV0746,0
TXN05560,CARD03837,C03837,M005,T005,2026-07-15 15:41:00,18630000,SG,DEV0259,0
TXN05561,CARD08189,C08189,M012,T012,2026-07-08 23:58:00,34670000,VN,DEV0726,0
TXN05562,CARD00099,C00099,M009,T009,2026-07-21 07:40:00,13230000,VN,DEV1136,0
TXN05563,CARD02150,C02150,M013,T013,2026-07-24 14:32:00,42670000,VN,DEV0794,0
TXN05564,CARD02477,C02477,M005,T005,2026-07-26 04:47:00,14090000,SG,DEV1606,0
TXN05565,CARD06264,C06264,M003,T003,2026-07-06 23:04:00,18670000,HK,DEV0994,0
TXN05566,CARD08894,C08894,M013,T013,2026-07-06 09:43:00,4190000,VN,DEV0035,0
TXN05567,CARD05742,C05742,M010,T010,2026-07-23 20:59:00,6420000,VN,DEV0354,0
TXN05568,CARD05633,C05633,M010,T010,2026-07-07 15:42:00,41640000,VN,DEV1654,0
TXN05569,CARD07776,C07776,M004,T004,2026-07-27 17:13:00,23570000,SG,DEV1676,0
TXN05570,CARD08388,C08388,M005,T005,2026-07-02 13:02:00,13080000,SG,DEV0071,0
TXN05571,CARD09450,C09450,M006,T006,2026-07-15 21:35:00,28170000,VN,DEV0108,0
TXN05572,CARD01374,C01374,M006,T006,2026-07-02 22:08:00,29840000,VN,DEV0032,0
TXN05573,CARD03386,C03386,M009,T009,2026-07-18 02:03:00,17800000,VN,DEV1639,0
TXN05574,CARD00672,C00672,M011,T011,2026-07-26 23:33:00,15250000,VN,DEV0546,0
TXN05575,CARD02389,C02389,M001,T001,2026-07-16 01:21:00,25490000,VN,DEV1459,0
TXN05576,CARD09689,C09689,M007,T007,2026-07-07 23:06:00,11920000,VN,DEV1814,0
TXN05577,CARD04846,C04846,M009,T009,2026-07-03 06:10:00,7510000,VN,DEV1024,0
TXN05578,CARD02782,C02782,M001,T001,2026-07-26 21:51:00,28240000,VN,DEV1048,0
TXN05579,CARD06397,C06397,M002,T002,2026-07-04 18:46:00,5650000,US,DEV1635,0
TXN05580,CARD03517,C03517,M007,T007,2026-07-21 05:02:00,270000,VN,DEV0529,0
TXN05581,CARD02302,C02302,M003,T003,2026-07-16 23:10:00,19960000,US,DEV1400,0
TXN05582,CARD09152,C09152,M011,T011,2026-07-13 12:59:00,44190000,VN,DEV1846,0
TXN05583,CARD06103,C06103,M006,T006,2026-07-13 15:59:00,18200000,VN,DEV0239,0
TXN05584,CARD00155,C00155,M004,T004,2026-07-05 08:30:00,8780000,SG,DEV0838,0
TXN05585,CARD01222,C01222,M008,T008,2026-07-28 05:37:00,45550000,VN,DEV0423,0
TXN05586,CARD05028,C05028,M011,T011,2026-07-27 18:10:00,25370000,VN,DEV0962,0
TXN05587,CARD00329,C00329,M013,T013,2026-07-17 04:47:00,28510000,VN,DEV1271,0
TXN05588,CARD05985,C05985,M012,T012,2026-07-17 19:34:00,25890000,VN,DEV0038,0
TXN05589,CARD09125,C09125,M014,T014,2026-07-27 07:05:00,42040000,VN,DEV1264,0
TXN05590,CARD06302,C06302,M010,T010,2026-07-20 14:56:00,41530000,VN,DEV1222,0
TXN05591,CARD01575,C01575,M005,T005,2026-07-13 17:47:00,24400000,SG,DEV1308,0
TXN05592,CARD02058,C02058,M011,T011,2026-07-07 08:09:00,32220000,VN,DEV1408,0
TXN05593,CARD09773,C09773,M011,T011,2026-07-14 09:39:00,43620000,VN,DEV1194,0
TXN05594,CARD00537,C00537,M006,T006,2026-07-01 08:22:00,37420000,VN,DEV1326,0
TXN05595,CARD06201,C06201,M003,T003,2026-07-03 17:26:00,34470000,US,DEV1967,0
TXN05596,CARD08179,C08179,M005,T005,2026-07-18 08:25:00,26370000,SG,DEV0452,0
TXN05597,CARD06470,C06470,M003,T003,2026-07-19 01:39:00,36480000,SG,DEV0209,0
TXN05598,CARD02867,C02867,M006,T006,2026-07-02 04:45:00,11080000,VN,DEV0838,0
TXN05599,CARD05772,C05772,M012,T012,2026-07-08 02:33:00,24620000,VN,DEV1884,0
TXN05600,CARD07070,C07070,M001,T001,2026-07-03 15:42:00,47780000,VN,DEV1190,0
TXN05601,CARD02934,C02934,M008,T008,2026-07-23 01:58:00,2970000,VN,DEV1024,0
TXN05602,CARD01874,C01874,M013,T013,2026-07-03 13:44:00,29770000,VN,DEV1834,0
TXN05603,CARD05116,C05116,M005,T005,2026-07-07 14:58:00,1440000,SG,DEV1804,0
TXN05604,CARD08122,C08122,M005,T005,2026-07-25 01:18:00,34540000,SG,DEV0567,0
TXN05605,CARD01827,C01827,M010,T010,2026-07-18 17:57:00,41780000,VN,DEV0832,0
TXN05606,CARD01920,C01920,M014,T014,2026-07-17 20:25:00,13250000,VN,DEV0526,0
TXN05607,CARD00941,C00941,M010,T010,2026-07-08 19:08:00,33820000,VN,DEV1212,0
TXN05608,CARD06587,C06587,M002,T002,2026-07-27 05:39:00,29660000,US,DEV1394,0
TXN05609,CARD05359,C05359,M001,T001,2026-07-09 14:24:00,26430000,VN,DEV1250,0
TXN05610,CARD01147,C01147,M010,T010,2026-07-02 02:34:00,11100000,VN,DEV0671,0
TXN05611,CARD06768,C06768,M006,T006,2026-07-10 21:41:00,41890000,VN,DEV1425,0
TXN05612,CARD02427,C02427,M014,T014,2026-07-13 10:25:00,44200000,VN,DEV1178,0
TXN05613,CARD04542,C04542,M003,T003,2026-07-04 12:04:00,39250000,SG,DEV1069,0
TXN05614,CARD08757,C08757,M008,T008,2026-07-10 04:05:00,41820000,VN,DEV0617,0
TXN05615,CARD07667,C07667,M009,T009,2026-07-03 12:12:00,26710000,VN,DEV0470,0
TXN05616,CARD04937,C04937,M009,T009,2026-07-15 19:05:00,18950000,VN,DEV0612,0
TXN05617,CARD09207,C09207,M010,T010,2026-07-15 15:01:00,36670000,VN,DEV0511,0
TXN05618,CARD02072,C02072,M003,T003,2026-07-03 00:44:00,33740000,SG,DEV0285,0
TXN05619,CARD02702,C02702,M011,T011,2026-07-18 10:12:00,14840000,VN,DEV1135,0
TXN05620,CARD06614,C06614,M011,T011,2026-07-14 12:25:00,47450000,VN,DEV1293,0
TXN05621,CARD08292,C08292,M012,T012,2026-07-18 20:35:00,10050000,VN,DEV1332,0
TXN05622,CARD06119,C06119,M007,T007,2026-07-17 22:15:00,47370000,VN,DEV1946,0
TXN05623,CARD09388,C09388,M012,T012,2026-07-12 00:55:00,21440000,VN,DEV1776,0
TXN05624,CARD05080,C05080,M011,T011,2026-07-19 09:58:00,40090000,VN,DEV0069,0
TXN05625,CARD04691,C04691,M010,T010,2026-07-05 09:06:00,19880000,VN,DEV1388,0
TXN05626,CARD04569,C04569,M010,T010,2026-07-23 09:55:00,36760000,VN,DEV1761,0
TXN05627,CARD07686,C07686,M011,T011,2026-07-17 22:17:00,1130000,VN,DEV1776,0
TXN05628,CARD03103,C03103,M005,T005,2026-07-27 18:59:00,18660000,HK,DEV1148,0
TXN05629,CARD03042,C03042,M011,T011,2026-07-20 18:32:00,4650000,VN,DEV1802,0
TXN05630,CARD03068,C03068,M007,T007,2026-07-27 16:40:00,23840000,VN,DEV0596,0
TXN05631,CARD00864,C00864,M010,T010,2026-07-19 08:57:00,41950000,VN,DEV1710,0
TXN05632,CARD08565,C08565,M012,T012,2026-07-03 19:36:00,43420000,VN,DEV1508,0
TXN05633,CARD07010,C07010,M004,T004,2026-07-05 00:34:00,9850000,SG,DEV1890,0
TXN05634,CARD03980,C03980,M005,T005,2026-07-20 00:18:00,18610000,US,DEV1836,0
TXN05635,CARD05779,C05779,M014,T014,2026-07-03 03:38:00,4460000,VN,DEV0394,0
TXN05636,CARD06466,C06466,M006,T006,2026-07-01 16:12:00,23510000,VN,DEV1563,0
TXN05637,CARD07358,C07358,M003,T003,2026-07-21 15:48:00,2690000,US,DEV0665,0
TXN05638,CARD00181,C00181,M003,T003,2026-07-17 21:50:00,30370000,SG,DEV0872,0
TXN05639,CARD03540,C03540,M011,T011,2026-07-09 14:46:00,11770000,VN,DEV1779,0
TXN05640,CARD02519,C02519,M002,T002,2026-07-18 12:57:00,11980000,US,DEV0336,0
TXN05641,CARD07289,C07289,M009,T009,2026-07-17 03:31:00,2790000,VN,DEV0374,0
TXN05642,CARD08258,C08258,M011,T011,2026-07-09 00:57:00,150000,VN,DEV1072,0
TXN05643,CARD06377,C06377,M005,T005,2026-07-12 14:26:00,38030000,US,DEV0320,0
TXN05644,CARD04321,C04321,M010,T010,2026-07-07 16:50:00,43380000,VN,DEV1580,0
TXN05645,CARD06708,C06708,M007,T007,2026-07-17 22:26:00,15890000,VN,DEV0605,0
TXN05646,CARD09834,C09834,M008,T008,2026-07-11 03:24:00,43090000,VN,DEV1578,0
TXN05647,CARD07395,C07395,M005,T005,2026-07-02 14:57:00,23880000,SG,DEV1746,0
TXN05648,CARD08004,C08004,M011,T011,2026-07-26 04:41:00,30960000,VN,DEV0668,0
TXN05649,CARD03000,C03000,M004,T004,2026-07-24 14:23:00,7080000,HK,DEV1908,0
TXN05650,CARD06944,C06944,M012,T012,2026-07-23 14:52:00,4820000,VN,DEV0015,0
TXN05651,CARD06831,C06831,M013,T013,2026-07-17 18:11:00,45500000,VN,DEV1354,0
TXN05652,CARD08983,C08983,M009,T009,2026-07-09 00:15:00,8270000,VN,DEV1718,0
TXN05653,CARD01663,C01663,M006,T006,2026-07-01 03:15:00,43840000,VN,DEV0586,0
TXN05654,CARD06871,C06871,M012,T012,2026-07-12 16:03:00,42150000,VN,DEV0319,0
TXN05655,CARD08373,C08373,M008,T008,2026-07-26 06:27:00,42800000,VN,DEV0899,0
TXN05656,CARD00919,C00919,M009,T009,2026-07-17 02:49:00,32950000,VN,DEV1532,0
TXN05657,CARD01599,C01599,M003,T003,2026-07-12 19:46:00,23430000,SG,DEV0847,0
TXN05658,CARD02167,C02167,M014,T014,2026-07-03 01:47:00,13960000,VN,DEV1825,0
TXN05659,CARD01048,C01048,M006,T006,2026-07-19 07:07:00,37690000,VN,DEV1061,0
TXN05660,CARD07477,C07477,M006,T006,2026-07-18 13:12:00,12580000,VN,DEV0384,0
TXN05661,CARD01317,C01317,M002,T002,2026-07-23 05:36:00,39550000,US,DEV0048,0
TXN05662,CARD05673,C05673,M010,T010,2026-07-21 02:30:00,22080000,VN,DEV0359,0
TXN05663,CARD03226,C03226,M014,T014,2026-07-04 14:42:00,11150000,VN,DEV0754,0
TXN05664,CARD09896,C09896,M013,T013,2026-07-04 01:22:00,26010000,VN,DEV0278,0
TXN05665,CARD01815,C01815,M003,T003,2026-07-04 07:27:00,11500000,SG,DEV1047,0
TXN05666,CARD09788,C09788,M008,T008,2026-07-27 01:31:00,38550000,VN,DEV1861,0
TXN05667,CARD08472,C08472,M014,T014,2026-07-14 12:25:00,20330000,VN,DEV0255,0
TXN05668,CARD09096,C09096,M011,T011,2026-07-15 00:53:00,43330000,VN,DEV0586,0
TXN05669,CARD09732,C09732,M002,T002,2026-07-23 02:38:00,47190000,US,DEV1471,0
TXN05670,CARD07366,C07366,M013,T013,2026-07-14 20:53:00,4260000,VN,DEV1058,0
TXN05671,CARD00844,C00844,M001,T001,2026-07-13 19:23:00,2730000,VN,DEV0558,0
TXN05672,CARD06537,C06537,M006,T006,2026-07-01 22:17:00,40480000,VN,DEV1200,0
TXN05673,CARD02406,C02406,M002,T002,2026-07-13 11:09:00,49460000,SG,DEV1942,0
TXN05674,CARD09095,C09095,M014,T014,2026-07-21 02:14:00,39730000,VN,DEV1656,0
TXN05675,CARD01847,C01847,M013,T013,2026-07-16 02:35:00,44070000,VN,DEV0333,0
TXN05676,CARD04656,C04656,M011,T011,2026-07-03 02:37:00,28930000,VN,DEV0687,0
TXN05677,CARD00283,C00283,M002,T002,2026-07-17 17:24:00,49990000,SG,DEV1566,0
TXN05678,CARD09774,C09774,M014,T014,2026-07-22 03:23:00,43830000,VN,DEV1298,0
TXN05679,CARD08123,C08123,M006,T006,2026-07-03 04:04:00,23720000,VN,DEV0213,0
TXN05680,CARD06372,C06372,M002,T002,2026-07-13 14:56:00,13720000,US,DEV1241,0
TXN05681,CARD04932,C04932,M004,T004,2026-07-22 15:53:00,3960000,HK,DEV0973,0
TXN05682,CARD03190,C03190,M014,T014,2026-07-23 14:42:00,26180000,VN,DEV1668,0
TXN05683,CARD07899,C07899,M005,T005,2026-07-01 23:16:00,29360000,HK,DEV1372,0
TXN05684,CARD05810,C05810,M011,T011,2026-07-06 16:45:00,2090000,VN,DEV1711,0
TXN05685,CARD07312,C07312,M011,T011,2026-07-20 07:32:00,2090000,VN,DEV1178,0
TXN05686,CARD05425,C05425,M012,T012,2026-07-20 07:43:00,8090000,VN,DEV0662,0
TXN05687,CARD09947,C09947,M004,T004,2026-07-25 01:27:00,23340000,HK,DEV0427,0
TXN05688,CARD00890,C00890,M010,T010,2026-07-09 08:02:00,4270000,VN,DEV0400,0
TXN05689,CARD03198,C03198,M005,T005,2026-07-23 21:12:00,48070000,US,DEV0885,0
TXN05690,CARD04027,C04027,M010,T010,2026-07-02 01:03:00,45230000,VN,DEV1204,0
TXN05691,CARD04107,C04107,M008,T008,2026-07-23 00:42:00,31340000,VN,DEV0636,0
TXN05692,CARD05730,C05730,M007,T007,2026-07-23 17:17:00,30770000,VN,DEV1635,0
TXN05693,CARD05701,C05701,M007,T007,2026-07-27 00:29:00,7060000,VN,DEV1413,0
TXN05694,CARD08550,C08550,M004,T004,2026-07-01 04:57:00,7980000,HK,DEV0376,0
TXN05695,CARD02112,C02112,M007,T007,2026-07-25 16:36:00,35290000,VN,DEV0057,0
TXN05696,CARD07271,C07271,M011,T011,2026-07-12 01:37:00,34260000,VN,DEV1528,0
TXN05697,CARD06296,C06296,M008,T008,2026-07-06 03:15:00,20260000,VN,DEV1977,0
TXN05698,CARD00248,C00248,M011,T011,2026-07-20 18:50:00,25290000,VN,DEV0853,0
TXN05699,CARD07189,C07189,M004,T004,2026-07-06 15:52:00,25070000,SG,DEV0334,0
TXN05700,CARD06322,C06322,M011,T011,2026-07-22 03:45:00,43480000,VN,DEV1359,0
TXN05701,CARD02864,C02864,M006,T006,2026-07-06 07:57:00,27820000,VN,DEV0424,0
TXN05702,CARD06508,C06508,M003,T003,2026-07-01 19:52:00,38340000,SG,DEV1363,0
TXN05703,CARD04181,C04181,M008,T008,2026-07-07 23:57:00,26010000,VN,DEV1927,0
TXN05704,CARD01006,C01006,M004,T004,2026-07-09 00:45:00,13970000,US,DEV1150,0
TXN05705,CARD04608,C04608,M008,T008,2026-07-25 06:02:00,20990000,VN,DEV1719,0
TXN05706,CARD04114,C04114,M011,T011,2026-07-26 10:27:00,13670000,VN,DEV1614,0
TXN05707,CARD05211,C05211,M005,T005,2026-07-04 22:10:00,34830000,US,DEV1835,0
TXN05708,CARD07179,C07179,M004,T004,2026-07-05 14:24:00,7600000,HK,DEV0796,0
TXN05709,CARD00596,C00596,M009,T009,2026-07-11 10:59:00,47120000,VN,DEV1908,0
TXN05710,CARD02264,C02264,M010,T010,2026-07-26 14:02:00,11230000,VN,DEV1041,0
TXN05711,CARD08618,C08618,M008,T008,2026-07-26 00:39:00,44880000,VN,DEV0167,0
TXN05712,CARD03373,C03373,M012,T012,2026-07-11 18:42:00,29400000,VN,DEV1151,0
TXN05713,CARD00043,C00043,M004,T004,2026-07-21 02:07:00,40780000,US,DEV1786,0
TXN05714,CARD01738,C01738,M006,T006,2026-07-14 03:48:00,48940000,VN,DEV0317,0
TXN05715,CARD09391,C09391,M013,T013,2026-07-25 07:30:00,15240000,VN,DEV1262,0
TXN05716,CARD03083,C03083,M005,T005,2026-07-28 07:37:00,29540000,US,DEV1156,0
TXN05717,CARD06617,C06617,M007,T007,2026-07-23 11:57:00,28960000,VN,DEV1224,0
TXN05718,CARD04539,C04539,M010,T010,2026-07-04 20:20:00,35860000,VN,DEV1875,0
TXN05719,CARD07980,C07980,M011,T011,2026-07-16 04:32:00,41470000,VN,DEV0127,0
TXN05720,CARD00135,C00135,M010,T010,2026-07-05 06:44:00,33190000,VN,DEV1102,0
TXN05721,CARD05823,C05823,M007,T007,2026-07-17 12:40:00,43560000,VN,DEV0182,0
TXN05722,CARD06874,C06874,M010,T010,2026-07-18 15:40:00,8100000,VN,DEV0670,0
TXN05723,CARD04211,C04211,M008,T008,2026-07-26 11:23:00,9610000,VN,DEV0748,0
TXN05724,CARD09411,C09411,M006,T006,2026-07-07 10:14:00,3240000,VN,DEV1144,0
TXN05725,CARD05693,C05693,M011,T011,2026-07-02 20:57:00,17820000,VN,DEV0227,0
TXN05726,CARD06137,C06137,M009,T009,2026-07-17 00:42:00,7180000,VN,DEV1650,0
TXN05727,CARD02468,C02468,M010,T010,2026-07-13 05:33:00,41920000,VN,DEV1805,0
TXN05728,CARD02929,C02929,M010,T010,2026-07-04 23:52:00,45810000,VN,DEV0719,0
TXN05729,CARD00286,C00286,M009,T009,2026-07-13 23:00:00,18250000,VN,DEV0426,0
TXN05730,CARD02451,C02451,M003,T003,2026-07-07 13:58:00,5100000,SG,DEV1078,0
TXN05731,CARD04266,C04266,M002,T002,2026-07-20 09:40:00,7280000,US,DEV0884,0
TXN05732,CARD00567,C00567,M008,T008,2026-07-14 03:21:00,2070000,VN,DEV0615,0
TXN05733,CARD09486,C09486,M003,T003,2026-07-04 05:33:00,15340000,US,DEV1826,0
TXN05734,CARD04260,C04260,M003,T003,2026-07-18 12:35:00,23790000,US,DEV0361,0
TXN05735,CARD07896,C07896,M003,T003,2026-07-05 15:21:00,45970000,SG,DEV0316,0
TXN05736,CARD07805,C07805,M013,T013,2026-07-14 22:43:00,2170000,VN,DEV0170,0
TXN05737,CARD03840,C03840,M014,T014,2026-07-02 21:15:00,12200000,VN,DEV1622,0
TXN05738,CARD09564,C09564,M011,T011,2026-07-03 06:48:00,49700000,VN,DEV1038,0
TXN05739,CARD06167,C06167,M007,T007,2026-07-08 23:02:00,17030000,VN,DEV1529,0
TXN05740,CARD01191,C01191,M010,T010,2026-07-27 11:06:00,38160000,VN,DEV0543,0
TXN05741,CARD01521,C01521,M003,T003,2026-07-26 07:46:00,17700000,SG,DEV0867,0
TXN05742,CARD09834,C09834,M004,T004,2026-07-21 08:27:00,36540000,HK,DEV1574,0
TXN05743,CARD07632,C07632,M006,T006,2026-07-12 06:07:00,36680000,VN,DEV1159,0
TXN05744,CARD09981,C09981,M014,T014,2026-07-23 06:15:00,42000000,VN,DEV1522,0
TXN05745,CARD09337,C09337,M002,T002,2026-07-02 22:01:00,47900000,US,DEV1623,0
TXN05746,CARD09133,C09133,M001,T001,2026-07-26 07:24:00,37540000,VN,DEV1678,0
TXN05747,CARD04924,C04924,M012,T012,2026-07-10 11:42:00,12560000,VN,DEV0752,0
TXN05748,CARD04237,C04237,M003,T003,2026-07-10 22:56:00,4720000,SG,DEV1408,0
TXN05749,CARD04042,C04042,M006,T006,2026-07-13 09:41:00,43620000,VN,DEV0506,0
TXN05750,CARD03717,C03717,M014,T014,2026-07-04 21:16:00,1950000,VN,DEV0015,0
TXN05751,CARD03383,C03383,M008,T008,2026-07-25 06:09:00,41950000,VN,DEV1779,0
TXN05752,CARD03229,C03229,M013,T013,2026-07-11 05:19:00,32370000,VN,DEV0817,0
TXN05753,CARD08917,C08917,M004,T004,2026-07-24 08:10:00,36260000,SG,DEV1184,0
TXN05754,CARD09355,C09355,M011,T011,2026-07-15 18:39:00,17890000,VN,DEV1130,0
TXN05755,CARD05070,C05070,M005,T005,2026-07-03 12:58:00,17410000,US,DEV1721,0
TXN05756,CARD02189,C02189,M010,T010,2026-07-12 02:54:00,48670000,VN,DEV1075,0
TXN05757,CARD09911,C09911,M014,T014,2026-07-28 12:35:00,43460000,VN,DEV1830,0
TXN05758,CARD02102,C02102,M003,T003,2026-07-02 15:13:00,44760000,HK,DEV1747,0
TXN05759,CARD09508,C09508,M006,T006,2026-07-15 16:26:00,32280000,VN,DEV0701,0
TXN05760,CARD08392,C08392,M004,T004,2026-07-25 18:23:00,25080000,US,DEV0244,0
TXN05761,CARD01113,C01113,M004,T004,2026-07-20 02:56:00,47350000,HK,DEV0520,0
TXN05762,CARD08580,C08580,M007,T007,2026-07-04 11:09:00,33140000,VN,DEV0163,0
TXN05763,CARD01316,C01316,M008,T008,2026-07-11 16:47:00,34640000,VN,DEV0178,0
TXN05764,CARD03063,C03063,M008,T008,2026-07-04 07:26:00,19160000,VN,DEV1967,0
TXN05765,CARD07338,C07338,M008,T008,2026-07-28 09:42:00,8900000,VN,DEV0255,0
TXN05766,CARD02242,C02242,M002,T002,2026-07-18 11:46:00,19420000,US,DEV1179,0
TXN05767,CARD02051,C02051,M014,T014,2026-07-25 22:44:00,24860000,VN,DEV0713,0
TXN05768,CARD08778,C08778,M002,T002,2026-07-11 10:04:00,2050000,HK,DEV0541,0
TXN05769,CARD00797,C00797,M005,T005,2026-07-19 23:57:00,13500000,HK,DEV1016,0
TXN05770,CARD07746,C07746,M013,T013,2026-07-03 18:56:00,29820000,VN,DEV1600,0
TXN05771,CARD00824,C00824,M013,T013,2026-07-10 06:47:00,29310000,VN,DEV0745,0
TXN05772,CARD05898,C05898,M012,T012,2026-07-17 03:23:00,16090000,VN,DEV0528,0
TXN05773,CARD00064,C00064,M013,T013,2026-07-09 17:50:00,3910000,VN,DEV0910,0
TXN05774,CARD00761,C00761,M003,T003,2026-07-02 15:27:00,19840000,SG,DEV0842,0
TXN05775,CARD01917,C01917,M008,T008,2026-07-28 06:54:00,14920000,VN,DEV0948,0
TXN05776,CARD03942,C03942,M014,T014,2026-07-12 23:16:00,32830000,VN,DEV0908,0
TXN05777,CARD05184,C05184,M007,T007,2026-07-10 03:07:00,7620000,VN,DEV0006,0
TXN05778,CARD00456,C00456,M013,T013,2026-07-10 23:30:00,22820000,VN,DEV0956,0
TXN05779,CARD05978,C05978,M012,T012,2026-07-22 14:29:00,23170000,VN,DEV0284,0
TXN05780,CARD06404,C06404,M008,T008,2026-07-05 23:21:00,24430000,VN,DEV1995,0
TXN05781,CARD09177,C09177,M007,T007,2026-07-03 21:17:00,49590000,VN,DEV1821,0
TXN05782,CARD03961,C03961,M011,T011,2026-07-20 10:54:00,27570000,VN,DEV1410,0
TXN05783,CARD00554,C00554,M006,T006,2026-07-13 13:40:00,25170000,VN,DEV1954,0
TXN05784,CARD06627,C06627,M003,T003,2026-07-03 15:37:00,48320000,US,DEV1954,0
TXN05785,CARD06224,C06224,M003,T003,2026-07-24 04:29:00,34760000,HK,DEV1446,0
TXN05786,CARD07801,C07801,M012,T012,2026-07-03 07:14:00,26180000,VN,DEV1017,0
TXN05787,CARD06576,C06576,M011,T011,2026-07-01 15:48:00,11510000,VN,DEV0207,0
TXN05788,CARD06113,C06113,M001,T001,2026-07-08 16:33:00,30620000,VN,NEW_DEVICE,1
TXN05789,CARD02926,C02926,M013,T013,2026-07-06 10:04:00,24110000,VN,DEV1808,0
TXN05790,CARD06220,C06220,M007,T007,2026-07-10 11:57:00,22820000,VN,DEV0588,0
TXN05791,CARD04364,C04364,M006,T006,2026-07-14 11:17:00,38200000,VN,DEV1265,0
TXN05792,CARD05993,C05993,M008,T008,2026-07-25 13:16:00,39300000,VN,DEV1801,0
TXN05793,CARD05160,C05160,M013,T013,2026-07-11 06:06:00,42420000,VN,DEV1205,0
TXN05794,CARD02290,C02290,M006,T006,2026-07-04 18:32:00,44820000,VN,DEV0009,0
TXN05795,CARD03313,C03313,M008,T008,2026-07-07 20:27:00,29930000,VN,DEV1492,0
TXN05796,CARD04999,C04999,M002,T002,2026-07-24 22:22:00,43510000,SG,DEV0683,0
TXN05797,CARD02655,C02655,M003,T003,2026-07-02 04:15:00,3450000,SG,DEV1761,0
TXN05798,CARD02030,C02030,M004,T004,2026-07-21 06:19:00,3210000,SG,DEV1296,0
TXN05799,CARD07838,C07838,M006,T006,2026-07-07 12:47:00,28800000,VN,DEV1516,0
TXN05800,CARD00527,C00527,M003,T003,2026-07-12 06:52:00,710000,SG,DEV1414,0
TXN05801,CARD07322,C07322,M013,T013,2026-07-06 08:53:00,35290000,VN,DEV0382,0
TXN05802,CARD08956,C08956,M005,T005,2026-07-14 09:56:00,49980000,SG,DEV1454,0
TXN05803,CARD07800,C07800,M002,T002,2026-07-28 07:11:00,15000000,SG,DEV1150,0
TXN05804,CARD06524,C06524,M014,T014,2026-07-05 10:02:00,28270000,VN,DEV1375,0
TXN05805,CARD00032,C00032,M012,T012,2026-07-20 13:14:00,26350000,VN,DEV0896,0
TXN05806,CARD03559,C03559,M011,T011,2026-07-11 22:25:00,42820000,VN,DEV1544,0
TXN05807,CARD08202,C08202,M013,T013,2026-07-23 20:38:00,9130000,VN,DEV0828,0
TXN05808,CARD08425,C08425,M003,T003,2026-07-27 08:25:00,19970000,HK,DEV1746,0
TXN05809,CARD09143,C09143,M011,T011,2026-07-15 02:04:00,36230000,VN,DEV1973,0
TXN05810,CARD02116,C02116,M008,T008,2026-07-21 10:06:00,22040000,VN,DEV1482,0
TXN05811,CARD01181,C01181,M004,T004,2026-07-20 00:55:00,570000,SG,DEV1936,0
TXN05812,CARD07780,C07780,M011,T011,2026-07-26 16:17:00,8490000,VN,DEV1251,0
TXN05813,CARD08347,C08347,M013,T013,2026-07-18 14:41:00,19430000,VN,DEV1014,0
TXN05814,CARD02048,C02048,M013,T013,2026-07-15 23:51:00,17280000,VN,DEV0778,0
TXN05815,CARD06054,C06054,M007,T007,2026-07-07 20:56:00,45560000,VN,DEV0458,0
TXN05816,CARD07977,C07977,M009,T009,2026-07-08 05:04:00,31290000,VN,DEV0831,0
TXN05817,CARD02548,C02548,M014,T014,2026-07-25 02:15:00,39400000,VN,DEV0051,0
TXN05818,CARD06085,C06085,M014,T014,2026-07-10 13:41:00,23440000,VN,DEV1835,0
TXN05819,CARD00854,C00854,M014,T014,2026-07-04 05:47:00,30070000,VN,DEV0639,0
TXN05820,CARD01118,C01118,M001,T001,2026-07-04 18:30:00,910000,VN,DEV0756,0
TXN05821,CARD05316,C05316,M002,T002,2026-07-03 23:52:00,27370000,SG,DEV0692,0
TXN05822,CARD03630,C03630,M002,T002,2026-07-15 15:34:00,22730000,US,DEV1189,0
TXN05823,CARD00450,C00450,M001,T001,2026-07-10 10:22:00,40170000,VN,DEV0023,0
TXN05824,CARD02096,C02096,M004,T004,2026-07-02 17:34:00,44020000,HK,DEV0069,0
TXN05825,CARD03220,C03220,M011,T011,2026-07-04 05:43:00,35210000,VN,DEV0635,0
TXN05826,CARD00199,C00199,M002,T002,2026-07-25 08:17:00,13200000,US,DEV1292,0
TXN05827,CARD09829,C09829,M013,T013,2026-07-07 11:01:00,37220000,VN,DEV0864,0
TXN05828,CARD00353,C00353,M012,T012,2026-07-01 15:31:00,2980000,VN,DEV1406,0
TXN05829,CARD05456,C05456,M013,T013,2026-07-02 13:46:00,13160000,VN,DEV1508,0
TXN05830,CARD03277,C03277,M014,T014,2026-07-10 05:43:00,34270000,VN,DEV0387,0
TXN05831,CARD03217,C03217,M004,T004,2026-07-22 04:58:00,17690000,US,DEV1831,0
TXN05832,CARD08137,C08137,M011,T011,2026-07-13 23:09:00,12030000,VN,DEV0650,0
TXN05833,CARD05692,C05692,M003,T003,2026-07-22 16:13:00,980000,US,DEV0983,0
TXN05834,CARD00612,C00612,M010,T010,2026-07-09 17:20:00,49300000,VN,DEV1447,0
TXN05835,CARD00156,C00156,M009,T009,2026-07-11 20:50:00,5490000,VN,DEV0762,0
TXN05836,CARD04059,C04059,M001,T001,2026-07-12 00:31:00,2060000,VN,DEV1847,0
TXN05837,CARD00765,C00765,M008,T008,2026-07-27 12:48:00,48140000,VN,DEV1089,0
TXN05838,CARD09099,C09099,M010,T010,2026-07-15 02:53:00,40940000,VN,DEV0795,0
TXN05839,CARD03109,C03109,M005,T005,2026-07-09 01:15:00,48720000,US,DEV0703,0
TXN05840,CARD05852,C05852,M003,T003,2026-07-02 15:01:00,16270000,US,DEV0839,0
TXN05841,CARD06446,C06446,M006,T006,2026-07-26 07:00:00,32590000,VN,DEV1568,0
TXN05842,CARD06409,C06409,M001,T001,2026-07-18 16:20:00,43570000,VN,DEV1337,0
TXN05843,CARD04860,C04860,M001,T001,2026-07-21 04:07:00,4950000,VN,DEV1163,0
TXN05844,CARD09821,C09821,M008,T008,2026-07-14 13:28:00,46110000,VN,DEV1768,0
TXN05845,CARD06119,C06119,M003,T003,2026-07-24 14:18:00,44380000,SG,DEV0547,0
TXN05846,CARD06516,C06516,M009,T009,2026-07-01 04:48:00,6990000,VN,DEV1099,0
TXN05847,CARD09355,C09355,M012,T012,2026-07-17 11:33:00,12950000,VN,DEV0528,0
TXN05848,CARD09109,C09109,M009,T009,2026-07-20 02:12:00,11110000,VN,DEV0416,0
TXN05849,CARD09273,C09273,M012,T012,2026-07-25 14:41:00,8640000,VN,DEV1929,0
TXN05850,CARD01170,C01170,M014,T014,2026-07-24 12:37:00,22100000,VN,DEV1633,0
TXN05851,CARD00181,C00181,M003,T003,2026-07-01 21:46:00,34890000,HK,DEV1537,0
TXN05852,CARD01874,C01874,M012,T012,2026-07-05 10:49:00,8870000,VN,DEV0994,0
TXN05853,CARD07933,C07933,M006,T006,2026-07-18 15:21:00,6630000,VN,DEV0545,0
TXN05854,CARD03654,C03654,M002,T002,2026-07-25 21:27:00,47140000,US,DEV1086,0
TXN05855,CARD02799,C02799,M001,T001,2026-07-20 15:04:00,31600000,VN,DEV1498,0
TXN05856,CARD07088,C07088,M004,T004,2026-07-23 00:18:00,44870000,HK,DEV0583,0
TXN05857,CARD05998,C05998,M013,T013,2026-07-03 19:49:00,23710000,VN,DEV1002,0
TXN05858,CARD00080,C00080,M013,T013,2026-07-14 21:56:00,38150000,VN,DEV1497,0
TXN05859,CARD02646,C02646,M001,T001,2026-07-13 08:36:00,34280000,VN,DEV0368,0
TXN05860,CARD01904,C01904,M007,T007,2026-07-09 20:07:00,30970000,VN,DEV0794,0
TXN05861,CARD03555,C03555,M002,T002,2026-07-28 06:08:00,31150000,HK,DEV1914,0
TXN05862,CARD04484,C04484,M007,T007,2026-07-17 14:06:00,9010000,VN,DEV0996,0
TXN05863,CARD06032,C06032,M005,T005,2026-07-11 04:39:00,8590000,US,DEV0353,0
TXN05864,CARD09038,C09038,M005,T005,2026-07-17 02:00:00,12530000,US,DEV1633,0
TXN05865,CARD06587,C06587,M001,T001,2026-07-27 21:23:00,45070000,VN,DEV1854,0
TXN05866,CARD03008,C03008,M010,T010,2026-07-06 18:25:00,41170000,VN,DEV1329,0
TXN05867,CARD03940,C03940,M009,T009,2026-07-05 05:45:00,11480000,VN,DEV0974,0
TXN05868,CARD02455,C02455,M006,T006,2026-07-16 00:15:00,24650000,VN,DEV0379,0
TXN05869,CARD04664,C04664,M013,T013,2026-07-13 03:48:00,22570000,VN,DEV0798,0
TXN05870,CARD04971,C04971,M003,T003,2026-07-17 17:07:00,43090000,US,DEV0614,0
TXN05871,CARD06898,C06898,M011,T011,2026-07-20 14:07:00,41930000,VN,DEV1014,0
TXN05872,CARD05804,C05804,M011,T011,2026-07-24 04:11:00,33410000,VN,DEV0289,0
TXN05873,CARD08145,C08145,M007,T007,2026-07-21 08:16:00,7740000,VN,DEV0472,0
TXN05874,CARD06398,C06398,M010,T010,2026-07-01 02:02:00,33270000,VN,DEV1160,0
TXN05875,CARD07055,C07055,M005,T005,2026-07-14 00:53:00,35410000,US,DEV1812,0
TXN05876,CARD00643,C00643,M011,T011,2026-07-07 17:32:00,490000,VN,DEV1257,0
TXN05877,CARD08397,C08397,M014,T014,2026-07-21 20:42:00,2250000,VN,DEV1999,0
TXN05878,CARD06918,C06918,M011,T011,2026-07-14 00:55:00,8060000,VN,DEV1247,0
TXN05879,CARD03928,C03928,M004,T004,2026-07-07 00:58:00,30710000,HK,DEV1110,0
TXN05880,CARD01543,C01543,M003,T003,2026-07-26 04:49:00,42890000,HK,DEV0735,0
TXN05881,CARD04234,C04234,M008,T008,2026-07-19 14:53:00,22560000,VN,DEV0274,0
TXN05882,CARD05624,C05624,M013,T013,2026-07-01 17:04:00,31880000,VN,DEV0440,0
TXN05883,CARD07973,C07973,M009,T009,2026-07-13 04:07:00,27380000,VN,DEV1733,0
TXN05884,CARD07167,C07167,M014,T014,2026-07-27 03:51:00,13860000,VN,DEV1019,0
TXN05885,CARD09983,C09983,M007,T007,2026-07-23 17:42:00,1840000,VN,DEV1966,0
TXN05886,CARD07738,C07738,M006,T006,2026-07-20 01:22:00,43230000,VN,DEV1285,0
TXN05887,CARD09034,C09034,M008,T008,2026-07-24 16:24:00,32150000,VN,DEV1364,0
TXN05888,CARD02834,C02834,M006,T006,2026-07-24 20:11:00,45140000,VN,DEV1385,0
TXN05889,CARD03870,C03870,M002,T002,2026-07-05 18:43:00,49910000,US,DEV0828,0
TXN05890,CARD00951,C00951,M003,T003,2026-07-03 16:55:00,30360000,HK,DEV0648,0
TXN05891,CARD02338,C02338,M008,T008,2026-07-26 13:30:00,19640000,VN,DEV0168,0
TXN05892,CARD03235,C03235,M005,T005,2026-07-19 13:24:00,24120000,US,DEV0890,0
TXN05893,CARD05501,C05501,M006,T006,2026-07-18 02:13:00,5050000,VN,DEV1015,0
TXN05894,CARD06998,C06998,M009,T009,2026-07-28 08:44:00,8010000,VN,DEV0034,0
TXN05895,CARD01864,C01864,M013,T013,2026-07-09 22:06:00,44590000,VN,DEV1155,0
TXN05896,CARD07837,C07837,M012,T012,2026-07-10 09:57:00,34670000,VN,DEV0774,0
TXN05897,CARD01846,C01846,M004,T004,2026-07-13 20:33:00,6230000,US,DEV1482,0
TXN05898,CARD08620,C08620,M012,T012,2026-07-04 09:49:00,32780000,VN,DEV1889,0
TXN05899,CARD01748,C01748,M005,T005,2026-07-01 01:09:00,29680000,US,DEV1768,0
TXN05900,CARD05876,C05876,M009,T009,2026-07-04 12:39:00,37460000,VN,DEV1371,0
TXN05901,CARD09656,C09656,M007,T007,2026-07-12 04:45:00,7630000,VN,DEV0302,0
TXN05902,CARD03980,C03980,M010,T010,2026-07-25 06:48:00,4940000,VN,DEV0865,0
TXN05903,CARD05284,C05284,M006,T006,2026-07-13 23:09:00,1520000,VN,DEV1597,0
TXN05904,CARD05914,C05914,M011,T011,2026-07-23 18:36:00,5230000,VN,DEV1216,0
TXN05905,CARD09249,C09249,M002,T002,2026-07-18 22:28:00,11680000,SG,NEW_DEVICE,1
TXN05906,CARD04197,C04197,M010,T010,2026-07-09 18:11:00,9430000,VN,DEV1375,0
TXN05907,CARD06151,C06151,M010,T010,2026-07-17 16:45:00,18550000,VN,DEV0856,0
TXN05908,CARD00341,C00341,M005,T005,2026-07-13 08:18:00,11210000,NG,NEW_DEVICE,1
TXN05909,CARD06809,C06809,M009,T009,2026-07-01 20:04:00,4530000,VN,DEV1231,0
TXN05910,CARD08018,C08018,M002,T002,2026-07-16 06:39:00,17200000,HK,DEV1871,0
TXN05911,CARD04233,C04233,M003,T003,2026-07-17 15:34:00,29660000,SG,DEV1425,0
TXN05912,CARD07864,C07864,M007,T007,2026-07-15 02:18:00,43640000,VN,DEV0288,0
TXN05913,CARD01943,C01943,M012,T012,2026-07-15 12:23:00,41600000,VN,DEV0126,0
TXN05914,CARD09496,C09496,M011,T011,2026-07-04 13:10:00,35450000,VN,DEV0935,0
TXN05915,CARD07052,C07052,M011,T011,2026-07-22 09:02:00,6520000,VN,DEV1917,0
TXN05916,CARD08785,C08785,M011,T011,2026-07-19 14:26:00,28530000,VN,DEV0546,0
TXN05917,CARD04640,C04640,M002,T002,2026-07-21 19:51:00,19760000,SG,DEV1138,0
TXN05918,CARD01128,C01128,M006,T006,2026-07-26 01:06:00,16060000,VN,DEV1012,0
TXN05919,CARD06540,C06540,M011,T011,2026-07-12 05:33:00,12910000,VN,DEV1210,0
TXN05920,CARD00478,C00478,M005,T005,2026-07-04 09:27:00,32090000,HK,DEV0034,0
TXN05921,CARD04201,C04201,M001,T001,2026-07-20 18:53:00,36860000,VN,DEV0681,0
TXN05922,CARD04520,C04520,M002,T002,2026-07-19 00:52:00,2200000,SG,DEV0906,0
TXN05923,CARD04101,C04101,M013,T013,2026-07-19 07:48:00,48840000,VN,DEV0823,0
TXN05924,CARD04183,C04183,M003,T003,2026-07-06 20:47:00,30960000,SG,DEV0099,0
TXN05925,CARD03007,C03007,M006,T006,2026-07-10 19:50:00,13020000,VN,DEV0457,0
TXN05926,CARD09094,C09094,M008,T008,2026-07-14 07:31:00,28010000,VN,DEV1666,0
TXN05927,CARD02613,C02613,M007,T007,2026-07-02 10:46:00,36810000,VN,DEV1370,0
TXN05928,CARD03316,C03316,M004,T004,2026-07-26 23:29:00,23540000,HK,DEV0042,0
TXN05929,CARD01626,C01626,M009,T009,2026-07-25 19:45:00,9140000,VN,DEV1909,0
TXN05930,CARD07895,C07895,M001,T001,2026-07-24 07:33:00,14310000,VN,DEV0714,0
TXN05931,CARD00483,C00483,M003,T003,2026-07-11 09:18:00,44720000,US,DEV0891,0
TXN05932,CARD08462,C08462,M001,T001,2026-07-24 07:57:00,29190000,VN,DEV0261,0
TXN05933,CARD04642,C04642,M006,T006,2026-07-09 10:19:00,9690000,VN,DEV1346,0
TXN05934,CARD07556,C07556,M012,T012,2026-07-15 02:59:00,27410000,VN,DEV0579,0
TXN05935,CARD09949,C09949,M005,T005,2026-07-03 06:47:00,48050000,SG,DEV0855,0
TXN05936,CARD00604,C00604,M014,T014,2026-07-21 08:12:00,27400000,VN,DEV1845,0
TXN05937,CARD08440,C08440,M003,T003,2026-07-10 19:10:00,32830000,US,DEV1766,0
TXN05938,CARD02425,C02425,M013,T013,2026-07-09 03:37:00,4770000,VN,DEV1252,0
TXN05939,CARD06839,C06839,M005,T005,2026-07-13 07:25:00,44860000,SG,DEV0941,0
TXN05940,CARD09176,C09176,M006,T006,2026-07-10 15:58:00,28380000,VN,DEV1314,0
TXN05941,CARD07532,C07532,M010,T010,2026-07-09 21:12:00,42180000,VN,DEV1210,0
TXN05942,CARD00534,C00534,M007,T007,2026-07-13 19:58:00,20240000,VN,DEV1320,0
TXN05943,CARD02552,C02552,M004,T004,2026-07-26 06:33:00,49600000,SG,DEV0891,0
TXN05944,CARD01715,C01715,M001,T001,2026-07-02 07:44:00,23930000,VN,DEV0163,0
TXN05945,CARD09742,C09742,M010,T010,2026-07-14 18:49:00,42410000,VN,DEV1612,0
TXN05946,CARD01587,C01587,M011,T011,2026-07-05 15:29:00,38290000,VN,DEV1981,0
TXN05947,CARD07004,C07004,M005,T005,2026-07-09 06:17:00,36380000,SG,DEV1411,0
TXN05948,CARD06063,C06063,M002,T002,2026-07-20 03:01:00,30320000,US,DEV1024,0
TXN05949,CARD00982,C00982,M004,T004,2026-07-22 05:54:00,48930000,HK,DEV0587,0
TXN05950,CARD03993,C03993,M011,T011,2026-07-23 08:58:00,22120000,VN,DEV1386,0
TXN05951,CARD06046,C06046,M006,T006,2026-07-16 21:53:00,49110000,VN,DEV1207,0
TXN05952,CARD02696,C02696,M004,T004,2026-07-27 01:27:00,45430000,SG,DEV0797,0
TXN05953,CARD00999,C00999,M006,T006,2026-07-14 11:08:00,6960000,VN,DEV1565,0
TXN05954,CARD07068,C07068,M002,T002,2026-07-07 06:11:00,43820000,US,DEV0592,0
TXN05955,CARD02725,C02725,M012,T012,2026-07-11 01:20:00,46760000,VN,DEV0232,0
TXN05956,CARD05958,C05958,M010,T010,2026-07-28 18:35:00,48340000,VN,DEV1448,0
TXN05957,CARD02284,C02284,M014,T014,2026-07-22 16:42:00,32470000,VN,DEV1272,0
TXN05958,CARD01923,C01923,M005,T005,2026-07-17 10:28:00,6450000,HK,DEV0355,0
TXN05959,CARD07258,C07258,M001,T001,2026-07-03 18:04:00,5430000,VN,DEV1008,0
TXN05960,CARD09082,C09082,M008,T008,2026-07-23 11:29:00,14500000,VN,DEV1460,0
TXN05961,CARD00586,C00586,M009,T009,2026-07-13 19:17:00,11250000,VN,DEV1451,0
TXN05962,CARD09205,C09205,M007,T007,2026-07-05 22:36:00,17190000,VN,DEV1371,0
TXN05963,CARD07314,C07314,M003,T003,2026-07-02 00:47:00,22860000,US,DEV0943,0
TXN05964,CARD05258,C05258,M010,T010,2026-07-19 08:36:00,23630000,VN,DEV0339,0
TXN05965,CARD08809,C08809,M012,T012,2026-07-18 16:36:00,40210000,VN,DEV1367,0
TXN05966,CARD01239,C01239,M014,T014,2026-07-05 08:50:00,18440000,VN,DEV0265,0
TXN05967,CARD04399,C04399,M001,T001,2026-07-25 00:11:00,44210000,VN,DEV0689,0
TXN05968,CARD06354,C06354,M005,T005,2026-07-11 06:02:00,2090000,SG,DEV1120,0
TXN05969,CARD03405,C03405,M001,T001,2026-07-08 22:58:00,21490000,VN,DEV1599,0
TXN05970,CARD08955,C08955,M002,T002,2026-07-05 01:04:00,24160000,HK,DEV0297,0
TXN05971,CARD08899,C08899,M012,T012,2026-07-02 14:11:00,48500000,VN,DEV1799,0
TXN05972,CARD00342,C00342,M011,T011,2026-07-11 00:48:00,43840000,VN,DEV1213,0
TXN05973,CARD01803,C01803,M010,T010,2026-07-12 09:32:00,45500000,VN,DEV1383,0
TXN05974,CARD05373,C05373,M001,T001,2026-07-02 00:18:00,7120000,VN,DEV0930,0
TXN05975,CARD01135,C01135,M012,T012,2026-07-28 03:26:00,46100000,VN,DEV0195,0
TXN05976,CARD06977,C06977,M008,T008,2026-07-23 00:11:00,29440000,VN,DEV1681,0
TXN05977,CARD05765,C05765,M012,T012,2026-07-08 12:06:00,6630000,VN,DEV0504,0
TXN05978,CARD03147,C03147,M004,T004,2026-07-04 21:04:00,19760000,SG,DEV1455,0
TXN05979,CARD06416,C06416,M005,T005,2026-07-18 09:48:00,5920000,HK,DEV0066,0
TXN05980,CARD09894,C09894,M011,T011,2026-07-10 12:01:00,7630000,US,NEW_DEVICE,1
TXN05981,CARD08871,C08871,M005,T005,2026-07-18 05:23:00,22900000,US,DEV0547,0
TXN05982,CARD01681,C01681,M003,T003,2026-07-05 18:28:00,6800000,SG,DEV0351,0
TXN05983,CARD07461,C07461,M003,T003,2026-07-28 14:11:00,9250000,US,DEV0084,0
TXN05984,CARD04171,C04171,M001,T001,2026-07-11 03:02:00,2870000,VN,DEV1100,0
TXN05985,CARD06575,C06575,M007,T007,2026-07-14 10:21:00,17810000,VN,DEV1087,0
TXN05986,CARD06229,C06229,M006,T006,2026-07-08 02:53:00,29970000,VN,DEV1010,0
TXN05987,CARD07663,C07663,M014,T014,2026-07-28 08:57:00,48720000,VN,DEV0445,0
TXN05988,CARD02905,C02905,M013,T013,2026-07-08 12:15:00,26720000,VN,DEV1924,0
TXN05989,CARD06321,C06321,M008,T008,2026-07-12 08:01:00,35500000,VN,DEV1075,0
TXN05990,CARD06137,C06137,M013,T013,2026-07-28 12:37:00,5570000,VN,DEV0262,0
TXN05991,CARD03804,C03804,M011,T011,2026-07-18 03:29:00,35450000,VN,DEV1691,0
TXN05992,CARD04786,C04786,M003,T003,2026-07-22 12:02:00,14700000,SG,DEV0196,0
TXN05993,CARD09574,C09574,M014,T014,2026-07-19 22:16:00,19420000,VN,DEV1092,0
TXN05994,CARD03225,C03225,M010,T010,2026-07-04 18:39:00,16430000,VN,DEV1804,0
TXN05995,CARD02952,C02952,M009,T009,2026-07-16 12:11:00,44090000,VN,DEV1883,0
TXN05996,CARD04376,C04376,M001,T001,2026-07-11 07:40:00,21910000,VN,DEV1401,0
TXN05997,CARD05115,C05115,M007,T007,2026-07-28 05:49:00,49410000,VN,DEV0996,0
TXN05998,CARD01666,C01666,M014,T014,2026-07-09 05:17:00,43250000,VN,DEV1312,0
TXN05999,CARD00681,C00681,M010,T010,2026-07-14 03:08:00,34770000,VN,DEV1449,0
TXN06000,CARD02171,C02171,M002,T002,2026-07-05 05:39:00,19870000,US,DEV0676,0
TXN06001,CARD07693,C07693,M014,T014,2026-07-04 09:15:00,24320000,VN,DEV0459,0
TXN06002,CARD02918,C02918,M001,T001,2026-07-20 15:20:00,8690000,VN,DEV1177,0
TXN06003,CARD08818,C08818,M007,T007,2026-07-10 09:10:00,7250000,VN,DEV1571,0
TXN06004,CARD08346,C08346,M012,T012,2026-07-07 03:24:00,45500000,VN,DEV1059,0
TXN06005,CARD01058,C01058,M009,T009,2026-07-18 18:47:00,12390000,VN,DEV0771,0
TXN06006,CARD01280,C01280,M006,T006,2026-07-15 10:01:00,12470000,VN,DEV0714,0
TXN06007,CARD08720,C08720,M009,T009,2026-07-10 13:13:00,34270000,VN,DEV0536,0
TXN06008,CARD05923,C05923,M002,T002,2026-07-04 17:32:00,7800000,US,DEV0080,0
TXN06009,CARD07540,C07540,M014,T014,2026-07-08 06:06:00,28410000,VN,DEV1592,0
TXN06010,CARD06005,C06005,M012,T012,2026-07-11 17:06:00,28120000,VN,DEV1573,0
TXN06011,CARD03597,C03597,M002,T002,2026-07-12 01:54:00,44560000,SG,DEV0099,0
TXN06012,CARD08961,C08961,M003,T003,2026-07-20 23:02:00,47550000,US,DEV0824,0
TXN06013,CARD06536,C06536,M012,T012,2026-07-03 17:03:00,8800000,VN,DEV1909,0
TXN06014,CARD06510,C06510,M007,T007,2026-07-07 18:45:00,12840000,VN,DEV0127,0
TXN06015,CARD06751,C06751,M003,T003,2026-07-12 20:42:00,39340000,HK,DEV0942,0
TXN06016,CARD02245,C02245,M001,T001,2026-07-28 05:05:00,24530000,VN,DEV0474,0
TXN06017,CARD00057,C00057,M005,T005,2026-07-02 03:28:00,14820000,HK,DEV0174,0
TXN06018,CARD03279,C03279,M003,T003,2026-07-13 21:25:00,270000,SG,DEV0159,0
TXN06019,CARD00181,C00181,M006,T006,2026-07-27 18:31:00,49330000,VN,DEV0114,0
TXN06020,CARD01066,C01066,M013,T013,2026-07-26 11:41:00,28890000,VN,DEV0884,0
TXN06021,CARD00850,C00850,M011,T011,2026-07-24 05:36:00,16970000,VN,DEV1837,0
TXN06022,CARD00368,C00368,M002,T002,2026-07-16 01:17:00,10180000,SG,DEV0169,0
TXN06023,CARD01377,C01377,M005,T005,2026-07-02 11:16:00,43520000,HK,NEW_DEVICE,1
TXN06024,CARD06721,C06721,M007,T007,2026-07-27 11:24:00,49870000,VN,DEV1025,0
TXN06025,CARD06654,C06654,M013,T013,2026-07-09 21:19:00,18140000,VN,DEV0460,0
TXN06026,CARD00715,C00715,M003,T003,2026-07-04 08:47:00,7340000,US,DEV1967,0
TXN06027,CARD02509,C02509,M009,T009,2026-07-28 00:11:00,21900000,VN,DEV1295,0
TXN06028,CARD01280,C01280,M006,T006,2026-07-16 04:29:00,38340000,VN,DEV0752,0
TXN06029,CARD05190,C05190,M003,T003,2026-07-25 11:29:00,39900000,HK,DEV0390,0
TXN06030,CARD01380,C01380,M005,T005,2026-07-27 08:40:00,32660000,SG,DEV1610,0
TXN06031,CARD06263,C06263,M014,T014,2026-07-01 02:44:00,7520000,VN,DEV0811,0
TXN06032,CARD08633,C08633,M010,T010,2026-07-04 20:12:00,23690000,VN,DEV1237,0
TXN06033,CARD01500,C01500,M012,T012,2026-07-14 03:43:00,12570000,VN,DEV1018,0
TXN06034,CARD06262,C06262,M005,T005,2026-07-25 09:12:00,19220000,US,DEV1667,0
TXN06035,CARD04989,C04989,M009,T009,2026-07-22 23:04:00,31500000,VN,DEV1781,0
TXN06036,CARD08633,C08633,M007,T007,2026-07-03 12:20:00,14880000,VN,DEV0314,0
TXN06037,CARD05994,C05994,M013,T013,2026-07-11 03:05:00,41840000,VN,DEV0335,0
TXN06038,CARD08838,C08838,M013,T013,2026-07-14 16:24:00,9560000,VN,DEV0829,0
TXN06039,CARD07621,C07621,M001,T001,2026-07-16 17:51:00,36160000,VN,DEV1022,0
TXN06040,CARD00098,C00098,M011,T011,2026-07-20 03:15:00,22910000,VN,DEV0630,0
TXN06041,CARD05062,C05062,M013,T013,2026-07-23 17:29:00,14860000,VN,DEV0867,0
TXN06042,CARD01588,C01588,M003,T003,2026-07-02 23:55:00,48100000,US,DEV1798,0
TXN06043,CARD02080,C02080,M005,T005,2026-07-03 07:32:00,13270000,HK,DEV1618,0
TXN06044,CARD08712,C08712,M001,T001,2026-07-19 11:35:00,24040000,VN,DEV0183,0
TXN06045,CARD00514,C00514,M009,T009,2026-07-01 14:21:00,18530000,VN,DEV0342,0
TXN06046,CARD05243,C05243,M009,T009,2026-07-16 18:17:00,14130000,VN,DEV1797,0
TXN06047,CARD07316,C07316,M006,T006,2026-07-12 22:57:00,48480000,VN,DEV0959,0
TXN06048,CARD06114,C06114,M012,T012,2026-07-19 14:29:00,49230000,VN,DEV0936,0
TXN06049,CARD03682,C03682,M005,T005,2026-07-19 01:32:00,10280000,SG,DEV1117,0
TXN06050,CARD03175,C03175,M012,T012,2026-07-18 03:24:00,24220000,VN,DEV0085,0
TXN06051,CARD04596,C04596,M012,T012,2026-07-23 07:23:00,2790000,VN,DEV0420,0
TXN06052,CARD00157,C00157,M004,T004,2026-07-06 07:54:00,5530000,SG,DEV1037,0
TXN06053,CARD04156,C04156,M004,T004,2026-07-04 21:21:00,23200000,US,DEV0623,0
TXN06054,CARD03154,C03154,M010,T010,2026-07-24 02:44:00,9310000,VN,DEV0013,0
TXN06055,CARD04805,C04805,M003,T003,2026-07-04 08:19:00,42720000,US,DEV1154,0
TXN06056,CARD08173,C08173,M008,T008,2026-07-03 05:43:00,23650000,VN,DEV1821,0
TXN06057,CARD02554,C02554,M003,T003,2026-07-13 10:27:00,41400000,US,DEV1080,0
TXN06058,CARD09186,C09186,M014,T014,2026-07-19 10:12:00,20560000,VN,DEV0845,0
TXN06059,CARD04225,C04225,M007,T007,2026-07-19 02:13:00,44970000,VN,DEV0351,0
TXN06060,CARD09779,C09779,M009,T009,2026-07-10 14:40:00,6740000,VN,DEV1596,0
TXN06061,CARD02999,C02999,M012,T012,2026-07-20 12:29:00,35870000,VN,DEV1110,0
TXN06062,CARD06321,C06321,M001,T001,2026-07-22 22:49:00,37420000,VN,DEV0724,0
TXN06063,CARD08852,C08852,M005,T005,2026-07-09 04:49:00,16760000,HK,DEV0246,0
TXN06064,CARD09964,C09964,M009,T009,2026-07-03 04:26:00,41410000,VN,DEV1193,0
TXN06065,CARD02307,C02307,M013,T013,2026-07-18 04:42:00,19530000,VN,DEV0964,0
TXN06066,CARD02003,C02003,M003,T003,2026-07-04 03:46:00,31980000,SG,DEV0811,0
TXN06067,CARD08039,C08039,M012,T012,2026-07-27 22:13:00,12460000,VN,DEV1414,0
TXN06068,CARD08688,C08688,M004,T004,2026-07-27 14:33:00,49910000,HK,DEV0304,0
TXN06069,CARD00109,C00109,M011,T011,2026-07-08 13:23:00,6130000,VN,DEV1881,0
TXN06070,CARD06458,C06458,M002,T002,2026-07-16 15:16:00,26560000,US,DEV0242,0
TXN06071,CARD06534,C06534,M002,T002,2026-07-07 19:48:00,15610000,US,DEV1854,0
TXN06072,CARD03135,C03135,M009,T009,2026-07-04 02:45:00,37450000,VN,DEV0015,0
TXN06073,CARD08605,C08605,M006,T006,2026-07-08 10:15:00,19160000,VN,DEV0788,0
TXN06074,CARD03770,C03770,M008,T008,2026-07-03 19:01:00,35530000,VN,DEV1011,0
TXN06075,CARD07779,C07779,M005,T005,2026-07-01 21:41:00,41230000,HK,DEV0285,0
TXN06076,CARD01190,C01190,M010,T010,2026-07-22 21:15:00,32120000,VN,DEV1435,0
TXN06077,CARD05328,C05328,M001,T001,2026-07-27 08:35:00,47840000,VN,DEV1056,0
TXN06078,CARD02200,C02200,M010,T010,2026-07-28 02:06:00,42060000,VN,DEV0090,0
TXN06079,CARD05274,C05274,M012,T012,2026-07-08 17:56:00,49410000,VN,DEV0748,0
TXN06080,CARD01740,C01740,M013,T013,2026-07-24 11:02:00,6200000,VN,DEV0901,0
TXN06081,CARD03767,C03767,M013,T013,2026-07-24 06:25:00,32570000,VN,DEV0987,0
TXN06082,CARD07154,C07154,M010,T010,2026-07-12 11:25:00,19520000,SG,NEW_DEVICE,1
TXN06083,CARD09728,C09728,M003,T003,2026-07-16 02:46:00,17170000,HK,DEV1162,0
TXN06084,CARD09625,C09625,M001,T001,2026-07-06 11:47:00,48180000,VN,DEV1746,0
TXN06085,CARD09951,C09951,M006,T006,2026-07-27 04:49:00,34870000,VN,DEV1859,0
TXN06086,CARD09173,C09173,M005,T005,2026-07-27 19:02:00,41660000,HK,DEV0493,0
TXN06087,CARD05798,C05798,M011,T011,2026-07-28 05:32:00,930000,VN,DEV1018,0
TXN06088,CARD05293,C05293,M001,T001,2026-07-14 21:05:00,4190000,VN,DEV1514,0
TXN06089,CARD09664,C09664,M013,T013,2026-07-14 02:51:00,20220000,VN,DEV1350,0
TXN06090,CARD00045,C00045,M001,T001,2026-07-08 07:38:00,19240000,HK,NEW_DEVICE,1
TXN06091,CARD02556,C02556,M004,T004,2026-07-16 11:42:00,33910000,SG,DEV0086,0
TXN06092,CARD00377,C00377,M004,T004,2026-07-13 11:58:00,37080000,SG,DEV0394,0
TXN06093,CARD08559,C08559,M002,T002,2026-07-01 10:28:00,23850000,SG,DEV1396,0
TXN06094,CARD02094,C02094,M006,T006,2026-07-21 13:18:00,35310000,VN,DEV0278,0
TXN06095,CARD04133,C04133,M006,T006,2026-07-16 12:01:00,45660000,VN,DEV1074,0
TXN06096,CARD04987,C04987,M008,T008,2026-07-09 14:17:00,24550000,VN,DEV1052,0
TXN06097,CARD04423,C04423,M011,T011,2026-07-23 05:11:00,13570000,VN,DEV1241,0
TXN06098,CARD04787,C04787,M002,T002,2026-07-06 11:00:00,3810000,US,DEV1009,0
TXN06099,CARD04150,C04150,M001,T001,2026-07-26 00:27:00,29070000,VN,DEV1722,0
TXN06100,CARD02883,C02883,M003,T003,2026-07-28 01:12:00,46820000,HK,DEV1629,0
TXN06101,CARD01321,C01321,M003,T003,2026-07-02 10:38:00,45900000,US,DEV1095,0
TXN06102,CARD06591,C06591,M011,T011,2026-07-17 08:12:00,41980000,VN,DEV0137,0
TXN06103,CARD01353,C01353,M007,T007,2026-07-05 06:13:00,3470000,VN,DEV0079,0
TXN06104,CARD04593,C04593,M013,T013,2026-07-26 13:31:00,3860000,VN,DEV0804,0
TXN06105,CARD00820,C00820,M006,T006,2026-07-13 08:47:00,10620000,VN,DEV0822,0
TXN06106,CARD09855,C09855,M012,T012,2026-07-13 21:25:00,45710000,VN,DEV1882,0
TXN06107,CARD01659,C01659,M011,T011,2026-07-18 13:59:00,26570000,VN,DEV0442,0
TXN06108,CARD07464,C07464,M009,T009,2026-07-15 15:09:00,39660000,VN,DEV1961,0
TXN06109,CARD04622,C04622,M002,T002,2026-07-19 03:01:00,18900000,HK,DEV1046,0
TXN06110,CARD03183,C03183,M014,T014,2026-07-21 06:41:00,19020000,VN,DEV1970,0
TXN06111,CARD04747,C04747,M005,T005,2026-07-28 07:09:00,25530000,HK,DEV1701,0
TXN06112,CARD04673,C04673,M010,T010,2026-07-14 11:21:00,16130000,VN,DEV0568,0
TXN06113,CARD08082,C08082,M013,T013,2026-07-26 04:02:00,33880000,VN,DEV0582,0
TXN06114,CARD09903,C09903,M012,T012,2026-07-26 06:23:00,15900000,VN,DEV0856,0
TXN06115,CARD00629,C00629,M002,T002,2026-07-15 14:02:00,37660000,HK,DEV0073,0
TXN06116,CARD08836,C08836,M008,T008,2026-07-13 02:25:00,47400000,VN,DEV1569,0
TXN06117,CARD06541,C06541,M010,T010,2026-07-07 04:11:00,4320000,VN,DEV0043,0
TXN06118,CARD08796,C08796,M005,T005,2026-07-11 15:21:00,20890000,SG,DEV0963,0
TXN06119,CARD00362,C00362,M010,T010,2026-07-07 18:27:00,9430000,VN,DEV1824,0
TXN06120,CARD01939,C01939,M002,T002,2026-07-24 00:01:00,42760000,SG,DEV0171,0
TXN06121,CARD05124,C05124,M010,T010,2026-07-02 14:51:00,30680000,VN,DEV0452,0
TXN06122,CARD03301,C03301,M005,T005,2026-07-04 16:04:00,21310000,HK,DEV1884,0
TXN06123,CARD01904,C01904,M001,T001,2026-07-20 14:19:00,10220000,VN,DEV1875,0
TXN06124,CARD00774,C00774,M003,T003,2026-07-15 22:03:00,46020000,SG,DEV1314,0
TXN06125,CARD05628,C05628,M002,T002,2026-07-05 16:32:00,30550000,SG,DEV1873,0
TXN06126,CARD01661,C01661,M004,T004,2026-07-28 07:59:00,6770000,US,DEV1850,0
TXN06127,CARD01091,C01091,M002,T002,2026-07-20 22:26:00,4200000,SG,DEV1393,0
TXN06128,CARD01904,C01904,M008,T008,2026-07-20 02:01:00,29180000,VN,DEV0122,0
TXN06129,CARD03465,C03465,M003,T003,2026-07-19 06:46:00,240000,SG,DEV0974,0
TXN06130,CARD06110,C06110,M005,T005,2026-07-17 16:02:00,14070000,HK,DEV0405,0
TXN06131,CARD01129,C01129,M009,T009,2026-07-16 18:02:00,27890000,VN,DEV1064,0
TXN06132,CARD03610,C03610,M004,T004,2026-07-03 09:39:00,37160000,SG,DEV1352,0
TXN06133,CARD05429,C05429,M003,T003,2026-07-28 16:56:00,13220000,SG,DEV1364,0
TXN06134,CARD06835,C06835,M003,T003,2026-07-17 01:59:00,9530000,HK,DEV1384,0
TXN06135,CARD00407,C00407,M007,T007,2026-07-28 03:42:00,12490000,VN,DEV1235,0
TXN06136,CARD05367,C05367,M005,T005,2026-07-17 20:16:00,39390000,HK,DEV0814,0
TXN06137,CARD00949,C00949,M005,T005,2026-07-14 15:04:00,33240000,HK,DEV0269,0
TXN06138,CARD00980,C00980,M012,T012,2026-07-22 05:08:00,18940000,VN,DEV0987,0
TXN06139,CARD00017,C00017,M012,T012,2026-07-28 02:07:00,45710000,VN,DEV0611,0
TXN06140,CARD01242,C01242,M005,T005,2026-07-14 08:33:00,45520000,US,DEV0308,0
TXN06141,CARD00449,C00449,M002,T002,2026-07-06 23:13:00,10130000,HK,DEV0182,0
TXN06142,CARD00806,C00806,M014,T014,2026-07-27 16:47:00,1430000,VN,DEV0732,0
TXN06143,CARD02591,C02591,M006,T006,2026-07-22 00:46:00,46050000,VN,DEV1215,0
TXN06144,CARD09195,C09195,M006,T006,2026-07-03 18:50:00,47000000,VN,DEV0129,0
TXN06145,CARD04481,C04481,M006,T006,2026-07-25 06:40:00,40160000,VN,DEV1185,0
TXN06146,CARD03484,C03484,M011,T011,2026-07-14 03:03:00,12370000,VN,DEV0081,0
TXN06147,CARD08702,C08702,M010,T010,2026-07-28 13:21:00,2750000,VN,DEV1494,0
TXN06148,CARD05119,C05119,M001,T001,2026-07-15 22:23:00,32670000,VN,DEV1878,0
TXN06149,CARD07849,C07849,M010,T010,2026-07-26 12:49:00,37940000,VN,DEV0582,0
TXN06150,CARD03962,C03962,M007,T007,2026-07-03 23:26:00,24240000,VN,DEV1695,0
TXN06151,CARD04968,C04968,M005,T005,2026-07-26 06:12:00,14870000,SG,DEV0466,0
TXN06152,CARD06554,C06554,M003,T003,2026-07-15 02:15:00,38540000,HK,DEV1755,0
TXN06153,CARD00061,C00061,M014,T014,2026-07-04 08:07:00,13450000,VN,DEV0154,0
TXN06154,CARD00685,C00685,M012,T012,2026-07-27 18:32:00,19650000,VN,DEV1137,0
TXN06155,CARD09234,C09234,M013,T013,2026-07-16 20:59:00,23840000,VN,DEV1043,0
TXN06156,CARD04056,C04056,M014,T014,2026-07-19 08:19:00,7830000,VN,DEV1376,0
TXN06157,CARD07449,C07449,M004,T004,2026-07-28 02:17:00,18980000,SG,DEV1782,0
TXN06158,CARD04348,C04348,M013,T013,2026-07-15 03:44:00,11740000,VN,DEV0282,0
TXN06159,CARD01952,C01952,M009,T009,2026-07-19 01:15:00,45400000,VN,DEV0370,0
TXN06160,CARD06229,C06229,M007,T007,2026-07-10 16:20:00,36510000,VN,DEV0805,0
TXN06161,CARD02975,C02975,M002,T002,2026-07-28 15:53:00,21460000,HK,DEV1839,0
TXN06162,CARD09013,C09013,M009,T009,2026-07-20 20:29:00,49550000,VN,DEV1134,0
TXN06163,CARD07857,C07857,M005,T005,2026-07-17 12:52:00,6770000,SG,DEV1023,0
TXN06164,CARD04551,C04551,M002,T002,2026-07-09 04:06:00,19100000,HK,DEV1313,0
TXN06165,CARD04117,C04117,M014,T014,2026-07-02 01:54:00,43690000,VN,DEV1683,0
TXN06166,CARD05544,C05544,M011,T011,2026-07-27 20:06:00,23060000,VN,DEV0043,0
TXN06167,CARD00167,C00167,M004,T004,2026-07-16 09:59:00,34270000,SG,DEV0376,0
TXN06168,CARD06179,C06179,M013,T013,2026-07-06 08:20:00,2050000,VN,DEV0450,0
TXN06169,CARD09202,C09202,M008,T008,2026-07-22 13:40:00,19840000,VN,DEV1120,0
TXN06170,CARD09058,C09058,M009,T009,2026-07-13 13:33:00,26840000,VN,DEV1571,0
TXN06171,CARD01145,C01145,M009,T009,2026-07-18 00:00:00,46400000,VN,DEV0454,0
TXN06172,CARD01023,C01023,M009,T009,2026-07-28 14:32:00,25070000,VN,DEV0042,0
TXN06173,CARD09840,C09840,M004,T004,2026-07-12 08:17:00,30080000,VN,NEW_DEVICE,1
TXN06174,CARD06458,C06458,M012,T012,2026-07-05 12:13:00,42220000,VN,DEV0835,0
TXN06175,CARD01116,C01116,M013,T013,2026-07-25 19:34:00,11770000,VN,DEV0201,0
TXN06176,CARD08732,C08732,M013,T013,2026-07-20 00:10:00,43400000,VN,DEV0577,0
TXN06177,CARD05424,C05424,M012,T012,2026-07-04 11:24:00,18810000,VN,DEV0888,0
TXN06178,CARD01651,C01651,M014,T014,2026-07-16 18:59:00,21360000,VN,DEV1058,0
TXN06179,CARD03967,C03967,M012,T012,2026-07-01 01:19:00,27640000,VN,DEV1120,0
TXN06180,CARD02819,C02819,M011,T011,2026-07-26 13:31:00,8460000,VN,DEV1398,0
TXN06181,CARD09641,C09641,M008,T008,2026-07-23 21:38:00,12590000,VN,DEV0097,0
TXN06182,CARD02623,C02623,M010,T010,2026-07-19 20:42:00,9910000,VN,DEV1148,0
TXN06183,CARD09554,C09554,M005,T005,2026-07-07 20:22:00,28870000,US,DEV0479,0
TXN06184,CARD02129,C02129,M012,T012,2026-07-12 14:25:00,540000,VN,DEV1932,0
TXN06185,CARD03708,C03708,M009,T009,2026-07-03 14:10:00,34000000,VN,DEV1473,0
TXN06186,CARD08909,C08909,M004,T004,2026-07-15 19:38:00,8650000,US,DEV1681,0
TXN06187,CARD02376,C02376,M001,T001,2026-07-11 19:32:00,38300000,VN,DEV1048,0
TXN06188,CARD02089,C02089,M013,T013,2026-07-02 18:12:00,11290000,VN,DEV0055,0
TXN06189,CARD00991,C00991,M003,T003,2026-07-14 21:19:00,19220000,SG,DEV1022,0
TXN06190,CARD01909,C01909,M014,T014,2026-07-12 05:47:00,13490000,VN,DEV1628,0
TXN06191,CARD03812,C03812,M006,T006,2026-07-26 21:44:00,48910000,VN,DEV0038,0
TXN06192,CARD09539,C09539,M009,T009,2026-07-20 10:46:00,15060000,VN,DEV1700,0
TXN06193,CARD05353,C05353,M009,T009,2026-07-16 03:21:00,43410000,VN,DEV0874,0
TXN06194,CARD03847,C03847,M011,T011,2026-07-12 01:40:00,27980000,VN,DEV1396,0
TXN06195,CARD07244,C07244,M003,T003,2026-07-09 15:37:00,47630000,US,DEV1709,0
TXN06196,CARD00874,C00874,M001,T001,2026-07-18 01:53:00,36410000,VN,DEV0622,0
TXN06197,CARD03949,C03949,M001,T001,2026-07-28 01:57:00,5290000,VN,DEV1145,0
TXN06198,CARD06517,C06517,M003,T003,2026-07-21 04:19:00,18160000,US,DEV1858,0
TXN06199,CARD08595,C08595,M004,T004,2026-07-11 05:28:00,6600000,HK,DEV1710,0
TXN06200,CARD04062,C04062,M002,T002,2026-07-26 22:15:00,26920000,SG,DEV0650,0
TXN06201,CARD03347,C03347,M003,T003,2026-07-21 01:24:00,45630000,HK,DEV0400,0
TXN06202,CARD09919,C09919,M012,T012,2026-07-09 05:44:00,44210000,VN,DEV1498,0
TXN06203,CARD09147,C09147,M014,T014,2026-07-07 01:09:00,20290000,VN,DEV0211,0
TXN06204,CARD09130,C09130,M008,T008,2026-07-22 07:37:00,21660000,VN,DEV0793,0
TXN06205,CARD03844,C03844,M007,T007,2026-07-06 21:51:00,6260000,VN,DEV0027,0
TXN06206,CARD03020,C03020,M002,T002,2026-07-08 03:25:00,35560000,SG,DEV1508,0
TXN06207,CARD00971,C00971,M006,T006,2026-07-16 20:44:00,42800000,VN,DEV1477,0
TXN06208,CARD01976,C01976,M004,T004,2026-07-07 09:39:00,3400000,US,DEV0973,0
TXN06209,CARD00570,C00570,M005,T005,2026-07-03 18:53:00,4950000,SG,DEV1064,0
TXN06210,CARD04794,C04794,M014,T014,2026-07-03 04:55:00,35470000,VN,DEV1110,0
TXN06211,CARD07349,C07349,M013,T013,2026-07-12 03:13:00,26020000,VN,DEV1040,0
TXN06212,CARD04144,C04144,M013,T013,2026-07-19 06:10:00,3920000,VN,DEV0636,0
TXN06213,CARD03612,C03612,M012,T012,2026-07-11 19:17:00,6100000,VN,DEV1935,0
TXN06214,CARD08591,C08591,M010,T010,2026-07-07 09:41:00,49730000,VN,DEV1783,0
TXN06215,CARD00821,C00821,M003,T003,2026-07-06 00:21:00,38600000,HK,DEV1258,0
TXN06216,CARD04697,C04697,M010,T010,2026-07-11 02:38:00,39860000,VN,DEV0295,0
TXN06217,CARD09414,C09414,M007,T007,2026-07-09 16:35:00,22510000,VN,DEV1534,0
TXN06218,CARD01945,C01945,M001,T001,2026-07-22 01:31:00,450000,VN,DEV1796,0
TXN06219,CARD08762,C08762,M009,T009,2026-07-12 23:56:00,17770000,SG,NEW_DEVICE,1
TXN06220,CARD08499,C08499,M007,T007,2026-07-21 19:29:00,20770000,VN,DEV1364,0
TXN06221,CARD01924,C01924,M003,T003,2026-07-01 19:59:00,2700000,US,DEV0636,0
TXN06222,CARD01182,C01182,M013,T013,2026-07-05 04:52:00,3720000,VN,DEV1314,0
TXN06223,CARD05112,C05112,M009,T009,2026-07-20 20:10:00,41790000,VN,DEV0558,0
TXN06224,CARD04569,C04569,M001,T001,2026-07-27 10:57:00,9770000,VN,DEV1178,0
TXN06225,CARD02580,C02580,M006,T006,2026-07-06 10:19:00,3240000,VN,DEV0227,0
TXN06226,CARD09224,C09224,M003,T003,2026-07-24 05:42:00,22740000,SG,DEV0018,0
TXN06227,CARD07479,C07479,M002,T002,2026-07-26 23:45:00,38940000,SG,DEV1265,0
TXN06228,CARD02400,C02400,M014,T014,2026-07-17 15:27:00,3100000,VN,DEV0685,0
TXN06229,CARD05484,C05484,M001,T001,2026-07-26 03:12:00,25860000,VN,DEV1209,0
TXN06230,CARD03057,C03057,M012,T012,2026-07-26 16:57:00,31980000,VN,DEV0431,0
TXN06231,CARD04171,C04171,M004,T004,2026-07-17 00:59:00,40130000,US,DEV0043,0
TXN06232,CARD02055,C02055,M006,T006,2026-07-01 05:11:00,19190000,VN,DEV1067,0
TXN06233,CARD08397,C08397,M004,T004,2026-07-22 02:50:00,3850000,SG,DEV1661,0
TXN06234,CARD05085,C05085,M009,T009,2026-07-09 02:27:00,24500000,VN,DEV1635,0
TXN06235,CARD06279,C06279,M001,T001,2026-07-24 02:53:00,25030000,VN,DEV1129,0
TXN06236,CARD09042,C09042,M003,T003,2026-07-18 23:50:00,49470000,HK,DEV1867,0
TXN06237,CARD05385,C05385,M014,T014,2026-07-24 17:52:00,34220000,VN,DEV1962,0
TXN06238,CARD02009,C02009,M006,T006,2026-07-09 02:30:00,39830000,VN,DEV0951,0
TXN06239,CARD05848,C05848,M003,T003,2026-07-14 03:43:00,35260000,SG,DEV1127,0
TXN06240,CARD05083,C05083,M002,T002,2026-07-05 19:09:00,17210000,HK,DEV1339,0
TXN06241,CARD03698,C03698,M004,T004,2026-07-02 00:01:00,26240000,SG,DEV1911,0
TXN06242,CARD01405,C01405,M006,T006,2026-07-09 14:27:00,40510000,VN,DEV1670,0
TXN06243,CARD01863,C01863,M011,T011,2026-07-14 20:50:00,18270000,VN,DEV0169,0
TXN06244,CARD00756,C00756,M002,T002,2026-07-09 12:02:00,46120000,SG,DEV0655,0
TXN06245,CARD00057,C00057,M010,T010,2026-07-16 09:20:00,740000,VN,DEV1844,0
TXN06246,CARD06961,C06961,M001,T001,2026-07-25 04:11:00,790000,VN,DEV0162,0
TXN06247,CARD09800,C09800,M013,T013,2026-07-25 01:39:00,6630000,VN,DEV1031,0
TXN06248,CARD07485,C07485,M003,T003,2026-07-04 02:39:00,1910000,US,DEV1735,0
TXN06249,CARD05424,C05424,M002,T002,2026-07-16 03:36:00,17580000,US,DEV0649,0
TXN06250,CARD05439,C05439,M006,T006,2026-07-04 23:40:00,9410000,VN,DEV1098,0
TXN06251,CARD05720,C05720,M002,T002,2026-07-27 07:43:00,14530000,US,DEV0781,0
TXN06252,CARD03074,C03074,M001,T001,2026-07-13 21:38:00,17650000,VN,DEV0950,0
TXN06253,CARD05655,C05655,M007,T007,2026-07-22 15:38:00,12780000,VN,DEV0304,0
TXN06254,CARD06305,C06305,M009,T009,2026-07-28 01:51:00,21500000,VN,DEV0482,0
TXN06255,CARD04908,C04908,M009,T009,2026-07-01 02:49:00,34450000,VN,DEV1570,0
TXN06256,CARD07779,C07779,M009,T009,2026-07-17 18:32:00,47530000,VN,DEV1175,0
TXN06257,CARD09843,C09843,M009,T009,2026-07-21 12:24:00,2300000,VN,DEV0244,0
TXN06258,CARD04779,C04779,M011,T011,2026-07-12 23:40:00,22930000,VN,DEV0901,0
TXN06259,CARD01461,C01461,M014,T014,2026-07-18 00:17:00,37740000,NG,NEW_DEVICE,1
TXN06260,CARD02424,C02424,M006,T006,2026-07-22 04:30:00,16340000,VN,DEV0164,0
TXN06261,CARD02613,C02613,M008,T008,2026-07-07 05:31:00,24930000,VN,DEV1078,0
TXN06262,CARD01131,C01131,M009,T009,2026-07-03 14:26:00,1420000,VN,DEV0028,0
TXN06263,CARD04209,C04209,M003,T003,2026-07-02 09:30:00,19550000,US,DEV1778,0
TXN06264,CARD09175,C09175,M012,T012,2026-07-17 06:04:00,40250000,VN,DEV1950,0
TXN06265,CARD06946,C06946,M014,T014,2026-07-11 21:57:00,13060000,VN,DEV0899,0
TXN06266,CARD03072,C03072,M009,T009,2026-07-27 09:25:00,9680000,VN,DEV0152,0
TXN06267,CARD08876,C08876,M012,T012,2026-07-14 23:07:00,4860000,VN,DEV0072,0
TXN06268,CARD02924,C02924,M002,T002,2026-07-23 03:57:00,42470000,US,DEV0471,0
TXN06269,CARD02289,C02289,M014,T014,2026-07-22 17:53:00,7240000,VN,DEV0081,0
TXN06270,CARD06166,C06166,M011,T011,2026-07-24 13:53:00,26060000,VN,DEV1164,0
TXN06271,CARD03723,C03723,M001,T001,2026-07-09 18:17:00,47660000,VN,DEV1112,0
TXN06272,CARD09635,C09635,M003,T003,2026-07-16 06:18:00,25480000,US,DEV0505,0
TXN06273,CARD03055,C03055,M009,T009,2026-07-08 02:00:00,37390000,VN,DEV0130,0
TXN06274,CARD01252,C01252,M005,T005,2026-07-12 09:17:00,29290000,HK,DEV0706,0
TXN06275,CARD01253,C01253,M013,T013,2026-07-05 07:15:00,14480000,VN,DEV1603,0
TXN06276,CARD05648,C05648,M007,T007,2026-07-25 12:38:00,47920000,VN,DEV1507,0
TXN06277,CARD03728,C03728,M007,T007,2026-07-18 08:25:00,44300000,VN,DEV1274,0
TXN06278,CARD07177,C07177,M009,T009,2026-07-07 18:42:00,7530000,VN,DEV1963,0
TXN06279,CARD09037,C09037,M012,T012,2026-07-05 22:09:00,31790000,VN,DEV0933,0
TXN06280,CARD03584,C03584,M008,T008,2026-07-27 19:39:00,19330000,VN,DEV0266,0
TXN06281,CARD02781,C02781,M006,T006,2026-07-22 09:07:00,35510000,VN,DEV1278,0
TXN06282,CARD03906,C03906,M014,T014,2026-07-08 22:51:00,5500000,VN,DEV0134,0
TXN06283,CARD04353,C04353,M008,T008,2026-07-08 05:49:00,36470000,VN,DEV0095,0
TXN06284,CARD05081,C05081,M007,T007,2026-07-21 12:50:00,7650000,VN,DEV0802,0
TXN06285,CARD08645,C08645,M011,T011,2026-07-04 07:54:00,22730000,VN,DEV1440,0
TXN06286,CARD02031,C02031,M001,T001,2026-07-04 09:29:00,48270000,VN,DEV1452,0
TXN06287,CARD07628,C07628,M008,T008,2026-07-02 03:36:00,6130000,VN,DEV0944,0
TXN06288,CARD02178,C02178,M005,T005,2026-07-20 12:04:00,30550000,US,DEV1243,0
TXN06289,CARD09203,C09203,M011,T011,2026-07-05 18:44:00,46390000,VN,DEV0205,0
TXN06290,CARD02058,C02058,M014,T014,2026-07-11 17:38:00,49000000,VN,DEV1182,0
TXN06291,CARD03655,C03655,M006,T006,2026-07-10 09:48:00,22600000,VN,DEV1833,0
TXN06292,CARD01419,C01419,M004,T004,2026-07-05 08:56:00,49810000,HK,DEV0591,0
TXN06293,CARD04893,C04893,M013,T013,2026-07-06 16:52:00,9510000,VN,DEV0395,0
TXN06294,CARD07666,C07666,M003,T003,2026-07-16 23:18:00,26840000,US,DEV0534,0
TXN06295,CARD01001,C01001,M005,T005,2026-07-04 16:40:00,2650000,SG,DEV0226,0
TXN06296,CARD04520,C04520,M010,T010,2026-07-26 04:47:00,1970000,VN,DEV0846,0
TXN06297,CARD09081,C09081,M009,T009,2026-07-27 06:59:00,10020000,VN,DEV0669,0
TXN06298,CARD03771,C03771,M013,T013,2026-07-18 19:24:00,46610000,VN,DEV0013,0
TXN06299,CARD00299,C00299,M003,T003,2026-07-24 01:42:00,49800000,SG,DEV0813,0
TXN06300,CARD03739,C03739,M009,T009,2026-07-26 12:17:00,11090000,VN,DEV0459,0
TXN06301,CARD08214,C08214,M012,T012,2026-07-07 19:30:00,40830000,VN,DEV1355,0
TXN06302,CARD02009,C02009,M007,T007,2026-07-04 21:32:00,24380000,VN,DEV1425,0
TXN06303,CARD02965,C02965,M001,T001,2026-07-25 14:36:00,21200000,VN,DEV1043,0
TXN06304,CARD09633,C09633,M014,T014,2026-07-05 12:56:00,6150000,VN,DEV1675,0
TXN06305,CARD02636,C02636,M012,T012,2026-07-19 17:39:00,22590000,VN,DEV0171,0
TXN06306,CARD05004,C05004,M003,T003,2026-07-11 11:09:00,49310000,US,DEV0921,0
TXN06307,CARD03944,C03944,M008,T008,2026-07-10 06:15:00,19000000,VN,DEV0359,0
TXN06308,CARD03151,C03151,M001,T001,2026-07-04 07:00:00,3440000,VN,DEV0657,0
TXN06309,CARD04041,C04041,M011,T011,2026-07-24 19:16:00,19860000,VN,DEV1073,0
TXN06310,CARD02605,C02605,M014,T014,2026-07-22 15:11:00,39240000,VN,DEV0243,0
TXN06311,CARD05454,C05454,M005,T005,2026-07-17 21:50:00,28880000,HK,DEV1822,0
TXN06312,CARD06675,C06675,M009,T009,2026-07-21 04:58:00,47230000,VN,DEV0179,0
TXN06313,CARD00049,C00049,M009,T009,2026-07-06 18:46:00,34730000,VN,DEV1826,0
TXN06314,CARD04259,C04259,M002,T002,2026-07-07 04:50:00,16040000,HK,DEV0170,0
TXN06315,CARD02932,C02932,M006,T006,2026-07-07 12:49:00,39230000,VN,DEV1061,0
TXN06316,CARD06992,C06992,M002,T002,2026-07-07 04:33:00,34160000,SG,DEV0800,0
TXN06317,CARD01573,C01573,M001,T001,2026-07-25 11:41:00,24850000,VN,DEV1938,0
TXN06318,CARD00125,C00125,M013,T013,2026-07-02 11:16:00,33080000,VN,DEV0572,0
TXN06319,CARD04484,C04484,M010,T010,2026-07-21 04:25:00,1410000,VN,DEV1514,0
TXN06320,CARD05864,C05864,M009,T009,2026-07-04 12:34:00,7920000,VN,DEV0648,0
TXN06321,CARD05934,C05934,M006,T006,2026-07-16 23:25:00,23660000,VN,DEV0280,0
TXN06322,CARD00269,C00269,M012,T012,2026-07-20 15:31:00,24900000,VN,DEV1604,0
TXN06323,CARD03680,C03680,M002,T002,2026-07-27 03:23:00,38200000,US,DEV1345,0
TXN06324,CARD08521,C08521,M013,T013,2026-07-21 17:50:00,20360000,VN,DEV0178,0
TXN06325,CARD07124,C07124,M007,T007,2026-07-02 19:14:00,33870000,VN,DEV1698,0
TXN06326,CARD02844,C02844,M014,T014,2026-07-11 22:08:00,8670000,VN,DEV0954,0
TXN06327,CARD00623,C00623,M004,T004,2026-07-25 04:15:00,24220000,SG,NEW_DEVICE,1
TXN06328,CARD08072,C08072,M009,T009,2026-07-18 23:24:00,17310000,VN,DEV1723,0
TXN06329,CARD08124,C08124,M003,T003,2026-07-11 15:58:00,18690000,US,DEV0301,0
TXN06330,CARD08804,C08804,M009,T009,2026-07-06 07:07:00,48850000,VN,DEV1127,0
TXN06331,CARD06910,C06910,M012,T012,2026-07-02 15:04:00,5670000,VN,DEV1221,0
TXN06332,CARD04050,C04050,M009,T009,2026-07-20 15:15:00,22780000,VN,DEV1377,0
TXN06333,CARD09054,C09054,M014,T014,2026-07-13 01:19:00,22370000,VN,DEV0657,0
TXN06334,CARD03300,C03300,M011,T011,2026-07-21 11:40:00,46230000,VN,DEV0668,0
TXN06335,CARD02240,C02240,M011,T011,2026-07-06 06:09:00,7930000,VN,DEV0707,0
TXN06336,CARD08548,C08548,M012,T012,2026-07-27 23:07:00,35030000,VN,DEV1223,0
TXN06337,CARD00523,C00523,M010,T010,2026-07-27 15:29:00,14730000,VN,DEV1584,0
TXN06338,CARD03620,C03620,M012,T012,2026-07-04 02:49:00,2740000,VN,DEV0869,0
TXN06339,CARD08539,C08539,M009,T009,2026-07-07 21:40:00,17910000,VN,DEV0016,0
TXN06340,CARD09759,C09759,M009,T009,2026-07-01 04:57:00,810000,VN,DEV1947,0
TXN06341,CARD00185,C00185,M003,T003,2026-07-06 07:07:00,13330000,US,DEV1820,0
TXN06342,CARD02830,C02830,M013,T013,2026-07-12 07:20:00,13890000,VN,DEV1230,0
TXN06343,CARD05648,C05648,M009,T009,2026-07-10 11:27:00,24740000,VN,DEV1941,0
TXN06344,CARD09535,C09535,M002,T002,2026-07-05 19:38:00,17850000,US,DEV1521,0
TXN06345,CARD02096,C02096,M004,T004,2026-07-04 07:40:00,15920000,SG,DEV0391,0
TXN06346,CARD05362,C05362,M007,T007,2026-07-03 11:39:00,29580000,VN,DEV0845,0
TXN06347,CARD03654,C03654,M006,T006,2026-07-19 14:43:00,2930000,VN,DEV1949,0
TXN06348,CARD09365,C09365,M002,T002,2026-07-28 05:37:00,29640000,SG,DEV1927,0
TXN06349,CARD02256,C02256,M006,T006,2026-07-06 06:23:00,42320000,VN,DEV1455,0
TXN06350,CARD03186,C03186,M014,T014,2026-07-20 15:18:00,33310000,VN,DEV1366,0
TXN06351,CARD06625,C06625,M014,T014,2026-07-08 03:53:00,43830000,VN,DEV0885,0
TXN06352,CARD06136,C06136,M011,T011,2026-07-13 20:06:00,40940000,VN,DEV1868,0
TXN06353,CARD07508,C07508,M008,T008,2026-07-08 03:10:00,38540000,VN,DEV0208,0
TXN06354,CARD02341,C02341,M013,T013,2026-07-20 01:10:00,34220000,VN,DEV1625,0
TXN06355,CARD08711,C08711,M003,T003,2026-07-05 23:46:00,17720000,HK,DEV0907,0
TXN06356,CARD03767,C03767,M011,T011,2026-07-02 11:19:00,14850000,VN,DEV0799,0
TXN06357,CARD06379,C06379,M008,T008,2026-07-19 19:51:00,46810000,VN,DEV1871,0
TXN06358,CARD03387,C03387,M002,T002,2026-07-12 06:38:00,47000000,US,DEV1048,0
TXN06359,CARD03102,C03102,M012,T012,2026-07-16 08:35:00,24270000,VN,DEV0157,0
TXN06360,CARD02090,C02090,M007,T007,2026-07-08 18:59:00,15450000,VN,DEV0524,0
TXN06361,CARD01725,C01725,M006,T006,2026-07-27 20:01:00,7070000,VN,DEV0381,0
TXN06362,CARD01542,C01542,M007,T007,2026-07-18 07:45:00,21080000,VN,DEV0445,0
TXN06363,CARD05118,C05118,M002,T002,2026-07-11 05:51:00,36040000,US,DEV0449,0
TXN06364,CARD03461,C03461,M013,T013,2026-07-23 21:08:00,43630000,VN,DEV0689,0
TXN06365,CARD07461,C07461,M012,T012,2026-07-05 11:53:00,25260000,VN,DEV1995,0
TXN06366,CARD03828,C03828,M003,T003,2026-07-05 02:33:00,40420000,SG,DEV0852,0
TXN06367,CARD08762,C08762,M014,T014,2026-07-22 19:45:00,40450000,VN,DEV0335,0
TXN06368,CARD01655,C01655,M013,T013,2026-07-20 20:45:00,40590000,VN,DEV1424,0
TXN06369,CARD09282,C09282,M009,T009,2026-07-12 00:34:00,37610000,VN,DEV0142,0
TXN06370,CARD09017,C09017,M006,T006,2026-07-25 10:55:00,6500000,VN,DEV0679,0
TXN06371,CARD00789,C00789,M007,T007,2026-07-07 09:34:00,40450000,VN,DEV1930,0
TXN06372,CARD01492,C01492,M005,T005,2026-07-18 19:53:00,28400000,SG,DEV0846,0
TXN06373,CARD03322,C03322,M002,T002,2026-07-24 10:25:00,24710000,US,DEV1716,0
TXN06374,CARD00242,C00242,M010,T010,2026-07-20 19:08:00,14440000,VN,DEV1991,0
TXN06375,CARD07593,C07593,M008,T008,2026-07-08 03:54:00,27510000,VN,DEV0833,0
TXN06376,CARD00944,C00944,M006,T006,2026-07-25 03:23:00,8410000,VN,DEV1231,0
TXN06377,CARD07957,C07957,M011,T011,2026-07-08 13:50:00,540000,VN,DEV0888,0
TXN06378,CARD06423,C06423,M011,T011,2026-07-22 17:45:00,11360000,VN,DEV0457,0
TXN06379,CARD03012,C03012,M014,T014,2026-07-22 11:45:00,24960000,VN,DEV0836,0
TXN06380,CARD08567,C08567,M006,T006,2026-07-06 01:35:00,33130000,VN,DEV0342,0
TXN06381,CARD05441,C05441,M001,T001,2026-07-24 14:17:00,18090000,VN,DEV1923,0
TXN06382,CARD09660,C09660,M011,T011,2026-07-12 13:42:00,48900000,VN,DEV0902,0
TXN06383,CARD04328,C04328,M011,T011,2026-07-21 05:28:00,21680000,VN,DEV0678,0
TXN06384,CARD06180,C06180,M002,T002,2026-07-02 04:49:00,23910000,HK,DEV0365,0
TXN06385,CARD09836,C09836,M013,T013,2026-07-21 16:46:00,4170000,VN,DEV1940,0
TXN06386,CARD07702,C07702,M009,T009,2026-07-03 12:12:00,21680000,VN,DEV1453,0
TXN06387,CARD05349,C05349,M013,T013,2026-07-09 15:40:00,42000000,VN,NEW_DEVICE,1
TXN06388,CARD06234,C06234,M009,T009,2026-07-05 07:44:00,14380000,VN,DEV0191,0
TXN06389,CARD06528,C06528,M002,T002,2026-07-04 13:48:00,15290000,HK,DEV0275,0
TXN06390,CARD00265,C00265,M010,T010,2026-07-08 16:26:00,12730000,VN,DEV0526,0
TXN06391,CARD05944,C05944,M008,T008,2026-07-04 05:19:00,44780000,VN,DEV1086,0
TXN06392,CARD08680,C08680,M013,T013,2026-07-17 15:32:00,22670000,VN,DEV0238,0
TXN06393,CARD01910,C01910,M014,T014,2026-07-03 09:42:00,21910000,VN,DEV1145,0
TXN06394,CARD03917,C03917,M004,T004,2026-07-26 08:06:00,8440000,SG,DEV1871,0
TXN06395,CARD03283,C03283,M002,T002,2026-07-10 07:24:00,46590000,HK,DEV1530,0
TXN06396,CARD07421,C07421,M008,T008,2026-07-15 09:32:00,33990000,VN,DEV0674,0
TXN06397,CARD08298,C08298,M005,T005,2026-07-09 01:00:00,29750000,US,DEV1212,0
TXN06398,CARD08623,C08623,M011,T011,2026-07-09 19:15:00,41270000,VN,DEV1035,0
TXN06399,CARD02845,C02845,M002,T002,2026-07-11 13:52:00,22270000,SG,DEV1562,0
TXN06400,CARD09272,C09272,M006,T006,2026-07-25 14:53:00,35430000,VN,DEV1348,0
TXN06401,CARD01091,C01091,M008,T008,2026-07-06 03:17:00,42090000,VN,DEV1376,0
TXN06402,CARD01273,C01273,M009,T009,2026-07-25 16:03:00,16550000,VN,DEV0573,0
TXN06403,CARD01191,C01191,M003,T003,2026-07-25 04:50:00,24380000,SG,DEV1854,0
TXN06404,CARD08865,C08865,M004,T004,2026-07-10 07:30:00,16690000,US,DEV0993,0
TXN06405,CARD06796,C06796,M007,T007,2026-07-25 21:16:00,1080000,VN,DEV0012,0
TXN06406,CARD04784,C04784,M005,T005,2026-07-21 01:50:00,49850000,HK,DEV0542,0
TXN06407,CARD05247,C05247,M002,T002,2026-07-19 11:30:00,8640000,US,DEV1504,0
TXN06408,CARD02200,C02200,M002,T002,2026-07-01 22:54:00,44750000,HK,DEV1271,0
TXN06409,CARD06872,C06872,M005,T005,2026-07-23 22:51:00,45130000,SG,DEV0679,0
TXN06410,CARD04407,C04407,M007,T007,2026-07-24 15:53:00,33550000,VN,DEV0194,0
TXN06411,CARD04684,C04684,M010,T010,2026-07-09 17:20:00,22210000,VN,DEV0399,0
TXN06412,CARD04370,C04370,M006,T006,2026-07-23 17:14:00,47540000,VN,DEV0069,0
TXN06413,CARD07985,C07985,M005,T005,2026-07-02 08:39:00,3210000,SG,DEV1404,0
TXN06414,CARD07906,C07906,M002,T002,2026-07-17 19:28:00,30840000,SG,DEV0543,0
TXN06415,CARD08513,C08513,M012,T012,2026-07-04 02:53:00,15290000,VN,DEV1312,0
TXN06416,CARD04831,C04831,M006,T006,2026-07-15 23:18:00,37090000,VN,DEV0269,0
TXN06417,CARD06884,C06884,M008,T008,2026-07-11 07:29:00,2530000,VN,NEW_DEVICE,1
TXN06418,CARD06999,C06999,M008,T008,2026-07-22 20:16:00,14740000,VN,DEV1833,0
TXN06419,CARD02889,C02889,M004,T004,2026-07-19 09:13:00,2970000,US,DEV0865,0
TXN06420,CARD07912,C07912,M007,T007,2026-07-26 20:29:00,1650000,US,NEW_DEVICE,1
TXN06421,CARD09823,C09823,M008,T008,2026-07-26 13:50:00,44520000,VN,DEV1792,0
TXN06422,CARD08861,C08861,M001,T001,2026-07-11 22:19:00,14730000,VN,DEV0009,0
TXN06423,CARD09024,C09024,M012,T012,2026-07-15 01:49:00,36430000,VN,DEV1902,0
TXN06424,CARD00397,C00397,M003,T003,2026-07-08 09:41:00,22760000,HK,DEV0387,0
TXN06425,CARD04302,C04302,M008,T008,2026-07-26 04:16:00,34160000,VN,DEV1838,0
TXN06426,CARD00196,C00196,M008,T008,2026-07-08 15:07:00,49050000,VN,DEV0172,0
TXN06427,CARD01384,C01384,M011,T011,2026-07-06 22:01:00,26270000,VN,DEV0985,0
TXN06428,CARD09572,C09572,M012,T012,2026-07-11 19:35:00,10910000,VN,DEV1974,0
TXN06429,CARD07402,C07402,M008,T008,2026-07-25 22:47:00,12020000,VN,DEV1424,0
TXN06430,CARD01554,C01554,M003,T003,2026-07-14 21:20:00,17270000,US,DEV1110,0
TXN06431,CARD07521,C07521,M006,T006,2026-07-06 05:02:00,11020000,VN,DEV0321,0
TXN06432,CARD01883,C01883,M014,T014,2026-07-21 01:06:00,2510000,VN,DEV0851,0
TXN06433,CARD08812,C08812,M008,T008,2026-07-22 22:29:00,12740000,VN,DEV0144,0
TXN06434,CARD03124,C03124,M007,T007,2026-07-03 21:35:00,37320000,VN,DEV0510,0
TXN06435,CARD09202,C09202,M009,T009,2026-07-10 02:53:00,23800000,VN,DEV0441,0
TXN06436,CARD01406,C01406,M014,T014,2026-07-12 02:08:00,3270000,VN,DEV0846,0
TXN06437,CARD09743,C09743,M012,T012,2026-07-03 19:23:00,12240000,VN,DEV1462,0
TXN06438,CARD00307,C00307,M005,T005,2026-07-14 22:54:00,21010000,HK,DEV1129,0
TXN06439,CARD00153,C00153,M006,T006,2026-07-25 21:29:00,29060000,VN,DEV0276,0
TXN06440,CARD09826,C09826,M007,T007,2026-07-01 22:26:00,3490000,VN,DEV1733,0
TXN06441,CARD02729,C02729,M010,T010,2026-07-19 06:06:00,6390000,VN,DEV1020,0
TXN06442,CARD01577,C01577,M003,T003,2026-07-01 22:56:00,29530000,SG,DEV1423,0
TXN06443,CARD07161,C07161,M007,T007,2026-07-01 21:53:00,7710000,VN,DEV0550,0
TXN06444,CARD09560,C09560,M012,T012,2026-07-10 06:35:00,25820000,VN,DEV1645,0
TXN06445,CARD08136,C08136,M007,T007,2026-07-22 08:05:00,42040000,VN,DEV1664,0
TXN06446,CARD05475,C05475,M011,T011,2026-07-24 19:12:00,28640000,VN,DEV1575,0
TXN06447,CARD01460,C01460,M003,T003,2026-07-12 01:16:00,27610000,HK,DEV0660,0
TXN06448,CARD00272,C00272,M001,T001,2026-07-26 01:05:00,29370000,VN,DEV0791,0
TXN06449,CARD04048,C04048,M002,T002,2026-07-23 14:04:00,36660000,US,DEV0436,0
TXN06450,CARD05003,C05003,M010,T010,2026-07-06 13:06:00,14590000,VN,DEV1655,0
TXN06451,CARD08757,C08757,M013,T013,2026-07-20 14:03:00,28540000,VN,DEV0429,0
TXN06452,CARD03267,C03267,M010,T010,2026-07-23 18:50:00,19350000,VN,DEV0418,0
TXN06453,CARD08183,C08183,M014,T014,2026-07-11 14:24:00,43920000,VN,DEV0476,0
TXN06454,CARD01313,C01313,M004,T004,2026-07-14 08:28:00,23890000,HK,DEV0428,0
TXN06455,CARD00655,C00655,M005,T005,2026-07-04 05:02:00,22760000,US,DEV1675,0
TXN06456,CARD04206,C04206,M011,T011,2026-07-24 22:51:00,33200000,VN,DEV1059,0
TXN06457,CARD09177,C09177,M001,T001,2026-07-11 08:34:00,13640000,VN,DEV1481,0
TXN06458,CARD03293,C03293,M012,T012,2026-07-03 20:09:00,12320000,VN,DEV0073,0
TXN06459,CARD06179,C06179,M012,T012,2026-07-10 20:40:00,2750000,VN,DEV1146,0
TXN06460,CARD04577,C04577,M012,T012,2026-07-19 18:43:00,42420000,VN,DEV1270,0
TXN06461,CARD07645,C07645,M010,T010,2026-07-02 06:55:00,47210000,VN,DEV1791,0
TXN06462,CARD02413,C02413,M005,T005,2026-07-11 22:57:00,15240000,SG,DEV1084,0
TXN06463,CARD03802,C03802,M014,T014,2026-07-07 23:10:00,11530000,VN,DEV1786,0
TXN06464,CARD02336,C02336,M002,T002,2026-07-01 14:54:00,41120000,US,DEV1363,0
TXN06465,CARD09329,C09329,M009,T009,2026-07-27 06:57:00,7560000,VN,DEV1391,0
TXN06466,CARD01637,C01637,M007,T007,2026-07-23 17:53:00,14750000,VN,DEV1601,0
TXN06467,CARD06559,C06559,M009,T009,2026-07-10 05:21:00,39240000,VN,DEV0299,0
TXN06468,CARD08338,C08338,M005,T005,2026-07-05 01:05:00,46300000,US,DEV0890,0
TXN06469,CARD09014,C09014,M003,T003,2026-07-07 00:02:00,170000,SG,DEV1838,0
TXN06470,CARD09760,C09760,M003,T003,2026-07-26 06:32:00,48840000,US,DEV0932,0
TXN06471,CARD03293,C03293,M002,T002,2026-07-13 19:20:00,42810000,HK,DEV1425,0
TXN06472,CARD04825,C04825,M003,T003,2026-07-20 07:37:00,24920000,US,DEV1915,0
TXN06473,CARD02745,C02745,M009,T009,2026-07-05 04:53:00,20410000,VN,DEV0349,0
TXN06474,CARD08209,C08209,M003,T003,2026-07-03 08:37:00,44660000,US,DEV1437,0
TXN06475,CARD07514,C07514,M001,T001,2026-07-17 12:15:00,20320000,VN,DEV1654,0
TXN06476,CARD05003,C05003,M008,T008,2026-07-03 23:24:00,36200000,VN,DEV0336,0
TXN06477,CARD03384,C03384,M014,T014,2026-07-13 02:55:00,40050000,VN,DEV0886,0
TXN06478,CARD03010,C03010,M014,T014,2026-07-07 21:45:00,33030000,VN,DEV0553,0
TXN06479,CARD05384,C05384,M003,T003,2026-07-26 14:43:00,10370000,HK,DEV1904,0
TXN06480,CARD05370,C05370,M011,T011,2026-07-12 05:59:00,41100000,VN,DEV1336,0
TXN06481,CARD02383,C02383,M008,T008,2026-07-27 12:55:00,730000,VN,DEV0249,0
TXN06482,CARD02758,C02758,M007,T007,2026-07-20 11:00:00,26140000,VN,DEV1779,0
TXN06483,CARD04138,C04138,M008,T008,2026-07-19 05:47:00,47100000,VN,DEV0431,0
TXN06484,CARD00136,C00136,M003,T003,2026-07-03 22:23:00,14990000,SG,DEV0667,0
TXN06485,CARD09589,C09589,M011,T011,2026-07-09 13:28:00,25320000,VN,DEV1374,0
TXN06486,CARD02697,C02697,M003,T003,2026-07-13 15:20:00,24010000,HK,DEV1466,0
TXN06487,CARD01097,C01097,M009,T009,2026-07-26 17:53:00,31430000,VN,DEV0282,0
TXN06488,CARD05838,C05838,M001,T001,2026-07-07 09:27:00,16850000,VN,DEV0054,0
TXN06489,CARD00689,C00689,M005,T005,2026-07-11 05:29:00,36240000,HK,DEV0669,0
TXN06490,CARD01583,C01583,M009,T009,2026-07-04 19:56:00,27680000,VN,DEV0863,0
TXN06491,CARD07597,C07597,M014,T014,2026-07-06 07:34:00,30460000,VN,DEV1692,0
TXN06492,CARD08269,C08269,M009,T009,2026-07-11 10:16:00,12300000,VN,DEV0555,0
TXN06493,CARD03742,C03742,M001,T001,2026-07-16 12:27:00,18040000,VN,DEV0108,0
TXN06494,CARD05244,C05244,M008,T008,2026-07-22 11:33:00,17650000,VN,DEV1692,0
TXN06495,CARD08569,C08569,M010,T010,2026-07-21 08:39:00,27280000,VN,DEV1697,0
TXN06496,CARD04025,C04025,M005,T005,2026-07-01 20:07:00,33370000,US,DEV1027,0
TXN06497,CARD06416,C06416,M009,T009,2026-07-02 07:28:00,12200000,VN,DEV1411,0
TXN06498,CARD03480,C03480,M010,T010,2026-07-17 23:16:00,9210000,VN,DEV1978,0
TXN06499,CARD05405,C05405,M013,T013,2026-07-07 01:58:00,3690000,VN,DEV0372,0
TXN06500,CARD01275,C01275,M008,T008,2026-07-03 10:19:00,49840000,VN,DEV0539,0
TXN06501,CARD00674,C00674,M013,T013,2026-07-12 13:57:00,45560000,VN,DEV1967,0
TXN06502,CARD07330,C07330,M009,T009,2026-07-22 21:46:00,42430000,VN,DEV0535,0
TXN06503,CARD08445,C08445,M012,T012,2026-07-10 15:30:00,38710000,VN,DEV0495,0
TXN06504,CARD08869,C08869,M004,T004,2026-07-13 18:16:00,11490000,HK,DEV1752,0
TXN06505,CARD07107,C07107,M004,T004,2026-07-21 02:48:00,38340000,HK,DEV1683,0
TXN06506,CARD09428,C09428,M011,T011,2026-07-25 11:13:00,20320000,VN,DEV0184,0
TXN06507,CARD06712,C06712,M013,T013,2026-07-20 08:03:00,46370000,VN,DEV0981,0
TXN06508,CARD04943,C04943,M013,T013,2026-07-05 08:19:00,34640000,VN,DEV1753,0
TXN06509,CARD05460,C05460,M009,T009,2026-07-24 21:17:00,41680000,VN,DEV1461,0
TXN06510,CARD06742,C06742,M010,T010,2026-07-03 21:42:00,17410000,VN,DEV0782,0
TXN06511,CARD05916,C05916,M009,T009,2026-07-27 04:15:00,26450000,VN,DEV1974,0
TXN06512,CARD06425,C06425,M008,T008,2026-07-15 06:05:00,41170000,VN,DEV0054,0
TXN06513,CARD08126,C08126,M010,T010,2026-07-10 19:55:00,33910000,VN,DEV0608,0
TXN06514,CARD08424,C08424,M009,T009,2026-07-13 08:18:00,18550000,VN,DEV0709,0
TXN06515,CARD00330,C00330,M007,T007,2026-07-09 06:43:00,23910000,VN,DEV1063,0
TXN06516,CARD03347,C03347,M001,T001,2026-07-25 21:23:00,23460000,VN,DEV1707,0
TXN06517,CARD09023,C09023,M008,T008,2026-07-17 02:53:00,31690000,VN,DEV0721,0
TXN06518,CARD00434,C00434,M007,T007,2026-07-06 19:08:00,11650000,VN,DEV0999,0
TXN06519,CARD06563,C06563,M004,T004,2026-07-24 09:11:00,15280000,SG,DEV1467,0
TXN06520,CARD03899,C03899,M010,T010,2026-07-21 17:19:00,11950000,VN,DEV1737,0
TXN06521,CARD00548,C00548,M013,T013,2026-07-27 05:51:00,25160000,VN,DEV0957,0
TXN06522,CARD09534,C09534,M011,T011,2026-07-14 23:58:00,6050000,VN,DEV1496,0
TXN06523,CARD08342,C08342,M001,T001,2026-07-02 22:25:00,8630000,SG,NEW_DEVICE,1
TXN06524,CARD01542,C01542,M009,T009,2026-07-24 11:01:00,4620000,VN,DEV1283,0
TXN06525,CARD06386,C06386,M001,T001,2026-07-11 16:15:00,24300000,VN,DEV0640,0
TXN06526,CARD03345,C03345,M005,T005,2026-07-06 04:23:00,9470000,SG,DEV1107,0
TXN06527,CARD03584,C03584,M008,T008,2026-07-24 14:27:00,9310000,VN,DEV0536,0
TXN06528,CARD07524,C07524,M006,T006,2026-07-05 14:29:00,1510000,NG,NEW_DEVICE,1
TXN06529,CARD09452,C09452,M002,T002,2026-07-26 23:13:00,47480000,US,DEV0995,0
TXN06530,CARD07705,C07705,M012,T012,2026-07-14 12:43:00,7640000,VN,DEV0726,0
TXN06531,CARD00920,C00920,M008,T008,2026-07-20 19:54:00,10560000,VN,DEV1169,0
TXN06532,CARD09929,C09929,M006,T006,2026-07-08 04:13:00,17470000,VN,DEV1469,0
TXN06533,CARD01920,C01920,M007,T007,2026-07-13 03:56:00,16920000,VN,DEV1597,0
TXN06534,CARD06362,C06362,M010,T010,2026-07-27 09:24:00,47440000,VN,DEV1687,0
TXN06535,CARD00945,C00945,M014,T014,2026-07-24 01:10:00,36680000,HK,NEW_DEVICE,1
TXN06536,CARD05527,C05527,M002,T002,2026-07-22 11:29:00,24850000,SG,DEV0691,0
TXN06537,CARD03910,C03910,M005,T005,2026-07-25 14:58:00,8460000,SG,DEV0768,0
TXN06538,CARD01769,C01769,M012,T012,2026-07-03 19:20:00,23860000,VN,DEV1863,0
TXN06539,CARD00365,C00365,M013,T013,2026-07-13 12:09:00,33420000,VN,DEV1083,0
TXN06540,CARD00866,C00866,M007,T007,2026-07-01 06:34:00,34790000,VN,DEV0876,0
TXN06541,CARD01265,C01265,M002,T002,2026-07-25 15:01:00,38020000,HK,DEV1836,0
TXN06542,CARD03661,C03661,M005,T005,2026-07-23 09:04:00,6830000,SG,DEV0212,0
TXN06543,CARD03973,C03973,M001,T001,2026-07-06 12:41:00,31170000,VN,DEV1434,0
TXN06544,CARD03011,C03011,M013,T013,2026-07-21 22:46:00,33810000,VN,DEV0179,0
TXN06545,CARD00193,C00193,M001,T001,2026-07-02 03:53:00,7710000,VN,DEV1163,0
TXN06546,CARD06816,C06816,M014,T014,2026-07-12 12:47:00,29090000,VN,DEV1159,0
TXN06547,CARD05770,C05770,M006,T006,2026-07-12 08:56:00,28530000,VN,DEV0964,0
TXN06548,CARD06545,C06545,M011,T011,2026-07-19 04:05:00,16410000,VN,DEV0947,0
TXN06549,CARD03275,C03275,M002,T002,2026-07-19 09:40:00,16130000,HK,DEV0452,0
TXN06550,CARD03210,C03210,M014,T014,2026-07-25 01:09:00,25280000,VN,DEV0369,0
TXN06551,CARD03810,C03810,M003,T003,2026-07-26 21:46:00,39830000,SG,DEV1245,0
TXN06552,CARD05593,C05593,M003,T003,2026-07-13 07:45:00,38760000,US,DEV0748,0
TXN06553,CARD09162,C09162,M013,T013,2026-07-22 16:46:00,27840000,VN,NEW_DEVICE,1
TXN06554,CARD02951,C02951,M008,T008,2026-07-22 11:02:00,18230000,VN,DEV1824,0
TXN06555,CARD04791,C04791,M011,T011,2026-07-19 16:10:00,2350000,VN,DEV0756,0
TXN06556,CARD07846,C07846,M009,T009,2026-07-16 20:48:00,34450000,VN,DEV0576,0
TXN06557,CARD09424,C09424,M006,T006,2026-07-10 21:22:00,14730000,VN,DEV1806,0
TXN06558,CARD07535,C07535,M007,T007,2026-07-01 07:05:00,44860000,VN,DEV1709,0
TXN06559,CARD00742,C00742,M013,T013,2026-07-05 09:01:00,140000,VN,DEV1350,0
TXN06560,CARD07564,C07564,M010,T010,2026-07-12 09:41:00,45950000,VN,DEV0009,0
TXN06561,CARD08883,C08883,M013,T013,2026-07-23 12:43:00,11300000,VN,DEV1605,0
TXN06562,CARD00973,C00973,M001,T001,2026-07-20 16:39:00,9780000,VN,DEV1836,0
TXN06563,CARD00836,C00836,M014,T014,2026-07-14 04:26:00,32390000,VN,DEV0476,0
TXN06564,CARD08085,C08085,M014,T014,2026-07-12 02:14:00,28860000,VN,DEV1744,0
TXN06565,CARD00011,C00011,M007,T007,2026-07-22 00:24:00,4360000,VN,DEV1383,0
TXN06566,CARD05980,C05980,M011,T011,2026-07-02 09:31:00,21610000,VN,DEV1163,0
TXN06567,CARD02729,C02729,M010,T010,2026-07-12 07:47:00,38050000,VN,DEV0614,0
TXN06568,CARD06050,C06050,M008,T008,2026-07-23 04:25:00,24490000,VN,DEV0226,0
TXN06569,CARD07271,C07271,M003,T003,2026-07-05 02:24:00,7980000,US,DEV0797,0
TXN06570,CARD03937,C03937,M005,T005,2026-07-18 06:15:00,34880000,HK,DEV0177,0
TXN06571,CARD03606,C03606,M003,T003,2026-07-17 11:38:00,1690000,US,DEV0476,0
TXN06572,CARD07513,C07513,M004,T004,2026-07-27 08:00:00,11140000,HK,DEV0285,0
TXN06573,CARD02873,C02873,M007,T007,2026-07-25 00:31:00,28730000,VN,DEV1045,0
TXN06574,CARD09321,C09321,M008,T008,2026-07-09 19:22:00,37350000,VN,DEV0872,0
TXN06575,CARD01100,C01100,M004,T004,2026-07-17 13:22:00,34020000,SG,DEV1110,0
TXN06576,CARD00488,C00488,M004,T004,2026-07-16 20:19:00,27280000,SG,DEV0552,0
TXN06577,CARD08428,C08428,M011,T011,2026-07-24 00:39:00,39180000,VN,DEV0514,0
TXN06578,CARD06380,C06380,M008,T008,2026-07-23 15:14:00,41980000,VN,DEV1338,0
TXN06579,CARD09947,C09947,M014,T014,2026-07-01 23:10:00,16910000,VN,DEV0164,0
TXN06580,CARD02949,C02949,M004,T004,2026-07-21 10:05:00,31260000,SG,DEV0979,0
TXN06581,CARD00400,C00400,M013,T013,2026-07-16 08:42:00,25180000,HK,NEW_DEVICE,1
TXN06582,CARD04484,C04484,M001,T001,2026-07-06 07:48:00,37970000,VN,DEV1977,0
TXN06583,CARD00992,C00992,M010,T010,2026-07-20 04:58:00,35440000,VN,DEV1608,0
TXN06584,CARD01730,C01730,M002,T002,2026-07-12 18:55:00,8030000,SG,DEV0920,0
TXN06585,CARD00208,C00208,M005,T005,2026-07-13 12:38:00,24620000,SG,DEV1358,0
TXN06586,CARD00485,C00485,M009,T009,2026-07-07 19:16:00,10530000,VN,DEV0449,0
TXN06587,CARD09751,C09751,M003,T003,2026-07-24 22:57:00,2650000,SG,NEW_DEVICE,1
TXN06588,CARD01179,C01179,M001,T001,2026-07-23 02:34:00,29120000,VN,DEV0924,0
TXN06589,CARD09244,C09244,M010,T010,2026-07-12 16:23:00,5810000,VN,DEV0711,0
TXN06590,CARD04958,C04958,M001,T001,2026-07-14 02:22:00,13140000,VN,DEV1319,0
TXN06591,CARD02786,C02786,M001,T001,2026-07-17 04:54:00,33780000,VN,DEV0411,0
TXN06592,CARD00354,C00354,M008,T008,2026-07-14 17:17:00,5840000,VN,DEV1430,0
TXN06593,CARD05255,C05255,M008,T008,2026-07-28 03:00:00,30110000,VN,DEV0920,0
TXN06594,CARD02041,C02041,M002,T002,2026-07-03 20:17:00,43460000,US,DEV0679,0
TXN06595,CARD07971,C07971,M009,T009,2026-07-01 06:37:00,32820000,VN,DEV0797,0
TXN06596,CARD00454,C00454,M006,T006,2026-07-24 06:56:00,340000,VN,DEV1220,0
TXN06597,CARD00870,C00870,M014,T014,2026-07-08 02:49:00,26580000,VN,DEV0255,0
TXN06598,CARD07350,C07350,M006,T006,2026-07-28 01:29:00,42150000,VN,DEV1870,0
TXN06599,CARD04183,C04183,M013,T013,2026-07-24 15:06:00,49010000,NG,NEW_DEVICE,1
TXN06600,CARD01041,C01041,M004,T004,2026-07-22 02:04:00,25040000,HK,DEV1772,0
TXN06601,CARD03643,C03643,M010,T010,2026-07-07 09:31:00,32710000,VN,DEV0338,0
TXN06602,CARD01961,C01961,M007,T007,2026-07-20 22:27:00,25810000,VN,DEV1110,0
TXN06603,CARD04183,C04183,M004,T004,2026-07-05 17:22:00,31880000,SG,DEV0233,0
TXN06604,CARD08962,C08962,M011,T011,2026-07-09 11:29:00,49130000,VN,DEV1054,0
TXN06605,CARD07469,C07469,M008,T008,2026-07-11 01:13:00,13100000,VN,DEV0410,0
TXN06606,CARD02208,C02208,M014,T014,2026-07-10 05:27:00,24380000,VN,DEV0818,0
TXN06607,CARD03190,C03190,M012,T012,2026-07-08 23:00:00,43080000,VN,DEV1736,0
TXN06608,CARD09010,C09010,M012,T012,2026-07-05 13:45:00,45790000,VN,DEV0280,0
TXN06609,CARD03419,C03419,M005,T005,2026-07-05 16:10:00,4180000,US,DEV0353,0
TXN06610,CARD02806,C02806,M008,T008,2026-07-11 18:33:00,27480000,VN,DEV1692,0
TXN06611,CARD03772,C03772,M006,T006,2026-07-21 17:33:00,3710000,VN,DEV1733,0
TXN06612,CARD04628,C04628,M007,T007,2026-07-11 15:18:00,36670000,VN,DEV1229,0
TXN06613,CARD09240,C09240,M005,T005,2026-07-27 23:50:00,37480000,US,DEV1411,0
TXN06614,CARD07738,C07738,M002,T002,2026-07-19 15:37:00,23520000,HK,DEV0961,0
TXN06615,CARD05713,C05713,M005,T005,2026-07-03 13:12:00,28510000,HK,DEV0435,0
TXN06616,CARD09345,C09345,M008,T008,2026-07-06 03:40:00,25740000,VN,DEV1770,0
TXN06617,CARD03404,C03404,M001,T001,2026-07-25 01:48:00,37980000,VN,DEV1171,0
TXN06618,CARD00454,C00454,M012,T012,2026-07-25 21:22:00,23360000,VN,DEV0593,0
TXN06619,CARD05121,C05121,M013,T013,2026-07-14 16:59:00,30010000,VN,DEV0969,0
TXN06620,CARD07805,C07805,M013,T013,2026-07-20 09:16:00,21430000,VN,DEV1459,0
TXN06621,CARD08864,C08864,M009,T009,2026-07-06 04:38:00,29310000,VN,DEV0394,0
TXN06622,CARD08805,C08805,M005,T005,2026-07-26 22:35:00,7650000,SG,DEV0959,0
TXN06623,CARD07797,C07797,M014,T014,2026-07-23 02:44:00,11790000,VN,DEV0994,0
TXN06624,CARD00812,C00812,M003,T003,2026-07-04 04:59:00,27070000,HK,DEV1267,0
TXN06625,CARD04646,C04646,M001,T001,2026-07-17 11:26:00,42870000,VN,DEV0904,0
TXN06626,CARD01638,C01638,M005,T005,2026-07-07 07:02:00,11830000,US,DEV0163,0
TXN06627,CARD01345,C01345,M002,T002,2026-07-28 12:16:00,37200000,US,DEV1413,0
TXN06628,CARD02346,C02346,M014,T014,2026-07-07 01:58:00,48960000,VN,NEW_DEVICE,1
TXN06629,CARD02892,C02892,M014,T014,2026-07-11 05:05:00,1690000,VN,DEV1871,0
TXN06630,CARD07528,C07528,M008,T008,2026-07-13 06:21:00,24050000,VN,DEV1353,0
TXN06631,CARD02700,C02700,M012,T012,2026-07-28 01:30:00,38530000,VN,DEV0820,0
TXN06632,CARD00662,C00662,M010,T010,2026-07-11 23:17:00,32160000,VN,DEV1994,0
TXN06633,CARD04294,C04294,M014,T014,2026-07-02 19:08:00,4920000,VN,DEV1538,0
TXN06634,CARD01846,C01846,M001,T001,2026-07-22 14:44:00,46430000,VN,DEV1637,0
TXN06635,CARD07386,C07386,M007,T007,2026-07-12 15:55:00,29280000,VN,DEV0990,0
TXN06636,CARD02900,C02900,M013,T013,2026-07-11 04:25:00,49260000,VN,DEV0295,0
TXN06637,CARD07243,C07243,M002,T002,2026-07-16 09:28:00,34720000,US,DEV1460,0
TXN06638,CARD08905,C08905,M010,T010,2026-07-16 09:37:00,14390000,VN,DEV1794,0
TXN06639,CARD00489,C00489,M009,T009,2026-07-18 16:55:00,5500000,VN,DEV1811,0
TXN06640,CARD04204,C04204,M008,T008,2026-07-28 12:26:00,18520000,VN,DEV1868,0
TXN06641,CARD03216,C03216,M003,T003,2026-07-13 04:31:00,33910000,HK,DEV1585,0
TXN06642,CARD01193,C01193,M005,T005,2026-07-07 05:05:00,3680000,HK,DEV0849,0
TXN06643,CARD07248,C07248,M007,T007,2026-07-13 08:29:00,2970000,VN,DEV0819,0
TXN06644,CARD05125,C05125,M010,T010,2026-07-23 12:22:00,43150000,VN,DEV0898,0
TXN06645,CARD04523,C04523,M010,T010,2026-07-14 18:53:00,4690000,VN,DEV0272,0
TXN06646,CARD03075,C03075,M001,T001,2026-07-20 10:58:00,12420000,VN,DEV1970,0
TXN06647,CARD01160,C01160,M014,T014,2026-07-03 13:14:00,26290000,VN,DEV1597,0
TXN06648,CARD03210,C03210,M003,T003,2026-07-23 00:20:00,8230000,US,DEV1574,0
TXN06649,CARD08075,C08075,M007,T007,2026-07-17 15:55:00,48070000,VN,DEV1320,0
TXN06650,CARD01152,C01152,M003,T003,2026-07-09 14:51:00,17100000,SG,DEV0126,0
TXN06651,CARD09960,C09960,M001,T001,2026-07-19 06:35:00,19230000,VN,DEV0948,0
TXN06652,CARD01321,C01321,M006,T006,2026-07-03 08:26:00,38780000,VN,DEV0345,0
TXN06653,CARD05218,C05218,M005,T005,2026-07-22 06:02:00,44500000,HK,DEV1855,0
TXN06654,CARD03628,C03628,M010,T010,2026-07-04 07:30:00,16830000,VN,DEV1180,0
TXN06655,CARD04545,C04545,M004,T004,2026-07-08 05:29:00,7280000,US,DEV1501,0
TXN06656,CARD09217,C09217,M006,T006,2026-07-24 13:26:00,850000,VN,DEV1902,0
TXN06657,CARD03525,C03525,M001,T001,2026-07-26 05:14:00,45980000,VN,DEV0467,0
TXN06658,CARD07550,C07550,M012,T012,2026-07-24 08:40:00,36760000,VN,DEV0918,0
TXN06659,CARD06020,C06020,M010,T010,2026-07-23 03:11:00,39020000,VN,DEV1254,0
TXN06660,CARD05122,C05122,M001,T001,2026-07-10 18:48:00,14530000,VN,DEV1930,0
TXN06661,CARD01097,C01097,M013,T013,2026-07-07 16:38:00,34270000,VN,DEV0960,0
TXN06662,CARD06885,C06885,M003,T003,2026-07-09 08:40:00,31340000,SG,DEV0146,0
TXN06663,CARD02834,C02834,M005,T005,2026-07-07 07:32:00,35270000,US,DEV1152,0
TXN06664,CARD00767,C00767,M006,T006,2026-07-12 02:24:00,47210000,VN,DEV0805,0
TXN06665,CARD07303,C07303,M001,T001,2026-07-16 05:06:00,41520000,VN,DEV0098,0
TXN06666,CARD06590,C06590,M010,T010,2026-07-28 09:02:00,36680000,VN,DEV0228,0
TXN06667,CARD07188,C07188,M004,T004,2026-07-22 06:22:00,13270000,US,DEV0476,0
TXN06668,CARD00821,C00821,M014,T014,2026-07-22 18:57:00,26970000,VN,DEV0648,0
TXN06669,CARD01163,C01163,M001,T001,2026-07-18 02:26:00,48430000,VN,DEV1404,0
TXN06670,CARD05891,C05891,M003,T003,2026-07-14 23:58:00,11420000,US,DEV0017,0
TXN06671,CARD02387,C02387,M014,T014,2026-07-28 16:59:00,29590000,VN,DEV0686,0
TXN06672,CARD07243,C07243,M008,T008,2026-07-06 17:28:00,1710000,VN,DEV1288,0
TXN06673,CARD09372,C09372,M006,T006,2026-07-02 19:39:00,1740000,VN,DEV0826,0
TXN06674,CARD07543,C07543,M014,T014,2026-07-11 09:32:00,29540000,VN,DEV1504,0
TXN06675,CARD01835,C01835,M013,T013,2026-07-01 01:42:00,34870000,VN,DEV1458,0
TXN06676,CARD09578,C09578,M002,T002,2026-07-28 14:12:00,29170000,SG,DEV1196,0
TXN06677,CARD07119,C07119,M006,T006,2026-07-08 23:00:00,13700000,VN,DEV0348,0
TXN06678,CARD06976,C06976,M010,T010,2026-07-13 10:35:00,22080000,VN,DEV0742,0
TXN06679,CARD04148,C04148,M007,T007,2026-07-01 01:57:00,15060000,VN,DEV1002,0
TXN06680,CARD03120,C03120,M013,T013,2026-07-02 15:56:00,5000000,VN,DEV1507,0
TXN06681,CARD06478,C06478,M008,T008,2026-07-24 23:25:00,46370000,NG,NEW_DEVICE,1
TXN06682,CARD07781,C07781,M014,T014,2026-07-12 08:02:00,18970000,VN,DEV0943,0
TXN06683,CARD07801,C07801,M008,T008,2026-07-04 08:01:00,8080000,VN,DEV1127,0
TXN06684,CARD08403,C08403,M009,T009,2026-07-08 20:53:00,28080000,VN,DEV1739,0
TXN06685,CARD01903,C01903,M007,T007,2026-07-19 20:54:00,35830000,VN,DEV0436,0
TXN06686,CARD04008,C04008,M003,T003,2026-07-17 08:49:00,40770000,SG,DEV1572,0
TXN06687,CARD08339,C08339,M008,T008,2026-07-18 21:39:00,11430000,VN,DEV0833,0
TXN06688,CARD03365,C03365,M007,T007,2026-07-16 00:16:00,36080000,VN,DEV1288,0
TXN06689,CARD07082,C07082,M006,T006,2026-07-10 19:10:00,310000,VN,DEV1115,0
TXN06690,CARD07286,C07286,M003,T003,2026-07-24 02:21:00,5520000,US,DEV0266,0
TXN06691,CARD00436,C00436,M003,T003,2026-07-09 04:50:00,44550000,HK,DEV0400,0
TXN06692,CARD01356,C01356,M013,T013,2026-07-07 03:31:00,31810000,VN,DEV1581,0
TXN06693,CARD09049,C09049,M014,T014,2026-07-06 16:43:00,14370000,VN,DEV0210,0
TXN06694,CARD09656,C09656,M003,T003,2026-07-15 06:10:00,18960000,US,DEV1592,0
TXN06695,CARD01164,C01164,M012,T012,2026-07-07 00:58:00,48320000,VN,DEV1498,0
TXN06696,CARD02296,C02296,M006,T006,2026-07-14 16:45:00,12720000,VN,DEV1155,0
TXN06697,CARD01958,C01958,M003,T003,2026-07-27 02:06:00,33510000,SG,DEV1289,0
TXN06698,CARD02516,C02516,M014,T014,2026-07-22 22:27:00,23540000,VN,DEV1107,0
TXN06699,CARD04247,C04247,M001,T001,2026-07-22 00:19:00,38950000,VN,DEV0847,0
TXN06700,CARD06176,C06176,M012,T012,2026-07-27 22:14:00,3130000,VN,DEV1080,0
TXN06701,CARD07107,C07107,M010,T010,2026-07-17 20:02:00,48500000,VN,DEV1039,0
TXN06702,CARD00262,C00262,M009,T009,2026-07-07 16:16:00,34120000,VN,DEV0791,0
TXN06703,CARD00004,C00004,M003,T003,2026-07-26 04:27:00,28000000,SG,DEV0513,0
TXN06704,CARD02426,C02426,M003,T003,2026-07-19 01:43:00,35850000,US,DEV0717,0
TXN06705,CARD00755,C00755,M012,T012,2026-07-28 15:17:00,34680000,VN,DEV0558,0
TXN06706,CARD03600,C03600,M012,T012,2026-07-12 02:06:00,17280000,VN,DEV1239,0
TXN06707,CARD02440,C02440,M009,T009,2026-07-02 20:00:00,12930000,VN,DEV0448,0
TXN06708,CARD08295,C08295,M012,T012,2026-07-10 07:56:00,25130000,VN,DEV1532,0
TXN06709,CARD03365,C03365,M014,T014,2026-07-03 07:58:00,27210000,VN,DEV1643,0
TXN06710,CARD01654,C01654,M011,T011,2026-07-21 06:27:00,26750000,VN,DEV1086,0
TXN06711,CARD03108,C03108,M001,T001,2026-07-06 23:02:00,4080000,VN,DEV0247,0
TXN06712,CARD07089,C07089,M008,T008,2026-07-22 03:53:00,33010000,VN,DEV0025,0
TXN06713,CARD07927,C07927,M006,T006,2026-07-25 17:35:00,37330000,VN,DEV1940,0
TXN06714,CARD02361,C02361,M003,T003,2026-07-19 23:25:00,38510000,SG,DEV1356,0
TXN06715,CARD05166,C05166,M002,T002,2026-07-22 15:16:00,34810000,US,DEV0702,0
TXN06716,CARD01324,C01324,M002,T002,2026-07-04 21:36:00,4620000,SG,DEV0166,0
TXN06717,CARD03002,C03002,M001,T001,2026-07-26 20:53:00,34440000,VN,DEV1505,0
TXN06718,CARD00424,C00424,M007,T007,2026-07-06 00:38:00,26940000,SG,NEW_DEVICE,1
TXN06719,CARD06214,C06214,M003,T003,2026-07-02 11:46:00,15390000,US,DEV1113,0
TXN06720,CARD00171,C00171,M011,T011,2026-07-10 05:09:00,12910000,VN,DEV1844,0
TXN06721,CARD01120,C01120,M008,T008,2026-07-07 17:56:00,8290000,VN,DEV1608,0
TXN06722,CARD02235,C02235,M008,T008,2026-07-02 17:17:00,28950000,VN,DEV0814,0
TXN06723,CARD00555,C00555,M014,T014,2026-07-11 07:18:00,6520000,VN,DEV0703,0
TXN06724,CARD08613,C08613,M004,T004,2026-07-09 19:19:00,4780000,US,DEV0299,0
TXN06725,CARD07697,C07697,M005,T005,2026-07-02 00:53:00,280000,SG,DEV0818,0
TXN06726,CARD07127,C07127,M011,T011,2026-07-19 08:00:00,29680000,VN,DEV0433,0
TXN06727,CARD02502,C02502,M003,T003,2026-07-04 06:11:00,35610000,US,DEV1011,0
TXN06728,CARD02084,C02084,M004,T004,2026-07-21 16:51:00,42410000,SG,DEV0402,0
TXN06729,CARD03453,C03453,M001,T001,2026-07-08 04:44:00,36600000,VN,DEV0694,0
TXN06730,CARD08624,C08624,M001,T001,2026-07-16 10:03:00,530000,VN,DEV0181,0
TXN06731,CARD01879,C01879,M007,T007,2026-07-03 01:24:00,30290000,VN,DEV1606,0
TXN06732,CARD05114,C05114,M007,T007,2026-07-20 07:38:00,16290000,VN,DEV0633,0
TXN06733,CARD00275,C00275,M001,T001,2026-07-05 23:21:00,7360000,SG,NEW_DEVICE,1
TXN06734,CARD04621,C04621,M012,T012,2026-07-22 01:08:00,3110000,VN,DEV1595,0
TXN06735,CARD03151,C03151,M009,T009,2026-07-25 16:50:00,34540000,VN,DEV0351,0
TXN06736,CARD01142,C01142,M002,T002,2026-07-27 00:43:00,9990000,HK,DEV0821,0
TXN06737,CARD01152,C01152,M013,T013,2026-07-05 20:16:00,47430000,VN,DEV1619,0
TXN06738,CARD08727,C08727,M003,T003,2026-07-01 21:30:00,7030000,SG,DEV0353,0
TXN06739,CARD07312,C07312,M012,T012,2026-07-24 13:20:00,22740000,VN,DEV0143,0
TXN06740,CARD06302,C06302,M004,T004,2026-07-10 23:12:00,7210000,HK,DEV0808,0
TXN06741,CARD08325,C08325,M009,T009,2026-07-18 17:19:00,10520000,VN,DEV0255,0
TXN06742,CARD07234,C07234,M009,T009,2026-07-06 01:53:00,13160000,VN,DEV0944,0
TXN06743,CARD00211,C00211,M012,T012,2026-07-07 22:53:00,47770000,VN,DEV1715,0
TXN06744,CARD09102,C09102,M007,T007,2026-07-09 20:45:00,12590000,VN,DEV1224,0
TXN06745,CARD09065,C09065,M013,T013,2026-07-28 01:20:00,2340000,VN,DEV1411,0
TXN06746,CARD06744,C06744,M008,T008,2026-07-25 02:33:00,48770000,VN,DEV1324,0
TXN06747,CARD06364,C06364,M005,T005,2026-07-12 19:39:00,46150000,US,DEV0360,0
TXN06748,CARD02880,C02880,M008,T008,2026-07-23 09:02:00,47910000,VN,DEV1720,0
TXN06749,CARD01731,C01731,M011,T011,2026-07-16 06:43:00,40950000,VN,DEV1258,0
TXN06750,CARD01105,C01105,M011,T011,2026-07-12 04:59:00,10010000,VN,DEV1421,0
TXN06751,CARD07404,C07404,M002,T002,2026-07-11 17:48:00,23140000,SG,DEV0868,0
TXN06752,CARD05054,C05054,M011,T011,2026-07-27 21:46:00,26410000,VN,DEV1158,0
TXN06753,CARD00160,C00160,M001,T001,2026-07-06 13:14:00,24480000,VN,DEV0336,0
TXN06754,CARD04218,C04218,M005,T005,2026-07-16 14:01:00,18940000,HK,DEV0672,0
TXN06755,CARD04486,C04486,M008,T008,2026-07-18 13:49:00,4670000,VN,DEV0936,0
TXN06756,CARD06202,C06202,M013,T013,2026-07-10 21:42:00,40810000,VN,DEV0766,0
TXN06757,CARD01737,C01737,M005,T005,2026-07-20 23:28:00,31070000,SG,DEV1466,0
TXN06758,CARD00172,C00172,M011,T011,2026-07-14 18:17:00,12110000,VN,DEV1330,0
TXN06759,CARD00343,C00343,M006,T006,2026-07-22 18:52:00,5080000,VN,DEV1962,0
TXN06760,CARD03830,C03830,M004,T004,2026-07-11 07:41:00,17800000,HK,DEV0996,0
TXN06761,CARD08424,C08424,M001,T001,2026-07-15 22:45:00,25110000,VN,DEV1644,0
TXN06762,CARD02232,C02232,M011,T011,2026-07-11 02:15:00,33150000,VN,DEV1525,0
TXN06763,CARD09409,C09409,M008,T008,2026-07-21 21:03:00,28730000,VN,DEV0982,0
TXN06764,CARD02855,C02855,M010,T010,2026-07-12 15:53:00,4300000,VN,DEV1552,0
TXN06765,CARD08940,C08940,M003,T003,2026-07-05 23:30:00,40190000,US,DEV0990,0
TXN06766,CARD02743,C02743,M005,T005,2026-07-04 05:43:00,6770000,HK,DEV0635,0
TXN06767,CARD02810,C02810,M009,T009,2026-07-05 00:46:00,39370000,VN,DEV1711,0
TXN06768,CARD07278,C07278,M013,T013,2026-07-17 08:47:00,43010000,VN,DEV1537,0
TXN06769,CARD01237,C01237,M013,T013,2026-07-14 09:58:00,22160000,VN,DEV0614,0
TXN06770,CARD02290,C02290,M005,T005,2026-07-19 02:07:00,40240000,SG,DEV0722,0
TXN06771,CARD07102,C07102,M002,T002,2026-07-22 09:15:00,22770000,US,DEV0914,0
TXN06772,CARD04436,C04436,M008,T008,2026-07-13 03:23:00,15940000,VN,DEV1296,0
TXN06773,CARD05649,C05649,M005,T005,2026-07-22 15:21:00,5230000,VN,NEW_DEVICE,1
TXN06774,CARD04151,C04151,M001,T001,2026-07-02 14:20:00,12200000,VN,DEV0963,0
TXN06775,CARD06381,C06381,M010,T010,2026-07-02 12:56:00,21500000,VN,DEV1931,0
TXN06776,CARD06010,C06010,M006,T006,2026-07-12 16:14:00,38240000,VN,DEV0103,0
TXN06777,CARD02144,C02144,M003,T003,2026-07-25 10:06:00,20280000,HK,DEV0260,0
TXN06778,CARD01394,C01394,M009,T009,2026-07-06 04:36:00,43420000,VN,DEV1873,0
TXN06779,CARD05135,C05135,M002,T002,2026-07-06 02:13:00,30870000,HK,DEV1473,0
TXN06780,CARD01774,C01774,M007,T007,2026-07-05 19:06:00,46240000,VN,DEV1616,0
TXN06781,CARD02406,C02406,M006,T006,2026-07-16 22:51:00,39720000,VN,DEV1412,0
TXN06782,CARD01452,C01452,M001,T001,2026-07-06 03:37:00,22310000,VN,DEV0315,0
TXN06783,CARD01864,C01864,M007,T007,2026-07-07 10:56:00,20680000,VN,DEV1088,0
TXN06784,CARD09074,C09074,M008,T008,2026-07-15 19:02:00,43760000,VN,DEV1822,0
TXN06785,CARD08658,C08658,M013,T013,2026-07-25 23:22:00,47080000,VN,DEV0473,0
TXN06786,CARD00408,C00408,M008,T008,2026-07-26 22:17:00,25130000,VN,DEV0196,0
TXN06787,CARD07995,C07995,M012,T012,2026-07-11 13:52:00,48070000,VN,DEV0958,0
TXN06788,CARD05732,C05732,M007,T007,2026-07-26 06:15:00,16800000,VN,DEV0513,0
TXN06789,CARD09107,C09107,M011,T011,2026-07-09 07:20:00,16480000,VN,DEV0834,0
TXN06790,CARD06411,C06411,M007,T007,2026-07-03 11:36:00,39280000,HK,NEW_DEVICE,1
TXN06791,CARD05261,C05261,M014,T014,2026-07-03 08:57:00,24250000,VN,DEV1587,0
TXN06792,CARD06920,C06920,M012,T012,2026-07-14 05:25:00,5160000,VN,DEV1925,0
TXN06793,CARD03937,C03937,M006,T006,2026-07-18 20:23:00,39420000,VN,DEV1945,0
TXN06794,CARD09096,C09096,M012,T012,2026-07-26 13:26:00,5460000,VN,DEV1229,0
TXN06795,CARD08070,C08070,M012,T012,2026-07-04 21:55:00,35950000,VN,DEV1015,0
TXN06796,CARD05886,C05886,M010,T010,2026-07-17 10:36:00,45910000,VN,DEV0926,0
TXN06797,CARD04001,C04001,M007,T007,2026-07-21 01:33:00,22430000,VN,DEV1816,0
TXN06798,CARD00433,C00433,M012,T012,2026-07-10 11:12:00,45760000,VN,DEV0799,0
TXN06799,CARD02780,C02780,M014,T014,2026-07-04 16:53:00,40550000,VN,DEV0096,0
TXN06800,CARD08648,C08648,M003,T003,2026-07-01 12:55:00,10090000,US,DEV1682,0
TXN06801,CARD01004,C01004,M002,T002,2026-07-13 13:23:00,9300000,HK,DEV1928,0
TXN06802,CARD08870,C08870,M013,T013,2026-07-21 16:23:00,35400000,VN,DEV1976,0
TXN06803,CARD02107,C02107,M007,T007,2026-07-02 01:17:00,42950000,VN,DEV1142,0
TXN06804,CARD07190,C07190,M010,T010,2026-07-25 01:35:00,30210000,VN,DEV0905,0
TXN06805,CARD02646,C02646,M011,T011,2026-07-17 04:13:00,37570000,VN,DEV0927,0
TXN06806,CARD09247,C09247,M004,T004,2026-07-06 16:26:00,4040000,HK,NEW_DEVICE,1
TXN06807,CARD01811,C01811,M013,T013,2026-07-24 11:34:00,27160000,VN,DEV0590,0
TXN06808,CARD03540,C03540,M014,T014,2026-07-24 17:23:00,40040000,VN,DEV1674,0
TXN06809,CARD05190,C05190,M013,T013,2026-07-21 03:58:00,22650000,VN,NEW_DEVICE,1
TXN06810,CARD04722,C04722,M004,T004,2026-07-16 07:33:00,40890000,HK,DEV1402,0
TXN06811,CARD00466,C00466,M014,T014,2026-07-25 11:12:00,32520000,VN,DEV0563,0
TXN06812,CARD07437,C07437,M004,T004,2026-07-21 19:12:00,44750000,US,DEV1023,0
TXN06813,CARD04436,C04436,M008,T008,2026-07-14 08:18:00,26640000,SG,NEW_DEVICE,1
TXN06814,CARD04949,C04949,M010,T010,2026-07-10 09:17:00,1080000,VN,DEV0851,0
TXN06815,CARD01132,C01132,M009,T009,2026-07-06 15:19:00,23740000,VN,DEV1699,0
TXN06816,CARD02046,C02046,M003,T003,2026-07-13 16:24:00,26020000,SG,DEV1961,0
TXN06817,CARD07298,C07298,M001,T001,2026-07-26 21:25:00,25270000,VN,DEV1460,0
TXN06818,CARD01587,C01587,M011,T011,2026-07-18 19:56:00,42320000,VN,DEV0736,0
TXN06819,CARD02901,C02901,M012,T012,2026-07-05 22:11:00,20350000,VN,DEV0461,0
TXN06820,CARD03408,C03408,M011,T011,2026-07-04 03:49:00,37190000,VN,DEV0486,0
TXN06821,CARD03829,C03829,M002,T002,2026-07-23 05:57:00,37570000,US,DEV0071,0
TXN06822,CARD07868,C07868,M004,T004,2026-07-18 19:23:00,47500000,US,DEV1621,0
TXN06823,CARD04686,C04686,M013,T013,2026-07-26 16:39:00,29490000,VN,DEV1564,0
TXN06824,CARD05687,C05687,M002,T002,2026-07-21 06:52:00,20490000,HK,DEV1918,0
TXN06825,CARD07941,C07941,M010,T010,2026-07-20 13:58:00,41950000,VN,DEV0379,0
TXN06826,CARD01982,C01982,M013,T013,2026-07-16 22:31:00,12750000,VN,DEV0767,0
TXN06827,CARD03158,C03158,M004,T004,2026-07-06 18:30:00,42030000,SG,DEV0723,0
TXN06828,CARD02359,C02359,M012,T012,2026-07-07 00:01:00,30270000,VN,DEV0028,0
TXN06829,CARD09497,C09497,M011,T011,2026-07-01 17:27:00,45690000,VN,DEV1841,0
TXN06830,CARD00793,C00793,M003,T003,2026-07-12 03:02:00,2960000,HK,DEV0375,0
TXN06831,CARD00895,C00895,M008,T008,2026-07-18 00:52:00,32490000,VN,DEV0019,0
TXN06832,CARD00105,C00105,M013,T013,2026-07-18 00:48:00,30840000,VN,DEV1729,0
TXN06833,CARD07592,C07592,M006,T006,2026-07-01 06:28:00,5450000,VN,DEV0676,0
TXN06834,CARD04630,C04630,M004,T004,2026-07-21 12:28:00,46920000,HK,DEV0210,0
TXN06835,CARD08347,C08347,M009,T009,2026-07-07 13:27:00,4050000,VN,DEV0685,0
TXN06836,CARD04344,C04344,M010,T010,2026-07-12 05:36:00,12820000,VN,DEV1489,0
TXN06837,CARD07982,C07982,M006,T006,2026-07-20 04:10:00,21520000,VN,DEV0586,0
TXN06838,CARD05300,C05300,M001,T001,2026-07-02 10:52:00,23230000,VN,DEV0053,0
TXN06839,CARD06055,C06055,M009,T009,2026-07-05 10:52:00,46220000,VN,DEV0349,0
TXN06840,CARD02458,C02458,M012,T012,2026-07-11 06:01:00,13070000,VN,DEV0584,0
TXN06841,CARD03750,C03750,M002,T002,2026-07-09 11:59:00,34740000,VN,NEW_DEVICE,1
TXN06842,CARD05713,C05713,M001,T001,2026-07-17 10:49:00,37790000,VN,DEV0739,0
TXN06843,CARD08007,C08007,M005,T005,2026-07-06 01:09:00,44160000,US,DEV1490,0
TXN06844,CARD03174,C03174,M009,T009,2026-07-03 15:00:00,24050000,VN,DEV0951,0
TXN06845,CARD06239,C06239,M004,T004,2026-07-10 13:11:00,44690000,SG,DEV1691,0
TXN06846,CARD08212,C08212,M012,T012,2026-07-18 16:09:00,42070000,VN,DEV1384,0
TXN06847,CARD00947,C00947,M013,T013,2026-07-20 06:04:00,14590000,VN,DEV0093,0
TXN06848,CARD07785,C07785,M006,T006,2026-07-16 18:01:00,6490000,VN,DEV1336,0
TXN06849,CARD01850,C01850,M002,T002,2026-07-06 01:05:00,21100000,HK,DEV1054,0
TXN06850,CARD04100,C04100,M007,T007,2026-07-21 17:24:00,49820000,VN,DEV1713,0
TXN06851,CARD03223,C03223,M002,T002,2026-07-21 07:00:00,34010000,SG,DEV0615,0
TXN06852,CARD07950,C07950,M005,T005,2026-07-01 05:59:00,43920000,SG,DEV1071,0
TXN06853,CARD09720,C09720,M001,T001,2026-07-21 03:51:00,7480000,VN,DEV0345,0
TXN06854,CARD09677,C09677,M004,T004,2026-07-27 02:40:00,49180000,SG,DEV1236,0
TXN06855,CARD06107,C06107,M012,T012,2026-07-20 19:20:00,32360000,VN,DEV1544,0
TXN06856,CARD09837,C09837,M014,T014,2026-07-12 03:20:00,19720000,VN,DEV1447,0
TXN06857,CARD08382,C08382,M002,T002,2026-07-05 10:31:00,26600000,HK,DEV1436,0
TXN06858,CARD04833,C04833,M004,T004,2026-07-26 21:42:00,22530000,US,DEV0043,0
TXN06859,CARD06356,C06356,M011,T011,2026-07-24 20:06:00,16500000,VN,DEV1407,0
TXN06860,CARD08449,C08449,M003,T003,2026-07-04 15:59:00,8260000,HK,DEV1142,0
TXN06861,CARD03494,C03494,M012,T012,2026-07-24 09:20:00,26790000,VN,DEV0618,0
TXN06862,CARD09643,C09643,M009,T009,2026-07-14 00:53:00,27500000,VN,DEV1784,0
TXN06863,CARD06818,C06818,M010,T010,2026-07-01 16:10:00,40820000,VN,DEV0319,0
TXN06864,CARD08385,C08385,M009,T009,2026-07-28 15:23:00,43080000,VN,DEV1431,0
TXN06865,CARD06042,C06042,M012,T012,2026-07-18 06:31:00,45770000,VN,DEV0435,0
TXN06866,CARD09040,C09040,M003,T003,2026-07-02 11:24:00,27870000,US,DEV0900,0
TXN06867,CARD07643,C07643,M012,T012,2026-07-25 06:15:00,7260000,VN,DEV0334,0
TXN06868,CARD09584,C09584,M011,T011,2026-07-05 01:31:00,35100000,VN,DEV0318,0
TXN06869,CARD02806,C02806,M007,T007,2026-07-27 03:39:00,30950000,VN,DEV1169,0
TXN06870,CARD06638,C06638,M003,T003,2026-07-14 15:50:00,6390000,HK,DEV0534,0
TXN06871,CARD03811,C03811,M011,T011,2026-07-06 22:02:00,8340000,VN,DEV1839,0
TXN06872,CARD03988,C03988,M005,T005,2026-07-08 05:19:00,5960000,SG,DEV1660,0
TXN06873,CARD08290,C08290,M008,T008,2026-07-16 08:43:00,38110000,VN,DEV0787,0
TXN06874,CARD08339,C08339,M005,T005,2026-07-09 03:25:00,41530000,US,DEV1366,0
TXN06875,CARD05993,C05993,M002,T002,2026-07-12 00:51:00,4580000,HK,DEV1058,0
TXN06876,CARD09186,C09186,M014,T014,2026-07-17 20:58:00,40760000,VN,DEV0071,0
TXN06877,CARD08215,C08215,M003,T003,2026-07-14 20:57:00,23650000,US,DEV1553,0
TXN06878,CARD07495,C07495,M004,T004,2026-07-04 10:04:00,2350000,HK,DEV0584,0
TXN06879,CARD05355,C05355,M007,T007,2026-07-27 23:33:00,23980000,VN,DEV0342,0
TXN06880,CARD03243,C03243,M014,T014,2026-07-28 14:00:00,12430000,VN,DEV0311,0
TXN06881,CARD07675,C07675,M002,T002,2026-07-27 00:39:00,42500000,US,DEV1149,0
TXN06882,CARD01519,C01519,M009,T009,2026-07-16 13:03:00,47610000,VN,DEV1876,0
TXN06883,CARD01794,C01794,M009,T009,2026-07-23 00:32:00,36920000,VN,DEV1957,0
TXN06884,CARD09202,C09202,M014,T014,2026-07-04 00:23:00,38280000,VN,DEV1293,0
TXN06885,CARD08558,C08558,M004,T004,2026-07-12 08:06:00,16690000,SG,DEV0631,0
TXN06886,CARD03976,C03976,M011,T011,2026-07-01 19:37:00,12500000,VN,DEV1645,0
TXN06887,CARD00227,C00227,M010,T010,2026-07-14 06:44:00,4500000,VN,DEV0132,0
TXN06888,CARD06589,C06589,M014,T014,2026-07-14 21:10:00,24190000,VN,DEV1507,0
TXN06889,CARD05791,C05791,M014,T014,2026-07-28 04:14:00,41230000,VN,DEV0812,0
TXN06890,CARD02604,C02604,M012,T012,2026-07-08 06:38:00,6140000,VN,NEW_DEVICE,1
TXN06891,CARD08708,C08708,M007,T007,2026-07-09 07:58:00,34030000,VN,DEV0717,0
TXN06892,CARD01858,C01858,M002,T002,2026-07-14 04:35:00,46250000,US,DEV1131,0
TXN06893,CARD05842,C05842,M006,T006,2026-07-01 16:09:00,40770000,VN,DEV0534,0
TXN06894,CARD01636,C01636,M003,T003,2026-07-13 21:50:00,8660000,SG,DEV1436,0
TXN06895,CARD00997,C00997,M004,T004,2026-07-03 15:45:00,3430000,SG,DEV1361,0
TXN06896,CARD06722,C06722,M006,T006,2026-07-14 16:42:00,30450000,VN,DEV1354,0
TXN06897,CARD08105,C08105,M005,T005,2026-07-21 12:49:00,31170000,US,DEV0881,0
TXN06898,CARD05759,C05759,M001,T001,2026-07-02 03:40:00,5810000,VN,DEV0996,0
TXN06899,CARD00950,C00950,M011,T011,2026-07-02 15:42:00,29360000,VN,DEV0552,0
TXN06900,CARD09186,C09186,M006,T006,2026-07-20 22:28:00,30570000,VN,DEV0996,0
TXN06901,CARD04919,C04919,M002,T002,2026-07-08 11:44:00,20350000,US,DEV0156,0
TXN06902,CARD04322,C04322,M014,T014,2026-07-10 23:18:00,26070000,VN,DEV0821,0
TXN06903,CARD09677,C09677,M003,T003,2026-07-28 17:15:00,9400000,HK,DEV1091,0
TXN06904,CARD06673,C06673,M007,T007,2026-07-09 05:18:00,46470000,VN,DEV1766,0
TXN06905,CARD04411,C04411,M013,T013,2026-07-10 07:38:00,3050000,VN,DEV1472,0
TXN06906,CARD04066,C04066,M004,T004,2026-07-18 02:20:00,6430000,HK,DEV0488,0
TXN06907,CARD05689,C05689,M007,T007,2026-07-18 23:40:00,18710000,VN,DEV1465,0
TXN06908,CARD07874,C07874,M013,T013,2026-07-22 11:01:00,1350000,VN,DEV1619,0
TXN06909,CARD02444,C02444,M002,T002,2026-07-04 06:02:00,8760000,US,DEV1849,0
TXN06910,CARD09473,C09473,M003,T003,2026-07-19 01:11:00,45680000,HK,DEV0922,0
TXN06911,CARD03147,C03147,M009,T009,2026-07-10 16:18:00,350000,VN,DEV0450,0
TXN06912,CARD07565,C07565,M001,T001,2026-07-08 08:29:00,27550000,VN,DEV1758,0
TXN06913,CARD01982,C01982,M013,T013,2026-07-07 23:00:00,44740000,VN,DEV1895,0
TXN06914,CARD06733,C06733,M001,T001,2026-07-07 15:49:00,25820000,VN,DEV0576,0
TXN06915,CARD00189,C00189,M005,T005,2026-07-19 10:12:00,32220000,HK,DEV0138,0
TXN06916,CARD08403,C08403,M012,T012,2026-07-13 11:16:00,21920000,VN,DEV1806,0
TXN06917,CARD01296,C01296,M008,T008,2026-07-06 06:42:00,32220000,VN,DEV0455,0
TXN06918,CARD00963,C00963,M001,T001,2026-07-10 00:08:00,8090000,VN,DEV0482,0
TXN06919,CARD06661,C06661,M006,T006,2026-07-03 03:40:00,21700000,VN,DEV0344,0
TXN06920,CARD07242,C07242,M009,T009,2026-07-26 20:10:00,34600000,VN,DEV1042,0
TXN06921,CARD03352,C03352,M011,T011,2026-07-01 17:17:00,6710000,VN,DEV1775,0
TXN06922,CARD09935,C09935,M003,T003,2026-07-22 08:40:00,29870000,HK,DEV0467,0
TXN06923,CARD08139,C08139,M002,T002,2026-07-26 23:28:00,48230000,SG,DEV0379,0
TXN06924,CARD06967,C06967,M001,T001,2026-07-01 07:46:00,2780000,VN,DEV1619,0
TXN06925,CARD03610,C03610,M009,T009,2026-07-20 23:09:00,29870000,VN,DEV0916,0
TXN06926,CARD09844,C09844,M001,T001,2026-07-12 21:54:00,4390000,VN,DEV1169,0
TXN06927,CARD03132,C03132,M002,T002,2026-07-28 16:44:00,31800000,SG,NEW_DEVICE,1
TXN06928,CARD08470,C08470,M006,T006,2026-07-25 12:11:00,31300000,VN,DEV0799,0
TXN06929,CARD02680,C02680,M002,T002,2026-07-24 19:00:00,19290000,HK,DEV1836,0
TXN06930,CARD02804,C02804,M005,T005,2026-07-21 07:12:00,34260000,US,DEV0794,0
TXN06931,CARD07343,C07343,M013,T013,2026-07-14 12:00:00,18680000,VN,DEV1424,0
TXN06932,CARD06067,C06067,M007,T007,2026-07-25 15:49:00,22590000,VN,DEV1509,0
TXN06933,CARD05936,C05936,M013,T013,2026-07-22 09:35:00,1230000,VN,DEV1230,0
TXN06934,CARD09771,C09771,M013,T013,2026-07-21 15:33:00,400000,VN,DEV1785,0
TXN06935,CARD05350,C05350,M007,T007,2026-07-18 18:12:00,14810000,VN,DEV0303,0
TXN06936,CARD04859,C04859,M014,T014,2026-07-22 19:55:00,25390000,VN,DEV1336,0
TXN06937,CARD02843,C02843,M011,T011,2026-07-23 06:41:00,48010000,HK,NEW_DEVICE,1
TXN06938,CARD05130,C05130,M014,T014,2026-07-19 08:53:00,44180000,VN,DEV0098,0
TXN06939,CARD02728,C02728,M006,T006,2026-07-24 07:42:00,32360000,VN,DEV1103,0
TXN06940,CARD08077,C08077,M013,T013,2026-07-27 21:08:00,16910000,VN,DEV1140,0
TXN06941,CARD09787,C09787,M005,T005,2026-07-06 23:38:00,47690000,US,DEV0800,0
TXN06942,CARD04661,C04661,M009,T009,2026-07-21 11:56:00,3860000,VN,DEV1845,0
TXN06943,CARD09460,C09460,M005,T005,2026-07-14 00:28:00,30110000,US,DEV1708,0
TXN06944,CARD03505,C03505,M002,T002,2026-07-15 15:22:00,41840000,SG,DEV1173,0
TXN06945,CARD07124,C07124,M002,T002,2026-07-01 20:48:00,14430000,SG,DEV0814,0
TXN06946,CARD07753,C07753,M013,T013,2026-07-28 17:14:00,23100000,VN,DEV0570,0
TXN06947,CARD01790,C01790,M001,T001,2026-07-01 22:32:00,13410000,VN,DEV1767,0
TXN06948,CARD07093,C07093,M002,T002,2026-07-07 23:14:00,39040000,US,DEV0764,0
TXN06949,CARD06303,C06303,M004,T004,2026-07-03 16:44:00,13400000,HK,DEV1493,0
TXN06950,CARD08108,C08108,M007,T007,2026-07-27 04:09:00,3790000,VN,DEV1018,0
TXN06951,CARD02267,C02267,M002,T002,2026-07-12 21:28:00,17350000,US,DEV0519,0
TXN06952,CARD08862,C08862,M003,T003,2026-07-01 23:13:00,37510000,US,DEV0997,0
TXN06953,CARD08288,C08288,M002,T002,2026-07-10 03:08:00,15240000,HK,DEV0708,0
TXN06954,CARD05706,C05706,M012,T012,2026-07-25 21:41:00,17500000,VN,DEV0314,0
TXN06955,CARD09813,C09813,M008,T008,2026-07-16 09:11:00,14520000,VN,DEV1632,0
TXN06956,CARD00768,C00768,M004,T004,2026-07-13 02:44:00,49950000,SG,DEV1989,0
TXN06957,CARD06184,C06184,M011,T011,2026-07-07 16:59:00,12350000,VN,DEV1328,0
TXN06958,CARD07616,C07616,M011,T011,2026-07-07 22:57:00,49390000,VN,DEV1758,0
TXN06959,CARD02011,C02011,M008,T008,2026-07-05 02:43:00,46040000,VN,DEV0292,0
TXN06960,CARD04424,C04424,M004,T004,2026-07-15 11:09:00,28910000,US,DEV0985,0
TXN06961,CARD06964,C06964,M003,T003,2026-07-01 11:39:00,12020000,US,DEV0582,0
TXN06962,CARD08022,C08022,M003,T003,2026-07-07 22:37:00,22380000,SG,DEV1854,0
TXN06963,CARD09660,C09660,M011,T011,2026-07-08 22:45:00,120000,VN,DEV1587,0
TXN06964,CARD04541,C04541,M009,T009,2026-07-02 21:14:00,3360000,VN,DEV1793,0
TXN06965,CARD08977,C08977,M012,T012,2026-07-27 12:36:00,20190000,VN,DEV0700,0
TXN06966,CARD06453,C06453,M008,T008,2026-07-26 22:02:00,7380000,VN,DEV0211,0
TXN06967,CARD05999,C05999,M005,T005,2026-07-02 00:26:00,13850000,US,DEV0983,0
TXN06968,CARD06610,C06610,M003,T003,2026-07-17 13:20:00,35060000,HK,DEV1784,0
TXN06969,CARD10000,C10000,M013,T013,2026-07-08 06:12:00,43320000,VN,DEV1479,0
TXN06970,CARD08965,C08965,M006,T006,2026-07-01 08:24:00,28100000,VN,DEV0824,0
TXN06971,CARD04956,C04956,M001,T001,2026-07-21 01:20:00,27220000,VN,DEV0468,0
TXN06972,CARD07471,C07471,M008,T008,2026-07-18 10:55:00,16770000,VN,DEV1061,0
TXN06973,CARD02325,C02325,M001,T001,2026-07-16 08:29:00,9340000,VN,DEV0763,0
TXN06974,CARD09830,C09830,M014,T014,2026-07-04 15:52:00,21000000,VN,DEV1313,0
TXN06975,CARD09710,C09710,M010,T010,2026-07-10 00:35:00,44910000,VN,DEV1182,0
TXN06976,CARD00460,C00460,M005,T005,2026-07-25 11:08:00,18720000,HK,DEV0798,0
TXN06977,CARD08723,C08723,M010,T010,2026-07-14 13:15:00,41940000,VN,DEV0580,0
TXN06978,CARD08949,C08949,M010,T010,2026-07-05 02:56:00,44980000,VN,DEV0302,0
TXN06979,CARD02777,C02777,M003,T003,2026-07-01 22:27:00,36270000,SG,DEV0260,0
TXN06980,CARD08304,C08304,M010,T010,2026-07-05 06:36:00,8710000,VN,DEV0223,0
TXN06981,CARD02451,C02451,M002,T002,2026-07-20 16:42:00,8760000,US,DEV0684,0
TXN06982,CARD01210,C01210,M007,T007,2026-07-21 23:50:00,49150000,VN,DEV0471,0
TXN06983,CARD00636,C00636,M012,T012,2026-07-27 01:25:00,39680000,VN,DEV0217,0
TXN06984,CARD05958,C05958,M012,T012,2026-07-10 00:49:00,31620000,VN,DEV1588,0
TXN06985,CARD04906,C04906,M006,T006,2026-07-19 14:26:00,45870000,VN,DEV1303,0
TXN06986,CARD02337,C02337,M002,T002,2026-07-05 00:44:00,17730000,US,DEV1076,0
TXN06987,CARD02378,C02378,M010,T010,2026-07-25 08:05:00,16180000,VN,DEV0025,0
TXN06988,CARD02494,C02494,M012,T012,2026-07-27 00:47:00,39770000,VN,DEV0094,0
TXN06989,CARD05344,C05344,M010,T010,2026-07-21 21:26:00,18950000,VN,DEV1777,0
TXN06990,CARD06262,C06262,M013,T013,2026-07-07 19:42:00,49070000,VN,DEV1628,0
TXN06991,CARD06222,C06222,M007,T007,2026-07-05 14:30:00,13110000,VN,DEV1089,0
TXN06992,CARD02627,C02627,M013,T013,2026-07-04 16:02:00,2770000,VN,DEV0542,0
TXN06993,CARD03772,C03772,M013,T013,2026-07-21 02:58:00,11210000,VN,DEV0232,0
TXN06994,CARD02947,C02947,M005,T005,2026-07-01 22:19:00,9120000,HK,DEV1928,0
TXN06995,CARD08321,C08321,M013,T013,2026-07-09 06:17:00,33340000,VN,DEV0256,0
TXN06996,CARD04062,C04062,M011,T011,2026-07-22 08:11:00,47650000,VN,DEV0799,0
TXN06997,CARD01686,C01686,M011,T011,2026-07-06 06:04:00,20340000,VN,DEV1272,0
TXN06998,CARD08750,C08750,M012,T012,2026-07-28 04:04:00,38880000,VN,DEV1168,0
TXN06999,CARD08239,C08239,M001,T001,2026-07-11 15:00:00,19740000,VN,DEV0840,0
TXN07000,CARD06035,C06035,M006,T006,2026-07-28 08:50:00,24920000,VN,DEV1614,0
TXN07001,CARD07982,C07982,M003,T003,2026-07-08 02:33:00,32870000,US,DEV1578,0
TXN07002,CARD03737,C03737,M007,T007,2026-07-03 17:59:00,48040000,VN,DEV1609,0
TXN07003,CARD09503,C09503,M002,T002,2026-07-08 19:23:00,36420000,SG,DEV0546,0
TXN07004,CARD04467,C04467,M013,T013,2026-07-27 08:35:00,9970000,VN,DEV0828,0
TXN07005,CARD00678,C00678,M012,T012,2026-07-13 22:52:00,27170000,VN,DEV0660,0
TXN07006,CARD03022,C03022,M008,T008,2026-07-11 20:06:00,24350000,VN,DEV1763,0
TXN07007,CARD08534,C08534,M008,T008,2026-07-11 18:08:00,15890000,VN,DEV1682,0
TXN07008,CARD07924,C07924,M002,T002,2026-07-06 23:48:00,5900000,US,DEV1197,0
TXN07009,CARD05454,C05454,M006,T006,2026-07-13 12:27:00,8160000,VN,DEV0390,0
TXN07010,CARD02029,C02029,M004,T004,2026-07-20 00:27:00,36260000,US,DEV1532,0
TXN07011,CARD07853,C07853,M006,T006,2026-07-19 01:22:00,23990000,VN,DEV1519,0
TXN07012,CARD05422,C05422,M010,T010,2026-07-14 23:29:00,11720000,VN,DEV1861,0
TXN07013,CARD03198,C03198,M005,T005,2026-07-13 11:05:00,9830000,HK,DEV0485,0
TXN07014,CARD05722,C05722,M013,T013,2026-07-17 23:15:00,11550000,VN,DEV0978,0
TXN07015,CARD05128,C05128,M006,T006,2026-07-17 13:57:00,49730000,VN,DEV0609,0
TXN07016,CARD01089,C01089,M013,T013,2026-07-14 21:27:00,9810000,VN,DEV1373,0
TXN07017,CARD04890,C04890,M009,T009,2026-07-27 22:36:00,8090000,VN,DEV0037,0
TXN07018,CARD06629,C06629,M005,T005,2026-07-16 03:00:00,14890000,HK,DEV1181,0
TXN07019,CARD05158,C05158,M006,T006,2026-07-23 01:20:00,45860000,VN,DEV1938,0
TXN07020,CARD08966,C08966,M010,T010,2026-07-15 02:04:00,28490000,VN,DEV1034,0
TXN07021,CARD03690,C03690,M010,T010,2026-07-01 13:38:00,780000,VN,DEV0588,0
TXN07022,CARD01631,C01631,M012,T012,2026-07-06 01:36:00,49050000,VN,DEV1898,0
TXN07023,CARD01412,C01412,M013,T013,2026-07-16 23:20:00,40290000,VN,DEV0727,0
TXN07024,CARD05070,C05070,M003,T003,2026-07-08 23:38:00,15380000,SG,DEV0597,0
TXN07025,CARD01929,C01929,M005,T005,2026-07-07 01:34:00,44740000,HK,DEV1265,0
TXN07026,CARD01121,C01121,M004,T004,2026-07-03 10:39:00,36820000,SG,DEV1163,0
TXN07027,CARD05093,C05093,M006,T006,2026-07-28 00:52:00,35950000,VN,DEV1392,0
TXN07028,CARD02747,C02747,M009,T009,2026-07-10 08:17:00,3480000,VN,DEV0550,0
TXN07029,CARD08319,C08319,M006,T006,2026-07-08 22:34:00,3040000,VN,DEV0485,0
TXN07030,CARD04325,C04325,M013,T013,2026-07-19 07:05:00,20290000,VN,DEV1843,0
TXN07031,CARD05981,C05981,M008,T008,2026-07-08 05:58:00,14660000,VN,DEV1663,0
TXN07032,CARD03885,C03885,M003,T003,2026-07-12 11:47:00,36350000,HK,DEV0602,0
TXN07033,CARD01171,C01171,M004,T004,2026-07-13 11:51:00,12860000,HK,DEV0845,0
TXN07034,CARD02002,C02002,M005,T005,2026-07-21 00:10:00,8740000,HK,DEV0143,0
TXN07035,CARD04150,C04150,M012,T012,2026-07-07 07:06:00,31430000,VN,DEV0691,0
TXN07036,CARD03737,C03737,M008,T008,2026-07-25 20:39:00,29610000,VN,DEV2000,0
TXN07037,CARD07100,C07100,M008,T008,2026-07-03 14:11:00,33160000,VN,DEV1909,0
TXN07038,CARD05386,C05386,M013,T013,2026-07-09 09:00:00,1700000,VN,DEV1816,0
TXN07039,CARD04535,C04535,M014,T014,2026-07-08 23:52:00,12140000,VN,DEV1160,0
TXN07040,CARD09889,C09889,M005,T005,2026-07-19 23:41:00,31720000,SG,DEV0243,0
TXN07041,CARD08711,C08711,M006,T006,2026-07-26 20:28:00,42810000,VN,DEV1227,0
TXN07042,CARD03876,C03876,M005,T005,2026-07-20 16:08:00,15580000,SG,DEV0189,0
TXN07043,CARD07150,C07150,M011,T011,2026-07-18 13:18:00,48550000,VN,DEV0739,0
TXN07044,CARD00190,C00190,M007,T007,2026-07-06 07:39:00,7760000,VN,DEV1811,0
TXN07045,CARD08702,C08702,M006,T006,2026-07-27 03:26:00,2810000,VN,DEV0211,0
TXN07046,CARD08644,C08644,M001,T001,2026-07-01 17:21:00,41700000,VN,DEV1253,0
TXN07047,CARD05307,C05307,M006,T006,2026-07-28 04:08:00,43690000,VN,DEV0545,0
TXN07048,CARD04299,C04299,M006,T006,2026-07-20 13:02:00,3340000,VN,DEV1978,0
TXN07049,CARD05138,C05138,M009,T009,2026-07-22 19:28:00,42750000,VN,DEV0236,0
TXN07050,CARD03677,C03677,M006,T006,2026-07-21 22:21:00,37430000,VN,DEV1899,0
TXN07051,CARD04375,C04375,M002,T002,2026-07-03 17:56:00,1230000,HK,DEV1208,0
TXN07052,CARD07637,C07637,M001,T001,2026-07-22 17:55:00,47440000,VN,DEV1753,0
TXN07053,CARD06261,C06261,M009,T009,2026-07-06 16:21:00,11260000,VN,DEV0480,0
TXN07054,CARD04415,C04415,M005,T005,2026-07-28 14:45:00,34790000,SG,DEV1023,0
TXN07055,CARD04684,C04684,M012,T012,2026-07-21 10:48:00,29680000,VN,DEV0236,0
TXN07056,CARD05213,C05213,M012,T012,2026-07-10 03:59:00,35920000,VN,DEV0620,0
TXN07057,CARD03093,C03093,M002,T002,2026-07-22 20:37:00,11310000,HK,DEV1660,0
TXN07058,CARD08553,C08553,M010,T010,2026-07-06 04:40:00,26720000,VN,DEV0795,0
TXN07059,CARD05591,C05591,M008,T008,2026-07-26 08:32:00,39430000,VN,DEV1501,0
TXN07060,CARD01467,C01467,M003,T003,2026-07-16 09:04:00,24510000,HK,DEV0639,0
TXN07061,CARD08671,C08671,M003,T003,2026-07-28 05:29:00,16010000,SG,DEV0099,0
TXN07062,CARD03781,C03781,M008,T008,2026-07-05 08:27:00,15480000,VN,DEV0468,0
TXN07063,CARD02060,C02060,M014,T014,2026-07-28 03:05:00,32970000,VN,DEV0925,0
TXN07064,CARD00014,C00014,M014,T014,2026-07-16 19:49:00,16380000,VN,DEV1582,0
TXN07065,CARD07415,C07415,M004,T004,2026-07-01 20:25:00,46100000,US,DEV0513,0
TXN07066,CARD09882,C09882,M010,T010,2026-07-18 19:14:00,3010000,US,NEW_DEVICE,1
TXN07067,CARD09371,C09371,M007,T007,2026-07-15 11:23:00,9320000,VN,DEV0528,0
TXN07068,CARD09825,C09825,M011,T011,2026-07-05 05:01:00,30680000,VN,DEV0498,0
TXN07069,CARD00518,C00518,M003,T003,2026-07-23 23:19:00,20100000,HK,DEV0354,0
TXN07070,CARD03155,C03155,M014,T014,2026-07-12 02:39:00,8450000,VN,DEV1903,0
TXN07071,CARD07524,C07524,M003,T003,2026-07-26 13:49:00,29990000,HK,DEV1160,0
TXN07072,CARD09087,C09087,M002,T002,2026-07-10 22:17:00,29540000,US,DEV1621,0
TXN07073,CARD03540,C03540,M012,T012,2026-07-22 22:44:00,41260000,VN,DEV1641,0
TXN07074,CARD08560,C08560,M003,T003,2026-07-18 12:50:00,12680000,US,DEV0922,0
TXN07075,CARD08835,C08835,M012,T012,2026-07-09 05:42:00,10690000,VN,DEV1536,0
TXN07076,CARD05023,C05023,M001,T001,2026-07-08 19:50:00,2060000,VN,DEV0220,0
TXN07077,CARD02908,C02908,M014,T014,2026-07-10 19:06:00,26220000,VN,DEV0485,0
TXN07078,CARD02541,C02541,M014,T014,2026-07-06 14:27:00,49780000,VN,DEV1250,0
TXN07079,CARD05143,C05143,M005,T005,2026-07-02 01:57:00,32620000,HK,DEV1029,0
TXN07080,CARD09586,C09586,M011,T011,2026-07-05 01:18:00,18790000,VN,DEV0991,0
TXN07081,CARD04981,C04981,M010,T010,2026-07-17 20:22:00,29650000,VN,DEV0883,0
TXN07082,CARD08754,C08754,M013,T013,2026-07-07 16:55:00,46200000,HK,NEW_DEVICE,1
TXN07083,CARD07481,C07481,M008,T008,2026-07-10 12:25:00,5640000,VN,DEV0959,0
TXN07084,CARD04245,C04245,M004,T004,2026-07-14 00:36:00,12410000,HK,DEV0989,0
TXN07085,CARD00431,C00431,M009,T009,2026-07-01 04:40:00,25810000,HK,NEW_DEVICE,1
TXN07086,CARD07888,C07888,M014,T014,2026-07-13 18:04:00,17220000,VN,DEV0248,0
TXN07087,CARD00297,C00297,M008,T008,2026-07-28 01:13:00,21880000,VN,DEV1844,0
TXN07088,CARD05600,C05600,M014,T014,2026-07-08 11:15:00,48730000,VN,DEV0519,0
TXN07089,CARD00184,C00184,M010,T010,2026-07-05 01:59:00,36680000,VN,DEV0146,0
TXN07090,CARD04259,C04259,M014,T014,2026-07-16 07:33:00,1140000,VN,DEV1245,0
TXN07091,CARD06911,C06911,M011,T011,2026-07-10 15:59:00,9580000,VN,DEV0103,0
TXN07092,CARD06494,C06494,M002,T002,2026-07-13 01:21:00,12650000,HK,DEV0402,0
TXN07093,CARD05017,C05017,M004,T004,2026-07-14 05:43:00,46550000,HK,DEV0173,0
TXN07094,CARD01549,C01549,M011,T011,2026-07-24 14:28:00,25300000,VN,DEV1145,0
TXN07095,CARD00586,C00586,M001,T001,2026-07-08 04:32:00,40150000,VN,DEV0137,0
TXN07096,CARD02807,C02807,M011,T011,2026-07-27 11:44:00,28600000,SG,NEW_DEVICE,1
TXN07097,CARD06611,C06611,M010,T010,2026-07-12 08:50:00,49600000,VN,DEV1017,0
TXN07098,CARD04611,C04611,M001,T001,2026-07-04 14:53:00,41490000,VN,DEV0578,0
TXN07099,CARD00206,C00206,M004,T004,2026-07-14 20:56:00,25270000,HK,DEV0495,0
TXN07100,CARD03461,C03461,M013,T013,2026-07-11 10:29:00,27490000,VN,DEV0502,0
TXN07101,CARD01829,C01829,M010,T010,2026-07-28 02:58:00,37150000,VN,DEV1030,0
TXN07102,CARD08586,C08586,M001,T001,2026-07-17 14:34:00,24030000,VN,DEV1998,0
TXN07103,CARD08928,C08928,M007,T007,2026-07-19 01:44:00,25820000,VN,DEV1533,0
TXN07104,CARD05900,C05900,M008,T008,2026-07-27 04:24:00,14290000,VN,DEV0736,0
TXN07105,CARD06491,C06491,M006,T006,2026-07-15 15:37:00,6010000,VN,DEV1893,0
TXN07106,CARD00754,C00754,M009,T009,2026-07-10 09:21:00,20240000,VN,DEV1792,0
TXN07107,CARD02397,C02397,M004,T004,2026-07-16 21:04:00,46830000,SG,DEV1529,0
TXN07108,CARD06483,C06483,M013,T013,2026-07-18 20:29:00,8180000,VN,DEV0086,0
TXN07109,CARD07158,C07158,M006,T006,2026-07-14 17:01:00,30670000,VN,DEV1438,0
TXN07110,CARD07150,C07150,M014,T014,2026-07-27 20:28:00,20790000,VN,DEV0409,0
TXN07111,CARD06111,C06111,M008,T008,2026-07-23 17:42:00,28960000,VN,DEV0764,0
TXN07112,CARD06726,C06726,M014,T014,2026-07-08 11:56:00,31130000,VN,DEV0951,0
TXN07113,CARD05287,C05287,M010,T010,2026-07-23 02:44:00,38210000,VN,DEV0110,0
TXN07114,CARD01785,C01785,M006,T006,2026-07-22 16:17:00,12260000,VN,DEV0318,0
TXN07115,CARD05825,C05825,M005,T005,2026-07-17 15:02:00,10370000,SG,DEV1405,0
TXN07116,CARD04199,C04199,M002,T002,2026-07-06 00:21:00,32900000,US,DEV0322,0
TXN07117,CARD02020,C02020,M014,T014,2026-07-12 08:34:00,38320000,VN,DEV1395,0
TXN07118,CARD00774,C00774,M001,T001,2026-07-27 12:14:00,27330000,VN,DEV1619,0
TXN07119,CARD07131,C07131,M013,T013,2026-07-07 14:51:00,5790000,VN,DEV0322,0
TXN07120,CARD01822,C01822,M005,T005,2026-07-20 05:13:00,32550000,US,DEV0644,0
TXN07121,CARD08070,C08070,M013,T013,2026-07-11 11:44:00,45560000,VN,DEV1508,0
TXN07122,CARD00495,C00495,M012,T012,2026-07-18 05:26:00,28360000,VN,DEV0787,0
TXN07123,CARD06246,C06246,M014,T014,2026-07-08 17:49:00,17590000,VN,DEV0519,0
TXN07124,CARD05332,C05332,M004,T004,2026-07-14 19:15:00,8430000,HK,DEV1597,0
TXN07125,CARD04999,C04999,M008,T008,2026-07-28 01:43:00,22390000,VN,DEV1583,0
TXN07126,CARD06615,C06615,M009,T009,2026-07-09 16:09:00,10420000,VN,DEV1245,0
TXN07127,CARD01772,C01772,M004,T004,2026-07-09 22:06:00,23080000,SG,DEV1207,0
TXN07128,CARD07130,C07130,M013,T013,2026-07-05 15:10:00,6490000,VN,DEV0683,0
TXN07129,CARD07017,C07017,M011,T011,2026-07-10 16:53:00,80000,VN,DEV1017,0
TXN07130,CARD08565,C08565,M013,T013,2026-07-07 19:21:00,9270000,VN,DEV1424,0
TXN07131,CARD08309,C08309,M001,T001,2026-07-13 18:54:00,26620000,SG,NEW_DEVICE,1
TXN07132,CARD04255,C04255,M008,T008,2026-07-19 04:53:00,15090000,VN,DEV1878,0
TXN07133,CARD01003,C01003,M005,T005,2026-07-06 16:21:00,32560000,SG,DEV1476,0
TXN07134,CARD01390,C01390,M014,T014,2026-07-10 19:28:00,32900000,VN,DEV0280,0
TXN07135,CARD09147,C09147,M010,T010,2026-07-03 04:40:00,31330000,VN,DEV0568,0
TXN07136,CARD03256,C03256,M006,T006,2026-07-15 00:42:00,30970000,VN,DEV0669,0
TXN07137,CARD08051,C08051,M002,T002,2026-07-17 03:35:00,22500000,HK,DEV1532,0
TXN07138,CARD05509,C05509,M010,T010,2026-07-14 02:23:00,5610000,VN,DEV1669,0
TXN07139,CARD00079,C00079,M010,T010,2026-07-18 16:40:00,2370000,VN,DEV1967,0
TXN07140,CARD01143,C01143,M009,T009,2026-07-03 23:34:00,24360000,VN,DEV1268,0
TXN07141,CARD08835,C08835,M014,T014,2026-07-05 03:08:00,31720000,VN,DEV1931,0
TXN07142,CARD09830,C09830,M010,T010,2026-07-08 02:13:00,27510000,VN,DEV0664,0
TXN07143,CARD06171,C06171,M007,T007,2026-07-16 19:07:00,12480000,VN,DEV0676,0
TXN07144,CARD00485,C00485,M014,T014,2026-07-11 01:35:00,8890000,VN,DEV0742,0
TXN07145,CARD08241,C08241,M008,T008,2026-07-20 07:55:00,41250000,VN,DEV1564,0
TXN07146,CARD05116,C05116,M004,T004,2026-07-08 08:45:00,7830000,SG,DEV0551,0
TXN07147,CARD01652,C01652,M012,T012,2026-07-17 17:37:00,10590000,VN,DEV1193,0
TXN07148,CARD09795,C09795,M013,T013,2026-07-07 11:14:00,37880000,VN,DEV1715,0
TXN07149,CARD03705,C03705,M013,T013,2026-07-05 10:02:00,25930000,VN,DEV0167,0
TXN07150,CARD09355,C09355,M001,T001,2026-07-09 05:37:00,21600000,NG,NEW_DEVICE,1
TXN07151,CARD04298,C04298,M013,T013,2026-07-14 01:56:00,36760000,VN,DEV0861,0
TXN07152,CARD00162,C00162,M006,T006,2026-07-18 04:31:00,21470000,VN,DEV1809,0
TXN07153,CARD01062,C01062,M010,T010,2026-07-11 23:57:00,34480000,VN,DEV0093,0
TXN07154,CARD01305,C01305,M011,T011,2026-07-17 01:34:00,49940000,VN,DEV1222,0
TXN07155,CARD08209,C08209,M014,T014,2026-07-12 17:14:00,2760000,VN,DEV1871,0
TXN07156,CARD06843,C06843,M014,T014,2026-07-02 20:45:00,6450000,VN,DEV0073,0
TXN07157,CARD04142,C04142,M002,T002,2026-07-25 19:01:00,1870000,HK,DEV0386,0
TXN07158,CARD08944,C08944,M002,T002,2026-07-23 10:35:00,25410000,US,DEV0913,0
TXN07159,CARD08700,C08700,M004,T004,2026-07-18 18:54:00,47090000,US,DEV1888,0
TXN07160,CARD05026,C05026,M006,T006,2026-07-01 07:10:00,44360000,VN,DEV1709,0
TXN07161,CARD00876,C00876,M001,T001,2026-07-23 02:05:00,3970000,VN,DEV0542,0
TXN07162,CARD00478,C00478,M011,T011,2026-07-18 09:24:00,24250000,VN,DEV0101,0
TXN07163,CARD04128,C04128,M001,T001,2026-07-11 05:13:00,35090000,VN,DEV1395,0
TXN07164,CARD08465,C08465,M003,T003,2026-07-11 09:44:00,25650000,SG,DEV1773,0
TXN07165,CARD04071,C04071,M009,T009,2026-07-19 09:53:00,46550000,VN,DEV1172,0
TXN07166,CARD08527,C08527,M010,T010,2026-07-17 04:33:00,4450000,VN,DEV1956,0
TXN07167,CARD00684,C00684,M003,T003,2026-07-14 02:19:00,46950000,SG,DEV1499,0
TXN07168,CARD08386,C08386,M007,T007,2026-07-14 15:04:00,49870000,VN,DEV1271,0
TXN07169,CARD00138,C00138,M006,T006,2026-07-20 00:09:00,38330000,VN,DEV1084,0
TXN07170,CARD00898,C00898,M009,T009,2026-07-25 09:07:00,24890000,VN,DEV1006,0
TXN07171,CARD09032,C09032,M005,T005,2026-07-24 14:32:00,46200000,HK,DEV1246,0
TXN07172,CARD00186,C00186,M014,T014,2026-07-05 16:33:00,31410000,VN,DEV1435,0
TXN07173,CARD06934,C06934,M002,T002,2026-07-12 13:35:00,40540000,US,DEV1658,0
TXN07174,CARD02571,C02571,M010,T010,2026-07-28 03:16:00,40120000,VN,DEV0320,0
TXN07175,CARD02816,C02816,M013,T013,2026-07-01 14:34:00,26350000,VN,DEV0454,0
TXN07176,CARD01484,C01484,M013,T013,2026-07-26 08:47:00,37120000,VN,DEV1667,0
TXN07177,CARD05658,C05658,M013,T013,2026-07-28 17:17:00,7150000,VN,DEV0897,0
TXN07178,CARD07612,C07612,M001,T001,2026-07-27 11:32:00,17600000,VN,DEV0756,0
TXN07179,CARD05095,C05095,M007,T007,2026-07-01 05:58:00,3930000,VN,DEV0044,0
TXN07180,CARD08732,C08732,M012,T012,2026-07-25 22:19:00,10050000,VN,NEW_DEVICE,1
TXN07181,CARD04134,C04134,M013,T013,2026-07-03 01:52:00,2250000,VN,DEV1831,0
TXN07182,CARD00865,C00865,M012,T012,2026-07-22 11:54:00,30500000,VN,DEV1292,0
TXN07183,CARD09494,C09494,M006,T006,2026-07-07 01:02:00,26670000,VN,DEV1955,0
TXN07184,CARD00117,C00117,M010,T010,2026-07-13 09:43:00,9460000,VN,DEV0482,0
TXN07185,CARD05081,C05081,M003,T003,2026-07-03 05:55:00,36470000,US,DEV0960,0
TXN07186,CARD06204,C06204,M003,T003,2026-07-20 10:49:00,8510000,US,DEV1617,0
TXN07187,CARD01982,C01982,M012,T012,2026-07-13 02:58:00,21440000,VN,DEV1863,0
TXN07188,CARD00224,C00224,M009,T009,2026-07-23 09:19:00,49560000,VN,DEV0083,0
TXN07189,CARD06525,C06525,M009,T009,2026-07-23 05:19:00,47350000,VN,DEV1447,0
TXN07190,CARD04840,C04840,M006,T006,2026-07-02 16:15:00,32120000,VN,DEV1777,0
TXN07191,CARD07083,C07083,M006,T006,2026-07-15 23:23:00,31680000,VN,DEV1105,0
TXN07192,CARD08325,C08325,M012,T012,2026-07-03 15:16:00,1090000,VN,DEV0141,0
TXN07193,CARD03353,C03353,M007,T007,2026-07-18 17:25:00,16300000,VN,DEV1837,0
TXN07194,CARD09238,C09238,M008,T008,2026-07-06 20:03:00,33230000,VN,DEV1165,0
TXN07195,CARD01807,C01807,M013,T013,2026-07-23 01:01:00,24750000,VN,DEV0531,0
TXN07196,CARD07569,C07569,M001,T001,2026-07-14 03:37:00,10080000,VN,DEV0124,0
TXN07197,CARD04019,C04019,M002,T002,2026-07-11 09:51:00,6630000,HK,DEV1633,0
TXN07198,CARD00117,C00117,M005,T005,2026-07-21 22:01:00,39800000,HK,DEV0048,0
TXN07199,CARD09489,C09489,M006,T006,2026-07-15 17:00:00,14410000,VN,DEV1606,0
TXN07200,CARD08632,C08632,M006,T006,2026-07-14 15:42:00,2140000,VN,DEV1196,0
TXN07201,CARD02670,C02670,M001,T001,2026-07-06 18:21:00,130000,VN,DEV0505,0
TXN07202,CARD01311,C01311,M006,T006,2026-07-23 21:46:00,28420000,VN,DEV0515,0
TXN07203,CARD00853,C00853,M001,T001,2026-07-08 17:38:00,6700000,VN,DEV0015,0
TXN07204,CARD02713,C02713,M013,T013,2026-07-24 20:42:00,14600000,VN,DEV1198,0
TXN07205,CARD02902,C02902,M007,T007,2026-07-21 11:25:00,23280000,VN,DEV0124,0
TXN07206,CARD06232,C06232,M009,T009,2026-07-24 13:01:00,29580000,VN,DEV0997,0
TXN07207,CARD00861,C00861,M004,T004,2026-07-05 23:04:00,20580000,HK,DEV1863,0
TXN07208,CARD05302,C05302,M009,T009,2026-07-13 23:20:00,6900000,VN,DEV1654,0
TXN07209,CARD00288,C00288,M001,T001,2026-07-14 01:11:00,39030000,VN,DEV0247,0
TXN07210,CARD01646,C01646,M002,T002,2026-07-08 01:10:00,48860000,HK,DEV1347,0
TXN07211,CARD06087,C06087,M007,T007,2026-07-03 14:55:00,8570000,VN,DEV0540,0
TXN07212,CARD04641,C04641,M002,T002,2026-07-10 11:18:00,990000,US,NEW_DEVICE,1
TXN07213,CARD05515,C05515,M011,T011,2026-07-21 17:53:00,35930000,VN,DEV0349,0
TXN07214,CARD06515,C06515,M012,T012,2026-07-01 22:10:00,4150000,VN,DEV0304,0
TXN07215,CARD01664,C01664,M012,T012,2026-07-18 02:48:00,8850000,VN,DEV0865,0
TXN07216,CARD07638,C07638,M004,T004,2026-07-02 17:14:00,28210000,SG,DEV0493,0
TXN07217,CARD02460,C02460,M005,T005,2026-07-03 01:22:00,3200000,HK,DEV0703,0
TXN07218,CARD08240,C08240,M014,T014,2026-07-17 06:27:00,29360000,VN,DEV1210,0
TXN07219,CARD09302,C09302,M008,T008,2026-07-15 20:57:00,44040000,VN,DEV1875,0
TXN07220,CARD01676,C01676,M003,T003,2026-07-04 16:18:00,16180000,HK,DEV1110,0
TXN07221,CARD05989,C05989,M007,T007,2026-07-24 23:14:00,31150000,VN,DEV1899,0
TXN07222,CARD01789,C01789,M001,T001,2026-07-11 10:57:00,15460000,VN,DEV1554,0
TXN07223,CARD01039,C01039,M006,T006,2026-07-24 12:24:00,35200000,VN,DEV0324,0
TXN07224,CARD05874,C05874,M009,T009,2026-07-27 03:43:00,18530000,VN,DEV1428,0
TXN07225,CARD00044,C00044,M010,T010,2026-07-04 04:56:00,5870000,VN,DEV0610,0
TXN07226,CARD09773,C09773,M013,T013,2026-07-27 13:27:00,16470000,VN,DEV0877,0
TXN07227,CARD00584,C00584,M010,T010,2026-07-04 10:14:00,12380000,VN,DEV0693,0
TXN07228,CARD05742,C05742,M010,T010,2026-07-17 01:53:00,10800000,VN,DEV0210,0
TXN07229,CARD05592,C05592,M005,T005,2026-07-08 02:40:00,36220000,US,DEV0074,0
TXN07230,CARD06787,C06787,M003,T003,2026-07-15 19:52:00,48150000,HK,DEV0742,0
TXN07231,CARD04936,C04936,M008,T008,2026-07-10 02:14:00,23690000,VN,DEV0653,0
TXN07232,CARD06661,C06661,M004,T004,2026-07-15 22:02:00,45490000,US,DEV0640,0
TXN07233,CARD02093,C02093,M011,T011,2026-07-19 23:04:00,16900000,VN,DEV1842,0
TXN07234,CARD07420,C07420,M010,T010,2026-07-19 22:13:00,42240000,NG,NEW_DEVICE,1
TXN07235,CARD08135,C08135,M012,T012,2026-07-11 03:23:00,21780000,VN,DEV0048,0
TXN07236,CARD07865,C07865,M014,T014,2026-07-09 00:01:00,26080000,VN,DEV1267,0
TXN07237,CARD05323,C05323,M006,T006,2026-07-15 21:45:00,3190000,VN,DEV0379,0
TXN07238,CARD03242,C03242,M011,T011,2026-07-18 13:47:00,5110000,VN,DEV0496,0
TXN07239,CARD08227,C08227,M012,T012,2026-07-24 21:52:00,41050000,VN,DEV0416,0
TXN07240,CARD01086,C01086,M003,T003,2026-07-14 06:43:00,7930000,US,DEV0466,0
TXN07241,CARD04148,C04148,M008,T008,2026-07-15 06:59:00,43910000,VN,DEV0788,0
TXN07242,CARD08324,C08324,M001,T001,2026-07-27 20:31:00,35770000,VN,DEV0140,0
TXN07243,CARD04931,C04931,M011,T011,2026-07-14 07:53:00,7350000,VN,DEV0780,0
TXN07244,CARD05642,C05642,M013,T013,2026-07-25 07:30:00,20180000,VN,DEV0372,0
TXN07245,CARD09042,C09042,M002,T002,2026-07-13 07:38:00,29680000,SG,DEV0258,0
TXN07246,CARD03804,C03804,M012,T012,2026-07-02 15:11:00,35120000,VN,DEV0878,0
TXN07247,CARD03623,C03623,M014,T014,2026-07-01 00:32:00,40570000,VN,DEV1517,0
TXN07248,CARD06632,C06632,M008,T008,2026-07-19 06:00:00,38010000,VN,DEV0254,0
TXN07249,CARD01409,C01409,M009,T009,2026-07-23 02:33:00,14220000,VN,DEV1652,0
TXN07250,CARD09720,C09720,M005,T005,2026-07-07 22:24:00,15960000,SG,DEV0400,0
TXN07251,CARD06747,C06747,M011,T011,2026-07-23 06:37:00,18240000,VN,DEV1125,0
TXN07252,CARD03296,C03296,M010,T010,2026-07-01 17:43:00,26550000,VN,DEV1965,0
TXN07253,CARD05074,C05074,M005,T005,2026-07-03 16:20:00,4770000,SG,DEV0470,0
TXN07254,CARD06913,C06913,M005,T005,2026-07-07 00:40:00,46640000,SG,DEV0926,0
TXN07255,CARD01181,C01181,M004,T004,2026-07-03 09:36:00,5820000,SG,DEV1224,0
TXN07256,CARD09030,C09030,M007,T007,2026-07-22 16:36:00,7920000,VN,DEV1643,0
TXN07257,CARD03526,C03526,M013,T013,2026-07-11 02:44:00,35940000,VN,DEV1759,0
TXN07258,CARD07441,C07441,M011,T011,2026-07-22 17:59:00,27710000,VN,DEV0117,0
TXN07259,CARD04223,C04223,M005,T005,2026-07-13 05:08:00,4760000,SG,DEV1437,0
TXN07260,CARD05852,C05852,M009,T009,2026-07-19 02:13:00,1860000,VN,DEV1249,0
TXN07261,CARD01561,C01561,M011,T011,2026-07-21 22:30:00,23760000,VN,DEV1753,0
TXN07262,CARD06502,C06502,M004,T004,2026-07-11 06:38:00,20500000,SG,DEV1595,0
TXN07263,CARD09646,C09646,M001,T001,2026-07-12 23:35:00,28460000,VN,DEV0721,0
TXN07264,CARD08539,C08539,M003,T003,2026-07-12 17:19:00,16570000,US,DEV1690,0
TXN07265,CARD05077,C05077,M013,T013,2026-07-15 11:32:00,4060000,VN,DEV1363,0
TXN07266,CARD00199,C00199,M006,T006,2026-07-04 12:02:00,4510000,VN,DEV1919,0
TXN07267,CARD08334,C08334,M005,T005,2026-07-16 12:33:00,39060000,SG,DEV0265,0
TXN07268,CARD02643,C02643,M010,T010,2026-07-02 15:00:00,8530000,VN,DEV1414,0
TXN07269,CARD08902,C08902,M003,T003,2026-07-13 02:38:00,23070000,HK,DEV1087,0
TXN07270,CARD02847,C02847,M003,T003,2026-07-12 09:46:00,37330000,HK,DEV0033,0
TXN07271,CARD08229,C08229,M012,T012,2026-07-21 17:25:00,3490000,VN,DEV1938,0
TXN07272,CARD06800,C06800,M007,T007,2026-07-05 11:03:00,36740000,VN,DEV1579,0
TXN07273,CARD09966,C09966,M006,T006,2026-07-04 10:58:00,26800000,VN,DEV1735,0
TXN07274,CARD09447,C09447,M009,T009,2026-07-15 16:41:00,37750000,VN,DEV0136,0
TXN07275,CARD05253,C05253,M005,T005,2026-07-24 04:57:00,25860000,SG,DEV0165,0
TXN07276,CARD06145,C06145,M014,T014,2026-07-03 22:38:00,38590000,VN,DEV1922,0
TXN07277,CARD00789,C00789,M002,T002,2026-07-05 18:22:00,45170000,HK,DEV0356,0
TXN07278,CARD05430,C05430,M006,T006,2026-07-16 23:30:00,700000,VN,DEV0040,0
TXN07279,CARD08698,C08698,M010,T010,2026-07-21 22:22:00,23930000,VN,DEV1541,0
TXN07280,CARD08255,C08255,M012,T012,2026-07-17 12:45:00,39690000,VN,DEV0320,0
TXN07281,CARD02025,C02025,M014,T014,2026-07-06 07:39:00,40130000,VN,DEV1034,0
TXN07282,CARD04062,C04062,M001,T001,2026-07-08 02:53:00,36790000,VN,DEV1089,0
TXN07283,CARD03972,C03972,M001,T001,2026-07-03 13:08:00,21810000,VN,DEV1431,0
TXN07284,CARD06182,C06182,M007,T007,2026-07-04 02:51:00,36460000,VN,DEV1870,0
TXN07285,CARD00407,C00407,M011,T011,2026-07-10 13:16:00,10790000,VN,DEV1552,0
TXN07286,CARD09936,C09936,M012,T012,2026-07-23 03:44:00,43960000,VN,DEV1070,0
TXN07287,CARD02822,C02822,M009,T009,2026-07-04 13:17:00,14520000,VN,DEV0866,0
TXN07288,CARD05279,C05279,M008,T008,2026-07-18 10:37:00,5200000,VN,DEV1279,0
TXN07289,CARD06860,C06860,M005,T005,2026-07-23 21:46:00,16440000,SG,DEV1697,0
TXN07290,CARD05211,C05211,M002,T002,2026-07-22 09:44:00,10720000,HK,DEV1982,0
TXN07291,CARD03401,C03401,M013,T013,2026-07-06 10:09:00,47270000,VN,DEV0944,0
TXN07292,CARD04369,C04369,M011,T011,2026-07-19 07:53:00,11420000,VN,DEV1866,0
TXN07293,CARD08236,C08236,M010,T010,2026-07-26 16:03:00,41510000,VN,DEV1551,0
TXN07294,CARD07465,C07465,M002,T002,2026-07-18 20:40:00,38060000,HK,DEV0180,0
TXN07295,CARD03857,C03857,M011,T011,2026-07-07 00:43:00,3200000,VN,DEV1865,0
TXN07296,CARD09211,C09211,M005,T005,2026-07-10 16:38:00,34580000,US,DEV1118,0
TXN07297,CARD03680,C03680,M008,T008,2026-07-07 05:19:00,38270000,VN,DEV0354,0
TXN07298,CARD05606,C05606,M013,T013,2026-07-07 10:23:00,11700000,US,NEW_DEVICE,1
TXN07299,CARD06139,C06139,M011,T011,2026-07-15 15:21:00,40500000,VN,DEV0647,0
TXN07300,CARD02408,C02408,M014,T014,2026-07-12 13:14:00,30260000,VN,NEW_DEVICE,1
TXN07301,CARD03210,C03210,M002,T002,2026-07-18 16:25:00,4340000,SG,DEV0652,0
TXN07302,CARD06468,C06468,M011,T011,2026-07-03 19:29:00,30750000,VN,DEV1807,0
TXN07303,CARD07791,C07791,M003,T003,2026-07-10 22:13:00,2530000,HK,DEV0411,0
TXN07304,CARD01376,C01376,M005,T005,2026-07-23 21:44:00,32480000,US,DEV1173,0
TXN07305,CARD08523,C08523,M011,T011,2026-07-18 13:51:00,5030000,VN,DEV0054,0
TXN07306,CARD01670,C01670,M008,T008,2026-07-06 12:55:00,10840000,HK,NEW_DEVICE,1
TXN07307,CARD04117,C04117,M003,T003,2026-07-03 18:28:00,810000,SG,DEV1776,0
TXN07308,CARD01808,C01808,M006,T006,2026-07-21 02:24:00,36030000,VN,DEV0259,0
TXN07309,CARD04099,C04099,M014,T014,2026-07-24 14:54:00,9300000,VN,DEV1175,0
TXN07310,CARD06746,C06746,M005,T005,2026-07-05 09:54:00,5500000,US,NEW_DEVICE,1
TXN07311,CARD04217,C04217,M002,T002,2026-07-23 19:09:00,9390000,US,DEV1000,0
TXN07312,CARD06522,C06522,M008,T008,2026-07-26 07:22:00,27740000,VN,DEV1280,0
TXN07313,CARD01530,C01530,M006,T006,2026-07-24 02:28:00,37850000,VN,DEV1031,0
TXN07314,CARD07791,C07791,M008,T008,2026-07-26 10:23:00,19400000,VN,DEV0016,0
TXN07315,CARD02874,C02874,M005,T005,2026-07-17 09:35:00,550000,US,DEV0619,0
TXN07316,CARD02025,C02025,M010,T010,2026-07-25 18:24:00,42370000,VN,DEV0700,0
TXN07317,CARD07581,C07581,M014,T014,2026-07-09 04:25:00,9940000,VN,DEV0375,0
TXN07318,CARD00719,C00719,M014,T014,2026-07-07 03:20:00,25250000,VN,DEV0678,0
TXN07319,CARD05576,C05576,M006,T006,2026-07-02 00:47:00,43620000,VN,DEV1431,0
TXN07320,CARD03077,C03077,M008,T008,2026-07-19 03:15:00,16370000,VN,DEV1046,0
TXN07321,CARD03908,C03908,M002,T002,2026-07-01 08:45:00,44170000,HK,DEV0528,0
TXN07322,CARD02187,C02187,M010,T010,2026-07-09 17:27:00,37750000,VN,DEV0147,0
TXN07323,CARD08573,C08573,M013,T013,2026-07-19 08:55:00,44340000,VN,DEV0138,0
TXN07324,CARD00322,C00322,M004,T004,2026-07-13 07:15:00,34600000,HK,DEV0400,0
TXN07325,CARD09036,C09036,M003,T003,2026-07-10 23:01:00,38200000,SG,DEV0832,0
TXN07326,CARD06949,C06949,M002,T002,2026-07-09 18:55:00,5010000,HK,DEV1650,0
TXN07327,CARD07487,C07487,M006,T006,2026-07-09 02:45:00,48460000,VN,DEV1743,0
TXN07328,CARD04112,C04112,M003,T003,2026-07-26 16:28:00,1240000,SG,DEV1129,0
TXN07329,CARD09570,C09570,M009,T009,2026-07-28 08:30:00,36090000,VN,DEV1513,0
TXN07330,CARD09036,C09036,M006,T006,2026-07-21 18:59:00,42080000,VN,DEV1041,0
TXN07331,CARD03902,C03902,M001,T001,2026-07-19 01:25:00,36210000,VN,DEV1880,0
TXN07332,CARD01218,C01218,M007,T007,2026-07-28 03:49:00,14500000,VN,DEV0507,0
TXN07333,CARD01385,C01385,M004,T004,2026-07-23 03:17:00,32020000,SG,DEV0729,0
TXN07334,CARD09543,C09543,M007,T007,2026-07-07 17:33:00,38290000,VN,DEV1115,0
TXN07335,CARD02750,C02750,M005,T005,2026-07-25 06:13:00,20390000,HK,DEV1410,0
TXN07336,CARD06953,C06953,M009,T009,2026-07-16 02:30:00,4870000,VN,DEV0662,0
TXN07337,CARD08152,C08152,M011,T011,2026-07-12 05:36:00,22550000,VN,DEV0167,0
TXN07338,CARD02856,C02856,M014,T014,2026-07-10 14:39:00,29010000,VN,DEV1013,0
TXN07339,CARD09068,C09068,M002,T002,2026-07-09 07:31:00,6170000,US,DEV0188,0
TXN07340,CARD08793,C08793,M003,T003,2026-07-26 22:14:00,45640000,US,DEV1976,0
TXN07341,CARD06165,C06165,M013,T013,2026-07-22 06:08:00,42360000,VN,DEV0033,0
TXN07342,CARD04464,C04464,M011,T011,2026-07-10 11:03:00,19680000,VN,DEV1596,0
TXN07343,CARD04840,C04840,M002,T002,2026-07-02 15:13:00,17630000,HK,DEV1656,0
TXN07344,CARD01255,C01255,M001,T001,2026-07-10 18:22:00,15490000,VN,DEV0641,0
TXN07345,CARD00661,C00661,M003,T003,2026-07-22 16:23:00,39600000,HK,DEV1072,0
TXN07346,CARD02669,C02669,M003,T003,2026-07-18 23:25:00,45390000,SG,DEV1099,0
TXN07347,CARD05449,C05449,M005,T005,2026-07-20 09:27:00,8700000,US,DEV0562,0
TXN07348,CARD01794,C01794,M008,T008,2026-07-27 06:08:00,32310000,VN,DEV0415,0
TXN07349,CARD08666,C08666,M007,T007,2026-07-04 13:58:00,22540000,VN,DEV0532,0
TXN07350,CARD04657,C04657,M001,T001,2026-07-23 03:43:00,30220000,VN,DEV0169,0
TXN07351,CARD09508,C09508,M003,T003,2026-07-27 06:27:00,15990000,US,DEV0300,0
TXN07352,CARD01907,C01907,M005,T005,2026-07-04 17:40:00,6760000,HK,DEV0621,0
TXN07353,CARD09508,C09508,M006,T006,2026-07-01 01:02:00,13120000,VN,DEV0155,0
TXN07354,CARD07668,C07668,M002,T002,2026-07-21 18:10:00,14610000,HK,DEV0971,0
TXN07355,CARD03071,C03071,M014,T014,2026-07-16 05:23:00,43360000,VN,DEV1498,0
TXN07356,CARD02238,C02238,M007,T007,2026-07-16 10:28:00,22170000,VN,DEV0398,0
TXN07357,CARD00963,C00963,M010,T010,2026-07-15 03:05:00,9320000,VN,DEV0200,0
TXN07358,CARD03850,C03850,M009,T009,2026-07-13 00:51:00,38080000,VN,DEV1226,0
TXN07359,CARD00060,C00060,M009,T009,2026-07-26 22:24:00,9570000,VN,DEV1112,0
TXN07360,CARD06582,C06582,M003,T003,2026-07-06 12:16:00,38070000,US,DEV1441,0
TXN07361,CARD00134,C00134,M008,T008,2026-07-11 12:35:00,47370000,VN,DEV0076,0
TXN07362,CARD08365,C08365,M007,T007,2026-07-19 12:39:00,49520000,VN,DEV0953,0
TXN07363,CARD00465,C00465,M007,T007,2026-07-10 14:02:00,14870000,VN,DEV0998,0
TXN07364,CARD09820,C09820,M012,T012,2026-07-03 01:21:00,41760000,VN,DEV1156,0
TXN07365,CARD01035,C01035,M011,T011,2026-07-10 05:31:00,39570000,VN,DEV0155,0
TXN07366,CARD06095,C06095,M013,T013,2026-07-17 07:52:00,35230000,HK,NEW_DEVICE,1
TXN07367,CARD06790,C06790,M006,T006,2026-07-15 04:18:00,36920000,VN,DEV0479,0
TXN07368,CARD02382,C02382,M004,T004,2026-07-10 12:28:00,33000000,HK,DEV0514,0
TXN07369,CARD03002,C03002,M013,T013,2026-07-06 05:56:00,32080000,VN,DEV0370,0
TXN07370,CARD05601,C05601,M014,T014,2026-07-28 12:41:00,44620000,VN,DEV0026,0
TXN07371,CARD03561,C03561,M001,T001,2026-07-26 08:22:00,42280000,VN,DEV0786,0
TXN07372,CARD03384,C03384,M006,T006,2026-07-04 02:30:00,3290000,VN,DEV0957,0
TXN07373,CARD04357,C04357,M004,T004,2026-07-11 02:12:00,2420000,US,DEV1672,0
TXN07374,CARD02931,C02931,M008,T008,2026-07-01 23:07:00,8350000,VN,DEV1601,0
TXN07375,CARD01283,C01283,M014,T014,2026-07-14 15:48:00,33130000,VN,DEV0044,0
TXN07376,CARD04086,C04086,M005,T005,2026-07-04 21:54:00,42710000,HK,DEV0744,0
TXN07377,CARD02601,C02601,M014,T014,2026-07-19 09:50:00,33050000,VN,DEV1821,0
TXN07378,CARD04014,C04014,M013,T013,2026-07-01 19:27:00,16100000,VN,DEV0280,0
TXN07379,CARD06845,C06845,M001,T001,2026-07-12 09:44:00,28170000,VN,DEV0615,0
TXN07380,CARD03637,C03637,M012,T012,2026-07-16 08:40:00,40880000,VN,DEV1663,0
TXN07381,CARD06160,C06160,M006,T006,2026-07-15 08:04:00,16780000,VN,DEV1017,0
TXN07382,CARD00324,C00324,M014,T014,2026-07-20 03:55:00,4990000,VN,DEV0243,0
TXN07383,CARD00418,C00418,M007,T007,2026-07-04 00:29:00,40270000,VN,DEV1972,0
TXN07384,CARD01336,C01336,M001,T001,2026-07-25 04:38:00,10910000,VN,DEV0532,0
TXN07385,CARD06664,C06664,M010,T010,2026-07-22 14:41:00,13680000,VN,DEV0379,0
TXN07386,CARD09829,C09829,M004,T004,2026-07-08 06:30:00,10290000,SG,DEV1287,0
TXN07387,CARD08806,C08806,M004,T004,2026-07-18 05:17:00,22060000,HK,DEV1562,0
TXN07388,CARD00649,C00649,M001,T001,2026-07-12 04:58:00,29740000,VN,DEV1355,0
TXN07389,CARD09002,C09002,M010,T010,2026-07-01 19:55:00,26940000,VN,DEV2000,0
TXN07390,CARD00099,C00099,M008,T008,2026-07-12 21:22:00,11860000,VN,DEV1015,0
TXN07391,CARD00278,C00278,M008,T008,2026-07-16 05:25:00,5160000,VN,DEV0632,0
TXN07392,CARD05035,C05035,M014,T014,2026-07-11 19:29:00,8460000,VN,DEV1117,0
TXN07393,CARD07549,C07549,M003,T003,2026-07-17 04:43:00,32220000,US,DEV1457,0
TXN07394,CARD00319,C00319,M001,T001,2026-07-20 19:59:00,10050000,VN,DEV1156,0
TXN07395,CARD01355,C01355,M010,T010,2026-07-21 17:03:00,33540000,VN,DEV1999,0
TXN07396,CARD04639,C04639,M008,T008,2026-07-14 00:13:00,13090000,VN,DEV1253,0
TXN07397,CARD08932,C08932,M010,T010,2026-07-12 23:22:00,3260000,VN,DEV1026,0
TXN07398,CARD01784,C01784,M005,T005,2026-07-09 10:12:00,21910000,US,DEV1009,0
TXN07399,CARD09078,C09078,M012,T012,2026-07-14 01:44:00,39650000,VN,DEV0651,0
TXN07400,CARD08612,C08612,M003,T003,2026-07-18 16:08:00,39540000,US,DEV1682,0
TXN07401,CARD04358,C04358,M012,T012,2026-07-25 06:01:00,26260000,VN,DEV0843,0
TXN07402,CARD05355,C05355,M004,T004,2026-07-09 10:05:00,10470000,HK,DEV0114,0
TXN07403,CARD08934,C08934,M009,T009,2026-07-03 21:03:00,18280000,VN,DEV0885,0
TXN07404,CARD09709,C09709,M009,T009,2026-07-22 17:53:00,46650000,VN,DEV1591,0
TXN07405,CARD08061,C08061,M005,T005,2026-07-22 17:58:00,5380000,HK,DEV0066,0
TXN07406,CARD04790,C04790,M014,T014,2026-07-26 16:22:00,23920000,VN,DEV1099,0
TXN07407,CARD00999,C00999,M009,T009,2026-07-05 13:16:00,40090000,VN,DEV0594,0
TXN07408,CARD07168,C07168,M011,T011,2026-07-28 12:39:00,38990000,VN,DEV0035,0
TXN07409,CARD07751,C07751,M004,T004,2026-07-09 19:41:00,41160000,US,DEV1502,0
TXN07410,CARD01884,C01884,M004,T004,2026-07-17 19:23:00,27700000,HK,DEV0007,0
TXN07411,CARD03657,C03657,M008,T008,2026-07-13 16:36:00,45720000,VN,DEV0595,0
TXN07412,CARD00421,C00421,M013,T013,2026-07-19 07:45:00,5100000,VN,DEV1793,0
TXN07413,CARD08480,C08480,M001,T001,2026-07-13 06:36:00,24880000,VN,DEV1471,0
TXN07414,CARD06099,C06099,M012,T012,2026-07-12 05:28:00,3690000,VN,DEV0654,0
TXN07415,CARD00038,C00038,M014,T014,2026-07-08 01:53:00,46180000,VN,DEV1001,0
TXN07416,CARD04967,C04967,M011,T011,2026-07-24 20:00:00,12410000,VN,DEV1949,0
TXN07417,CARD05905,C05905,M011,T011,2026-07-14 10:20:00,26020000,VN,DEV0939,0
TXN07418,CARD07548,C07548,M002,T002,2026-07-10 23:13:00,45120000,HK,DEV1084,0
TXN07419,CARD05657,C05657,M003,T003,2026-07-07 02:09:00,37530000,US,DEV0110,0
TXN07420,CARD05457,C05457,M004,T004,2026-07-20 10:40:00,9160000,HK,DEV1396,0
TXN07421,CARD04945,C04945,M003,T003,2026-07-06 06:00:00,17740000,SG,DEV0045,0
TXN07422,CARD04993,C04993,M008,T008,2026-07-06 04:35:00,3560000,VN,DEV1422,0
TXN07423,CARD03764,C03764,M014,T014,2026-07-16 17:08:00,3230000,VN,DEV0960,0
TXN07424,CARD07712,C07712,M010,T010,2026-07-21 16:43:00,16390000,VN,DEV0635,0
TXN07425,CARD08773,C08773,M002,T002,2026-07-22 18:59:00,7010000,SG,DEV1018,0
TXN07426,CARD03930,C03930,M014,T014,2026-07-22 14:26:00,24070000,VN,DEV0719,0
TXN07427,CARD05090,C05090,M010,T010,2026-07-27 06:19:00,21820000,VN,DEV0890,0
TXN07428,CARD07717,C07717,M008,T008,2026-07-22 17:15:00,23760000,VN,DEV1165,0
TXN07429,CARD03806,C03806,M005,T005,2026-07-17 21:38:00,21590000,HK,DEV1838,0
TXN07430,CARD06271,C06271,M006,T006,2026-07-18 23:18:00,22800000,VN,DEV0793,0
TXN07431,CARD04037,C04037,M006,T006,2026-07-27 07:29:00,26880000,VN,DEV0127,0
TXN07432,CARD02386,C02386,M004,T004,2026-07-24 22:13:00,37900000,US,DEV0346,0
TXN07433,CARD03011,C03011,M011,T011,2026-07-09 19:58:00,45460000,VN,DEV1442,0
TXN07434,CARD05150,C05150,M006,T006,2026-07-10 05:13:00,5440000,VN,DEV1614,0
TXN07435,CARD01548,C01548,M006,T006,2026-07-09 12:03:00,16450000,NG,NEW_DEVICE,1
TXN07436,CARD03340,C03340,M014,T014,2026-07-27 04:35:00,610000,VN,DEV0196,0
TXN07437,CARD08471,C08471,M011,T011,2026-07-16 22:15:00,4320000,VN,DEV0595,0
TXN07438,CARD02254,C02254,M006,T006,2026-07-01 18:58:00,40490000,VN,DEV0459,0
TXN07439,CARD06671,C06671,M013,T013,2026-07-13 05:12:00,47680000,VN,DEV0650,0
TXN07440,CARD05088,C05088,M004,T004,2026-07-01 20:09:00,41200000,HK,DEV0005,0
TXN07441,CARD08179,C08179,M002,T002,2026-07-28 06:41:00,110000,SG,DEV1728,0
TXN07442,CARD06165,C06165,M014,T014,2026-07-25 01:45:00,21270000,SG,NEW_DEVICE,1
TXN07443,CARD01427,C01427,M004,T004,2026-07-12 14:17:00,46380000,SG,DEV0981,0
TXN07444,CARD01493,C01493,M010,T010,2026-07-21 04:17:00,36140000,VN,DEV0577,0
TXN07445,CARD04389,C04389,M007,T007,2026-07-06 19:09:00,14160000,VN,DEV1667,0
TXN07446,CARD06800,C06800,M012,T012,2026-07-27 09:33:00,13200000,VN,DEV0759,0
TXN07447,CARD01525,C01525,M013,T013,2026-07-24 11:14:00,30910000,VN,DEV0802,0
TXN07448,CARD09258,C09258,M005,T005,2026-07-26 07:36:00,41170000,SG,DEV1583,0
TXN07449,CARD07098,C07098,M002,T002,2026-07-17 20:28:00,10950000,HK,DEV0147,0
TXN07450,CARD01529,C01529,M005,T005,2026-07-02 10:09:00,38530000,SG,DEV1592,0
TXN07451,CARD09020,C09020,M012,T012,2026-07-15 11:52:00,1650000,VN,DEV1917,0
TXN07452,CARD04692,C04692,M011,T011,2026-07-05 15:43:00,35230000,VN,DEV1708,0
TXN07453,CARD03780,C03780,M013,T013,2026-07-20 21:28:00,18640000,VN,DEV1226,0
TXN07454,CARD02650,C02650,M004,T004,2026-07-14 15:41:00,8550000,SG,DEV1620,0
TXN07455,CARD04699,C04699,M010,T010,2026-07-05 07:28:00,27310000,VN,DEV0430,0
TXN07456,CARD09841,C09841,M003,T003,2026-07-28 17:11:00,35930000,VN,NEW_DEVICE,1
TXN07457,CARD04608,C04608,M008,T008,2026-07-06 18:44:00,3430000,VN,DEV0255,0
TXN07458,CARD08331,C08331,M011,T011,2026-07-05 22:00:00,41590000,VN,DEV1051,0
TXN07459,CARD08982,C08982,M012,T012,2026-07-28 15:40:00,25720000,VN,DEV0359,0
TXN07460,CARD09207,C09207,M013,T013,2026-07-14 08:41:00,2940000,VN,DEV1003,0
TXN07461,CARD05605,C05605,M007,T007,2026-07-11 16:31:00,35470000,VN,DEV1056,0
TXN07462,CARD07925,C07925,M012,T012,2026-07-18 05:25:00,8850000,VN,DEV0724,0
TXN07463,CARD08860,C08860,M007,T007,2026-07-24 09:39:00,20520000,VN,DEV0591,0
TXN07464,CARD07027,C07027,M009,T009,2026-07-08 11:59:00,7080000,VN,DEV0183,0
TXN07465,CARD07692,C07692,M007,T007,2026-07-24 09:25:00,20390000,VN,DEV1659,0
TXN07466,CARD06520,C06520,M006,T006,2026-07-07 03:44:00,8450000,VN,DEV0208,0
TXN07467,CARD06595,C06595,M012,T012,2026-07-04 12:37:00,10970000,VN,DEV0605,0
TXN07468,CARD05548,C05548,M007,T007,2026-07-20 06:07:00,38510000,VN,DEV0076,0
TXN07469,CARD01396,C01396,M008,T008,2026-07-17 18:54:00,11770000,VN,DEV1141,0
TXN07470,CARD07198,C07198,M011,T011,2026-07-25 07:00:00,41020000,VN,DEV1369,0
TXN07471,CARD06962,C06962,M001,T001,2026-07-06 05:36:00,14430000,VN,DEV0564,0
TXN07472,CARD05158,C05158,M011,T011,2026-07-19 12:35:00,43310000,VN,DEV1879,0
TXN07473,CARD03298,C03298,M014,T014,2026-07-21 07:00:00,24340000,VN,DEV1012,0
TXN07474,CARD03427,C03427,M007,T007,2026-07-05 17:36:00,25840000,VN,DEV0017,0
TXN07475,CARD08293,C08293,M013,T013,2026-07-20 15:59:00,30820000,VN,DEV0207,0
TXN07476,CARD05031,C05031,M007,T007,2026-07-12 22:24:00,10180000,VN,DEV1291,0
TXN07477,CARD08087,C08087,M012,T012,2026-07-10 00:38:00,28440000,VN,DEV1160,0
TXN07478,CARD09515,C09515,M005,T005,2026-07-07 19:17:00,20570000,SG,DEV0328,0
TXN07479,CARD07139,C07139,M005,T005,2026-07-07 05:07:00,20070000,US,DEV1247,0
TXN07480,CARD09757,C09757,M009,T009,2026-07-19 14:10:00,24200000,VN,DEV0019,0
TXN07481,CARD08765,C08765,M004,T004,2026-07-04 12:07:00,35460000,HK,DEV0104,0
TXN07482,CARD00509,C00509,M008,T008,2026-07-10 18:58:00,15650000,VN,DEV0548,0
TXN07483,CARD01083,C01083,M011,T011,2026-07-02 09:02:00,23820000,VN,DEV0559,0
TXN07484,CARD06912,C06912,M008,T008,2026-07-19 14:06:00,42800000,VN,DEV0362,0
TXN07485,CARD06313,C06313,M004,T004,2026-07-19 15:50:00,14020000,US,DEV1120,0
TXN07486,CARD07213,C07213,M009,T009,2026-07-12 06:41:00,19850000,VN,DEV0837,0
TXN07487,CARD02057,C02057,M007,T007,2026-07-24 23:09:00,21320000,VN,DEV0661,0
TXN07488,CARD09108,C09108,M004,T004,2026-07-15 20:52:00,43170000,SG,DEV1461,0
TXN07489,CARD00795,C00795,M004,T004,2026-07-01 20:00:00,26210000,HK,DEV0076,0
TXN07490,CARD05224,C05224,M014,T014,2026-07-15 23:33:00,40310000,VN,DEV1102,0
TXN07491,CARD03840,C03840,M003,T003,2026-07-01 18:37:00,33850000,SG,DEV1095,0
TXN07492,CARD08273,C08273,M002,T002,2026-07-10 07:34:00,20380000,HK,DEV0564,0
TXN07493,CARD05385,C05385,M010,T010,2026-07-11 05:26:00,34460000,VN,DEV0771,0
TXN07494,CARD04567,C04567,M012,T012,2026-07-15 14:44:00,27500000,VN,DEV0927,0
TXN07495,CARD02427,C02427,M012,T012,2026-07-08 15:46:00,46420000,VN,DEV1994,0
TXN07496,CARD02294,C02294,M005,T005,2026-07-01 15:33:00,42630000,SG,DEV0094,0
TXN07497,CARD01758,C01758,M005,T005,2026-07-23 14:30:00,47140000,US,DEV1574,0
TXN07498,CARD00847,C00847,M006,T006,2026-07-09 16:45:00,33650000,VN,DEV0679,0
TXN07499,CARD07048,C07048,M010,T010,2026-07-28 07:44:00,49190000,VN,DEV1728,0
TXN07500,CARD00568,C00568,M013,T013,2026-07-25 20:05:00,39750000,VN,DEV1419,0
TXN07501,CARD05415,C05415,M001,T001,2026-07-02 10:22:00,25130000,VN,DEV1846,0
TXN07502,CARD06361,C06361,M009,T009,2026-07-18 08:59:00,25950000,VN,DEV1798,0
TXN07503,CARD05515,C05515,M007,T007,2026-07-23 14:22:00,21830000,VN,DEV1355,0
TXN07504,CARD00625,C00625,M012,T012,2026-07-11 19:29:00,13410000,NG,NEW_DEVICE,1
TXN07505,CARD08523,C08523,M007,T007,2026-07-11 04:36:00,37840000,VN,DEV0537,0
TXN07506,CARD06311,C06311,M005,T005,2026-07-21 00:36:00,48270000,SG,DEV0287,0
TXN07507,CARD01712,C01712,M009,T009,2026-07-14 23:21:00,36290000,VN,DEV1646,0
TXN07508,CARD08894,C08894,M006,T006,2026-07-12 00:34:00,32190000,VN,DEV1658,0
TXN07509,CARD00639,C00639,M011,T011,2026-07-27 12:51:00,36220000,VN,DEV1191,0
TXN07510,CARD04841,C04841,M001,T001,2026-07-05 02:34:00,21160000,VN,DEV1269,0
TXN07511,CARD00519,C00519,M011,T011,2026-07-07 17:15:00,44630000,VN,DEV0461,0
TXN07512,CARD01589,C01589,M003,T003,2026-07-19 21:14:00,13590000,US,DEV0235,0
TXN07513,CARD07497,C07497,M005,T005,2026-07-05 15:33:00,44570000,US,DEV0344,0
TXN07514,CARD07370,C07370,M005,T005,2026-07-13 12:57:00,33840000,HK,DEV1375,0
TXN07515,CARD06961,C06961,M010,T010,2026-07-20 10:35:00,15580000,VN,DEV1815,0
TXN07516,CARD09178,C09178,M005,T005,2026-07-27 06:28:00,28520000,US,DEV1401,0
TXN07517,CARD00331,C00331,M006,T006,2026-07-15 06:22:00,49680000,VN,NEW_DEVICE,1
TXN07518,CARD03941,C03941,M009,T009,2026-07-24 21:51:00,47320000,VN,DEV1128,0
TXN07519,CARD02905,C02905,M007,T007,2026-07-04 09:07:00,21960000,VN,DEV0927,0
TXN07520,CARD02183,C02183,M005,T005,2026-07-28 01:23:00,50000000,HK,DEV0701,0
TXN07521,CARD02320,C02320,M001,T001,2026-07-27 05:13:00,27720000,VN,DEV0342,0
TXN07522,CARD01283,C01283,M012,T012,2026-07-13 04:26:00,38110000,VN,DEV0017,0
TXN07523,CARD04373,C04373,M014,T014,2026-07-02 08:03:00,530000,VN,DEV1312,0
TXN07524,CARD00845,C00845,M010,T010,2026-07-22 12:02:00,40570000,VN,DEV1824,0
TXN07525,CARD08119,C08119,M005,T005,2026-07-04 09:02:00,45350000,SG,DEV1857,0
TXN07526,CARD04059,C04059,M012,T012,2026-07-22 06:21:00,28290000,VN,DEV1535,0
TXN07527,CARD04758,C04758,M001,T001,2026-07-23 08:50:00,33710000,VN,DEV0914,0
TXN07528,CARD08167,C08167,M003,T003,2026-07-12 13:12:00,14860000,US,DEV1765,0
TXN07529,CARD00157,C00157,M011,T011,2026-07-06 05:14:00,23760000,VN,DEV1626,0
TXN07530,CARD01771,C01771,M012,T012,2026-07-28 07:06:00,19080000,VN,DEV0804,0
TXN07531,CARD09826,C09826,M006,T006,2026-07-03 22:27:00,14130000,VN,DEV1332,0
TXN07532,CARD01513,C01513,M001,T001,2026-07-21 03:10:00,10260000,VN,DEV0045,0
TXN07533,CARD02736,C02736,M006,T006,2026-07-07 14:24:00,24240000,VN,DEV0791,0
TXN07534,CARD03546,C03546,M005,T005,2026-07-13 05:00:00,570000,SG,DEV1124,0
TXN07535,CARD01658,C01658,M006,T006,2026-07-09 09:41:00,26180000,VN,DEV0014,0
TXN07536,CARD08210,C08210,M001,T001,2026-07-17 13:32:00,9780000,VN,DEV1250,0
TXN07537,CARD09234,C09234,M014,T014,2026-07-17 09:03:00,30640000,VN,DEV0719,0
TXN07538,CARD07074,C07074,M010,T010,2026-07-22 12:43:00,34570000,VN,DEV1429,0
TXN07539,CARD09726,C09726,M006,T006,2026-07-22 21:43:00,41600000,VN,DEV1672,0
TXN07540,CARD05606,C05606,M005,T005,2026-07-16 16:44:00,14850000,US,DEV1048,0
TXN07541,CARD09727,C09727,M004,T004,2026-07-20 20:37:00,29740000,SG,DEV0337,0
TXN07542,CARD06032,C06032,M006,T006,2026-07-24 04:55:00,33080000,VN,DEV1212,0
TXN07543,CARD05109,C05109,M001,T001,2026-07-17 12:36:00,36190000,VN,DEV0661,0
TXN07544,CARD07140,C07140,M001,T001,2026-07-25 09:19:00,3260000,VN,DEV1933,0
TXN07545,CARD02176,C02176,M009,T009,2026-07-18 18:41:00,38990000,VN,DEV0193,0
TXN07546,CARD06890,C06890,M014,T014,2026-07-10 14:12:00,12920000,VN,DEV1191,0
TXN07547,CARD05897,C05897,M013,T013,2026-07-10 14:25:00,44390000,VN,DEV0530,0
TXN07548,CARD00840,C00840,M005,T005,2026-07-02 06:26:00,21280000,HK,DEV1217,0
TXN07549,CARD01367,C01367,M001,T001,2026-07-21 13:37:00,20080000,VN,DEV0932,0
TXN07550,CARD09057,C09057,M006,T006,2026-07-09 07:26:00,3190000,VN,DEV0025,0
TXN07551,CARD00910,C00910,M002,T002,2026-07-12 17:13:00,41960000,SG,DEV0325,0
TXN07552,CARD04676,C04676,M003,T003,2026-07-09 07:32:00,33790000,US,DEV1455,0
TXN07553,CARD01710,C01710,M002,T002,2026-07-20 00:43:00,48170000,SG,DEV0627,0
TXN07554,CARD08767,C08767,M009,T009,2026-07-25 13:08:00,47900000,VN,DEV0945,0
TXN07555,CARD06856,C06856,M008,T008,2026-07-28 06:32:00,13190000,VN,DEV1533,0
TXN07556,CARD09664,C09664,M009,T009,2026-07-21 20:28:00,16660000,VN,DEV0566,0
TXN07557,CARD03025,C03025,M006,T006,2026-07-01 16:37:00,36130000,VN,DEV0162,0
TXN07558,CARD07215,C07215,M003,T003,2026-07-21 13:01:00,4420000,HK,DEV0557,0
TXN07559,CARD07701,C07701,M010,T010,2026-07-11 05:54:00,48600000,VN,DEV1539,0
TXN07560,CARD02808,C02808,M001,T001,2026-07-12 11:28:00,3020000,VN,DEV1170,0
TXN07561,CARD02479,C02479,M008,T008,2026-07-17 08:14:00,25590000,VN,DEV0135,0
TXN07562,CARD08252,C08252,M009,T009,2026-07-01 17:29:00,48290000,VN,DEV0113,0
TXN07563,CARD00714,C00714,M008,T008,2026-07-09 00:20:00,7800000,VN,DEV0650,0
TXN07564,CARD05898,C05898,M003,T003,2026-07-05 06:54:00,37010000,HK,DEV1488,0
TXN07565,CARD09423,C09423,M008,T008,2026-07-16 05:30:00,25560000,VN,DEV0105,0
TXN07566,CARD06980,C06980,M010,T010,2026-07-01 14:01:00,19450000,VN,DEV1034,0
TXN07567,CARD06239,C06239,M006,T006,2026-07-11 12:29:00,43890000,VN,DEV0505,0
TXN07568,CARD01968,C01968,M001,T001,2026-07-26 23:36:00,26510000,VN,DEV1510,0
TXN07569,CARD05757,C05757,M002,T002,2026-07-12 22:58:00,3600000,US,DEV1365,0
TXN07570,CARD02088,C02088,M001,T001,2026-07-08 14:07:00,33450000,VN,DEV1082,0
TXN07571,CARD07407,C07407,M013,T013,2026-07-09 00:58:00,30560000,VN,DEV0018,0
TXN07572,CARD03231,C03231,M014,T014,2026-07-10 03:30:00,6620000,VN,DEV1640,0
TXN07573,CARD03240,C03240,M001,T001,2026-07-15 01:13:00,6310000,VN,DEV0773,0
TXN07574,CARD09140,C09140,M013,T013,2026-07-22 18:34:00,44530000,VN,DEV1800,0
TXN07575,CARD00534,C00534,M009,T009,2026-07-06 08:55:00,27170000,VN,DEV0535,0
TXN07576,CARD07138,C07138,M005,T005,2026-07-09 12:59:00,48450000,HK,DEV0968,0
TXN07577,CARD06863,C06863,M009,T009,2026-07-14 02:58:00,17940000,VN,DEV1939,0
TXN07578,CARD04779,C04779,M007,T007,2026-07-07 10:09:00,22580000,VN,DEV1527,0
TXN07579,CARD01849,C01849,M001,T001,2026-07-10 14:28:00,37120000,VN,DEV1049,0
TXN07580,CARD01553,C01553,M013,T013,2026-07-19 18:12:00,21610000,VN,DEV0183,0
TXN07581,CARD00325,C00325,M003,T003,2026-07-14 00:26:00,23470000,SG,DEV1290,0
TXN07582,CARD08697,C08697,M008,T008,2026-07-20 02:37:00,19710000,VN,DEV1616,0
TXN07583,CARD01157,C01157,M014,T014,2026-07-12 22:25:00,34390000,VN,DEV1139,0
TXN07584,CARD00486,C00486,M010,T010,2026-07-19 06:30:00,46730000,VN,DEV1370,0
TXN07585,CARD09021,C09021,M004,T004,2026-07-07 13:34:00,41170000,SG,DEV1086,0
TXN07586,CARD04280,C04280,M002,T002,2026-07-15 04:44:00,37940000,SG,DEV1531,0
TXN07587,CARD07339,C07339,M001,T001,2026-07-07 01:05:00,6990000,VN,DEV0185,0
TXN07588,CARD03667,C03667,M010,T010,2026-07-20 18:56:00,41340000,VN,DEV0488,0
TXN07589,CARD02948,C02948,M010,T010,2026-07-11 00:13:00,49700000,VN,DEV0556,0
TXN07590,CARD07145,C07145,M011,T011,2026-07-21 08:08:00,21010000,VN,DEV0664,0
TXN07591,CARD06392,C06392,M004,T004,2026-07-08 23:00:00,6640000,HK,DEV1082,0
TXN07592,CARD02498,C02498,M004,T004,2026-07-09 00:36:00,24960000,US,DEV0784,0
TXN07593,CARD04328,C04328,M005,T005,2026-07-26 02:12:00,8580000,SG,DEV0628,0
TXN07594,CARD00790,C00790,M003,T003,2026-07-11 00:10:00,40010000,SG,DEV1360,0
TXN07595,CARD04123,C04123,M009,T009,2026-07-25 04:27:00,44650000,VN,DEV0012,0
TXN07596,CARD08552,C08552,M008,T008,2026-07-23 23:08:00,2650000,VN,DEV0953,0
TXN07597,CARD08771,C08771,M008,T008,2026-07-06 10:23:00,6950000,VN,DEV0672,0
TXN07598,CARD07351,C07351,M004,T004,2026-07-26 20:34:00,17880000,HK,DEV0069,0
TXN07599,CARD05942,C05942,M009,T009,2026-07-24 17:16:00,41870000,VN,DEV0374,0
TXN07600,CARD09025,C09025,M005,T005,2026-07-20 17:02:00,47140000,HK,DEV1848,0
TXN07601,CARD05350,C05350,M008,T008,2026-07-27 07:58:00,16700000,VN,DEV0113,0
TXN07602,CARD08945,C08945,M010,T010,2026-07-27 13:03:00,42670000,VN,DEV1326,0
TXN07603,CARD09249,C09249,M012,T012,2026-07-27 09:56:00,26200000,VN,DEV0112,0
TXN07604,CARD07067,C07067,M012,T012,2026-07-14 01:51:00,5060000,VN,DEV1127,0
TXN07605,CARD01907,C01907,M012,T012,2026-07-05 05:25:00,32800000,VN,DEV1066,0
TXN07606,CARD09831,C09831,M006,T006,2026-07-03 03:07:00,19860000,VN,DEV1568,0
TXN07607,CARD00196,C00196,M006,T006,2026-07-02 04:37:00,27060000,VN,DEV0280,0
TXN07608,CARD06501,C06501,M006,T006,2026-07-13 08:34:00,34660000,VN,DEV1085,0
TXN07609,CARD04991,C04991,M002,T002,2026-07-19 13:35:00,34760000,HK,DEV1823,0
TXN07610,CARD08253,C08253,M007,T007,2026-07-16 16:09:00,13820000,VN,DEV0413,0
TXN07611,CARD01469,C01469,M004,T004,2026-07-18 02:37:00,8690000,US,DEV1280,0
TXN07612,CARD08362,C08362,M006,T006,2026-07-16 07:00:00,32680000,VN,DEV0670,0
TXN07613,CARD09450,C09450,M006,T006,2026-07-03 10:19:00,22360000,VN,NEW_DEVICE,1
TXN07614,CARD06948,C06948,M014,T014,2026-07-05 16:59:00,11210000,VN,DEV0522,0
TXN07615,CARD07498,C07498,M005,T005,2026-07-18 05:43:00,27100000,SG,DEV0419,0
TXN07616,CARD03327,C03327,M008,T008,2026-07-16 10:54:00,2010000,VN,DEV1875,0
TXN07617,CARD03249,C03249,M004,T004,2026-07-02 11:19:00,42330000,HK,DEV1636,0
TXN07618,CARD07067,C07067,M008,T008,2026-07-06 10:06:00,24240000,VN,DEV0562,0
TXN07619,CARD08733,C08733,M010,T010,2026-07-13 05:09:00,30410000,VN,DEV1769,0
TXN07620,CARD02814,C02814,M003,T003,2026-07-23 18:00:00,5140000,SG,NEW_DEVICE,1
TXN07621,CARD06162,C06162,M013,T013,2026-07-19 08:52:00,25140000,VN,DEV0562,0
TXN07622,CARD09277,C09277,M010,T010,2026-07-26 20:42:00,2380000,VN,DEV0089,0
TXN07623,CARD02200,C02200,M001,T001,2026-07-12 02:23:00,37610000,VN,DEV1723,0
TXN07624,CARD01417,C01417,M010,T010,2026-07-27 05:01:00,26120000,VN,DEV1601,0
TXN07625,CARD07083,C07083,M004,T004,2026-07-05 04:12:00,16170000,SG,DEV0840,0
TXN07626,CARD07703,C07703,M013,T013,2026-07-21 11:00:00,29370000,VN,DEV0741,0
TXN07627,CARD03055,C03055,M011,T011,2026-07-15 00:12:00,19000000,VN,DEV0610,0
TXN07628,CARD01827,C01827,M013,T013,2026-07-01 16:55:00,40760000,VN,DEV0179,0
TXN07629,CARD08598,C08598,M006,T006,2026-07-24 01:25:00,7060000,VN,DEV1358,0
TXN07630,CARD09420,C09420,M008,T008,2026-07-05 23:21:00,15420000,VN,DEV0650,0
TXN07631,CARD08501,C08501,M008,T008,2026-07-13 21:07:00,29070000,VN,DEV0040,0
TXN07632,CARD06707,C06707,M014,T014,2026-07-04 23:21:00,38870000,VN,DEV0105,0
TXN07633,CARD03570,C03570,M006,T006,2026-07-03 07:06:00,28660000,VN,DEV1753,0
TXN07634,CARD01409,C01409,M007,T007,2026-07-21 07:19:00,31690000,VN,DEV0939,0
TXN07635,CARD08432,C08432,M001,T001,2026-07-08 08:07:00,3960000,VN,DEV1236,0
TXN07636,CARD02653,C02653,M003,T003,2026-07-20 19:12:00,3980000,HK,DEV0564,0
TXN07637,CARD00937,C00937,M005,T005,2026-07-02 12:36:00,14000000,US,DEV0412,0
TXN07638,CARD07391,C07391,M007,T007,2026-07-19 21:18:00,43900000,VN,DEV1146,0
TXN07639,CARD02062,C02062,M002,T002,2026-07-21 17:27:00,1290000,SG,DEV1286,0
TXN07640,CARD05239,C05239,M010,T010,2026-07-10 23:27:00,11700000,VN,DEV0144,0
TXN07641,CARD09419,C09419,M005,T005,2026-07-06 09:37:00,15450000,SG,DEV0990,0
TXN07642,CARD03383,C03383,M009,T009,2026-07-18 14:20:00,3600000,VN,DEV0014,0
TXN07643,CARD02724,C02724,M008,T008,2026-07-04 11:34:00,45470000,VN,DEV1420,0
TXN07644,CARD01485,C01485,M011,T011,2026-07-17 16:22:00,15980000,VN,DEV1814,0
TXN07645,CARD04734,C04734,M004,T004,2026-07-22 02:57:00,9890000,HK,DEV1338,0
TXN07646,CARD00840,C00840,M008,T008,2026-07-16 17:22:00,14870000,VN,DEV0326,0
TXN07647,CARD07389,C07389,M014,T014,2026-07-06 08:14:00,42540000,VN,DEV1241,0
TXN07648,CARD02749,C02749,M009,T009,2026-07-13 13:16:00,2750000,VN,DEV1855,0
TXN07649,CARD06906,C06906,M011,T011,2026-07-17 02:28:00,6140000,VN,DEV0014,0
TXN07650,CARD04450,C04450,M013,T013,2026-07-26 11:48:00,32850000,VN,DEV0314,0
TXN07651,CARD05356,C05356,M009,T009,2026-07-15 20:27:00,34310000,VN,DEV0541,0
TXN07652,CARD09877,C09877,M006,T006,2026-07-10 12:05:00,37630000,VN,DEV0804,0
TXN07653,CARD09995,C09995,M001,T001,2026-07-07 14:18:00,21920000,VN,DEV0690,0
TXN07654,CARD04085,C04085,M008,T008,2026-07-06 07:29:00,18200000,VN,DEV0853,0
TXN07655,CARD03265,C03265,M013,T013,2026-07-24 21:53:00,3170000,VN,DEV1026,0
TXN07656,CARD05439,C05439,M002,T002,2026-07-04 02:59:00,43920000,SG,DEV0295,0
TXN07657,CARD06247,C06247,M007,T007,2026-07-26 19:46:00,30210000,VN,DEV0624,0
TXN07658,CARD07998,C07998,M011,T011,2026-07-04 09:51:00,41750000,VN,DEV0259,0
TXN07659,CARD09380,C09380,M003,T003,2026-07-01 18:06:00,22330000,SG,DEV0401,0
TXN07660,CARD06148,C06148,M010,T010,2026-07-01 14:12:00,34330000,VN,DEV1264,0
TXN07661,CARD00476,C00476,M011,T011,2026-07-12 11:30:00,5840000,VN,DEV1171,0
TXN07662,CARD03926,C03926,M006,T006,2026-07-20 05:56:00,24330000,VN,DEV0221,0
TXN07663,CARD00924,C00924,M008,T008,2026-07-06 07:38:00,24310000,VN,DEV1585,0
TXN07664,CARD00353,C00353,M003,T003,2026-07-09 05:49:00,27830000,HK,DEV1061,0
TXN07665,CARD02207,C02207,M012,T012,2026-07-20 12:24:00,18110000,VN,DEV1454,0
TXN07666,CARD03793,C03793,M013,T013,2026-07-21 17:47:00,21220000,VN,DEV0071,0
TXN07667,CARD08088,C08088,M001,T001,2026-07-07 02:58:00,21140000,VN,NEW_DEVICE,1
TXN07668,CARD06628,C06628,M011,T011,2026-07-26 10:29:00,19110000,VN,DEV1746,0
TXN07669,CARD03128,C03128,M005,T005,2026-07-27 10:34:00,34420000,HK,DEV1655,0
TXN07670,CARD06030,C06030,M009,T009,2026-07-20 08:39:00,18510000,VN,DEV1703,0
TXN07671,CARD04818,C04818,M013,T013,2026-07-24 15:03:00,34250000,VN,DEV0926,0
TXN07672,CARD02164,C02164,M005,T005,2026-07-03 04:23:00,6360000,US,DEV0419,0
TXN07673,CARD03351,C03351,M003,T003,2026-07-04 02:26:00,38750000,US,DEV0941,0
TXN07674,CARD07691,C07691,M005,T005,2026-07-04 12:08:00,8670000,HK,DEV0322,0
TXN07675,CARD05940,C05940,M001,T001,2026-07-25 05:54:00,41280000,VN,DEV1438,0
TXN07676,CARD09030,C09030,M007,T007,2026-07-16 13:46:00,27690000,VN,DEV1016,0
TXN07677,CARD07285,C07285,M003,T003,2026-07-22 18:56:00,28050000,HK,DEV0606,0
TXN07678,CARD04504,C04504,M008,T008,2026-07-16 02:57:00,34590000,VN,DEV1662,0
TXN07679,CARD07360,C07360,M009,T009,2026-07-14 07:41:00,34020000,VN,DEV1602,0
TXN07680,CARD00579,C00579,M012,T012,2026-07-21 21:30:00,35050000,VN,DEV0902,0
TXN07681,CARD08514,C08514,M005,T005,2026-07-17 14:03:00,41370000,HK,DEV0073,0
TXN07682,CARD02166,C02166,M005,T005,2026-07-16 21:40:00,20520000,HK,DEV0724,0
TXN07683,CARD06422,C06422,M011,T011,2026-07-27 17:39:00,15540000,VN,DEV0361,0
TXN07684,CARD05110,C05110,M008,T008,2026-07-25 21:17:00,680000,VN,DEV0093,0
TXN07685,CARD07022,C07022,M011,T011,2026-07-08 04:50:00,1580000,VN,DEV1934,0
TXN07686,CARD05809,C05809,M006,T006,2026-07-27 22:27:00,30260000,VN,DEV0631,0
TXN07687,CARD05700,C05700,M014,T014,2026-07-17 14:45:00,17570000,VN,DEV1431,0
TXN07688,CARD03910,C03910,M002,T002,2026-07-01 18:34:00,12550000,SG,DEV0297,0
TXN07689,CARD05412,C05412,M006,T006,2026-07-03 08:46:00,25470000,VN,DEV1291,0
TXN07690,CARD00513,C00513,M012,T012,2026-07-24 01:23:00,39350000,VN,DEV0974,0
TXN07691,CARD09066,C09066,M014,T014,2026-07-28 09:16:00,14290000,VN,DEV0919,0
TXN07692,CARD00351,C00351,M006,T006,2026-07-05 06:08:00,8950000,VN,DEV1140,0
TXN07693,CARD08448,C08448,M003,T003,2026-07-24 06:29:00,12590000,HK,DEV0395,0
TXN07694,CARD00817,C00817,M004,T004,2026-07-05 20:24:00,42160000,HK,DEV0091,0
TXN07695,CARD09021,C09021,M003,T003,2026-07-16 08:11:00,39800000,HK,DEV0625,0
TXN07696,CARD07061,C07061,M006,T006,2026-07-15 17:24:00,34710000,VN,DEV1253,0
TXN07697,CARD04016,C04016,M006,T006,2026-07-08 00:12:00,3750000,VN,DEV1258,0
TXN07698,CARD06497,C06497,M009,T009,2026-07-13 07:03:00,11180000,VN,DEV0156,0
TXN07699,CARD08594,C08594,M009,T009,2026-07-15 09:21:00,30400000,VN,DEV0445,0
TXN07700,CARD07224,C07224,M008,T008,2026-07-13 18:58:00,36250000,VN,DEV0608,0
TXN07701,CARD02700,C02700,M002,T002,2026-07-03 17:12:00,26710000,VN,NEW_DEVICE,1
TXN07702,CARD08904,C08904,M013,T013,2026-07-07 01:31:00,28810000,VN,DEV1901,0
TXN07703,CARD09058,C09058,M007,T007,2026-07-28 10:19:00,37300000,VN,DEV0540,0
TXN07704,CARD09375,C09375,M010,T010,2026-07-03 05:59:00,49080000,VN,DEV1269,0
TXN07705,CARD04562,C04562,M013,T013,2026-07-05 02:04:00,5630000,VN,DEV0351,0
TXN07706,CARD04621,C04621,M010,T010,2026-07-27 03:52:00,13440000,VN,DEV1244,0
TXN07707,CARD04098,C04098,M009,T009,2026-07-02 13:19:00,18430000,VN,DEV0367,0
TXN07708,CARD02375,C02375,M010,T010,2026-07-10 07:54:00,8870000,VN,DEV0557,0
TXN07709,CARD04898,C04898,M014,T014,2026-07-02 01:20:00,1620000,VN,DEV0282,0
TXN07710,CARD00421,C00421,M008,T008,2026-07-25 17:55:00,29760000,VN,DEV0055,0
TXN07711,CARD06655,C06655,M007,T007,2026-07-03 22:06:00,31420000,VN,DEV0812,0
TXN07712,CARD08010,C08010,M003,T003,2026-07-18 11:05:00,12520000,SG,DEV0841,0
TXN07713,CARD09930,C09930,M001,T001,2026-07-25 18:40:00,36520000,VN,DEV1015,0
TXN07714,CARD00698,C00698,M008,T008,2026-07-15 17:51:00,15440000,VN,DEV1105,0
TXN07715,CARD01134,C01134,M014,T014,2026-07-20 21:39:00,6730000,VN,DEV0203,0
TXN07716,CARD09080,C09080,M010,T010,2026-07-20 14:17:00,4880000,VN,DEV1804,0
TXN07717,CARD04414,C04414,M002,T002,2026-07-28 11:11:00,29250000,HK,DEV0422,0
TXN07718,CARD05589,C05589,M003,T003,2026-07-05 18:07:00,31270000,HK,DEV0639,0
TXN07719,CARD05689,C05689,M009,T009,2026-07-16 02:56:00,21400000,VN,DEV1374,0
TXN07720,CARD04204,C04204,M005,T005,2026-07-13 09:27:00,32820000,HK,DEV0228,0
TXN07721,CARD05200,C05200,M001,T001,2026-07-20 05:54:00,22990000,VN,DEV0564,0
TXN07722,CARD02656,C02656,M001,T001,2026-07-15 17:20:00,26060000,VN,DEV1917,0
TXN07723,CARD01199,C01199,M006,T006,2026-07-15 10:08:00,22520000,VN,DEV1135,0
TXN07724,CARD09296,C09296,M003,T003,2026-07-19 11:28:00,43610000,SG,DEV0010,0
TXN07725,CARD06389,C06389,M001,T001,2026-07-13 06:33:00,48500000,NG,NEW_DEVICE,1
TXN07726,CARD04805,C04805,M001,T001,2026-07-17 04:45:00,29170000,VN,DEV0383,0
TXN07727,CARD09225,C09225,M012,T012,2026-07-14 22:43:00,16510000,VN,DEV1334,0
TXN07728,CARD02470,C02470,M010,T010,2026-07-17 08:13:00,31720000,VN,DEV0426,0
TXN07729,CARD09549,C09549,M007,T007,2026-07-08 08:53:00,210000,VN,DEV1983,0
TXN07730,CARD09300,C09300,M012,T012,2026-07-23 03:28:00,35520000,VN,DEV0028,0
TXN07731,CARD07624,C07624,M010,T010,2026-07-27 20:48:00,26720000,VN,DEV0752,0
TXN07732,CARD04046,C04046,M009,T009,2026-07-18 09:01:00,44140000,VN,DEV1751,0
TXN07733,CARD00042,C00042,M008,T008,2026-07-18 08:52:00,49910000,VN,DEV0273,0
TXN07734,CARD03536,C03536,M006,T006,2026-07-21 07:52:00,13840000,VN,DEV0467,0
TXN07735,CARD03142,C03142,M006,T006,2026-07-10 10:40:00,48580000,VN,DEV0566,0
TXN07736,CARD05708,C05708,M001,T001,2026-07-05 05:38:00,360000,VN,DEV0775,0
TXN07737,CARD02741,C02741,M010,T010,2026-07-21 18:14:00,45310000,VN,DEV0587,0
TXN07738,CARD03580,C03580,M007,T007,2026-07-24 21:02:00,5440000,VN,DEV1392,0
TXN07739,CARD02200,C02200,M001,T001,2026-07-24 20:38:00,9350000,VN,DEV0461,0
TXN07740,CARD05680,C05680,M002,T002,2026-07-12 15:26:00,22310000,SG,DEV0786,0
TXN07741,CARD08328,C08328,M010,T010,2026-07-08 07:36:00,44720000,VN,DEV1230,0
TXN07742,CARD04036,C04036,M003,T003,2026-07-28 02:10:00,22380000,US,DEV0447,0
TXN07743,CARD06508,C06508,M002,T002,2026-07-22 21:45:00,28060000,SG,DEV0101,0
TXN07744,CARD01118,C01118,M006,T006,2026-07-08 15:29:00,3120000,VN,DEV1279,0
TXN07745,CARD03345,C03345,M013,T013,2026-07-21 13:07:00,42530000,VN,DEV1493,0
TXN07746,CARD01031,C01031,M010,T010,2026-07-20 14:04:00,38630000,VN,DEV1723,0
TXN07747,CARD06725,C06725,M008,T008,2026-07-06 10:17:00,49820000,VN,DEV1306,0
TXN07748,CARD00482,C00482,M012,T012,2026-07-08 12:14:00,19770000,VN,DEV1233,0
TXN07749,CARD00715,C00715,M011,T011,2026-07-23 00:28:00,47350000,VN,DEV1728,0
TXN07750,CARD08215,C08215,M001,T001,2026-07-23 22:28:00,40740000,VN,DEV1448,0
TXN07751,CARD00272,C00272,M002,T002,2026-07-16 18:44:00,41770000,US,DEV0808,0
TXN07752,CARD04172,C04172,M006,T006,2026-07-21 16:49:00,2460000,VN,DEV1107,0
TXN07753,CARD08485,C08485,M001,T001,2026-07-01 23:47:00,14930000,VN,DEV1093,0
TXN07754,CARD01734,C01734,M004,T004,2026-07-17 08:45:00,20920000,SG,DEV1987,0
TXN07755,CARD04148,C04148,M006,T006,2026-07-09 09:49:00,42010000,VN,DEV0843,0
TXN07756,CARD08652,C08652,M008,T008,2026-07-25 10:32:00,1570000,VN,DEV1478,0
TXN07757,CARD04207,C04207,M001,T001,2026-07-28 08:25:00,22050000,VN,DEV1818,0
TXN07758,CARD07132,C07132,M001,T001,2026-07-28 10:05:00,46780000,VN,DEV1216,0
TXN07759,CARD08371,C08371,M004,T004,2026-07-21 22:16:00,37350000,HK,DEV0997,0
TXN07760,CARD08188,C08188,M011,T011,2026-07-17 23:38:00,28880000,VN,DEV0245,0
TXN07761,CARD00405,C00405,M010,T010,2026-07-07 17:51:00,24310000,VN,DEV1802,0
TXN07762,CARD06589,C06589,M006,T006,2026-07-05 00:18:00,33960000,VN,DEV0154,0
TXN07763,CARD01473,C01473,M011,T011,2026-07-28 11:43:00,48350000,VN,DEV0802,0
TXN07764,CARD07868,C07868,M007,T007,2026-07-20 19:11:00,37050000,VN,DEV1673,0
TXN07765,CARD04063,C04063,M006,T006,2026-07-15 08:09:00,18310000,VN,DEV0004,0
TXN07766,CARD07911,C07911,M002,T002,2026-07-16 05:27:00,23710000,HK,DEV0011,0
TXN07767,CARD03893,C03893,M002,T002,2026-07-18 16:33:00,35490000,HK,DEV0168,0
TXN07768,CARD09424,C09424,M011,T011,2026-07-04 13:53:00,13860000,VN,DEV1474,0
TXN07769,CARD06635,C06635,M008,T008,2026-07-08 14:41:00,40960000,VN,DEV0691,0
TXN07770,CARD03265,C03265,M003,T003,2026-07-28 04:42:00,42580000,US,DEV0658,0
TXN07771,CARD07589,C07589,M004,T004,2026-07-09 08:59:00,9750000,US,DEV1288,0
TXN07772,CARD03895,C03895,M011,T011,2026-07-04 13:46:00,32100000,VN,DEV0612,0
TXN07773,CARD02902,C02902,M005,T005,2026-07-02 18:59:00,2090000,US,DEV1422,0
TXN07774,CARD03071,C03071,M001,T001,2026-07-04 03:19:00,31740000,VN,DEV1404,0
TXN07775,CARD08920,C08920,M010,T010,2026-07-19 02:26:00,21470000,VN,DEV0769,0
TXN07776,CARD07196,C07196,M010,T010,2026-07-05 12:16:00,24260000,VN,DEV1110,0
TXN07777,CARD06197,C06197,M002,T002,2026-07-22 07:03:00,8940000,US,DEV1652,0
TXN07778,CARD00162,C00162,M004,T004,2026-07-06 15:32:00,29620000,HK,DEV0392,0
TXN07779,CARD02056,C02056,M001,T001,2026-07-02 20:04:00,31100000,VN,DEV1574,0
TXN07780,CARD01767,C01767,M008,T008,2026-07-02 19:50:00,18320000,VN,DEV0073,0
TXN07781,CARD06602,C06602,M007,T007,2026-07-25 17:26:00,11360000,VN,DEV1332,0
TXN07782,CARD04745,C04745,M007,T007,2026-07-14 01:05:00,38720000,VN,DEV1700,0
TXN07783,CARD08807,C08807,M011,T011,2026-07-15 17:00:00,31180000,VN,DEV1092,0
TXN07784,CARD06036,C06036,M006,T006,2026-07-05 09:31:00,21460000,VN,DEV0600,0
TXN07785,CARD07035,C07035,M002,T002,2026-07-18 23:14:00,14900000,US,DEV1092,0
TXN07786,CARD02606,C02606,M004,T004,2026-07-05 01:55:00,32080000,HK,DEV1898,0
TXN07787,CARD08408,C08408,M007,T007,2026-07-13 13:59:00,43450000,VN,DEV0276,0
TXN07788,CARD00437,C00437,M007,T007,2026-07-12 23:55:00,37060000,VN,DEV0738,0
TXN07789,CARD06933,C06933,M014,T014,2026-07-25 08:39:00,40180000,VN,DEV1466,0
TXN07790,CARD00935,C00935,M012,T012,2026-07-03 12:37:00,5290000,VN,DEV0658,0
TXN07791,CARD06304,C06304,M007,T007,2026-07-10 11:16:00,34020000,VN,DEV0406,0
TXN07792,CARD09119,C09119,M012,T012,2026-07-01 22:29:00,16020000,VN,DEV0869,0
TXN07793,CARD01379,C01379,M007,T007,2026-07-11 03:24:00,44520000,VN,DEV1666,0
TXN07794,CARD02046,C02046,M003,T003,2026-07-27 10:55:00,37270000,VN,NEW_DEVICE,1
TXN07795,CARD02081,C02081,M006,T006,2026-07-12 19:14:00,5820000,VN,DEV0020,0
TXN07796,CARD08995,C08995,M013,T013,2026-07-22 16:34:00,33450000,VN,DEV1341,0
TXN07797,CARD05248,C05248,M003,T003,2026-07-25 09:03:00,2590000,SG,DEV0106,0
TXN07798,CARD00465,C00465,M001,T001,2026-07-02 12:03:00,37630000,VN,DEV1586,0
TXN07799,CARD05525,C05525,M012,T012,2026-07-22 19:44:00,24860000,VN,DEV1396,0
TXN07800,CARD03086,C03086,M001,T001,2026-07-27 16:43:00,35220000,VN,DEV1337,0
TXN07801,CARD03733,C03733,M010,T010,2026-07-16 19:37:00,44680000,VN,DEV0250,0
TXN07802,CARD05642,C05642,M007,T007,2026-07-14 21:19:00,18810000,VN,NEW_DEVICE,1
TXN07803,CARD01164,C01164,M002,T002,2026-07-06 15:43:00,28050000,US,DEV0093,0
TXN07804,CARD04556,C04556,M006,T006,2026-07-04 15:04:00,28120000,VN,DEV1501,0
TXN07805,CARD05707,C05707,M004,T004,2026-07-05 19:56:00,5190000,US,DEV0923,0
TXN07806,CARD05823,C05823,M007,T007,2026-07-14 12:12:00,26560000,VN,DEV0705,0
TXN07807,CARD02057,C02057,M012,T012,2026-07-21 17:04:00,47260000,VN,DEV0526,0
TXN07808,CARD01155,C01155,M010,T010,2026-07-15 12:13:00,19240000,VN,DEV0057,0
TXN07809,CARD00707,C00707,M003,T003,2026-07-13 17:14:00,26850000,US,DEV0801,0
TXN07810,CARD08627,C08627,M012,T012,2026-07-21 23:41:00,35670000,VN,DEV1976,0
TXN07811,CARD03371,C03371,M004,T004,2026-07-11 04:21:00,14530000,US,DEV1245,0
TXN07812,CARD03657,C03657,M004,T004,2026-07-19 15:32:00,43460000,HK,DEV0793,0
TXN07813,CARD02638,C02638,M002,T002,2026-07-06 12:23:00,32380000,HK,DEV1233,0
TXN07814,CARD05369,C05369,M014,T014,2026-07-05 03:06:00,22430000,VN,DEV0320,0
TXN07815,CARD04152,C04152,M010,T010,2026-07-18 03:16:00,47880000,VN,DEV0056,0
TXN07816,CARD00897,C00897,M006,T006,2026-07-20 00:34:00,13040000,VN,DEV0386,0
TXN07817,CARD09541,C09541,M002,T002,2026-07-09 21:01:00,44510000,SG,DEV1754,0
TXN07818,CARD09258,C09258,M003,T003,2026-07-27 12:54:00,8240000,US,DEV0672,0
TXN07819,CARD01485,C01485,M004,T004,2026-07-17 06:55:00,42250000,SG,DEV0217,0
TXN07820,CARD01448,C01448,M007,T007,2026-07-05 11:00:00,42600000,VN,DEV1496,0
TXN07821,CARD05729,C05729,M001,T001,2026-07-01 21:55:00,29940000,VN,DEV1868,0
TXN07822,CARD04157,C04157,M008,T008,2026-07-10 09:06:00,5960000,VN,DEV0672,0
TXN07823,CARD06075,C06075,M012,T012,2026-07-21 01:46:00,7530000,VN,DEV0434,0
TXN07824,CARD08788,C08788,M014,T014,2026-07-10 00:37:00,22240000,VN,DEV1587,0
TXN07825,CARD00465,C00465,M009,T009,2026-07-26 04:09:00,23280000,VN,DEV0114,0
TXN07826,CARD04041,C04041,M003,T003,2026-07-28 07:06:00,34120000,US,DEV0622,0
TXN07827,CARD01908,C01908,M007,T007,2026-07-26 07:32:00,40820000,VN,DEV0828,0
TXN07828,CARD07424,C07424,M002,T002,2026-07-26 04:05:00,45220000,SG,DEV0356,0
TXN07829,CARD04694,C04694,M011,T011,2026-07-15 19:50:00,4040000,VN,DEV0717,0
TXN07830,CARD00019,C00019,M001,T001,2026-07-21 05:22:00,16660000,VN,NEW_DEVICE,1
TXN07831,CARD02591,C02591,M011,T011,2026-07-14 10:18:00,19300000,VN,DEV1675,0
TXN07832,CARD03817,C03817,M012,T012,2026-07-24 02:13:00,49950000,VN,DEV1729,0
TXN07833,CARD00843,C00843,M009,T009,2026-07-02 11:48:00,47860000,VN,DEV0500,0
TXN07834,CARD01244,C01244,M001,T001,2026-07-15 04:26:00,35570000,VN,DEV1770,0
TXN07835,CARD02878,C02878,M007,T007,2026-07-26 23:41:00,34840000,VN,DEV1472,0
TXN07836,CARD08853,C08853,M006,T006,2026-07-27 17:14:00,9730000,VN,DEV1285,0
TXN07837,CARD00047,C00047,M001,T001,2026-07-02 12:24:00,13630000,VN,DEV1915,0
TXN07838,CARD00876,C00876,M007,T007,2026-07-10 06:56:00,17380000,VN,DEV0704,0
TXN07839,CARD09350,C09350,M003,T003,2026-07-11 06:44:00,29990000,SG,DEV1100,0
TXN07840,CARD00779,C00779,M001,T001,2026-07-14 09:15:00,18900000,VN,DEV1499,0
TXN07841,CARD02118,C02118,M012,T012,2026-07-18 10:07:00,10390000,VN,DEV0267,0
TXN07842,CARD01161,C01161,M007,T007,2026-07-05 12:44:00,34360000,VN,DEV0597,0
TXN07843,CARD01864,C01864,M005,T005,2026-07-27 03:20:00,2250000,HK,DEV0515,0
TXN07844,CARD04395,C04395,M011,T011,2026-07-09 02:09:00,37300000,VN,DEV1516,0
TXN07845,CARD04532,C04532,M006,T006,2026-07-21 17:53:00,20640000,VN,DEV0744,0
TXN07846,CARD01090,C01090,M010,T010,2026-07-11 01:26:00,14990000,VN,DEV0542,0
TXN07847,CARD08074,C08074,M005,T005,2026-07-10 21:28:00,9330000,SG,DEV0588,0
TXN07848,CARD06385,C06385,M013,T013,2026-07-03 18:36:00,29100000,VN,DEV0193,0
TXN07849,CARD05010,C05010,M001,T001,2026-07-23 10:09:00,15730000,VN,DEV0203,0
TXN07850,CARD09237,C09237,M002,T002,2026-07-07 11:30:00,22350000,HK,DEV0715,0
TXN07851,CARD06646,C06646,M009,T009,2026-07-17 06:08:00,32470000,VN,DEV0196,0
TXN07852,CARD00566,C00566,M009,T009,2026-07-14 06:59:00,39230000,VN,DEV0278,0
TXN07853,CARD07257,C07257,M014,T014,2026-07-27 10:22:00,10980000,VN,DEV0238,0
TXN07854,CARD08896,C08896,M005,T005,2026-07-24 04:28:00,4480000,HK,DEV0560,0
TXN07855,CARD05308,C05308,M004,T004,2026-07-25 06:56:00,13800000,SG,DEV1233,0
TXN07856,CARD02641,C02641,M001,T001,2026-07-20 03:30:00,2830000,VN,DEV0223,0
TXN07857,CARD03500,C03500,M004,T004,2026-07-11 00:31:00,17480000,SG,DEV1458,0
TXN07858,CARD09849,C09849,M007,T007,2026-07-10 08:15:00,29230000,VN,DEV0686,0
TXN07859,CARD00063,C00063,M001,T001,2026-07-07 08:47:00,45210000,VN,DEV0762,0
TXN07860,CARD06954,C06954,M002,T002,2026-07-04 18:48:00,41260000,US,DEV1486,0
TXN07861,CARD01041,C01041,M006,T006,2026-07-09 13:45:00,6110000,VN,DEV0934,0
TXN07862,CARD09200,C09200,M006,T006,2026-07-11 23:29:00,18570000,VN,DEV0085,0
TXN07863,CARD06782,C06782,M009,T009,2026-07-25 14:59:00,13140000,VN,DEV1309,0
TXN07864,CARD01158,C01158,M009,T009,2026-07-19 18:30:00,27460000,VN,DEV1147,0
TXN07865,CARD08719,C08719,M003,T003,2026-07-11 10:28:00,17350000,SG,DEV0951,0
TXN07866,CARD08473,C08473,M005,T005,2026-07-16 18:28:00,47470000,SG,DEV0402,0
TXN07867,CARD02929,C02929,M013,T013,2026-07-16 16:26:00,38300000,VN,DEV0509,0
TXN07868,CARD08181,C08181,M012,T012,2026-07-22 03:50:00,7070000,VN,DEV0125,0
TXN07869,CARD08470,C08470,M002,T002,2026-07-02 01:16:00,44110000,SG,DEV1501,0
TXN07870,CARD01725,C01725,M008,T008,2026-07-06 20:21:00,22560000,VN,DEV1573,0
TXN07871,CARD04225,C04225,M012,T012,2026-07-20 11:23:00,32240000,VN,DEV0430,0
TXN07872,CARD07668,C07668,M006,T006,2026-07-13 19:01:00,10550000,VN,DEV0123,0
TXN07873,CARD00244,C00244,M001,T001,2026-07-13 19:05:00,30710000,VN,DEV0463,0
TXN07874,CARD06990,C06990,M005,T005,2026-07-04 02:09:00,13090000,US,DEV0458,0
TXN07875,CARD07774,C07774,M014,T014,2026-07-26 17:31:00,4020000,VN,DEV0461,0
TXN07876,CARD09921,C09921,M002,T002,2026-07-03 19:01:00,47120000,HK,DEV1367,0
TXN07877,CARD04383,C04383,M007,T007,2026-07-28 03:32:00,42390000,VN,DEV0379,0
TXN07878,CARD07841,C07841,M001,T001,2026-07-28 01:46:00,23580000,VN,DEV1172,0
TXN07879,CARD02325,C02325,M006,T006,2026-07-08 15:08:00,37040000,VN,DEV1629,0
TXN07880,CARD01838,C01838,M008,T008,2026-07-24 12:39:00,37270000,VN,DEV1844,0
TXN07881,CARD06563,C06563,M005,T005,2026-07-24 23:46:00,19800000,US,DEV0785,0
TXN07882,CARD01260,C01260,M012,T012,2026-07-05 17:53:00,24140000,VN,DEV0775,0
TXN07883,CARD01608,C01608,M005,T005,2026-07-09 17:03:00,14080000,HK,DEV0827,0
TXN07884,CARD04856,C04856,M001,T001,2026-07-25 21:30:00,33050000,VN,DEV1984,0
TXN07885,CARD06758,C06758,M008,T008,2026-07-19 16:58:00,10280000,VN,DEV0512,0
TXN07886,CARD07167,C07167,M013,T013,2026-07-01 10:03:00,34950000,VN,DEV0258,0
TXN07887,CARD05347,C05347,M013,T013,2026-07-14 07:07:00,12410000,VN,DEV0363,0
TXN07888,CARD09936,C09936,M006,T006,2026-07-05 02:56:00,32390000,VN,DEV0207,0
TXN07889,CARD01895,C01895,M002,T002,2026-07-20 19:19:00,29540000,SG,DEV1134,0
TXN07890,CARD02215,C02215,M014,T014,2026-07-20 13:27:00,1000000,VN,DEV1431,0
TXN07891,CARD02169,C02169,M006,T006,2026-07-09 17:50:00,25640000,VN,DEV0631,0
TXN07892,CARD00978,C00978,M004,T004,2026-07-21 11:22:00,34540000,HK,DEV0251,0
TXN07893,CARD08773,C08773,M013,T013,2026-07-15 01:43:00,7250000,VN,DEV0365,0
TXN07894,CARD02909,C02909,M011,T011,2026-07-10 20:22:00,15020000,VN,DEV0966,0
TXN07895,CARD07644,C07644,M004,T004,2026-07-21 06:23:00,33020000,HK,DEV0714,0
TXN07896,CARD05731,C05731,M008,T008,2026-07-05 19:33:00,24810000,VN,DEV1899,0
TXN07897,CARD03152,C03152,M010,T010,2026-07-10 10:02:00,36280000,VN,DEV0997,0
TXN07898,CARD09036,C09036,M012,T012,2026-07-10 23:45:00,36260000,VN,DEV1162,0
TXN07899,CARD02908,C02908,M004,T004,2026-07-23 16:01:00,830000,HK,DEV1057,0
TXN07900,CARD09294,C09294,M010,T010,2026-07-14 12:33:00,36650000,VN,DEV1063,0
TXN07901,CARD09250,C09250,M006,T006,2026-07-08 10:15:00,34590000,VN,DEV0403,0
TXN07902,CARD05087,C05087,M007,T007,2026-07-09 03:59:00,36710000,VN,DEV1193,0
TXN07903,CARD08234,C08234,M004,T004,2026-07-14 03:37:00,15340000,HK,DEV1275,0
TXN07904,CARD08574,C08574,M010,T010,2026-07-06 01:54:00,9110000,VN,DEV0999,0
TXN07905,CARD06981,C06981,M012,T012,2026-07-13 23:14:00,1990000,VN,DEV0266,0
TXN07906,CARD00434,C00434,M004,T004,2026-07-22 13:11:00,16650000,SG,DEV0896,0
TXN07907,CARD09691,C09691,M003,T003,2026-07-16 20:06:00,16720000,SG,DEV1124,0
TXN07908,CARD09732,C09732,M014,T014,2026-07-27 21:59:00,22070000,VN,DEV1697,0
TXN07909,CARD08307,C08307,M011,T011,2026-07-25 16:21:00,3160000,VN,DEV1631,0
TXN07910,CARD07066,C07066,M010,T010,2026-07-24 04:45:00,13820000,VN,DEV1434,0
TXN07911,CARD06683,C06683,M008,T008,2026-07-01 13:01:00,20490000,VN,DEV1035,0
TXN07912,CARD07518,C07518,M011,T011,2026-07-25 06:08:00,40610000,VN,DEV0802,0
TXN07913,CARD00509,C00509,M001,T001,2026-07-25 06:12:00,45390000,VN,DEV1072,0
TXN07914,CARD08515,C08515,M013,T013,2026-07-25 01:09:00,27890000,VN,DEV1059,0
TXN07915,CARD08255,C08255,M011,T011,2026-07-05 00:32:00,8120000,VN,DEV1350,0
TXN07916,CARD01877,C01877,M012,T012,2026-07-17 22:10:00,36520000,VN,DEV0198,0
TXN07917,CARD07944,C07944,M008,T008,2026-07-18 10:26:00,15310000,VN,DEV0058,0
TXN07918,CARD03458,C03458,M009,T009,2026-07-21 14:46:00,6230000,VN,DEV0458,0
TXN07919,CARD03058,C03058,M013,T013,2026-07-08 12:10:00,39870000,VN,DEV0928,0
TXN07920,CARD01709,C01709,M012,T012,2026-07-20 02:16:00,38700000,VN,DEV1109,0
TXN07921,CARD05284,C05284,M008,T008,2026-07-02 00:38:00,38180000,VN,DEV1404,0
TXN07922,CARD03436,C03436,M012,T012,2026-07-12 21:36:00,31660000,VN,DEV1718,0
TXN07923,CARD00620,C00620,M003,T003,2026-07-23 18:43:00,31390000,HK,DEV1218,0
TXN07924,CARD02487,C02487,M013,T013,2026-07-06 20:00:00,48370000,VN,DEV1010,0
TXN07925,CARD07254,C07254,M014,T014,2026-07-12 11:58:00,31570000,VN,DEV1947,0
TXN07926,CARD04304,C04304,M014,T014,2026-07-02 16:08:00,18070000,VN,DEV0790,0
TXN07927,CARD06609,C06609,M009,T009,2026-07-04 18:15:00,47540000,VN,DEV0103,0
TXN07928,CARD05300,C05300,M004,T004,2026-07-10 16:29:00,14370000,SG,DEV0012,0
TXN07929,CARD08183,C08183,M001,T001,2026-07-16 13:20:00,5850000,VN,DEV0862,0
TXN07930,CARD08107,C08107,M005,T005,2026-07-11 20:25:00,26680000,HK,DEV0866,0
TXN07931,CARD06554,C06554,M005,T005,2026-07-17 15:21:00,23230000,US,DEV0653,0
TXN07932,CARD01509,C01509,M009,T009,2026-07-28 03:36:00,13700000,VN,DEV1480,0
TXN07933,CARD03126,C03126,M013,T013,2026-07-16 15:38:00,3680000,VN,DEV0972,0
TXN07934,CARD08589,C08589,M009,T009,2026-07-03 17:16:00,1880000,VN,DEV0485,0
TXN07935,CARD05844,C05844,M004,T004,2026-07-20 17:22:00,2030000,HK,DEV1226,0
TXN07936,CARD05151,C05151,M009,T009,2026-07-06 19:02:00,22950000,VN,DEV0981,0
TXN07937,CARD06867,C06867,M011,T011,2026-07-19 23:25:00,2290000,VN,DEV1269,0
TXN07938,CARD07603,C07603,M014,T014,2026-07-15 16:45:00,32490000,VN,DEV0401,0
TXN07939,CARD03829,C03829,M011,T011,2026-07-15 11:06:00,40390000,VN,DEV0850,0
TXN07940,CARD07907,C07907,M007,T007,2026-07-08 10:46:00,37500000,VN,DEV1781,0
TXN07941,CARD03595,C03595,M007,T007,2026-07-10 02:15:00,23870000,VN,DEV0950,0
TXN07942,CARD06950,C06950,M014,T014,2026-07-21 03:08:00,13000000,VN,DEV1411,0
TXN07943,CARD00356,C00356,M014,T014,2026-07-21 01:46:00,16030000,VN,DEV0744,0
TXN07944,CARD03135,C03135,M009,T009,2026-07-08 13:40:00,8400000,VN,DEV0170,0
TXN07945,CARD07939,C07939,M011,T011,2026-07-17 10:38:00,46920000,VN,DEV0820,0
TXN07946,CARD00439,C00439,M003,T003,2026-07-21 13:51:00,7250000,SG,DEV0215,0
TXN07947,CARD01545,C01545,M013,T013,2026-07-07 23:28:00,34330000,VN,DEV1158,0
TXN07948,CARD00653,C00653,M011,T011,2026-07-15 10:18:00,20870000,VN,DEV0594,0
TXN07949,CARD05265,C05265,M001,T001,2026-07-17 09:02:00,33410000,VN,DEV0965,0
TXN07950,CARD01307,C01307,M008,T008,2026-07-19 05:23:00,20410000,VN,DEV1228,0
TXN07951,CARD04918,C04918,M009,T009,2026-07-12 00:59:00,25710000,VN,DEV1764,0
TXN07952,CARD07791,C07791,M011,T011,2026-07-18 04:29:00,26850000,VN,DEV1395,0
TXN07953,CARD03601,C03601,M009,T009,2026-07-11 23:23:00,44700000,VN,DEV0112,0
TXN07954,CARD06764,C06764,M009,T009,2026-07-16 09:43:00,35890000,VN,DEV1215,0
TXN07955,CARD08482,C08482,M007,T007,2026-07-08 22:33:00,37850000,VN,DEV1078,0
TXN07956,CARD06732,C06732,M006,T006,2026-07-14 01:20:00,1340000,VN,DEV1074,0
TXN07957,CARD00677,C00677,M007,T007,2026-07-13 23:10:00,34760000,VN,DEV1776,0
TXN07958,CARD03812,C03812,M009,T009,2026-07-06 10:58:00,25260000,VN,DEV1530,0
TXN07959,CARD00254,C00254,M001,T001,2026-07-15 07:59:00,30960000,VN,DEV1545,0
TXN07960,CARD07926,C07926,M003,T003,2026-07-11 13:47:00,44310000,SG,DEV1352,0
TXN07961,CARD03630,C03630,M010,T010,2026-07-06 07:19:00,25440000,VN,DEV1473,0
TXN07962,CARD03791,C03791,M005,T005,2026-07-04 22:06:00,9050000,US,DEV0956,0
TXN07963,CARD07600,C07600,M011,T011,2026-07-14 17:08:00,18210000,VN,DEV1999,0
TXN07964,CARD01024,C01024,M011,T011,2026-07-03 09:17:00,14550000,VN,DEV1325,0
TXN07965,CARD07469,C07469,M003,T003,2026-07-10 17:35:00,48730000,US,DEV0210,0
TXN07966,CARD08726,C08726,M007,T007,2026-07-22 17:24:00,28990000,VN,DEV0306,0
TXN07967,CARD07190,C07190,M012,T012,2026-07-16 22:07:00,930000,VN,DEV1479,0
TXN07968,CARD01410,C01410,M001,T001,2026-07-23 05:01:00,38740000,VN,DEV0333,0
TXN07969,CARD09236,C09236,M007,T007,2026-07-08 16:26:00,49630000,VN,DEV0466,0
TXN07970,CARD04333,C04333,M001,T001,2026-07-05 10:25:00,26990000,VN,DEV1871,0
TXN07971,CARD05058,C05058,M011,T011,2026-07-05 05:58:00,1800000,VN,DEV1214,0
TXN07972,CARD04201,C04201,M006,T006,2026-07-01 12:24:00,20240000,VN,DEV1015,0
TXN07973,CARD06679,C06679,M006,T006,2026-07-17 06:15:00,42980000,VN,DEV0597,0
TXN07974,CARD05845,C05845,M005,T005,2026-07-10 17:07:00,39050000,HK,DEV0660,0
TXN07975,CARD02998,C02998,M008,T008,2026-07-22 12:28:00,43680000,VN,DEV1976,0
TXN07976,CARD00390,C00390,M009,T009,2026-07-17 14:15:00,27130000,VN,DEV0719,0
TXN07977,CARD01846,C01846,M012,T012,2026-07-17 06:26:00,41860000,VN,DEV0837,0
TXN07978,CARD09297,C09297,M001,T001,2026-07-23 12:46:00,47820000,VN,DEV0408,0
TXN07979,CARD07252,C07252,M005,T005,2026-07-01 22:01:00,41050000,HK,DEV0338,0
TXN07980,CARD05201,C05201,M014,T014,2026-07-24 15:55:00,43930000,VN,DEV1603,0
TXN07981,CARD04972,C04972,M010,T010,2026-07-19 07:39:00,5810000,VN,DEV1597,0
TXN07982,CARD01682,C01682,M014,T014,2026-07-07 16:06:00,20350000,VN,DEV1612,0
TXN07983,CARD09074,C09074,M002,T002,2026-07-03 10:50:00,32750000,US,DEV1672,0
TXN07984,CARD03034,C03034,M004,T004,2026-07-26 03:30:00,18970000,US,DEV1032,0
TXN07985,CARD00313,C00313,M010,T010,2026-07-25 07:30:00,1330000,VN,DEV1582,0
TXN07986,CARD04402,C04402,M005,T005,2026-07-07 22:17:00,5870000,US,DEV1032,0
TXN07987,CARD07104,C07104,M013,T013,2026-07-05 01:13:00,12440000,VN,DEV1823,0
TXN07988,CARD00176,C00176,M007,T007,2026-07-08 16:20:00,34040000,VN,DEV1747,0
TXN07989,CARD03542,C03542,M005,T005,2026-07-04 08:46:00,45600000,US,DEV0731,0
TXN07990,CARD04059,C04059,M013,T013,2026-07-21 04:16:00,33340000,VN,DEV0014,0
TXN07991,CARD02804,C02804,M005,T005,2026-07-09 02:53:00,34870000,US,DEV1495,0
TXN07992,CARD05713,C05713,M012,T012,2026-07-11 02:36:00,29940000,VN,DEV0640,0
TXN07993,CARD02903,C02903,M008,T008,2026-07-21 06:52:00,34300000,VN,DEV1015,0
TXN07994,CARD08374,C08374,M007,T007,2026-07-26 22:07:00,32080000,VN,DEV1718,0
TXN07995,CARD09572,C09572,M011,T011,2026-07-05 21:26:00,17440000,NG,NEW_DEVICE,1
TXN07996,CARD06774,C06774,M005,T005,2026-07-27 06:12:00,49990000,HK,DEV0147,0
TXN07997,CARD09152,C09152,M004,T004,2026-07-07 01:41:00,48130000,HK,DEV1037,0
TXN07998,CARD01885,C01885,M006,T006,2026-07-02 21:13:00,7420000,VN,DEV0609,0
TXN07999,CARD06441,C06441,M003,T003,2026-07-12 10:40:00,15260000,SG,DEV0374,0
TXN08000,CARD06735,C06735,M003,T003,2026-07-21 02:21:00,11480000,US,DEV1065,0
TXN08001,CARD03223,C03223,M002,T002,2026-07-19 11:37:00,49980000,US,DEV1529,0
TXN08002,CARD01778,C01778,M005,T005,2026-07-25 01:14:00,23100000,SG,DEV1088,0
TXN08003,CARD06383,C06383,M003,T003,2026-07-25 23:45:00,46930000,HK,DEV1804,0
TXN08004,CARD00814,C00814,M010,T010,2026-07-24 18:10:00,35930000,VN,DEV0819,0
TXN08005,CARD03207,C03207,M004,T004,2026-07-06 20:54:00,7050000,US,DEV0834,0
TXN08006,CARD04931,C04931,M011,T011,2026-07-22 01:58:00,49290000,VN,DEV1022,0
TXN08007,CARD09451,C09451,M008,T008,2026-07-17 14:09:00,44620000,VN,DEV0881,0
TXN08008,CARD04867,C04867,M005,T005,2026-07-18 06:00:00,31900000,HK,DEV1243,0
TXN08009,CARD08054,C08054,M013,T013,2026-07-20 17:06:00,35330000,VN,DEV1135,0
TXN08010,CARD00397,C00397,M014,T014,2026-07-06 11:34:00,22290000,VN,DEV0426,0
TXN08011,CARD04265,C04265,M007,T007,2026-07-14 08:06:00,24490000,VN,DEV0619,0
TXN08012,CARD06557,C06557,M001,T001,2026-07-15 10:50:00,17450000,VN,DEV0865,0
TXN08013,CARD00504,C00504,M011,T011,2026-07-15 23:47:00,37320000,VN,DEV0637,0
TXN08014,CARD06969,C06969,M004,T004,2026-07-01 07:41:00,49800000,SG,DEV0026,0
TXN08015,CARD00166,C00166,M003,T003,2026-07-18 09:34:00,27330000,US,DEV1945,0
TXN08016,CARD01676,C01676,M013,T013,2026-07-01 01:23:00,7450000,VN,DEV1142,0
TXN08017,CARD01037,C01037,M001,T001,2026-07-22 23:05:00,11630000,VN,DEV0865,0
TXN08018,CARD04872,C04872,M001,T001,2026-07-03 18:55:00,17510000,VN,DEV0795,0
TXN08019,CARD04905,C04905,M004,T004,2026-07-24 06:25:00,9320000,SG,DEV0391,0
TXN08020,CARD06421,C06421,M012,T012,2026-07-15 15:01:00,19140000,VN,DEV0827,0
TXN08021,CARD03988,C03988,M011,T011,2026-07-16 07:46:00,34460000,VN,DEV1178,0
TXN08022,CARD05113,C05113,M008,T008,2026-07-28 11:01:00,28150000,VN,DEV0021,0
TXN08023,CARD08492,C08492,M001,T001,2026-07-22 16:57:00,1860000,VN,DEV1773,0
TXN08024,CARD08818,C08818,M001,T001,2026-07-26 09:08:00,23090000,VN,DEV1931,0
TXN08025,CARD02208,C02208,M005,T005,2026-07-11 18:28:00,42420000,HK,DEV1846,0
TXN08026,CARD05612,C05612,M013,T013,2026-07-11 16:50:00,10940000,VN,DEV0034,0
TXN08027,CARD08111,C08111,M011,T011,2026-07-01 17:12:00,1510000,VN,DEV0195,0
TXN08028,CARD04627,C04627,M001,T001,2026-07-21 22:42:00,33280000,VN,DEV1331,0
TXN08029,CARD02568,C02568,M009,T009,2026-07-10 01:29:00,49090000,VN,DEV1883,0
TXN08030,CARD01686,C01686,M002,T002,2026-07-15 02:28:00,26460000,SG,DEV1370,0
TXN08031,CARD04637,C04637,M011,T011,2026-07-21 21:54:00,49100000,VN,DEV1377,0
TXN08032,CARD07457,C07457,M005,T005,2026-07-02 05:46:00,16370000,HK,DEV1986,0
TXN08033,CARD03356,C03356,M001,T001,2026-07-02 06:41:00,11230000,VN,DEV0667,0
TXN08034,CARD06318,C06318,M008,T008,2026-07-07 02:24:00,48350000,VN,DEV0612,0
TXN08035,CARD03200,C03200,M002,T002,2026-07-08 19:56:00,16240000,HK,NEW_DEVICE,1
TXN08036,CARD00895,C00895,M003,T003,2026-07-16 12:25:00,3850000,US,DEV1554,0
TXN08037,CARD05229,C05229,M010,T010,2026-07-10 10:41:00,43460000,VN,DEV0285,0
TXN08038,CARD07274,C07274,M001,T001,2026-07-21 16:05:00,43220000,VN,DEV1992,0
TXN08039,CARD05392,C05392,M007,T007,2026-07-23 20:39:00,46730000,VN,DEV0791,0
TXN08040,CARD00866,C00866,M001,T001,2026-07-11 02:19:00,45600000,VN,DEV1394,0
TXN08041,CARD05471,C05471,M014,T014,2026-07-12 09:04:00,41010000,VN,DEV0137,0
TXN08042,CARD06044,C06044,M013,T013,2026-07-10 19:09:00,10140000,VN,DEV1738,0
TXN08043,CARD06620,C06620,M005,T005,2026-07-07 02:11:00,21340000,HK,DEV0297,0
TXN08044,CARD00237,C00237,M007,T007,2026-07-08 23:14:00,14380000,VN,DEV1559,0
TXN08045,CARD03115,C03115,M010,T010,2026-07-12 09:13:00,25250000,VN,DEV0081,0
TXN08046,CARD09463,C09463,M014,T014,2026-07-19 18:56:00,35650000,VN,DEV0404,0
TXN08047,CARD02676,C02676,M003,T003,2026-07-12 18:28:00,32100000,US,DEV0160,0
TXN08048,CARD08139,C08139,M008,T008,2026-07-08 07:44:00,27340000,VN,DEV0478,0
TXN08049,CARD03615,C03615,M004,T004,2026-07-27 07:33:00,8370000,HK,DEV1006,0
TXN08050,CARD02676,C02676,M004,T004,2026-07-05 05:25:00,270000,SG,DEV1467,0
TXN08051,CARD01424,C01424,M009,T009,2026-07-26 19:59:00,32580000,VN,DEV0129,0
TXN08052,CARD02266,C02266,M010,T010,2026-07-09 22:33:00,3280000,VN,DEV1054,0
TXN08053,CARD07257,C07257,M004,T004,2026-07-16 08:22:00,22720000,SG,DEV0712,0
TXN08054,CARD04831,C04831,M009,T009,2026-07-01 21:14:00,23800000,VN,DEV0009,0
TXN08055,CARD00089,C00089,M004,T004,2026-07-18 04:58:00,36900000,US,DEV0289,0
TXN08056,CARD01237,C01237,M003,T003,2026-07-24 09:43:00,6470000,US,DEV0281,0
TXN08057,CARD07960,C07960,M014,T014,2026-07-22 15:37:00,9510000,VN,DEV0553,0
TXN08058,CARD04049,C04049,M009,T009,2026-07-12 16:20:00,29620000,VN,DEV1447,0
TXN08059,CARD00553,C00553,M006,T006,2026-07-21 18:45:00,22760000,VN,DEV0489,0
TXN08060,CARD07206,C07206,M010,T010,2026-07-17 00:17:00,48640000,VN,DEV1348,0
TXN08061,CARD08725,C08725,M007,T007,2026-07-26 15:22:00,49440000,VN,DEV1169,0
TXN08062,CARD06753,C06753,M002,T002,2026-07-24 05:42:00,23930000,US,DEV1791,0
TXN08063,CARD00021,C00021,M007,T007,2026-07-20 15:43:00,17990000,VN,DEV0032,0
TXN08064,CARD03147,C03147,M004,T004,2026-07-22 20:46:00,21110000,SG,DEV1235,0
TXN08065,CARD05984,C05984,M001,T001,2026-07-09 00:03:00,34210000,VN,DEV1475,0
TXN08066,CARD05398,C05398,M004,T004,2026-07-25 16:01:00,36080000,SG,DEV1332,0
TXN08067,CARD05207,C05207,M010,T010,2026-07-18 01:17:00,11250000,VN,DEV0475,0
TXN08068,CARD07111,C07111,M008,T008,2026-07-11 07:01:00,32410000,VN,DEV0388,0
TXN08069,CARD01848,C01848,M010,T010,2026-07-28 10:17:00,35070000,VN,DEV0528,0
TXN08070,CARD09873,C09873,M002,T002,2026-07-20 20:13:00,1630000,SG,DEV0550,0
TXN08071,CARD00918,C00918,M001,T001,2026-07-18 05:24:00,43000000,VN,DEV0187,0
TXN08072,CARD07883,C07883,M013,T013,2026-07-01 22:10:00,29140000,VN,DEV1930,0
TXN08073,CARD00232,C00232,M011,T011,2026-07-15 17:14:00,16170000,VN,DEV0903,0
TXN08074,CARD04540,C04540,M007,T007,2026-07-01 13:25:00,6820000,VN,DEV1660,0
TXN08075,CARD02880,C02880,M014,T014,2026-07-04 16:01:00,6770000,VN,DEV0167,0
TXN08076,CARD08524,C08524,M009,T009,2026-07-11 13:38:00,36960000,VN,DEV0880,0
TXN08077,CARD00002,C00002,M006,T006,2026-07-28 06:32:00,46490000,VN,DEV0709,0
TXN08078,CARD01118,C01118,M008,T008,2026-07-25 19:08:00,30480000,VN,DEV0055,0
TXN08079,CARD02028,C02028,M014,T014,2026-07-23 22:11:00,27940000,VN,DEV1855,0
TXN08080,CARD08946,C08946,M008,T008,2026-07-04 03:22:00,39520000,VN,DEV0176,0
TXN08081,CARD03081,C03081,M009,T009,2026-07-18 17:16:00,29160000,VN,DEV0946,0
TXN08082,CARD02732,C02732,M004,T004,2026-07-23 21:15:00,39210000,SG,DEV1124,0
TXN08083,CARD06249,C06249,M001,T001,2026-07-03 00:36:00,32650000,VN,DEV1402,0
TXN08084,CARD07706,C07706,M005,T005,2026-07-05 10:52:00,44000000,HK,DEV0025,0
TXN08085,CARD03167,C03167,M009,T009,2026-07-08 21:05:00,14900000,VN,DEV1795,0
TXN08086,CARD08228,C08228,M002,T002,2026-07-06 12:33:00,10160000,HK,DEV1693,0
TXN08087,CARD06323,C06323,M006,T006,2026-07-22 20:26:00,21290000,VN,DEV0559,0
TXN08088,CARD01706,C01706,M014,T014,2026-07-12 01:30:00,16080000,VN,DEV0739,0
TXN08089,CARD05310,C05310,M006,T006,2026-07-28 08:50:00,18400000,VN,DEV1751,0
TXN08090,CARD08223,C08223,M014,T014,2026-07-22 14:08:00,9530000,VN,DEV0252,0
TXN08091,CARD01478,C01478,M014,T014,2026-07-13 00:02:00,1690000,VN,DEV1031,0
TXN08092,CARD00373,C00373,M009,T009,2026-07-17 00:20:00,42210000,VN,DEV0789,0
TXN08093,CARD01409,C01409,M005,T005,2026-07-21 17:17:00,40930000,US,DEV0489,0
TXN08094,CARD09163,C09163,M011,T011,2026-07-25 20:37:00,45500000,VN,DEV0839,0
TXN08095,CARD01397,C01397,M014,T014,2026-07-16 05:47:00,36880000,VN,DEV1772,0
TXN08096,CARD05643,C05643,M004,T004,2026-07-13 08:45:00,14310000,US,DEV0339,0
TXN08097,CARD01616,C01616,M004,T004,2026-07-01 13:22:00,27370000,SG,DEV1517,0
TXN08098,CARD05623,C05623,M010,T010,2026-07-21 01:04:00,36680000,VN,DEV0124,0
TXN08099,CARD02480,C02480,M011,T011,2026-07-24 03:29:00,25550000,VN,DEV0581,0
TXN08100,CARD02546,C02546,M009,T009,2026-07-24 22:52:00,25900000,VN,DEV0369,0
TXN08101,CARD09156,C09156,M013,T013,2026-07-23 13:35:00,1760000,VN,DEV0255,0
TXN08102,CARD02636,C02636,M002,T002,2026-07-17 16:33:00,23540000,US,DEV1330,0
TXN08103,CARD06764,C06764,M012,T012,2026-07-06 19:52:00,30610000,VN,DEV0496,0
TXN08104,CARD00017,C00017,M003,T003,2026-07-05 13:30:00,37200000,SG,DEV0993,0
TXN08105,CARD04547,C04547,M007,T007,2026-07-28 08:31:00,46990000,VN,DEV1084,0
TXN08106,CARD04629,C04629,M005,T005,2026-07-25 01:41:00,37430000,HK,DEV0746,0
TXN08107,CARD05148,C05148,M010,T010,2026-07-10 09:22:00,45110000,VN,DEV0755,0
TXN08108,CARD07455,C07455,M009,T009,2026-07-12 14:13:00,2290000,VN,DEV0525,0
TXN08109,CARD05061,C05061,M005,T005,2026-07-01 15:25:00,40230000,HK,DEV1377,0
TXN08110,CARD01777,C01777,M013,T013,2026-07-02 18:47:00,24520000,VN,DEV1347,0
TXN08111,CARD09648,C09648,M011,T011,2026-07-19 23:51:00,39870000,VN,DEV1151,0
TXN08112,CARD06682,C06682,M010,T010,2026-07-17 03:24:00,890000,VN,DEV0354,0
TXN08113,CARD03602,C03602,M008,T008,2026-07-05 08:08:00,42460000,VN,DEV0902,0
TXN08114,CARD08749,C08749,M014,T014,2026-07-23 18:35:00,20670000,VN,DEV1501,0
TXN08115,CARD06045,C06045,M007,T007,2026-07-14 02:53:00,14810000,VN,DEV0994,0
TXN08116,CARD07521,C07521,M009,T009,2026-07-21 21:58:00,6470000,VN,DEV0505,0
TXN08117,CARD09981,C09981,M005,T005,2026-07-06 18:24:00,1550000,HK,DEV0489,0
TXN08118,CARD00448,C00448,M011,T011,2026-07-15 01:51:00,35610000,VN,DEV1373,0
TXN08119,CARD07668,C07668,M008,T008,2026-07-25 05:55:00,11630000,VN,DEV0270,0
TXN08120,CARD04474,C04474,M009,T009,2026-07-04 19:09:00,46300000,VN,DEV0621,0
TXN08121,CARD07747,C07747,M008,T008,2026-07-01 00:41:00,41600000,VN,DEV0304,0
TXN08122,CARD05608,C05608,M013,T013,2026-07-01 02:13:00,46560000,VN,DEV1543,0
TXN08123,CARD00536,C00536,M012,T012,2026-07-25 06:25:00,17830000,VN,DEV0161,0
TXN08124,CARD00660,C00660,M006,T006,2026-07-11 05:58:00,44480000,VN,DEV1883,0
TXN08125,CARD00763,C00763,M005,T005,2026-07-26 00:52:00,6970000,SG,DEV0872,0
TXN08126,CARD01233,C01233,M014,T014,2026-07-07 13:26:00,42630000,VN,DEV1588,0
TXN08127,CARD03590,C03590,M009,T009,2026-07-15 21:44:00,22330000,VN,DEV0532,0
TXN08128,CARD02664,C02664,M003,T003,2026-07-09 02:38:00,20340000,SG,DEV0191,0
TXN08129,CARD01305,C01305,M014,T014,2026-07-20 07:58:00,41610000,VN,DEV0136,0
TXN08130,CARD08863,C08863,M002,T002,2026-07-18 00:06:00,8930000,HK,DEV0636,0
TXN08131,CARD06545,C06545,M012,T012,2026-07-09 21:25:00,2620000,VN,DEV1487,0
TXN08132,CARD05250,C05250,M008,T008,2026-07-22 07:07:00,15060000,VN,DEV0745,0
TXN08133,CARD06022,C06022,M009,T009,2026-07-18 20:27:00,1050000,HK,NEW_DEVICE,1
TXN08134,CARD02893,C02893,M007,T007,2026-07-23 00:30:00,20810000,VN,DEV1583,0
TXN08135,CARD01986,C01986,M011,T011,2026-07-17 08:31:00,12880000,VN,DEV0911,0
TXN08136,CARD02510,C02510,M009,T009,2026-07-10 22:59:00,27790000,VN,DEV0601,0
TXN08137,CARD05027,C05027,M010,T010,2026-07-16 12:18:00,40450000,VN,DEV0327,0
TXN08138,CARD09061,C09061,M011,T011,2026-07-01 03:30:00,35630000,VN,DEV1462,0
TXN08139,CARD00132,C00132,M004,T004,2026-07-12 21:34:00,23290000,HK,DEV0432,0
TXN08140,CARD07657,C07657,M012,T012,2026-07-23 08:01:00,21580000,VN,DEV0975,0
TXN08141,CARD00580,C00580,M002,T002,2026-07-22 03:50:00,39070000,HK,DEV1297,0
TXN08142,CARD05896,C05896,M013,T013,2026-07-20 04:12:00,12020000,VN,DEV0410,0
TXN08143,CARD08609,C08609,M011,T011,2026-07-23 05:59:00,27900000,VN,DEV1004,0
TXN08144,CARD08095,C08095,M014,T014,2026-07-24 03:24:00,45250000,VN,DEV1110,0
TXN08145,CARD03901,C03901,M011,T011,2026-07-07 20:03:00,23000000,VN,DEV0637,0
TXN08146,CARD08816,C08816,M005,T005,2026-07-12 22:00:00,44480000,HK,DEV1673,0
TXN08147,CARD03983,C03983,M003,T003,2026-07-28 02:31:00,30710000,US,DEV0134,0
TXN08148,CARD02041,C02041,M007,T007,2026-07-02 12:57:00,26670000,VN,DEV1692,0
TXN08149,CARD03970,C03970,M008,T008,2026-07-12 03:45:00,30780000,VN,DEV1969,0
TXN08150,CARD06269,C06269,M014,T014,2026-07-18 05:18:00,33680000,VN,DEV1292,0
TXN08151,CARD04984,C04984,M007,T007,2026-07-10 03:53:00,33750000,VN,DEV1501,0
TXN08152,CARD01359,C01359,M013,T013,2026-07-26 15:11:00,32220000,VN,DEV1414,0
TXN08153,CARD07981,C07981,M008,T008,2026-07-03 00:30:00,44410000,VN,DEV0551,0
TXN08154,CARD05626,C05626,M010,T010,2026-07-08 13:56:00,43380000,VN,DEV0429,0
TXN08155,CARD04274,C04274,M013,T013,2026-07-18 03:56:00,46600000,VN,DEV0118,0
TXN08156,CARD08029,C08029,M009,T009,2026-07-19 05:28:00,6260000,VN,DEV1883,0
TXN08157,CARD03361,C03361,M003,T003,2026-07-22 10:33:00,20350000,SG,DEV1834,0
TXN08158,CARD01049,C01049,M010,T010,2026-07-01 16:48:00,49280000,VN,DEV1697,0
TXN08159,CARD07750,C07750,M007,T007,2026-07-04 07:17:00,15710000,VN,DEV1011,0
TXN08160,CARD03695,C03695,M009,T009,2026-07-16 00:31:00,17200000,VN,DEV0817,0
TXN08161,CARD00338,C00338,M005,T005,2026-07-23 03:52:00,2620000,US,DEV1524,0
TXN08162,CARD09701,C09701,M002,T002,2026-07-15 01:38:00,26290000,HK,DEV1021,0
TXN08163,CARD03453,C03453,M013,T013,2026-07-05 02:17:00,19950000,VN,DEV0169,0
TXN08164,CARD01453,C01453,M011,T011,2026-07-05 01:33:00,29720000,VN,DEV0726,0
TXN08165,CARD03397,C03397,M002,T002,2026-07-13 02:59:00,19280000,SG,DEV1163,0
TXN08166,CARD05327,C05327,M009,T009,2026-07-10 11:55:00,44350000,VN,DEV0796,0
TXN08167,CARD02129,C02129,M003,T003,2026-07-18 01:47:00,6270000,SG,DEV0049,0
TXN08168,CARD06144,C06144,M003,T003,2026-07-07 21:54:00,26030000,US,DEV0966,0
TXN08169,CARD02892,C02892,M002,T002,2026-07-05 05:50:00,16360000,SG,NEW_DEVICE,1
TXN08170,CARD09397,C09397,M010,T010,2026-07-22 10:08:00,36700000,VN,DEV1297,0
TXN08171,CARD08141,C08141,M008,T008,2026-07-22 19:54:00,7720000,VN,DEV1056,0
TXN08172,CARD06921,C06921,M012,T012,2026-07-14 18:46:00,13030000,VN,DEV0839,0
TXN08173,CARD07909,C07909,M003,T003,2026-07-12 07:56:00,33050000,US,DEV0014,0
TXN08174,CARD06639,C06639,M002,T002,2026-07-18 05:58:00,44380000,HK,DEV1465,0
TXN08175,CARD05101,C05101,M001,T001,2026-07-20 10:20:00,4170000,VN,DEV0557,0
TXN08176,CARD04126,C04126,M001,T001,2026-07-05 03:39:00,10640000,VN,DEV1600,0
TXN08177,CARD01592,C01592,M004,T004,2026-07-24 20:31:00,26090000,US,DEV1743,0
TXN08178,CARD00757,C00757,M006,T006,2026-07-01 23:41:00,4600000,VN,DEV1991,0
TXN08179,CARD02829,C02829,M013,T013,2026-07-14 16:16:00,40560000,VN,DEV1313,0
TXN08180,CARD01555,C01555,M011,T011,2026-07-22 14:28:00,28160000,VN,DEV0145,0
TXN08181,CARD08830,C08830,M009,T009,2026-07-10 03:37:00,17040000,US,NEW_DEVICE,1
TXN08182,CARD08318,C08318,M002,T002,2026-07-08 15:38:00,35730000,US,DEV0899,0
TXN08183,CARD00667,C00667,M008,T008,2026-07-12 03:00:00,21640000,VN,DEV0613,0
TXN08184,CARD06314,C06314,M006,T006,2026-07-11 12:06:00,41270000,VN,DEV1061,0
TXN08185,CARD08985,C08985,M011,T011,2026-07-12 19:37:00,39260000,VN,DEV0167,0
TXN08186,CARD02788,C02788,M007,T007,2026-07-09 15:42:00,15410000,VN,DEV1612,0
TXN08187,CARD01217,C01217,M002,T002,2026-07-26 23:44:00,3590000,SG,DEV1343,0
TXN08188,CARD07783,C07783,M009,T009,2026-07-07 19:36:00,30350000,VN,DEV0229,0
TXN08189,CARD08695,C08695,M010,T010,2026-07-10 08:49:00,41160000,VN,DEV0740,0
TXN08190,CARD05080,C05080,M014,T014,2026-07-04 06:27:00,46530000,VN,DEV0462,0
TXN08191,CARD08839,C08839,M013,T013,2026-07-09 16:02:00,48830000,VN,DEV1993,0
TXN08192,CARD06064,C06064,M002,T002,2026-07-13 20:12:00,23600000,US,DEV1390,0
TXN08193,CARD05278,C05278,M006,T006,2026-07-14 09:02:00,6750000,VN,DEV0436,0
TXN08194,CARD01200,C01200,M012,T012,2026-07-27 10:41:00,14020000,VN,DEV1444,0
TXN08195,CARD08053,C08053,M010,T010,2026-07-15 17:25:00,41980000,VN,DEV1130,0
TXN08196,CARD00756,C00756,M007,T007,2026-07-10 06:06:00,35990000,VN,DEV0203,0
TXN08197,CARD03798,C03798,M004,T004,2026-07-07 09:27:00,4500000,HK,DEV0292,0
TXN08198,CARD08019,C08019,M009,T009,2026-07-01 23:37:00,34790000,VN,DEV1078,0
TXN08199,CARD09235,C09235,M013,T013,2026-07-09 06:32:00,46090000,VN,DEV0441,0
TXN08200,CARD00244,C00244,M003,T003,2026-07-25 04:27:00,27970000,US,DEV1944,0
TXN08201,CARD00838,C00838,M013,T013,2026-07-05 07:15:00,680000,SG,NEW_DEVICE,1
TXN08202,CARD00581,C00581,M008,T008,2026-07-05 07:11:00,47380000,VN,DEV1181,0
TXN08203,CARD01528,C01528,M006,T006,2026-07-13 02:27:00,31980000,VN,DEV1446,0
TXN08204,CARD08749,C08749,M003,T003,2026-07-03 05:38:00,37930000,US,DEV1921,0
TXN08205,CARD02056,C02056,M001,T001,2026-07-15 14:18:00,4210000,VN,DEV0380,0
TXN08206,CARD00013,C00013,M005,T005,2026-07-12 09:02:00,34360000,SG,DEV1641,0
TXN08207,CARD04156,C04156,M008,T008,2026-07-10 22:17:00,22870000,VN,DEV1805,0
TXN08208,CARD02453,C02453,M014,T014,2026-07-18 06:21:00,26410000,VN,DEV1092,0
TXN08209,CARD07139,C07139,M005,T005,2026-07-11 11:49:00,3240000,US,DEV1159,0
TXN08210,CARD03179,C03179,M004,T004,2026-07-20 11:09:00,9660000,HK,DEV1755,0
TXN08211,CARD05038,C05038,M002,T002,2026-07-24 09:14:00,32960000,HK,DEV1286,0
TXN08212,CARD08588,C08588,M001,T001,2026-07-06 20:50:00,34930000,VN,DEV0268,0
TXN08213,CARD04061,C04061,M003,T003,2026-07-06 10:01:00,17860000,HK,DEV1136,0
TXN08214,CARD09322,C09322,M004,T004,2026-07-19 07:35:00,37210000,HK,DEV0707,0
TXN08215,CARD09380,C09380,M006,T006,2026-07-07 12:44:00,34790000,VN,DEV0551,0
TXN08216,CARD02846,C02846,M012,T012,2026-07-14 08:46:00,43590000,VN,DEV1131,0
TXN08217,CARD03549,C03549,M004,T004,2026-07-18 03:01:00,19740000,US,DEV1237,0
TXN08218,CARD00342,C00342,M006,T006,2026-07-03 09:19:00,46880000,VN,DEV1384,0
TXN08219,CARD06506,C06506,M004,T004,2026-07-12 19:18:00,670000,US,DEV1710,0
TXN08220,CARD07457,C07457,M007,T007,2026-07-06 14:03:00,740000,VN,DEV0741,0
TXN08221,CARD02304,C02304,M004,T004,2026-07-10 01:36:00,35370000,US,DEV1084,0
TXN08222,CARD03872,C03872,M001,T001,2026-07-26 14:35:00,32340000,VN,DEV1371,0
TXN08223,CARD00143,C00143,M013,T013,2026-07-13 16:42:00,40570000,VN,DEV1415,0
TXN08224,CARD02212,C02212,M012,T012,2026-07-15 09:33:00,2720000,VN,DEV1581,0
TXN08225,CARD09892,C09892,M005,T005,2026-07-18 14:44:00,10400000,SG,DEV1745,0
TXN08226,CARD05022,C05022,M005,T005,2026-07-27 21:19:00,2830000,US,DEV0081,0
TXN08227,CARD02236,C02236,M011,T011,2026-07-09 06:35:00,28210000,VN,DEV1707,0
TXN08228,CARD01835,C01835,M005,T005,2026-07-07 16:49:00,920000,SG,DEV0705,0
TXN08229,CARD04076,C04076,M003,T003,2026-07-17 20:25:00,45510000,HK,DEV0998,0
TXN08230,CARD00025,C00025,M009,T009,2026-07-07 20:23:00,2650000,VN,DEV1606,0
TXN08231,CARD04215,C04215,M003,T003,2026-07-19 01:18:00,33830000,SG,DEV0341,0
TXN08232,CARD05700,C05700,M005,T005,2026-07-08 18:32:00,100000,SG,DEV0116,0
TXN08233,CARD08368,C08368,M014,T014,2026-07-18 14:58:00,21880000,VN,DEV1241,0
TXN08234,CARD00213,C00213,M005,T005,2026-07-27 02:50:00,28490000,US,DEV0672,0
TXN08235,CARD05244,C05244,M014,T014,2026-07-24 17:10:00,5230000,VN,DEV0322,0
TXN08236,CARD04604,C04604,M005,T005,2026-07-04 10:05:00,46540000,HK,DEV0364,0
TXN08237,CARD08598,C08598,M011,T011,2026-07-20 19:43:00,14660000,VN,DEV0688,0
TXN08238,CARD00409,C00409,M002,T002,2026-07-21 10:41:00,25110000,HK,DEV1597,0
TXN08239,CARD03939,C03939,M007,T007,2026-07-13 13:29:00,9030000,VN,DEV1116,0
TXN08240,CARD04955,C04955,M011,T011,2026-07-17 15:33:00,2490000,VN,DEV0692,0
TXN08241,CARD05548,C05548,M001,T001,2026-07-19 06:33:00,39510000,VN,DEV0476,0
TXN08242,CARD00350,C00350,M003,T003,2026-07-17 16:46:00,9030000,HK,DEV1209,0
TXN08243,CARD01797,C01797,M005,T005,2026-07-19 19:59:00,13110000,SG,DEV1125,0
TXN08244,CARD03235,C03235,M001,T001,2026-07-04 03:51:00,6340000,VN,DEV0319,0
TXN08245,CARD01805,C01805,M004,T004,2026-07-04 12:12:00,39280000,HK,DEV1068,0
TXN08246,CARD02812,C02812,M008,T008,2026-07-18 11:53:00,2540000,VN,NEW_DEVICE,1
TXN08247,CARD09160,C09160,M005,T005,2026-07-05 06:05:00,30490000,SG,DEV0651,0
TXN08248,CARD05184,C05184,M006,T006,2026-07-21 01:07:00,1230000,VN,DEV1530,0
TXN08249,CARD03279,C03279,M011,T011,2026-07-22 09:39:00,7960000,VN,DEV0382,0
TXN08250,CARD05763,C05763,M003,T003,2026-07-10 17:08:00,43340000,HK,DEV1565,0
TXN08251,CARD02819,C02819,M002,T002,2026-07-09 18:38:00,47760000,US,NEW_DEVICE,1
TXN08252,CARD05746,C05746,M014,T014,2026-07-01 00:45:00,30200000,VN,DEV0461,0
TXN08253,CARD09941,C09941,M005,T005,2026-07-15 04:04:00,27540000,US,DEV1355,0
TXN08254,CARD04441,C04441,M011,T011,2026-07-25 15:04:00,19710000,VN,DEV1993,0
TXN08255,CARD00773,C00773,M002,T002,2026-07-12 11:30:00,27990000,HK,DEV0270,0
TXN08256,CARD00185,C00185,M007,T007,2026-07-09 01:41:00,32940000,VN,DEV0438,0
TXN08257,CARD00880,C00880,M011,T011,2026-07-20 01:37:00,18360000,VN,DEV1488,0
TXN08258,CARD02349,C02349,M006,T006,2026-07-21 10:22:00,15700000,VN,DEV1514,0
TXN08259,CARD06100,C06100,M004,T004,2026-07-19 08:05:00,35910000,HK,DEV1836,0
TXN08260,CARD00644,C00644,M012,T012,2026-07-23 00:15:00,15430000,VN,DEV1352,0
TXN08261,CARD08366,C08366,M006,T006,2026-07-13 13:47:00,38060000,VN,DEV0580,0
TXN08262,CARD07173,C07173,M008,T008,2026-07-24 01:32:00,26220000,VN,DEV0944,0
TXN08263,CARD06846,C06846,M002,T002,2026-07-25 01:27:00,37700000,US,DEV1755,0
TXN08264,CARD02779,C02779,M012,T012,2026-07-21 01:44:00,46780000,SG,NEW_DEVICE,1
TXN08265,CARD03678,C03678,M005,T005,2026-07-05 12:53:00,20480000,HK,DEV1796,0
TXN08266,CARD04508,C04508,M005,T005,2026-07-21 21:18:00,32170000,HK,DEV1977,0
TXN08267,CARD03824,C03824,M014,T014,2026-07-08 07:48:00,1040000,VN,DEV0521,0
TXN08268,CARD02831,C02831,M012,T012,2026-07-07 10:00:00,48020000,VN,DEV0862,0
TXN08269,CARD07159,C07159,M004,T004,2026-07-03 07:46:00,41590000,SG,DEV1769,0
TXN08270,CARD00560,C00560,M006,T006,2026-07-26 10:16:00,25010000,VN,DEV1964,0
TXN08271,CARD00152,C00152,M012,T012,2026-07-05 00:04:00,9500000,VN,DEV0262,0
TXN08272,CARD08278,C08278,M005,T005,2026-07-23 15:16:00,38040000,SG,DEV0556,0
TXN08273,CARD04744,C04744,M009,T009,2026-07-20 18:49:00,25430000,VN,DEV1333,0
TXN08274,CARD02048,C02048,M003,T003,2026-07-05 09:14:00,49760000,SG,DEV1228,0
TXN08275,CARD07857,C07857,M007,T007,2026-07-21 22:00:00,46900000,VN,DEV1831,0
TXN08276,CARD09648,C09648,M005,T005,2026-07-21 12:33:00,25100000,SG,DEV1807,0
TXN08277,CARD02365,C02365,M005,T005,2026-07-12 11:59:00,30510000,HK,DEV0137,0
TXN08278,CARD02169,C02169,M013,T013,2026-07-04 04:29:00,34070000,VN,DEV0017,0
TXN08279,CARD06223,C06223,M007,T007,2026-07-07 04:31:00,7350000,NG,NEW_DEVICE,1
TXN08280,CARD07547,C07547,M002,T002,2026-07-19 06:39:00,36270000,SG,DEV1299,0
TXN08281,CARD06097,C06097,M011,T011,2026-07-25 17:00:00,9140000,VN,DEV1444,0
TXN08282,CARD04519,C04519,M011,T011,2026-07-17 09:49:00,38030000,VN,DEV1850,0
TXN08283,CARD05191,C05191,M008,T008,2026-07-18 19:23:00,41150000,VN,DEV1655,0
TXN08284,CARD06209,C06209,M003,T003,2026-07-03 03:54:00,37940000,SG,DEV1211,0
TXN08285,CARD09055,C09055,M007,T007,2026-07-20 06:24:00,27990000,VN,DEV1958,0
TXN08286,CARD05888,C05888,M007,T007,2026-07-10 14:57:00,3570000,VN,DEV0593,0
TXN08287,CARD04423,C04423,M003,T003,2026-07-02 22:32:00,7030000,SG,DEV1969,0
TXN08288,CARD05776,C05776,M014,T014,2026-07-21 22:31:00,8180000,VN,DEV0165,0
TXN08289,CARD02688,C02688,M012,T012,2026-07-11 18:26:00,20250000,VN,DEV0399,0
TXN08290,CARD04276,C04276,M003,T003,2026-07-21 19:03:00,18120000,US,DEV1471,0
TXN08291,CARD01062,C01062,M013,T013,2026-07-02 15:29:00,21130000,VN,DEV1024,0
TXN08292,CARD08371,C08371,M009,T009,2026-07-15 21:41:00,37800000,VN,DEV1252,0
TXN08293,CARD00436,C00436,M003,T003,2026-07-26 13:52:00,34150000,US,DEV1509,0
TXN08294,CARD02363,C02363,M012,T012,2026-07-16 07:57:00,8700000,VN,DEV0020,0
TXN08295,CARD00996,C00996,M004,T004,2026-07-01 09:45:00,44650000,SG,DEV1693,0
TXN08296,CARD01302,C01302,M005,T005,2026-07-06 09:11:00,7190000,SG,DEV1249,0
TXN08297,CARD00528,C00528,M008,T008,2026-07-12 20:12:00,18080000,VN,DEV1071,0
TXN08298,CARD08087,C08087,M011,T011,2026-07-17 09:20:00,45940000,VN,DEV0941,0
TXN08299,CARD00614,C00614,M005,T005,2026-07-04 23:03:00,16560000,HK,DEV1965,0
TXN08300,CARD00246,C00246,M010,T010,2026-07-09 15:46:00,44470000,VN,DEV0149,0
TXN08301,CARD05932,C05932,M014,T014,2026-07-25 03:56:00,18420000,VN,DEV1596,0
TXN08302,CARD03200,C03200,M011,T011,2026-07-02 23:13:00,31080000,VN,DEV0179,0
TXN08303,CARD03591,C03591,M004,T004,2026-07-25 16:32:00,2890000,HK,DEV1454,0
TXN08304,CARD05462,C05462,M010,T010,2026-07-05 18:11:00,32880000,VN,DEV1923,0
TXN08305,CARD00635,C00635,M004,T004,2026-07-05 03:44:00,12610000,HK,DEV0642,0
TXN08306,CARD08548,C08548,M012,T012,2026-07-09 23:36:00,22190000,VN,DEV0714,0
TXN08307,CARD01157,C01157,M005,T005,2026-07-19 20:40:00,33390000,HK,DEV0985,0
TXN08308,CARD08293,C08293,M006,T006,2026-07-04 17:04:00,27200000,VN,DEV0143,0
TXN08309,CARD09870,C09870,M002,T002,2026-07-04 11:42:00,2340000,US,DEV0974,0
TXN08310,CARD04069,C04069,M011,T011,2026-07-24 21:17:00,35920000,VN,DEV1331,0
TXN08311,CARD07939,C07939,M013,T013,2026-07-18 01:23:00,17080000,VN,DEV1605,0
TXN08312,CARD02439,C02439,M012,T012,2026-07-24 01:51:00,680000,VN,DEV0023,0
TXN08313,CARD01318,C01318,M005,T005,2026-07-02 20:13:00,29480000,US,DEV1600,0
TXN08314,CARD06777,C06777,M002,T002,2026-07-03 07:53:00,38560000,US,DEV1574,0
TXN08315,CARD04344,C04344,M008,T008,2026-07-22 06:36:00,48920000,VN,DEV0769,0
TXN08316,CARD04995,C04995,M007,T007,2026-07-21 00:10:00,18490000,VN,DEV0881,0
TXN08317,CARD00687,C00687,M002,T002,2026-07-18 14:17:00,35830000,US,DEV1874,0
TXN08318,CARD04683,C04683,M006,T006,2026-07-18 22:46:00,7990000,VN,DEV1706,0
TXN08319,CARD00168,C00168,M004,T004,2026-07-01 11:17:00,34120000,NG,NEW_DEVICE,1
TXN08320,CARD06817,C06817,M001,T001,2026-07-08 20:42:00,19970000,VN,DEV1727,0
TXN08321,CARD02525,C02525,M014,T014,2026-07-18 11:05:00,26160000,VN,DEV1843,0
TXN08322,CARD00777,C00777,M012,T012,2026-07-03 03:05:00,47460000,VN,DEV0060,0
TXN08323,CARD08453,C08453,M010,T010,2026-07-15 19:21:00,14180000,VN,DEV0756,0
TXN08324,CARD06371,C06371,M010,T010,2026-07-09 07:58:00,28560000,NG,NEW_DEVICE,1
TXN08325,CARD07573,C07573,M012,T012,2026-07-13 05:29:00,23360000,VN,DEV0565,0
TXN08326,CARD05717,C05717,M010,T010,2026-07-22 04:43:00,44810000,VN,DEV1055,0
TXN08327,CARD09868,C09868,M002,T002,2026-07-25 01:31:00,16310000,HK,DEV1563,0
TXN08328,CARD04818,C04818,M001,T001,2026-07-05 16:21:00,47520000,VN,DEV1099,0
TXN08329,CARD04253,C04253,M001,T001,2026-07-17 04:40:00,45610000,VN,DEV1949,0
TXN08330,CARD01636,C01636,M006,T006,2026-07-16 05:28:00,12380000,VN,DEV0562,0
TXN08331,CARD03057,C03057,M013,T013,2026-07-02 00:07:00,20660000,VN,DEV1132,0
TXN08332,CARD09818,C09818,M007,T007,2026-07-03 00:36:00,45940000,VN,DEV0512,0
TXN08333,CARD06365,C06365,M004,T004,2026-07-07 13:11:00,19460000,US,DEV0787,0
TXN08334,CARD05931,C05931,M004,T004,2026-07-16 04:39:00,31760000,HK,DEV0097,0
TXN08335,CARD08817,C08817,M001,T001,2026-07-23 09:04:00,44040000,VN,DEV0032,0
TXN08336,CARD00352,C00352,M006,T006,2026-07-19 23:58:00,500000,VN,DEV1762,0
TXN08337,CARD03959,C03959,M004,T004,2026-07-19 03:31:00,11320000,SG,DEV0555,0
TXN08338,CARD08321,C08321,M006,T006,2026-07-27 09:54:00,37180000,VN,DEV0761,0
TXN08339,CARD05694,C05694,M002,T002,2026-07-18 18:28:00,15530000,SG,DEV0516,0
TXN08340,CARD08583,C08583,M013,T013,2026-07-02 05:43:00,48880000,VN,DEV1747,0
TXN08341,CARD08552,C08552,M005,T005,2026-07-21 04:04:00,43060000,US,DEV0531,0
TXN08342,CARD00190,C00190,M011,T011,2026-07-07 23:38:00,16160000,VN,DEV0927,0
TXN08343,CARD04062,C04062,M001,T001,2026-07-20 01:20:00,6570000,VN,DEV1942,0
TXN08344,CARD07837,C07837,M010,T010,2026-07-16 07:33:00,45150000,VN,DEV0405,0
TXN08345,CARD02098,C02098,M011,T011,2026-07-02 20:32:00,8730000,VN,DEV0802,0
TXN08346,CARD00817,C00817,M003,T003,2026-07-16 06:58:00,35510000,SG,DEV0213,0
TXN08347,CARD00162,C00162,M011,T011,2026-07-04 03:40:00,46140000,VN,DEV1041,0
TXN08348,CARD06477,C06477,M003,T003,2026-07-23 17:32:00,31260000,US,DEV0988,0
TXN08349,CARD02622,C02622,M007,T007,2026-07-06 06:09:00,10780000,VN,DEV1802,0
TXN08350,CARD05627,C05627,M011,T011,2026-07-24 01:16:00,34920000,VN,DEV0471,0
TXN08351,CARD08595,C08595,M006,T006,2026-07-28 03:54:00,39370000,VN,DEV0192,0
TXN08352,CARD04414,C04414,M014,T014,2026-07-12 02:33:00,4260000,VN,DEV1011,0
TXN08353,CARD01259,C01259,M009,T009,2026-07-22 04:59:00,24840000,VN,DEV1041,0
TXN08354,CARD09728,C09728,M001,T001,2026-07-21 10:36:00,33270000,VN,DEV1410,0
TXN08355,CARD06846,C06846,M002,T002,2026-07-07 16:25:00,34020000,HK,DEV1777,0
TXN08356,CARD01642,C01642,M001,T001,2026-07-08 21:24:00,38860000,VN,DEV0824,0
TXN08357,CARD01451,C01451,M005,T005,2026-07-21 03:24:00,47960000,HK,DEV0558,0
TXN08358,CARD07489,C07489,M010,T010,2026-07-04 08:28:00,44050000,VN,DEV0592,0
TXN08359,CARD04676,C04676,M011,T011,2026-07-17 00:47:00,27230000,VN,DEV0037,0
TXN08360,CARD08428,C08428,M014,T014,2026-07-09 14:08:00,38930000,VN,DEV1670,0
TXN08361,CARD05823,C05823,M002,T002,2026-07-19 13:36:00,11760000,HK,DEV0984,0
TXN08362,CARD09906,C09906,M006,T006,2026-07-11 21:44:00,18660000,VN,DEV1361,0
TXN08363,CARD02275,C02275,M005,T005,2026-07-21 23:31:00,46270000,SG,DEV0052,0
TXN08364,CARD05337,C05337,M009,T009,2026-07-14 09:38:00,47580000,VN,DEV1328,0
TXN08365,CARD07213,C07213,M012,T012,2026-07-27 19:14:00,2800000,VN,NEW_DEVICE,1
TXN08366,CARD05092,C05092,M014,T014,2026-07-23 18:58:00,4430000,VN,DEV0734,0
TXN08367,CARD01690,C01690,M005,T005,2026-07-09 06:07:00,2540000,US,DEV1208,0
TXN08368,CARD09929,C09929,M003,T003,2026-07-17 07:42:00,37060000,HK,DEV0765,0
TXN08369,CARD04506,C04506,M002,T002,2026-07-11 20:20:00,45790000,US,DEV1345,0
TXN08370,CARD09817,C09817,M005,T005,2026-07-13 20:26:00,40200000,HK,DEV0370,0
TXN08371,CARD08089,C08089,M003,T003,2026-07-02 09:41:00,19130000,HK,DEV1707,0
TXN08372,CARD06245,C06245,M013,T013,2026-07-24 01:11:00,3170000,VN,DEV0622,0
TXN08373,CARD06851,C06851,M009,T009,2026-07-14 19:41:00,39020000,VN,NEW_DEVICE,1
TXN08374,CARD01909,C01909,M007,T007,2026-07-02 04:36:00,35120000,VN,DEV1366,0
TXN08375,CARD04311,C04311,M011,T011,2026-07-02 08:54:00,39530000,VN,DEV0316,0
TXN08376,CARD02954,C02954,M011,T011,2026-07-22 21:12:00,29850000,VN,DEV1751,0
TXN08377,CARD09851,C09851,M012,T012,2026-07-13 07:12:00,25480000,VN,DEV1064,0
TXN08378,CARD05272,C05272,M004,T004,2026-07-25 15:53:00,38990000,HK,DEV0735,0
TXN08379,CARD05480,C05480,M012,T012,2026-07-23 12:22:00,27800000,VN,DEV0193,0
TXN08380,CARD05916,C05916,M007,T007,2026-07-12 09:09:00,48500000,VN,DEV1878,0
TXN08381,CARD06193,C06193,M007,T007,2026-07-15 00:44:00,23220000,VN,DEV1190,0
TXN08382,CARD03456,C03456,M006,T006,2026-07-02 05:45:00,17020000,VN,DEV1917,0
TXN08383,CARD07547,C07547,M005,T005,2026-07-05 02:21:00,39130000,US,DEV0131,0
TXN08384,CARD08948,C08948,M001,T001,2026-07-07 14:29:00,19970000,VN,DEV0732,0
TXN08385,CARD01435,C01435,M010,T010,2026-07-13 22:03:00,40180000,VN,DEV1242,0
TXN08386,CARD05559,C05559,M012,T012,2026-07-05 11:27:00,16410000,VN,DEV1958,0
TXN08387,CARD02543,C02543,M004,T004,2026-07-03 12:52:00,25040000,US,DEV1385,0
TXN08388,CARD08798,C08798,M012,T012,2026-07-10 11:30:00,2970000,VN,DEV1254,0
TXN08389,CARD09928,C09928,M006,T006,2026-07-09 05:55:00,26090000,VN,DEV1542,0
TXN08390,CARD04428,C04428,M007,T007,2026-07-28 04:46:00,44060000,VN,DEV0789,0
TXN08391,CARD00637,C00637,M014,T014,2026-07-24 22:31:00,14490000,VN,DEV1085,0
TXN08392,CARD03561,C03561,M003,T003,2026-07-26 03:29:00,46570000,SG,DEV0035,0
TXN08393,CARD00427,C00427,M013,T013,2026-07-02 07:45:00,40530000,VN,DEV0367,0
TXN08394,CARD05102,C05102,M008,T008,2026-07-13 17:32:00,24740000,VN,DEV0970,0
TXN08395,CARD05060,C05060,M007,T007,2026-07-20 06:40:00,37300000,VN,DEV1241,0
TXN08396,CARD03586,C03586,M012,T012,2026-07-27 01:55:00,48700000,VN,DEV0625,0
TXN08397,CARD07679,C07679,M004,T004,2026-07-13 12:30:00,27840000,HK,DEV0845,0
TXN08398,CARD04682,C04682,M002,T002,2026-07-19 05:15:00,47410000,US,DEV1077,0
TXN08399,CARD04094,C04094,M002,T002,2026-07-15 02:56:00,22950000,VN,NEW_DEVICE,1
TXN08400,CARD01967,C01967,M007,T007,2026-07-04 12:00:00,20590000,VN,DEV0211,0
TXN08401,CARD05075,C05075,M002,T002,2026-07-28 05:51:00,38040000,SG,DEV1819,0
TXN08402,CARD01821,C01821,M013,T013,2026-07-07 12:51:00,28860000,VN,DEV0243,0
TXN08403,CARD07769,C07769,M011,T011,2026-07-01 02:15:00,23970000,VN,DEV1844,0
TXN08404,CARD00714,C00714,M011,T011,2026-07-25 08:44:00,46690000,VN,DEV1061,0
TXN08405,CARD06884,C06884,M010,T010,2026-07-01 03:28:00,840000,HK,NEW_DEVICE,1
TXN08406,CARD05990,C05990,M007,T007,2026-07-23 03:40:00,42950000,VN,DEV1542,0
TXN08407,CARD06092,C06092,M009,T009,2026-07-16 21:04:00,10500000,VN,DEV1482,0
TXN08408,CARD02369,C02369,M001,T001,2026-07-16 00:15:00,18640000,VN,DEV1373,0
TXN08409,CARD05777,C05777,M011,T011,2026-07-07 04:38:00,24290000,VN,DEV1277,0
TXN08410,CARD06698,C06698,M010,T010,2026-07-14 05:25:00,42110000,VN,DEV1620,0
TXN08411,CARD05034,C05034,M001,T001,2026-07-15 05:55:00,22120000,NG,NEW_DEVICE,1
TXN08412,CARD03323,C03323,M007,T007,2026-07-24 10:30:00,40570000,VN,DEV1855,0
TXN08413,CARD06950,C06950,M012,T012,2026-07-17 17:28:00,48500000,VN,DEV1954,0
TXN08414,CARD09146,C09146,M003,T003,2026-07-19 22:04:00,5010000,US,DEV0403,0
TXN08415,CARD02770,C02770,M006,T006,2026-07-12 08:29:00,33730000,VN,DEV1232,0
TXN08416,CARD06252,C06252,M003,T003,2026-07-14 17:42:00,14730000,HK,DEV0502,0
TXN08417,CARD07916,C07916,M008,T008,2026-07-16 03:50:00,4900000,VN,DEV1347,0
TXN08418,CARD07153,C07153,M011,T011,2026-07-26 22:40:00,7910000,VN,DEV1756,0
TXN08419,CARD00775,C00775,M011,T011,2026-07-19 03:14:00,5530000,VN,DEV1237,0
TXN08420,CARD02500,C02500,M014,T014,2026-07-18 05:17:00,8220000,VN,DEV1293,0
TXN08421,CARD02176,C02176,M006,T006,2026-07-22 18:00:00,1450000,VN,DEV0812,0
TXN08422,CARD06990,C06990,M009,T009,2026-07-22 07:31:00,28780000,NG,NEW_DEVICE,1
TXN08423,CARD04153,C04153,M005,T005,2026-07-07 07:30:00,41770000,US,DEV1228,0
TXN08424,CARD09468,C09468,M012,T012,2026-07-01 03:03:00,46860000,VN,DEV1520,0
TXN08425,CARD08618,C08618,M004,T004,2026-07-16 12:22:00,13100000,HK,DEV0214,0
TXN08426,CARD05942,C05942,M013,T013,2026-07-05 01:09:00,23700000,VN,DEV0277,0
TXN08427,CARD05212,C05212,M014,T014,2026-07-17 04:43:00,45410000,VN,DEV1633,0
TXN08428,CARD08589,C08589,M004,T004,2026-07-12 03:32:00,45410000,US,DEV1661,0
TXN08429,CARD09147,C09147,M009,T009,2026-07-03 14:56:00,27170000,VN,DEV1774,0
TXN08430,CARD06717,C06717,M012,T012,2026-07-15 12:43:00,49320000,VN,DEV1153,0
TXN08431,CARD07967,C07967,M013,T013,2026-07-06 10:50:00,19080000,VN,DEV1533,0
TXN08432,CARD08314,C08314,M003,T003,2026-07-24 08:33:00,20110000,SG,DEV0402,0
TXN08433,CARD07233,C07233,M004,T004,2026-07-01 16:35:00,14060000,HK,DEV0732,0
TXN08434,CARD01126,C01126,M001,T001,2026-07-18 15:31:00,48480000,VN,DEV0306,0
TXN08435,CARD08148,C08148,M012,T012,2026-07-25 22:10:00,39880000,VN,DEV1843,0
TXN08436,CARD00339,C00339,M002,T002,2026-07-27 10:05:00,1660000,HK,DEV0450,0
TXN08437,CARD02615,C02615,M009,T009,2026-07-19 05:39:00,21430000,VN,DEV0338,0
TXN08438,CARD02432,C02432,M002,T002,2026-07-13 17:24:00,23340000,US,DEV0041,0
TXN08439,CARD04958,C04958,M004,T004,2026-07-22 10:16:00,29500000,SG,DEV1666,0
TXN08440,CARD09950,C09950,M007,T007,2026-07-11 12:45:00,24550000,VN,DEV0177,0
TXN08441,CARD06135,C06135,M002,T002,2026-07-03 09:01:00,31280000,SG,DEV1654,0
TXN08442,CARD09276,C09276,M001,T001,2026-07-17 11:40:00,2230000,VN,DEV0651,0
TXN08443,CARD09469,C09469,M006,T006,2026-07-11 17:04:00,42470000,VN,DEV0836,0
TXN08444,CARD07950,C07950,M010,T010,2026-07-17 14:53:00,12010000,VN,DEV1889,0
TXN08445,CARD03907,C03907,M006,T006,2026-07-15 17:30:00,23720000,VN,DEV0486,0
TXN08446,CARD02783,C02783,M005,T005,2026-07-09 18:52:00,12460000,US,DEV0380,0
TXN08447,CARD06332,C06332,M010,T010,2026-07-16 13:22:00,13210000,VN,DEV0526,0
TXN08448,CARD02646,C02646,M003,T003,2026-07-20 01:40:00,11820000,SG,DEV1495,0
TXN08449,CARD08454,C08454,M012,T012,2026-07-18 05:59:00,8610000,VN,DEV0142,0
TXN08450,CARD01367,C01367,M013,T013,2026-07-04 16:46:00,48000000,VN,DEV0420,0
TXN08451,CARD03475,C03475,M014,T014,2026-07-11 21:19:00,20330000,VN,DEV0978,0
TXN08452,CARD02012,C02012,M002,T002,2026-07-22 10:23:00,8230000,US,DEV1221,0
TXN08453,CARD09633,C09633,M002,T002,2026-07-22 16:22:00,39400000,SG,DEV1830,0
TXN08454,CARD02683,C02683,M002,T002,2026-07-10 08:47:00,6210000,HK,DEV0815,0
TXN08455,CARD08405,C08405,M008,T008,2026-07-07 21:24:00,35280000,VN,DEV1495,0
TXN08456,CARD08715,C08715,M008,T008,2026-07-22 23:15:00,16070000,VN,DEV0415,0
TXN08457,CARD00402,C00402,M002,T002,2026-07-08 11:17:00,44820000,SG,DEV0828,0
TXN08458,CARD05804,C05804,M005,T005,2026-07-19 22:45:00,18470000,SG,DEV1566,0
TXN08459,CARD00683,C00683,M011,T011,2026-07-18 21:14:00,29310000,VN,DEV0489,0
TXN08460,CARD04108,C04108,M004,T004,2026-07-12 15:33:00,2070000,US,DEV1441,0
TXN08461,CARD08280,C08280,M003,T003,2026-07-06 06:18:00,25460000,SG,DEV0021,0
TXN08462,CARD09233,C09233,M008,T008,2026-07-01 22:36:00,890000,VN,DEV0016,0
TXN08463,CARD03615,C03615,M008,T008,2026-07-21 08:32:00,25100000,VN,DEV0155,0
TXN08464,CARD08871,C08871,M013,T013,2026-07-06 21:15:00,1730000,VN,DEV0515,0
TXN08465,CARD07658,C07658,M011,T011,2026-07-23 20:31:00,16670000,VN,DEV0768,0
TXN08466,CARD06759,C06759,M002,T002,2026-07-20 08:57:00,35150000,HK,DEV0848,0
TXN08467,CARD08301,C08301,M007,T007,2026-07-04 21:22:00,41100000,VN,DEV0200,0
TXN08468,CARD03132,C03132,M001,T001,2026-07-05 19:29:00,16840000,VN,DEV0201,0
TXN08469,CARD06496,C06496,M011,T011,2026-07-23 07:08:00,39330000,VN,DEV0103,0
TXN08470,CARD00029,C00029,M007,T007,2026-07-16 06:52:00,49220000,VN,DEV0604,0
TXN08471,CARD07946,C07946,M007,T007,2026-07-25 20:02:00,13510000,VN,DEV1571,0
TXN08472,CARD00563,C00563,M005,T005,2026-07-21 22:23:00,310000,SG,DEV1391,0
TXN08473,CARD00532,C00532,M012,T012,2026-07-15 18:01:00,42010000,VN,DEV0519,0
TXN08474,CARD09076,C09076,M001,T001,2026-07-24 14:16:00,10330000,VN,DEV0667,0
TXN08475,CARD05693,C05693,M011,T011,2026-07-05 13:53:00,41810000,VN,DEV1200,0
TXN08476,CARD07448,C07448,M013,T013,2026-07-25 00:26:00,47620000,VN,DEV0151,0
TXN08477,CARD07407,C07407,M013,T013,2026-07-24 07:51:00,24880000,VN,DEV1011,0
TXN08478,CARD09288,C09288,M005,T005,2026-07-03 20:50:00,16550000,HK,DEV1951,0
TXN08479,CARD08119,C08119,M012,T012,2026-07-21 00:43:00,8790000,VN,DEV0361,0
TXN08480,CARD00390,C00390,M013,T013,2026-07-05 13:32:00,13960000,VN,DEV0505,0
TXN08481,CARD04086,C04086,M003,T003,2026-07-04 15:20:00,40670000,US,DEV0280,0
TXN08482,CARD03892,C03892,M010,T010,2026-07-07 23:18:00,8310000,VN,DEV1875,0
TXN08483,CARD00973,C00973,M006,T006,2026-07-10 23:05:00,14180000,VN,DEV1308,0
TXN08484,CARD06030,C06030,M009,T009,2026-07-27 08:04:00,26030000,VN,DEV0210,0
TXN08485,CARD07300,C07300,M013,T013,2026-07-12 10:42:00,15930000,VN,DEV1115,0
TXN08486,CARD07715,C07715,M014,T014,2026-07-27 16:42:00,46570000,VN,DEV0266,0
TXN08487,CARD02086,C02086,M004,T004,2026-07-28 15:21:00,29080000,US,DEV1886,0
TXN08488,CARD09571,C09571,M008,T008,2026-07-03 22:43:00,18050000,VN,DEV1955,0
TXN08489,CARD08365,C08365,M014,T014,2026-07-10 00:45:00,47900000,HK,NEW_DEVICE,1
TXN08490,CARD06007,C06007,M014,T014,2026-07-27 22:40:00,7800000,VN,DEV1755,0
TXN08491,CARD01153,C01153,M011,T011,2026-07-24 00:56:00,37390000,VN,DEV1878,0
TXN08492,CARD03459,C03459,M011,T011,2026-07-09 13:04:00,10590000,VN,DEV1525,0
TXN08493,CARD01290,C01290,M007,T007,2026-07-17 21:20:00,19300000,VN,DEV0297,0
TXN08494,CARD04816,C04816,M013,T013,2026-07-13 19:23:00,41480000,VN,DEV0709,0
TXN08495,CARD05171,C05171,M008,T008,2026-07-16 21:21:00,15080000,VN,DEV0245,0
TXN08496,CARD03288,C03288,M002,T002,2026-07-10 14:18:00,40560000,SG,DEV1580,0
TXN08497,CARD07870,C07870,M006,T006,2026-07-02 16:17:00,130000,VN,DEV1036,0
TXN08498,CARD01707,C01707,M012,T012,2026-07-19 15:24:00,40480000,VN,DEV1174,0
TXN08499,CARD01108,C01108,M011,T011,2026-07-20 02:56:00,45190000,VN,DEV1716,0
TXN08500,CARD01998,C01998,M013,T013,2026-07-06 06:28:00,4220000,VN,DEV0552,0
TXN08501,CARD09732,C09732,M001,T001,2026-07-25 15:40:00,20180000,VN,DEV0130,0
TXN08502,CARD01964,C01964,M009,T009,2026-07-14 19:14:00,24970000,VN,DEV0799,0
TXN08503,CARD08211,C08211,M002,T002,2026-07-04 20:06:00,32900000,US,DEV0596,0
TXN08504,CARD01674,C01674,M011,T011,2026-07-01 07:15:00,43750000,VN,DEV0435,0
TXN08505,CARD07358,C07358,M007,T007,2026-07-10 22:06:00,28730000,VN,DEV0589,0
TXN08506,CARD03535,C03535,M004,T004,2026-07-26 02:54:00,22220000,US,DEV0122,0
TXN08507,CARD05199,C05199,M005,T005,2026-07-08 08:20:00,10870000,HK,DEV1706,0
TXN08508,CARD04131,C04131,M003,T003,2026-07-27 16:02:00,36400000,HK,NEW_DEVICE,1
TXN08509,CARD05860,C05860,M003,T003,2026-07-12 15:53:00,9140000,SG,NEW_DEVICE,1
TXN08510,CARD00899,C00899,M013,T013,2026-07-04 11:29:00,31400000,VN,DEV1718,0
TXN08511,CARD06836,C06836,M011,T011,2026-07-16 17:31:00,8590000,VN,DEV1975,0
TXN08512,CARD07984,C07984,M014,T014,2026-07-01 09:03:00,49620000,VN,DEV1774,0
TXN08513,CARD04964,C04964,M007,T007,2026-07-27 02:53:00,28100000,VN,DEV0327,0
TXN08514,CARD02891,C02891,M004,T004,2026-07-14 22:26:00,7650000,SG,DEV0584,0
TXN08515,CARD03156,C03156,M012,T012,2026-07-04 03:24:00,35620000,VN,DEV1491,0
TXN08516,CARD02027,C02027,M013,T013,2026-07-20 20:12:00,45070000,VN,DEV0625,0
TXN08517,CARD05619,C05619,M006,T006,2026-07-05 03:05:00,23610000,VN,DEV0474,0
TXN08518,CARD05028,C05028,M014,T014,2026-07-02 06:44:00,14630000,VN,DEV1752,0
TXN08519,CARD05665,C05665,M012,T012,2026-07-08 17:23:00,6240000,VN,DEV1712,0
TXN08520,CARD09591,C09591,M002,T002,2026-07-01 00:50:00,9070000,US,DEV0524,0
TXN08521,CARD06262,C06262,M005,T005,2026-07-28 02:42:00,40290000,US,DEV1451,0
TXN08522,CARD02943,C02943,M013,T013,2026-07-14 07:22:00,17740000,VN,DEV1263,0
TXN08523,CARD01822,C01822,M009,T009,2026-07-24 05:25:00,2200000,VN,DEV0705,0
TXN08524,CARD04992,C04992,M012,T012,2026-07-02 02:28:00,45790000,VN,DEV1005,0
TXN08525,CARD09908,C09908,M002,T002,2026-07-21 17:46:00,1840000,SG,DEV1725,0
TXN08526,CARD00486,C00486,M005,T005,2026-07-13 23:23:00,10740000,SG,DEV0195,0
TXN08527,CARD03581,C03581,M007,T007,2026-07-07 13:28:00,23010000,VN,DEV1694,0
TXN08528,CARD06777,C06777,M013,T013,2026-07-07 23:31:00,36940000,VN,DEV1344,0
TXN08529,CARD04656,C04656,M014,T014,2026-07-22 15:11:00,1440000,VN,DEV0751,0
TXN08530,CARD09778,C09778,M001,T001,2026-07-25 08:02:00,16200000,VN,DEV1716,0
TXN08531,CARD02686,C02686,M014,T014,2026-07-20 13:41:00,10960000,VN,DEV1762,0
TXN08532,CARD06349,C06349,M004,T004,2026-07-01 23:20:00,34900000,HK,DEV1341,0
TXN08533,CARD00573,C00573,M002,T002,2026-07-21 02:48:00,43210000,HK,DEV1087,0
TXN08534,CARD02972,C02972,M014,T014,2026-07-07 13:16:00,3660000,VN,DEV0917,0
TXN08535,CARD02079,C02079,M013,T013,2026-07-19 13:23:00,20730000,VN,DEV0766,0
TXN08536,CARD08359,C08359,M013,T013,2026-07-08 07:48:00,49510000,VN,DEV0908,0
TXN08537,CARD07001,C07001,M004,T004,2026-07-20 19:46:00,12630000,US,DEV1847,0
TXN08538,CARD02717,C02717,M011,T011,2026-07-20 03:49:00,49410000,VN,DEV0357,0
TXN08539,CARD09820,C09820,M014,T014,2026-07-14 12:47:00,32330000,VN,DEV0278,0
TXN08540,CARD06670,C06670,M007,T007,2026-07-15 07:47:00,32830000,VN,DEV1087,0
TXN08541,CARD00363,C00363,M006,T006,2026-07-15 09:10:00,32310000,VN,DEV1096,0
TXN08542,CARD02756,C02756,M004,T004,2026-07-01 03:45:00,18340000,SG,DEV0452,0
TXN08543,CARD02392,C02392,M011,T011,2026-07-12 17:09:00,49840000,VN,DEV0797,0
TXN08544,CARD02938,C02938,M012,T012,2026-07-24 20:14:00,39430000,VN,DEV0451,0
TXN08545,CARD08883,C08883,M012,T012,2026-07-20 12:28:00,25610000,VN,DEV1595,0
TXN08546,CARD01614,C01614,M001,T001,2026-07-12 15:35:00,16460000,VN,DEV1098,0
TXN08547,CARD05952,C05952,M004,T004,2026-07-07 15:04:00,22000000,US,DEV0756,0
TXN08548,CARD04310,C04310,M008,T008,2026-07-14 19:17:00,32320000,VN,DEV0333,0
TXN08549,CARD07307,C07307,M004,T004,2026-07-12 15:44:00,34880000,HK,DEV1123,0
TXN08550,CARD03876,C03876,M005,T005,2026-07-18 01:04:00,36510000,US,DEV0705,0
TXN08551,CARD06842,C06842,M014,T014,2026-07-11 01:16:00,17460000,VN,DEV1905,0
TXN08552,CARD00297,C00297,M005,T005,2026-07-24 21:24:00,24870000,HK,DEV1782,0
TXN08553,CARD02682,C02682,M005,T005,2026-07-04 12:18:00,26370000,US,DEV1643,0
TXN08554,CARD01028,C01028,M007,T007,2026-07-14 22:57:00,11380000,VN,DEV1290,0
TXN08555,CARD04239,C04239,M011,T011,2026-07-21 22:35:00,47860000,VN,DEV0093,0
TXN08556,CARD09257,C09257,M010,T010,2026-07-21 14:23:00,16310000,VN,DEV0859,0
TXN08557,CARD02602,C02602,M008,T008,2026-07-19 14:17:00,19340000,VN,NEW_DEVICE,1
TXN08558,CARD09365,C09365,M008,T008,2026-07-10 01:58:00,14970000,VN,DEV1138,0
TXN08559,CARD06593,C06593,M001,T001,2026-07-20 03:04:00,43160000,VN,DEV0274,0
TXN08560,CARD07215,C07215,M008,T008,2026-07-10 10:12:00,27590000,VN,DEV1507,0
TXN08561,CARD08680,C08680,M004,T004,2026-07-21 08:00:00,22670000,SG,DEV0181,0
TXN08562,CARD06329,C06329,M012,T012,2026-07-24 13:10:00,3030000,VN,DEV0392,0
TXN08563,CARD05043,C05043,M006,T006,2026-07-24 08:02:00,42530000,VN,DEV0696,0
TXN08564,CARD08026,C08026,M005,T005,2026-07-04 21:05:00,26030000,US,DEV0666,0
TXN08565,CARD08344,C08344,M003,T003,2026-07-21 16:54:00,20170000,HK,DEV0999,0
TXN08566,CARD00020,C00020,M007,T007,2026-07-19 03:14:00,2710000,VN,DEV1497,0
TXN08567,CARD09459,C09459,M004,T004,2026-07-09 06:15:00,21970000,SG,DEV0153,0
TXN08568,CARD04710,C04710,M013,T013,2026-07-18 22:28:00,33970000,VN,DEV0750,0
TXN08569,CARD06288,C06288,M007,T007,2026-07-14 05:31:00,17240000,VN,DEV1145,0
TXN08570,CARD03482,C03482,M014,T014,2026-07-10 12:23:00,7870000,VN,DEV0421,0
TXN08571,CARD09246,C09246,M012,T012,2026-07-07 09:45:00,2210000,VN,DEV1071,0
TXN08572,CARD01972,C01972,M002,T002,2026-07-04 05:57:00,2810000,US,DEV0485,0
TXN08573,CARD08729,C08729,M005,T005,2026-07-07 17:48:00,29670000,HK,DEV0396,0
TXN08574,CARD08405,C08405,M013,T013,2026-07-25 16:49:00,48490000,VN,DEV0817,0
TXN08575,CARD08806,C08806,M011,T011,2026-07-22 07:54:00,40230000,VN,DEV0332,0
TXN08576,CARD08148,C08148,M003,T003,2026-07-22 02:05:00,17870000,US,DEV0914,0
TXN08577,CARD05280,C05280,M005,T005,2026-07-04 13:58:00,2750000,SG,DEV1331,0
TXN08578,CARD03559,C03559,M011,T011,2026-07-16 06:33:00,41550000,VN,DEV1961,0
TXN08579,CARD04128,C04128,M014,T014,2026-07-25 22:06:00,21820000,VN,DEV0129,0
TXN08580,CARD07024,C07024,M010,T010,2026-07-24 07:11:00,38290000,VN,DEV0033,0
TXN08581,CARD08889,C08889,M012,T012,2026-07-27 13:19:00,7430000,VN,DEV0538,0
TXN08582,CARD05965,C05965,M013,T013,2026-07-25 17:51:00,25170000,VN,DEV1655,0
TXN08583,CARD02661,C02661,M013,T013,2026-07-13 05:46:00,48710000,VN,DEV1152,0
TXN08584,CARD03729,C03729,M004,T004,2026-07-26 02:45:00,9300000,US,DEV1336,0
TXN08585,CARD03699,C03699,M004,T004,2026-07-24 07:11:00,45360000,HK,DEV1693,0
TXN08586,CARD01243,C01243,M001,T001,2026-07-14 22:15:00,32070000,VN,DEV0883,0
TXN08587,CARD06675,C06675,M008,T008,2026-07-08 00:38:00,100000,VN,DEV0360,0
TXN08588,CARD02211,C02211,M009,T009,2026-07-16 01:50:00,200000,VN,DEV1859,0
TXN08589,CARD02815,C02815,M010,T010,2026-07-20 17:03:00,42270000,VN,DEV0720,0
TXN08590,CARD04631,C04631,M008,T008,2026-07-17 16:10:00,45820000,VN,DEV1755,0
TXN08591,CARD00417,C00417,M003,T003,2026-07-05 00:49:00,2630000,US,DEV0184,0
TXN08592,CARD04993,C04993,M008,T008,2026-07-02 08:45:00,16260000,VN,DEV0384,0
TXN08593,CARD01160,C01160,M013,T013,2026-07-21 14:32:00,5900000,VN,DEV0225,0
TXN08594,CARD07986,C07986,M002,T002,2026-07-18 10:19:00,11460000,US,DEV0887,0
TXN08595,CARD03368,C03368,M014,T014,2026-07-07 03:32:00,33760000,VN,DEV1401,0
TXN08596,CARD07960,C07960,M003,T003,2026-07-05 19:19:00,48360000,SG,DEV0262,0
TXN08597,CARD05211,C05211,M010,T010,2026-07-04 03:41:00,47890000,VN,DEV0495,0
TXN08598,CARD05000,C05000,M014,T014,2026-07-27 03:03:00,25250000,VN,DEV1030,0
TXN08599,CARD01840,C01840,M005,T005,2026-07-28 13:09:00,40640000,US,DEV1387,0
TXN08600,CARD01858,C01858,M013,T013,2026-07-04 18:30:00,28300000,VN,DEV1505,0
TXN08601,CARD08637,C08637,M001,T001,2026-07-07 12:36:00,12620000,VN,DEV1835,0
TXN08602,CARD09401,C09401,M001,T001,2026-07-27 10:08:00,38220000,VN,DEV1869,0
TXN08603,CARD01754,C01754,M001,T001,2026-07-18 11:31:00,2870000,VN,DEV1033,0
TXN08604,CARD01892,C01892,M011,T011,2026-07-16 09:39:00,6630000,VN,DEV1389,0
TXN08605,CARD08650,C08650,M003,T003,2026-07-18 15:32:00,21500000,SG,DEV1029,0
TXN08606,CARD04211,C04211,M002,T002,2026-07-16 03:20:00,41860000,SG,DEV0555,0
TXN08607,CARD06320,C06320,M004,T004,2026-07-16 03:06:00,31600000,US,DEV0627,0
TXN08608,CARD07517,C07517,M010,T010,2026-07-27 16:48:00,1720000,VN,DEV0387,0
TXN08609,CARD00041,C00041,M011,T011,2026-07-09 02:18:00,36560000,VN,DEV1535,0
TXN08610,CARD06359,C06359,M011,T011,2026-07-17 19:51:00,6490000,VN,DEV0362,0
TXN08611,CARD08330,C08330,M005,T005,2026-07-01 00:29:00,16160000,US,DEV1369,0
TXN08612,CARD03712,C03712,M010,T010,2026-07-15 01:57:00,42500000,VN,NEW_DEVICE,1
TXN08613,CARD01186,C01186,M009,T009,2026-07-10 06:56:00,37880000,VN,DEV0649,0
TXN08614,CARD00586,C00586,M007,T007,2026-07-03 17:38:00,29740000,VN,DEV0906,0
TXN08615,CARD01161,C01161,M003,T003,2026-07-14 05:46:00,15320000,US,DEV1920,0
TXN08616,CARD07739,C07739,M012,T012,2026-07-12 18:32:00,30230000,VN,DEV1589,0
TXN08617,CARD01663,C01663,M014,T014,2026-07-11 02:21:00,29920000,VN,DEV0295,0
TXN08618,CARD06287,C06287,M002,T002,2026-07-02 19:47:00,38330000,HK,DEV1109,0
TXN08619,CARD05122,C05122,M001,T001,2026-07-05 02:32:00,46370000,VN,DEV1911,0
TXN08620,CARD09130,C09130,M003,T003,2026-07-08 18:52:00,23920000,SG,DEV0738,0
TXN08621,CARD06078,C06078,M004,T004,2026-07-07 01:29:00,41090000,US,DEV0526,0
TXN08622,CARD01727,C01727,M013,T013,2026-07-22 03:30:00,16360000,VN,DEV0065,0
TXN08623,CARD05248,C05248,M002,T002,2026-07-17 22:15:00,38600000,SG,DEV0327,0
TXN08624,CARD05544,C05544,M013,T013,2026-07-15 04:14:00,30360000,VN,DEV0373,0
TXN08625,CARD09153,C09153,M008,T008,2026-07-01 22:57:00,3290000,VN,DEV0775,0
TXN08626,CARD03479,C03479,M009,T009,2026-07-02 06:44:00,46750000,VN,DEV1809,0
TXN08627,CARD08199,C08199,M012,T012,2026-07-16 00:21:00,26070000,VN,DEV0346,0
TXN08628,CARD07415,C07415,M008,T008,2026-07-06 21:21:00,40670000,VN,DEV0424,0
TXN08629,CARD04482,C04482,M002,T002,2026-07-27 04:42:00,44660000,US,DEV0244,0
TXN08630,CARD01100,C01100,M002,T002,2026-07-10 06:47:00,440000,SG,DEV1381,0
TXN08631,CARD00614,C00614,M005,T005,2026-07-12 18:16:00,34880000,US,DEV1840,0
TXN08632,CARD09162,C09162,M002,T002,2026-07-19 10:56:00,36650000,HK,DEV0774,0
TXN08633,CARD02578,C02578,M007,T007,2026-07-03 05:34:00,22030000,VN,DEV0124,0
TXN08634,CARD07071,C07071,M003,T003,2026-07-01 11:48:00,17190000,US,DEV1803,0
TXN08635,CARD09840,C09840,M008,T008,2026-07-13 01:53:00,39860000,VN,DEV0158,0
TXN08636,CARD06769,C06769,M007,T007,2026-07-22 08:35:00,2690000,VN,DEV1553,0
TXN08637,CARD03228,C03228,M007,T007,2026-07-25 21:59:00,14910000,VN,DEV1250,0
TXN08638,CARD05183,C05183,M009,T009,2026-07-22 22:22:00,19580000,VN,DEV0750,0
TXN08639,CARD05121,C05121,M002,T002,2026-07-16 17:08:00,38160000,HK,DEV1939,0
TXN08640,CARD06080,C06080,M011,T011,2026-07-21 00:14:00,4210000,VN,DEV0364,0
TXN08641,CARD01248,C01248,M001,T001,2026-07-14 19:35:00,14170000,VN,DEV0991,0
TXN08642,CARD04130,C04130,M003,T003,2026-07-27 02:31:00,42090000,HK,DEV0344,0
TXN08643,CARD04061,C04061,M003,T003,2026-07-21 11:36:00,4610000,US,DEV1820,0
TXN08644,CARD09938,C09938,M014,T014,2026-07-03 13:59:00,12070000,VN,DEV1711,0
TXN08645,CARD05181,C05181,M003,T003,2026-07-10 22:09:00,20910000,US,DEV0308,0
TXN08646,CARD05312,C05312,M013,T013,2026-07-07 08:33:00,23110000,VN,DEV0512,0
TXN08647,CARD06243,C06243,M008,T008,2026-07-06 08:17:00,42910000,VN,DEV0647,0
TXN08648,CARD05024,C05024,M004,T004,2026-07-09 14:12:00,8750000,SG,DEV0426,0
TXN08649,CARD09610,C09610,M010,T010,2026-07-08 02:33:00,48580000,VN,DEV1413,0
TXN08650,CARD04383,C04383,M013,T013,2026-07-26 10:33:00,24470000,VN,DEV0268,0
TXN08651,CARD08369,C08369,M006,T006,2026-07-08 08:02:00,19810000,VN,DEV1056,0
TXN08652,CARD06020,C06020,M005,T005,2026-07-09 06:02:00,14120000,SG,DEV1924,0
TXN08653,CARD06571,C06571,M002,T002,2026-07-01 01:41:00,22640000,US,DEV1694,0
TXN08654,CARD06091,C06091,M010,T010,2026-07-05 15:29:00,18050000,VN,DEV1897,0
TXN08655,CARD02382,C02382,M012,T012,2026-07-25 02:24:00,15770000,VN,DEV1460,0
TXN08656,CARD01809,C01809,M003,T003,2026-07-27 12:41:00,8860000,HK,DEV1156,0
TXN08657,CARD07056,C07056,M009,T009,2026-07-02 07:43:00,7620000,HK,NEW_DEVICE,1
TXN08658,CARD04922,C04922,M007,T007,2026-07-05 12:59:00,14330000,VN,DEV0942,0
TXN08659,CARD01795,C01795,M014,T014,2026-07-09 20:00:00,27630000,VN,DEV0550,0
TXN08660,CARD08148,C08148,M010,T010,2026-07-12 11:50:00,45160000,VN,DEV1714,0
TXN08661,CARD05305,C05305,M003,T003,2026-07-26 08:27:00,17880000,HK,DEV0682,0
TXN08662,CARD02484,C02484,M013,T013,2026-07-25 08:28:00,48340000,VN,DEV0665,0
TXN08663,CARD06903,C06903,M005,T005,2026-07-26 22:56:00,90000,HK,DEV1721,0
TXN08664,CARD02079,C02079,M011,T011,2026-07-03 06:58:00,46840000,VN,DEV0181,0
TXN08665,CARD04499,C04499,M002,T002,2026-07-01 21:56:00,26170000,US,DEV0320,0
TXN08666,CARD00259,C00259,M007,T007,2026-07-05 07:31:00,13120000,VN,DEV1697,0
TXN08667,CARD07734,C07734,M002,T002,2026-07-16 00:07:00,43490000,US,DEV0634,0
TXN08668,CARD08669,C08669,M004,T004,2026-07-23 07:57:00,15090000,SG,DEV0449,0
TXN08669,CARD05873,C05873,M006,T006,2026-07-23 05:23:00,31860000,VN,DEV1801,0
TXN08670,CARD01216,C01216,M009,T009,2026-07-22 22:15:00,14700000,VN,DEV0117,0
TXN08671,CARD03406,C03406,M014,T014,2026-07-20 18:55:00,4490000,VN,DEV0687,0
TXN08672,CARD02208,C02208,M006,T006,2026-07-14 07:38:00,15990000,VN,DEV1376,0
TXN08673,CARD08338,C08338,M013,T013,2026-07-06 04:24:00,47780000,VN,DEV1860,0
TXN08674,CARD06989,C06989,M003,T003,2026-07-23 06:27:00,20230000,US,DEV0374,0
TXN08675,CARD02808,C02808,M010,T010,2026-07-10 01:20:00,11940000,VN,NEW_DEVICE,1
TXN08676,CARD05085,C05085,M001,T001,2026-07-12 20:38:00,34380000,VN,DEV1303,0
TXN08677,CARD09445,C09445,M010,T010,2026-07-16 19:26:00,48230000,VN,DEV0188,0
TXN08678,CARD08903,C08903,M001,T001,2026-07-05 23:32:00,23050000,VN,DEV1936,0
TXN08679,CARD08173,C08173,M004,T004,2026-07-03 17:53:00,42990000,US,DEV0126,0
TXN08680,CARD00806,C00806,M001,T001,2026-07-15 23:38:00,400000,VN,DEV1514,0
TXN08681,CARD07982,C07982,M013,T013,2026-07-23 02:33:00,4190000,VN,DEV1187,0
TXN08682,CARD06498,C06498,M005,T005,2026-07-27 11:39:00,25110000,SG,DEV0228,0
TXN08683,CARD04188,C04188,M009,T009,2026-07-14 04:40:00,29900000,VN,DEV1757,0
TXN08684,CARD06798,C06798,M002,T002,2026-07-27 05:56:00,46490000,HK,DEV0691,0
TXN08685,CARD06635,C06635,M004,T004,2026-07-06 17:11:00,43940000,HK,DEV0613,0
TXN08686,CARD02977,C02977,M003,T003,2026-07-09 07:25:00,2200000,SG,DEV1236,0
TXN08687,CARD09409,C09409,M001,T001,2026-07-03 17:25:00,38040000,VN,DEV1037,0
TXN08688,CARD06713,C06713,M011,T011,2026-07-22 08:24:00,31080000,VN,DEV1827,0
TXN08689,CARD00578,C00578,M011,T011,2026-07-17 05:03:00,29530000,VN,DEV0920,0
TXN08690,CARD04202,C04202,M007,T007,2026-07-13 21:07:00,8370000,VN,DEV1383,0
TXN08691,CARD01866,C01866,M003,T003,2026-07-16 11:50:00,28030000,US,DEV1954,0
TXN08692,CARD03977,C03977,M007,T007,2026-07-26 05:07:00,29150000,VN,DEV0319,0
TXN08693,CARD01980,C01980,M012,T012,2026-07-10 04:45:00,19320000,VN,DEV1048,0
TXN08694,CARD05185,C05185,M014,T014,2026-07-18 20:03:00,26180000,VN,DEV0814,0
TXN08695,CARD01798,C01798,M006,T006,2026-07-05 07:18:00,40780000,VN,DEV0965,0
TXN08696,CARD09777,C09777,M014,T014,2026-07-04 22:18:00,31280000,VN,DEV0372,0
TXN08697,CARD05158,C05158,M011,T011,2026-07-09 00:25:00,8520000,VN,DEV0087,0
TXN08698,CARD02848,C02848,M010,T010,2026-07-14 11:31:00,7050000,VN,DEV1818,0
TXN08699,CARD06400,C06400,M012,T012,2026-07-27 03:57:00,18500000,VN,DEV0717,0
TXN08700,CARD08807,C08807,M002,T002,2026-07-04 09:40:00,38370000,SG,DEV0287,0
TXN08701,CARD07757,C07757,M014,T014,2026-07-01 16:02:00,12850000,VN,DEV1277,0
TXN08702,CARD04163,C04163,M003,T003,2026-07-21 07:30:00,16720000,SG,DEV1691,0
TXN08703,CARD01307,C01307,M014,T014,2026-07-22 03:41:00,30280000,VN,DEV1578,0
TXN08704,CARD02218,C02218,M011,T011,2026-07-06 21:35:00,46890000,VN,DEV0163,0
TXN08705,CARD09468,C09468,M007,T007,2026-07-12 07:35:00,29640000,VN,DEV1013,0
TXN08706,CARD02433,C02433,M014,T014,2026-07-16 06:20:00,9820000,VN,DEV0671,0
TXN08707,CARD06180,C06180,M014,T014,2026-07-07 12:18:00,31970000,SG,NEW_DEVICE,1
TXN08708,CARD08879,C08879,M005,T005,2026-07-26 22:06:00,17440000,US,DEV0967,0
TXN08709,CARD07561,C07561,M003,T003,2026-07-11 06:54:00,32120000,US,DEV0991,0
TXN08710,CARD00764,C00764,M004,T004,2026-07-12 21:44:00,26420000,US,DEV1228,0
TXN08711,CARD03400,C03400,M012,T012,2026-07-27 19:23:00,34350000,VN,DEV1175,0
TXN08712,CARD04716,C04716,M010,T010,2026-07-02 18:57:00,35950000,VN,DEV0504,0
TXN08713,CARD08713,C08713,M014,T014,2026-07-04 02:56:00,32710000,VN,DEV0481,0
TXN08714,CARD03024,C03024,M008,T008,2026-07-09 11:41:00,9530000,VN,DEV0506,0
TXN08715,CARD04912,C04912,M012,T012,2026-07-20 19:08:00,32460000,VN,DEV1700,0
TXN08716,CARD08241,C08241,M013,T013,2026-07-20 11:20:00,18500000,VN,DEV1800,0
TXN08717,CARD05629,C05629,M012,T012,2026-07-27 19:42:00,9750000,VN,DEV0876,0
TXN08718,CARD02939,C02939,M001,T001,2026-07-03 13:37:00,44230000,VN,DEV1022,0
TXN08719,CARD01631,C01631,M002,T002,2026-07-25 13:01:00,13840000,HK,DEV1981,0
TXN08720,CARD09653,C09653,M014,T014,2026-07-13 05:49:00,31480000,VN,DEV1040,0
TXN08721,CARD07480,C07480,M002,T002,2026-07-06 14:34:00,26220000,HK,DEV0938,0
TXN08722,CARD05864,C05864,M007,T007,2026-07-17 16:34:00,45590000,VN,DEV1399,0
TXN08723,CARD10000,C10000,M012,T012,2026-07-08 19:26:00,28560000,VN,DEV0211,0
TXN08724,CARD00089,C00089,M003,T003,2026-07-09 05:44:00,610000,SG,DEV1532,0
TXN08725,CARD03139,C03139,M010,T010,2026-07-04 13:51:00,45870000,VN,DEV1441,0
TXN08726,CARD09216,C09216,M011,T011,2026-07-06 03:25:00,8610000,VN,DEV0677,0
TXN08727,CARD08859,C08859,M008,T008,2026-07-24 08:18:00,13700000,VN,DEV1148,0
TXN08728,CARD00948,C00948,M010,T010,2026-07-03 18:58:00,33460000,VN,DEV1723,0
TXN08729,CARD02689,C02689,M013,T013,2026-07-04 14:17:00,41320000,VN,DEV0470,0
TXN08730,CARD02156,C02156,M011,T011,2026-07-27 08:55:00,7800000,VN,DEV1884,0
TXN08731,CARD08403,C08403,M009,T009,2026-07-05 18:35:00,43240000,VN,DEV0577,0
TXN08732,CARD02286,C02286,M012,T012,2026-07-05 05:02:00,8570000,NG,NEW_DEVICE,1
TXN08733,CARD03823,C03823,M004,T004,2026-07-08 07:59:00,26150000,HK,DEV0633,0
TXN08734,CARD07230,C07230,M001,T001,2026-07-26 19:53:00,13500000,VN,DEV0804,0
TXN08735,CARD04699,C04699,M013,T013,2026-07-25 23:39:00,7990000,VN,DEV1482,0
TXN08736,CARD02092,C02092,M005,T005,2026-07-23 16:33:00,13700000,HK,DEV0166,0
TXN08737,CARD04712,C04712,M005,T005,2026-07-07 04:51:00,6610000,SG,DEV0522,0
TXN08738,CARD06074,C06074,M001,T001,2026-07-25 07:16:00,42950000,VN,DEV0801,0
TXN08739,CARD09512,C09512,M009,T009,2026-07-19 20:27:00,42180000,VN,DEV1781,0
TXN08740,CARD06311,C06311,M003,T003,2026-07-18 14:44:00,47090000,US,DEV1927,0
TXN08741,CARD00111,C00111,M002,T002,2026-07-08 17:17:00,32090000,US,DEV0984,0
TXN08742,CARD07604,C07604,M006,T006,2026-07-28 05:08:00,36920000,VN,DEV1565,0
TXN08743,CARD04472,C04472,M010,T010,2026-07-06 10:47:00,850000,VN,DEV1489,0
TXN08744,CARD02861,C02861,M009,T009,2026-07-05 16:59:00,35920000,VN,DEV0275,0
TXN08745,CARD01778,C01778,M008,T008,2026-07-26 14:50:00,4340000,VN,DEV0395,0
TXN08746,CARD07375,C07375,M009,T009,2026-07-09 18:42:00,36270000,HK,NEW_DEVICE,1
TXN08747,CARD08854,C08854,M004,T004,2026-07-02 05:53:00,16220000,SG,DEV1312,0
TXN08748,CARD07700,C07700,M008,T008,2026-07-25 06:54:00,31140000,VN,DEV1412,0
TXN08749,CARD06854,C06854,M001,T001,2026-07-13 17:22:00,27730000,VN,DEV0106,0
TXN08750,CARD01147,C01147,M002,T002,2026-07-22 09:21:00,47850000,SG,DEV0859,0
TXN08751,CARD08731,C08731,M013,T013,2026-07-07 16:40:00,12930000,VN,DEV1422,0
TXN08752,CARD00047,C00047,M011,T011,2026-07-02 06:28:00,30210000,VN,DEV0279,0
TXN08753,CARD05234,C05234,M010,T010,2026-07-11 20:48:00,32110000,SG,NEW_DEVICE,1
TXN08754,CARD00587,C00587,M005,T005,2026-07-22 18:13:00,39440000,US,DEV0172,0
TXN08755,CARD03057,C03057,M008,T008,2026-07-07 23:12:00,39280000,VN,DEV1301,0
TXN08756,CARD09475,C09475,M006,T006,2026-07-01 11:51:00,6480000,HK,NEW_DEVICE,1
TXN08757,CARD06533,C06533,M005,T005,2026-07-23 02:32:00,49890000,HK,DEV0126,0
TXN08758,CARD01751,C01751,M007,T007,2026-07-08 13:24:00,29000000,VN,DEV0696,0
TXN08759,CARD05066,C05066,M009,T009,2026-07-22 15:48:00,22940000,VN,DEV1348,0
TXN08760,CARD07126,C07126,M014,T014,2026-07-27 20:34:00,25570000,VN,DEV0870,0
TXN08761,CARD03282,C03282,M007,T007,2026-07-22 08:14:00,6820000,VN,DEV0921,0
TXN08762,CARD07532,C07532,M005,T005,2026-07-21 09:21:00,37090000,HK,DEV1527,0
TXN08763,CARD02481,C02481,M006,T006,2026-07-26 16:10:00,42230000,VN,DEV1232,0
TXN08764,CARD04191,C04191,M008,T008,2026-07-01 14:24:00,7650000,VN,DEV1602,0
TXN08765,CARD07357,C07357,M012,T012,2026-07-26 14:58:00,27550000,VN,DEV1476,0
TXN08766,CARD08508,C08508,M006,T006,2026-07-19 19:39:00,37030000,VN,DEV0159,0
TXN08767,CARD01524,C01524,M005,T005,2026-07-05 14:47:00,36220000,SG,DEV0488,0
TXN08768,CARD00241,C00241,M004,T004,2026-07-18 04:33:00,2330000,SG,DEV0447,0
TXN08769,CARD05344,C05344,M009,T009,2026-07-02 05:12:00,910000,VN,DEV0868,0
TXN08770,CARD05722,C05722,M006,T006,2026-07-11 23:00:00,13400000,VN,DEV1613,0
TXN08771,CARD06251,C06251,M007,T007,2026-07-11 05:22:00,7870000,VN,DEV1543,0
TXN08772,CARD08286,C08286,M014,T014,2026-07-22 18:44:00,10020000,VN,DEV0395,0
TXN08773,CARD00507,C00507,M002,T002,2026-07-05 04:23:00,280000,HK,DEV0717,0
TXN08774,CARD01219,C01219,M011,T011,2026-07-07 20:05:00,46310000,VN,DEV0954,0
TXN08775,CARD08162,C08162,M004,T004,2026-07-24 05:53:00,47820000,US,DEV0543,0
TXN08776,CARD09078,C09078,M008,T008,2026-07-16 03:30:00,21850000,VN,DEV0684,0
TXN08777,CARD06693,C06693,M007,T007,2026-07-06 19:46:00,28960000,VN,DEV1997,0
TXN08778,CARD08914,C08914,M007,T007,2026-07-13 15:42:00,8540000,VN,DEV0788,0
TXN08779,CARD06825,C06825,M002,T002,2026-07-09 09:38:00,49330000,SG,DEV1639,0
TXN08780,CARD02524,C02524,M011,T011,2026-07-24 06:37:00,32220000,VN,DEV1050,0
TXN08781,CARD00317,C00317,M003,T003,2026-07-20 23:32:00,7910000,HK,DEV1842,0
TXN08782,CARD08595,C08595,M012,T012,2026-07-23 23:51:00,11590000,VN,DEV0196,0
TXN08783,CARD00057,C00057,M012,T012,2026-07-18 03:17:00,47000000,VN,DEV0405,0
TXN08784,CARD04410,C04410,M003,T003,2026-07-27 20:16:00,48310000,SG,DEV1899,0
TXN08785,CARD06515,C06515,M014,T014,2026-07-13 11:43:00,24020000,VN,DEV1291,0
TXN08786,CARD00793,C00793,M010,T010,2026-07-05 18:33:00,15730000,VN,DEV0219,0
TXN08787,CARD05037,C05037,M005,T005,2026-07-20 17:34:00,33950000,US,DEV0577,0
TXN08788,CARD09947,C09947,M014,T014,2026-07-24 07:00:00,640000,VN,DEV1101,0
TXN08789,CARD05729,C05729,M012,T012,2026-07-02 20:44:00,890000,VN,DEV0913,0
TXN08790,CARD06178,C06178,M005,T005,2026-07-18 18:42:00,46680000,HK,DEV0549,0
TXN08791,CARD01674,C01674,M010,T010,2026-07-22 16:08:00,15280000,VN,DEV1329,0
TXN08792,CARD09318,C09318,M004,T004,2026-07-01 21:35:00,25010000,SG,DEV1375,0
TXN08793,CARD09420,C09420,M008,T008,2026-07-08 10:34:00,7680000,VN,DEV0742,0
TXN08794,CARD02574,C02574,M008,T008,2026-07-01 04:35:00,10450000,VN,DEV1159,0
TXN08795,CARD06979,C06979,M001,T001,2026-07-08 16:06:00,16190000,VN,DEV0885,0
TXN08796,CARD06915,C06915,M003,T003,2026-07-27 10:15:00,16320000,SG,DEV1901,0
TXN08797,CARD01830,C01830,M006,T006,2026-07-15 04:15:00,31600000,VN,DEV1043,0
TXN08798,CARD00007,C00007,M006,T006,2026-07-26 16:36:00,5130000,VN,DEV0493,0
TXN08799,CARD02258,C02258,M010,T010,2026-07-19 14:48:00,2020000,VN,DEV0304,0
TXN08800,CARD00963,C00963,M003,T003,2026-07-28 17:12:00,6850000,SG,DEV1156,0
TXN08801,CARD04674,C04674,M012,T012,2026-07-01 06:26:00,23220000,VN,DEV0687,0
TXN08802,CARD08924,C08924,M004,T004,2026-07-05 23:06:00,16620000,SG,NEW_DEVICE,1
TXN08803,CARD03551,C03551,M014,T014,2026-07-03 21:17:00,47530000,VN,DEV0526,0
TXN08804,CARD01345,C01345,M004,T004,2026-07-24 04:00:00,760000,SG,DEV1286,0
TXN08805,CARD05142,C05142,M011,T011,2026-07-22 04:00:00,7850000,VN,DEV0117,0
TXN08806,CARD02210,C02210,M005,T005,2026-07-09 04:44:00,34570000,HK,DEV1093,0
TXN08807,CARD03015,C03015,M006,T006,2026-07-03 18:24:00,9630000,VN,DEV0103,0
TXN08808,CARD08660,C08660,M006,T006,2026-07-08 16:27:00,23900000,VN,DEV0071,0
TXN08809,CARD02754,C02754,M011,T011,2026-07-01 16:00:00,45840000,VN,DEV0607,0
TXN08810,CARD09915,C09915,M007,T007,2026-07-19 23:58:00,7070000,VN,DEV0440,0
TXN08811,CARD06511,C06511,M012,T012,2026-07-14 13:55:00,47940000,VN,DEV1362,0
TXN08812,CARD00965,C00965,M006,T006,2026-07-15 08:55:00,44570000,NG,NEW_DEVICE,1
TXN08813,CARD05994,C05994,M014,T014,2026-07-10 04:07:00,11440000,VN,DEV1189,0
TXN08814,CARD01417,C01417,M013,T013,2026-07-05 04:10:00,34290000,VN,DEV0880,0
TXN08815,CARD03800,C03800,M008,T008,2026-07-21 13:35:00,10870000,VN,DEV1061,0
TXN08816,CARD04404,C04404,M003,T003,2026-07-06 01:34:00,13910000,HK,DEV1610,0
TXN08817,CARD00716,C00716,M011,T011,2026-07-04 04:11:00,31100000,VN,DEV1220,0
TXN08818,CARD00720,C00720,M007,T007,2026-07-04 02:55:00,32340000,VN,DEV1069,0
TXN08819,CARD04478,C04478,M009,T009,2026-07-11 15:42:00,26110000,VN,DEV0871,0
TXN08820,CARD03928,C03928,M006,T006,2026-07-16 17:58:00,22430000,VN,DEV1424,0
TXN08821,CARD02895,C02895,M001,T001,2026-07-20 19:08:00,32430000,VN,DEV0512,0
TXN08822,CARD02239,C02239,M001,T001,2026-07-10 19:32:00,40210000,VN,DEV0944,0
TXN08823,CARD03633,C03633,M007,T007,2026-07-09 21:58:00,5050000,VN,DEV1572,0
TXN08824,CARD02308,C02308,M008,T008,2026-07-19 16:16:00,34600000,VN,DEV0514,0
TXN08825,CARD09774,C09774,M001,T001,2026-07-14 07:39:00,9990000,VN,DEV0239,0
TXN08826,CARD07212,C07212,M012,T012,2026-07-26 15:53:00,4920000,VN,DEV1287,0
TXN08827,CARD03552,C03552,M006,T006,2026-07-18 15:36:00,8780000,VN,DEV0367,0
TXN08828,CARD00655,C00655,M003,T003,2026-07-12 20:57:00,18980000,HK,DEV0465,0
TXN08829,CARD07195,C07195,M004,T004,2026-07-16 03:30:00,24120000,HK,DEV1181,0
TXN08830,CARD00412,C00412,M014,T014,2026-07-12 20:55:00,40750000,VN,DEV1576,0
TXN08831,CARD01863,C01863,M013,T013,2026-07-13 04:58:00,20110000,VN,DEV0694,0
TXN08832,CARD04200,C04200,M003,T003,2026-07-02 02:47:00,180000,US,DEV0664,0
TXN08833,CARD02184,C02184,M014,T014,2026-07-25 23:09:00,19610000,VN,DEV0410,0
TXN08834,CARD04918,C04918,M010,T010,2026-07-22 00:57:00,36440000,VN,DEV1668,0
TXN08835,CARD05650,C05650,M007,T007,2026-07-20 05:26:00,35450000,VN,DEV1605,0
TXN08836,CARD04035,C04035,M013,T013,2026-07-18 09:38:00,39810000,VN,DEV0154,0
TXN08837,CARD01030,C01030,M002,T002,2026-07-11 18:53:00,11760000,SG,DEV0731,0
TXN08838,CARD09844,C09844,M003,T003,2026-07-09 08:32:00,22130000,US,DEV0902,0
TXN08839,CARD07881,C07881,M008,T008,2026-07-20 09:38:00,3420000,VN,DEV0615,0
TXN08840,CARD01044,C01044,M014,T014,2026-07-01 03:38:00,35050000,VN,DEV0820,0
TXN08841,CARD05550,C05550,M011,T011,2026-07-23 05:42:00,2460000,VN,DEV0340,0
TXN08842,CARD06613,C06613,M012,T012,2026-07-25 20:28:00,6480000,VN,DEV0909,0
TXN08843,CARD06396,C06396,M012,T012,2026-07-19 00:10:00,42350000,VN,DEV1735,0
TXN08844,CARD00460,C00460,M004,T004,2026-07-25 04:38:00,22770000,SG,DEV0148,0
TXN08845,CARD06122,C06122,M003,T003,2026-07-06 05:24:00,11010000,SG,DEV0014,0
TXN08846,CARD04895,C04895,M013,T013,2026-07-26 09:30:00,5080000,VN,DEV1292,0
TXN08847,CARD03858,C03858,M014,T014,2026-07-20 15:45:00,23730000,VN,DEV0739,0
TXN08848,CARD04153,C04153,M008,T008,2026-07-24 11:42:00,48800000,VN,DEV0865,0
TXN08849,CARD06803,C06803,M010,T010,2026-07-08 04:12:00,16550000,VN,DEV0859,0
TXN08850,CARD03025,C03025,M006,T006,2026-07-22 01:12:00,32020000,VN,DEV1171,0
TXN08851,CARD04936,C04936,M002,T002,2026-07-11 17:34:00,11400000,US,DEV0583,0
TXN08852,CARD05335,C05335,M003,T003,2026-07-05 16:53:00,14020000,SG,DEV1681,0
TXN08853,CARD09293,C09293,M010,T010,2026-07-14 00:16:00,19640000,VN,DEV1123,0
TXN08854,CARD01880,C01880,M003,T003,2026-07-25 04:57:00,32930000,SG,DEV1365,0
TXN08855,CARD07547,C07547,M001,T001,2026-07-17 13:28:00,34640000,VN,DEV0954,0
TXN08856,CARD07893,C07893,M001,T001,2026-07-04 06:20:00,46380000,VN,DEV0605,0
TXN08857,CARD05432,C05432,M005,T005,2026-07-15 22:40:00,10420000,SG,DEV1501,0
TXN08858,CARD09640,C09640,M012,T012,2026-07-24 07:35:00,11590000,VN,DEV0104,0
TXN08859,CARD09538,C09538,M005,T005,2026-07-12 20:22:00,38990000,US,DEV0075,0
TXN08860,CARD09747,C09747,M007,T007,2026-07-11 03:19:00,46670000,VN,DEV0832,0
TXN08861,CARD07302,C07302,M010,T010,2026-07-18 17:45:00,2320000,VN,DEV1782,0
TXN08862,CARD05959,C05959,M004,T004,2026-07-06 01:35:00,18260000,HK,DEV0779,0
TXN08863,CARD06489,C06489,M001,T001,2026-07-27 07:26:00,20510000,VN,DEV0659,0
TXN08864,CARD06277,C06277,M013,T013,2026-07-27 02:58:00,1640000,VN,DEV1205,0
TXN08865,CARD03673,C03673,M007,T007,2026-07-25 18:47:00,10860000,VN,DEV1988,0
TXN08866,CARD02852,C02852,M001,T001,2026-07-24 17:05:00,40310000,VN,DEV0008,0
TXN08867,CARD00953,C00953,M008,T008,2026-07-15 11:46:00,8700000,VN,DEV0958,0
TXN08868,CARD05990,C05990,M010,T010,2026-07-26 15:05:00,39300000,VN,DEV0009,0
TXN08869,CARD09330,C09330,M003,T003,2026-07-02 09:55:00,49570000,SG,DEV0496,0
TXN08870,CARD07762,C07762,M005,T005,2026-07-03 17:33:00,14620000,US,DEV0741,0
TXN08871,CARD09678,C09678,M011,T011,2026-07-08 05:17:00,36350000,VN,DEV0545,0
TXN08872,CARD08139,C08139,M005,T005,2026-07-22 11:09:00,33440000,US,DEV1313,0
TXN08873,CARD01181,C01181,M011,T011,2026-07-17 10:06:00,21350000,VN,DEV0336,0
TXN08874,CARD00753,C00753,M014,T014,2026-07-17 12:18:00,30610000,VN,DEV1945,0
TXN08875,CARD08071,C08071,M008,T008,2026-07-26 19:28:00,1220000,VN,DEV0727,0
TXN08876,CARD01916,C01916,M014,T014,2026-07-13 01:12:00,30110000,VN,DEV0288,0
TXN08877,CARD07404,C07404,M007,T007,2026-07-19 11:08:00,34920000,VN,DEV0725,0
TXN08878,CARD05103,C05103,M009,T009,2026-07-15 01:07:00,15270000,VN,DEV1837,0
TXN08879,CARD07137,C07137,M013,T013,2026-07-01 04:31:00,21940000,VN,DEV0460,0
TXN08880,CARD02252,C02252,M004,T004,2026-07-21 20:44:00,41350000,US,DEV0646,0
TXN08881,CARD08271,C08271,M014,T014,2026-07-13 21:57:00,45440000,VN,DEV0357,0
TXN08882,CARD03152,C03152,M010,T010,2026-07-16 12:46:00,14770000,VN,DEV1682,0
TXN08883,CARD04150,C04150,M003,T003,2026-07-19 14:35:00,17040000,US,DEV1148,0
TXN08884,CARD08138,C08138,M014,T014,2026-07-19 02:08:00,5570000,VN,DEV0389,0
TXN08885,CARD08885,C08885,M007,T007,2026-07-25 16:10:00,6470000,VN,DEV0548,0
TXN08886,CARD01685,C01685,M013,T013,2026-07-02 03:55:00,34980000,VN,DEV1784,0
TXN08887,CARD03055,C03055,M002,T002,2026-07-19 06:01:00,780000,SG,DEV1422,0
TXN08888,CARD07325,C07325,M010,T010,2026-07-09 13:34:00,41360000,VN,DEV0919,0
TXN08889,CARD05515,C05515,M012,T012,2026-07-24 03:34:00,49000000,VN,DEV0530,0
TXN08890,CARD02831,C02831,M010,T010,2026-07-24 21:45:00,47700000,VN,DEV0644,0
TXN08891,CARD01960,C01960,M013,T013,2026-07-19 17:56:00,21660000,VN,DEV0473,0
TXN08892,CARD05288,C05288,M002,T002,2026-07-16 16:44:00,11460000,US,DEV0408,0
TXN08893,CARD09104,C09104,M013,T013,2026-07-16 23:46:00,10740000,VN,DEV0085,0
TXN08894,CARD07785,C07785,M014,T014,2026-07-13 05:44:00,3520000,VN,DEV0998,0
TXN08895,CARD02360,C02360,M008,T008,2026-07-25 18:51:00,21080000,VN,DEV1788,0
TXN08896,CARD08122,C08122,M007,T007,2026-07-09 22:24:00,38410000,VN,DEV0885,0
TXN08897,CARD06712,C06712,M008,T008,2026-07-18 23:04:00,27190000,VN,DEV0642,0
TXN08898,CARD05801,C05801,M004,T004,2026-07-28 05:52:00,33230000,SG,DEV1693,0
TXN08899,CARD03789,C03789,M011,T011,2026-07-27 05:39:00,36180000,VN,DEV0360,0
TXN08900,CARD00860,C00860,M013,T013,2026-07-18 19:46:00,42240000,VN,DEV0355,0
TXN08901,CARD04968,C04968,M006,T006,2026-07-10 18:57:00,40870000,VN,DEV1256,0
TXN08902,CARD02019,C02019,M010,T010,2026-07-22 02:09:00,39880000,VN,DEV0035,0
TXN08903,CARD08817,C08817,M012,T012,2026-07-03 08:40:00,48860000,VN,DEV0430,0
TXN08904,CARD07676,C07676,M002,T002,2026-07-12 10:45:00,32640000,US,DEV0769,0
TXN08905,CARD03740,C03740,M012,T012,2026-07-19 10:23:00,34660000,VN,DEV1372,0
TXN08906,CARD06163,C06163,M007,T007,2026-07-08 01:06:00,24670000,VN,DEV1513,0
TXN08907,CARD06228,C06228,M009,T009,2026-07-17 00:54:00,22230000,VN,DEV0600,0
TXN08908,CARD01550,C01550,M002,T002,2026-07-08 02:27:00,44920000,HK,DEV1377,0
TXN08909,CARD02758,C02758,M005,T005,2026-07-28 13:07:00,31190000,HK,DEV0359,0
TXN08910,CARD04258,C04258,M003,T003,2026-07-19 23:40:00,44950000,HK,DEV1931,0
TXN08911,CARD04946,C04946,M003,T003,2026-07-07 12:56:00,13360000,US,DEV1871,0
TXN08912,CARD03069,C03069,M009,T009,2026-07-07 02:48:00,19140000,VN,DEV1492,0
TXN08913,CARD04361,C04361,M014,T014,2026-07-04 14:35:00,31740000,VN,DEV1009,0
TXN08914,CARD03407,C03407,M011,T011,2026-07-04 06:53:00,37370000,VN,DEV1439,0
TXN08915,CARD03552,C03552,M006,T006,2026-07-11 21:05:00,23470000,VN,DEV0502,0
TXN08916,CARD04363,C04363,M002,T002,2026-07-25 07:06:00,49340000,SG,DEV0474,0
TXN08917,CARD06213,C06213,M005,T005,2026-07-24 20:55:00,34130000,SG,DEV0342,0
TXN08918,CARD08651,C08651,M003,T003,2026-07-22 14:00:00,27480000,SG,DEV1100,0
TXN08919,CARD09888,C09888,M012,T012,2026-07-22 00:03:00,39730000,VN,DEV0286,0
TXN08920,CARD05479,C05479,M013,T013,2026-07-10 05:34:00,11580000,VN,DEV0113,0
TXN08921,CARD03389,C03389,M001,T001,2026-07-08 00:13:00,9360000,VN,DEV0244,0
TXN08922,CARD05804,C05804,M012,T012,2026-07-22 01:42:00,17510000,VN,DEV0702,0
TXN08923,CARD01408,C01408,M001,T001,2026-07-23 05:13:00,27530000,VN,DEV1129,0
TXN08924,CARD04485,C04485,M002,T002,2026-07-25 06:04:00,9040000,HK,DEV1228,0
TXN08925,CARD01091,C01091,M008,T008,2026-07-24 12:33:00,45500000,VN,DEV1612,0
TXN08926,CARD00134,C00134,M012,T012,2026-07-06 00:31:00,10600000,VN,DEV1197,0
TXN08927,CARD05639,C05639,M005,T005,2026-07-12 02:08:00,17220000,US,DEV1223,0
TXN08928,CARD07779,C07779,M011,T011,2026-07-21 20:10:00,39160000,VN,DEV0204,0
TXN08929,CARD02951,C02951,M001,T001,2026-07-15 19:53:00,15590000,VN,DEV0842,0
TXN08930,CARD02423,C02423,M001,T001,2026-07-01 19:16:00,6840000,VN,DEV1832,0
TXN08931,CARD08034,C08034,M005,T005,2026-07-12 08:38:00,22480000,US,DEV0858,0
TXN08932,CARD01045,C01045,M011,T011,2026-07-22 01:24:00,28700000,VN,DEV0422,0
TXN08933,CARD00685,C00685,M007,T007,2026-07-26 23:45:00,1700000,VN,DEV0973,0
TXN08934,CARD01106,C01106,M004,T004,2026-07-09 22:40:00,6030000,SG,DEV0525,0
TXN08935,CARD01317,C01317,M014,T014,2026-07-17 17:05:00,4740000,VN,DEV0991,0
TXN08936,CARD01894,C01894,M010,T010,2026-07-07 10:09:00,3570000,VN,DEV0502,0
TXN08937,CARD07091,C07091,M011,T011,2026-07-19 17:08:00,42960000,VN,DEV1592,0
TXN08938,CARD04611,C04611,M009,T009,2026-07-02 20:51:00,26850000,VN,DEV0255,0
TXN08939,CARD00210,C00210,M010,T010,2026-07-14 16:31:00,12770000,VN,DEV1180,0
TXN08940,CARD04606,C04606,M003,T003,2026-07-12 17:54:00,24250000,HK,DEV1575,0
TXN08941,CARD05980,C05980,M004,T004,2026-07-14 20:11:00,43480000,US,DEV1942,0
TXN08942,CARD06329,C06329,M006,T006,2026-07-02 00:56:00,46250000,VN,DEV0262,0
TXN08943,CARD08914,C08914,M009,T009,2026-07-19 09:23:00,6280000,VN,DEV0251,0
TXN08944,CARD05916,C05916,M007,T007,2026-07-15 12:55:00,10950000,VN,DEV0728,0
TXN08945,CARD06644,C06644,M007,T007,2026-07-20 04:24:00,44570000,VN,DEV1601,0
TXN08946,CARD04773,C04773,M008,T008,2026-07-06 15:52:00,24430000,VN,DEV1615,0
TXN08947,CARD02223,C02223,M006,T006,2026-07-26 01:01:00,32650000,VN,DEV1904,0
TXN08948,CARD04098,C04098,M007,T007,2026-07-18 20:45:00,42120000,VN,DEV0902,0
TXN08949,CARD05645,C05645,M004,T004,2026-07-01 11:50:00,3160000,HK,DEV0263,0
TXN08950,CARD00461,C00461,M012,T012,2026-07-19 05:26:00,23060000,VN,DEV1227,0
TXN08951,CARD01961,C01961,M012,T012,2026-07-24 00:58:00,3710000,VN,DEV1927,0
TXN08952,CARD05701,C05701,M007,T007,2026-07-25 00:59:00,42010000,VN,DEV1959,0
TXN08953,CARD03490,C03490,M011,T011,2026-07-21 02:29:00,10700000,VN,DEV1945,0
TXN08954,CARD04118,C04118,M014,T014,2026-07-15 17:30:00,8750000,VN,DEV0975,0
TXN08955,CARD06905,C06905,M012,T012,2026-07-21 02:36:00,42890000,VN,DEV0564,0
TXN08956,CARD03769,C03769,M007,T007,2026-07-11 21:46:00,21030000,VN,DEV1130,0
TXN08957,CARD05857,C05857,M013,T013,2026-07-21 13:17:00,6270000,VN,DEV1564,0
TXN08958,CARD08099,C08099,M006,T006,2026-07-03 00:31:00,28700000,VN,DEV0213,0
TXN08959,CARD08688,C08688,M004,T004,2026-07-03 10:47:00,5040000,US,DEV0369,0
TXN08960,CARD09917,C09917,M006,T006,2026-07-22 03:39:00,29140000,VN,DEV1266,0
TXN08961,CARD01987,C01987,M013,T013,2026-07-08 01:58:00,27950000,VN,DEV1766,0
TXN08962,CARD03086,C03086,M009,T009,2026-07-18 03:00:00,26270000,VN,DEV0176,0
TXN08963,CARD01074,C01074,M005,T005,2026-07-04 11:44:00,40260000,US,DEV1254,0
TXN08964,CARD01019,C01019,M008,T008,2026-07-01 14:17:00,39530000,VN,DEV0472,0
TXN08965,CARD06079,C06079,M014,T014,2026-07-19 07:27:00,32680000,VN,DEV0479,0
TXN08966,CARD05562,C05562,M008,T008,2026-07-08 22:23:00,37490000,VN,DEV1266,0
TXN08967,CARD01626,C01626,M003,T003,2026-07-16 01:50:00,12080000,US,DEV1916,0
TXN08968,CARD07268,C07268,M014,T014,2026-07-09 07:01:00,23130000,VN,DEV1745,0
TXN08969,CARD05547,C05547,M011,T011,2026-07-24 06:31:00,24910000,VN,DEV1536,0
TXN08970,CARD00544,C00544,M009,T009,2026-07-01 04:22:00,32390000,VN,DEV0451,0
TXN08971,CARD04992,C04992,M003,T003,2026-07-16 08:12:00,16650000,US,DEV0450,0
TXN08972,CARD04403,C04403,M001,T001,2026-07-16 06:34:00,34800000,VN,DEV0533,0
TXN08973,CARD00500,C00500,M007,T007,2026-07-24 19:58:00,9760000,VN,DEV1836,0
TXN08974,CARD06918,C06918,M013,T013,2026-07-06 11:31:00,12750000,HK,NEW_DEVICE,1
TXN08975,CARD03729,C03729,M014,T014,2026-07-25 20:58:00,39070000,VN,DEV1994,0
TXN08976,CARD08616,C08616,M005,T005,2026-07-10 14:00:00,33120000,SG,DEV1673,0
TXN08977,CARD06939,C06939,M004,T004,2026-07-14 16:49:00,46610000,HK,DEV0300,0
TXN08978,CARD02581,C02581,M007,T007,2026-07-25 22:20:00,8960000,VN,DEV0367,0
TXN08979,CARD05103,C05103,M010,T010,2026-07-06 15:21:00,24320000,VN,DEV1727,0
TXN08980,CARD05112,C05112,M012,T012,2026-07-20 16:36:00,49100000,VN,DEV1151,0
TXN08981,CARD08868,C08868,M012,T012,2026-07-20 16:45:00,9930000,VN,DEV0724,0
TXN08982,CARD01129,C01129,M006,T006,2026-07-22 15:30:00,11010000,VN,DEV1166,0
TXN08983,CARD06276,C06276,M003,T003,2026-07-22 23:10:00,2310000,US,DEV1568,0
TXN08984,CARD08504,C08504,M014,T014,2026-07-24 20:55:00,39660000,VN,DEV0123,0
TXN08985,CARD02352,C02352,M011,T011,2026-07-05 08:12:00,28560000,VN,DEV0482,0
TXN08986,CARD04431,C04431,M009,T009,2026-07-14 03:20:00,13780000,VN,DEV0936,0
TXN08987,CARD02757,C02757,M008,T008,2026-07-11 11:53:00,9540000,VN,DEV0393,0
TXN08988,CARD02959,C02959,M006,T006,2026-07-28 07:56:00,47180000,VN,DEV0857,0
TXN08989,CARD04136,C04136,M005,T005,2026-07-23 01:46:00,5930000,HK,DEV1560,0
TXN08990,CARD05084,C05084,M014,T014,2026-07-12 21:06:00,19110000,VN,DEV0273,0
TXN08991,CARD09011,C09011,M009,T009,2026-07-11 11:07:00,9460000,VN,DEV0043,0
TXN08992,CARD06342,C06342,M001,T001,2026-07-12 07:01:00,7930000,VN,DEV0399,0
TXN08993,CARD09261,C09261,M013,T013,2026-07-27 18:46:00,35140000,VN,DEV1021,0
TXN08994,CARD05695,C05695,M005,T005,2026-07-04 15:56:00,35170000,US,DEV1704,0
TXN08995,CARD01543,C01543,M008,T008,2026-07-10 17:40:00,7010000,VN,DEV0954,0
TXN08996,CARD03179,C03179,M014,T014,2026-07-23 18:03:00,30010000,VN,DEV0242,0
TXN08997,CARD07094,C07094,M001,T001,2026-07-12 13:10:00,9050000,VN,DEV0583,0
TXN08998,CARD07415,C07415,M006,T006,2026-07-28 18:28:00,31690000,VN,DEV1476,0
TXN08999,CARD07388,C07388,M009,T009,2026-07-23 08:45:00,43610000,VN,DEV0792,0
TXN09000,CARD06459,C06459,M007,T007,2026-07-07 17:53:00,39870000,VN,DEV1957,0
TXN09001,CARD01993,C01993,M009,T009,2026-07-23 18:16:00,8420000,VN,DEV1768,0
TXN09002,CARD07312,C07312,M004,T004,2026-07-15 12:43:00,6220000,US,DEV0198,0
TXN09003,CARD00817,C00817,M007,T007,2026-07-05 20:34:00,23730000,VN,DEV0579,0
TXN09004,CARD01117,C01117,M013,T013,2026-07-28 00:19:00,18340000,VN,DEV1607,0
TXN09005,CARD05371,C05371,M008,T008,2026-07-10 15:45:00,44710000,VN,DEV1576,0
TXN09006,CARD08812,C08812,M005,T005,2026-07-07 12:10:00,30050000,HK,DEV0738,0
TXN09007,CARD02957,C02957,M014,T014,2026-07-02 12:12:00,25900000,VN,DEV1477,0
TXN09008,CARD02359,C02359,M005,T005,2026-07-09 06:22:00,31580000,SG,DEV0645,0
TXN09009,CARD07311,C07311,M011,T011,2026-07-24 03:17:00,21040000,VN,DEV0070,0
TXN09010,CARD01209,C01209,M002,T002,2026-07-06 11:22:00,4370000,SG,DEV1355,0
TXN09011,CARD02828,C02828,M004,T004,2026-07-27 13:51:00,340000,HK,DEV1102,0
TXN09012,CARD07338,C07338,M012,T012,2026-07-09 14:59:00,3360000,VN,DEV0602,0
TXN09013,CARD03598,C03598,M005,T005,2026-07-17 03:31:00,7440000,SG,DEV0965,0
TXN09014,CARD06734,C06734,M004,T004,2026-07-13 14:41:00,8010000,SG,DEV1175,0
TXN09015,CARD08135,C08135,M014,T014,2026-07-12 06:26:00,16140000,VN,DEV0345,0
TXN09016,CARD01505,C01505,M011,T011,2026-07-18 05:55:00,11780000,VN,DEV1575,0
TXN09017,CARD03806,C03806,M009,T009,2026-07-26 07:12:00,32060000,VN,DEV1287,0
TXN09018,CARD06008,C06008,M008,T008,2026-07-01 05:26:00,19660000,VN,DEV1163,0
TXN09019,CARD01877,C01877,M001,T001,2026-07-01 13:09:00,2340000,VN,DEV1797,0
TXN09020,CARD03003,C03003,M002,T002,2026-07-08 13:04:00,16490000,US,DEV1954,0
TXN09021,CARD05670,C05670,M002,T002,2026-07-17 04:39:00,310000,US,DEV0600,0
TXN09022,CARD03813,C03813,M008,T008,2026-07-16 14:31:00,18960000,VN,DEV1813,0
TXN09023,CARD08748,C08748,M014,T014,2026-07-20 17:58:00,23220000,VN,DEV0519,0
TXN09024,CARD09192,C09192,M002,T002,2026-07-23 20:57:00,27780000,SG,DEV0599,0
TXN09025,CARD07645,C07645,M012,T012,2026-07-20 14:37:00,24190000,VN,DEV0320,0
TXN09026,CARD05862,C05862,M008,T008,2026-07-06 13:34:00,21000000,VN,DEV0527,0
TXN09027,CARD09991,C09991,M013,T013,2026-07-04 01:17:00,1840000,VN,DEV1494,0
TXN09028,CARD01400,C01400,M011,T011,2026-07-25 19:39:00,5150000,VN,DEV0637,0
TXN09029,CARD00221,C00221,M003,T003,2026-07-19 20:45:00,11480000,US,DEV0962,0
TXN09030,CARD04644,C04644,M009,T009,2026-07-18 17:59:00,43340000,US,NEW_DEVICE,1
TXN09031,CARD04527,C04527,M008,T008,2026-07-19 23:46:00,46790000,VN,DEV1251,0
TXN09032,CARD02114,C02114,M007,T007,2026-07-15 09:53:00,6660000,VN,DEV1835,0
TXN09033,CARD08570,C08570,M012,T012,2026-07-27 14:41:00,8640000,VN,DEV0794,0
TXN09034,CARD00641,C00641,M003,T003,2026-07-06 05:41:00,23870000,HK,DEV1795,0
TXN09035,CARD06301,C06301,M001,T001,2026-07-01 09:42:00,41460000,VN,DEV0623,0
TXN09036,CARD08486,C08486,M011,T011,2026-07-22 03:24:00,30240000,VN,DEV1918,0
TXN09037,CARD07174,C07174,M007,T007,2026-07-18 05:48:00,8540000,VN,DEV1316,0
TXN09038,CARD08189,C08189,M010,T010,2026-07-15 18:27:00,920000,VN,DEV0029,0
TXN09039,CARD01982,C01982,M007,T007,2026-07-10 04:54:00,1310000,VN,DEV1510,0
TXN09040,CARD06545,C06545,M008,T008,2026-07-01 05:20:00,29820000,VN,DEV0863,0
TXN09041,CARD02886,C02886,M003,T003,2026-07-19 08:17:00,24820000,HK,DEV0326,0
TXN09042,CARD01403,C01403,M012,T012,2026-07-24 11:32:00,4620000,NG,NEW_DEVICE,1
TXN09043,CARD02260,C02260,M001,T001,2026-07-12 14:29:00,48260000,VN,DEV0669,0
TXN09044,CARD03707,C03707,M003,T003,2026-07-11 04:47:00,35430000,US,DEV1380,0
TXN09045,CARD09251,C09251,M007,T007,2026-07-03 08:03:00,23850000,VN,DEV1606,0
TXN09046,CARD03655,C03655,M007,T007,2026-07-28 02:27:00,2070000,VN,NEW_DEVICE,1
TXN09047,CARD00217,C00217,M010,T010,2026-07-27 18:14:00,48150000,VN,DEV0408,0
TXN09048,CARD07424,C07424,M001,T001,2026-07-14 20:00:00,25560000,VN,DEV1433,0
TXN09049,CARD07748,C07748,M011,T011,2026-07-08 06:48:00,23180000,VN,DEV0107,0
TXN09050,CARD05970,C05970,M013,T013,2026-07-19 12:31:00,13550000,VN,DEV0048,0
TXN09051,CARD02550,C02550,M002,T002,2026-07-15 19:37:00,20270000,SG,DEV0698,0
TXN09052,CARD05908,C05908,M009,T009,2026-07-02 22:00:00,680000,VN,DEV1390,0
TXN09053,CARD06262,C06262,M007,T007,2026-07-24 18:38:00,44680000,VN,DEV1580,0
TXN09054,CARD00538,C00538,M001,T001,2026-07-17 00:28:00,6610000,VN,DEV1309,0
TXN09055,CARD01805,C01805,M012,T012,2026-07-06 04:39:00,40440000,VN,DEV0054,0
TXN09056,CARD01004,C01004,M008,T008,2026-07-05 16:50:00,42870000,VN,DEV0372,0
TXN09057,CARD04589,C04589,M012,T012,2026-07-20 08:34:00,40380000,VN,DEV1735,0
TXN09058,CARD04015,C04015,M014,T014,2026-07-05 07:46:00,2260000,VN,DEV0623,0
TXN09059,CARD03104,C03104,M003,T003,2026-07-27 13:54:00,5240000,SG,DEV0152,0
TXN09060,CARD02287,C02287,M001,T001,2026-07-06 19:06:00,14830000,VN,DEV1845,0
TXN09061,CARD05634,C05634,M005,T005,2026-07-24 02:29:00,3410000,HK,DEV0363,0
TXN09062,CARD08764,C08764,M009,T009,2026-07-01 23:04:00,32580000,VN,DEV0267,0
TXN09063,CARD09695,C09695,M003,T003,2026-07-08 12:00:00,3610000,HK,DEV1127,0
TXN09064,CARD05973,C05973,M004,T004,2026-07-13 12:45:00,4570000,HK,DEV1837,0
TXN09065,CARD01402,C01402,M001,T001,2026-07-07 17:29:00,13910000,VN,DEV1623,0
TXN09066,CARD00564,C00564,M006,T006,2026-07-15 02:08:00,40540000,VN,DEV0970,0
TXN09067,CARD01858,C01858,M001,T001,2026-07-09 11:37:00,30610000,VN,DEV0587,0
TXN09068,CARD05427,C05427,M002,T002,2026-07-14 01:59:00,34170000,HK,DEV0727,0
TXN09069,CARD09566,C09566,M012,T012,2026-07-07 15:32:00,31520000,VN,DEV0834,0
TXN09070,CARD05128,C05128,M004,T004,2026-07-15 00:42:00,30860000,HK,DEV1581,0
TXN09071,CARD00776,C00776,M004,T004,2026-07-11 18:52:00,32230000,SG,DEV1750,0
TXN09072,CARD09431,C09431,M014,T014,2026-07-07 08:03:00,5120000,VN,DEV0430,0
TXN09073,CARD08599,C08599,M012,T012,2026-07-21 08:13:00,18620000,VN,DEV0225,0
TXN09074,CARD03491,C03491,M007,T007,2026-07-02 17:24:00,27300000,VN,DEV1035,0
TXN09075,CARD05502,C05502,M009,T009,2026-07-28 09:40:00,39340000,VN,DEV0287,0
TXN09076,CARD01176,C01176,M006,T006,2026-07-21 04:41:00,49030000,VN,DEV0914,0
TXN09077,CARD00850,C00850,M009,T009,2026-07-10 03:57:00,18770000,VN,DEV1977,0
TXN09078,CARD08508,C08508,M008,T008,2026-07-16 09:14:00,45510000,VN,DEV0614,0
TXN09079,CARD07032,C07032,M006,T006,2026-07-26 14:35:00,7260000,VN,DEV1433,0
TXN09080,CARD01551,C01551,M001,T001,2026-07-22 15:31:00,29440000,VN,DEV1650,0
TXN09081,CARD02745,C02745,M007,T007,2026-07-01 13:48:00,15450000,VN,DEV1183,0
TXN09082,CARD08132,C08132,M001,T001,2026-07-20 07:17:00,46270000,HK,NEW_DEVICE,1
TXN09083,CARD08097,C08097,M001,T001,2026-07-03 09:48:00,43970000,VN,DEV0869,0
TXN09084,CARD08792,C08792,M012,T012,2026-07-08 07:41:00,700000,VN,DEV1591,0
TXN09085,CARD05555,C05555,M007,T007,2026-07-16 17:27:00,19800000,VN,NEW_DEVICE,1
TXN09086,CARD07164,C07164,M001,T001,2026-07-15 08:16:00,30450000,VN,DEV0125,0
TXN09087,CARD02199,C02199,M004,T004,2026-07-08 20:51:00,6220000,US,DEV0279,0
TXN09088,CARD09742,C09742,M010,T010,2026-07-07 12:19:00,23110000,VN,DEV1164,0
TXN09089,CARD08803,C08803,M004,T004,2026-07-12 00:55:00,41730000,HK,DEV1100,0
TXN09090,CARD04690,C04690,M008,T008,2026-07-25 20:14:00,2840000,VN,DEV0227,0
TXN09091,CARD05920,C05920,M014,T014,2026-07-12 00:44:00,9400000,VN,DEV0854,0
TXN09092,CARD05376,C05376,M003,T003,2026-07-02 22:03:00,34700000,HK,DEV0326,0
TXN09093,CARD06728,C06728,M007,T007,2026-07-24 23:03:00,42810000,VN,DEV0024,0
TXN09094,CARD04498,C04498,M014,T014,2026-07-11 08:41:00,8520000,VN,DEV1083,0
TXN09095,CARD05436,C05436,M007,T007,2026-07-12 11:12:00,41770000,VN,DEV1293,0
TXN09096,CARD09806,C09806,M009,T009,2026-07-01 08:26:00,45510000,VN,DEV1593,0
TXN09097,CARD02594,C02594,M013,T013,2026-07-24 22:58:00,14610000,VN,DEV1984,0
TXN09098,CARD08990,C08990,M012,T012,2026-07-05 17:45:00,44540000,VN,DEV0468,0
TXN09099,CARD08636,C08636,M012,T012,2026-07-07 13:57:00,17940000,VN,DEV0695,0
TXN09100,CARD02759,C02759,M001,T001,2026-07-01 06:18:00,39120000,VN,DEV1238,0
TXN09101,CARD02111,C02111,M012,T012,2026-07-18 05:14:00,6850000,VN,DEV0650,0
TXN09102,CARD00076,C00076,M003,T003,2026-07-13 17:03:00,26930000,HK,DEV1271,0
TXN09103,CARD06569,C06569,M013,T013,2026-07-02 02:54:00,910000,VN,DEV0799,0
TXN09104,CARD03160,C03160,M007,T007,2026-07-16 11:37:00,48820000,VN,DEV1659,0
TXN09105,CARD05838,C05838,M012,T012,2026-07-15 04:18:00,2690000,VN,DEV0622,0
TXN09106,CARD03938,C03938,M006,T006,2026-07-18 08:46:00,12970000,VN,DEV1340,0
TXN09107,CARD05742,C05742,M004,T004,2026-07-18 23:45:00,19190000,SG,DEV0753,0
TXN09108,CARD07271,C07271,M001,T001,2026-07-15 03:52:00,270000,VN,DEV0013,0
TXN09109,CARD09250,C09250,M001,T001,2026-07-07 17:35:00,1510000,VN,DEV1924,0
TXN09110,CARD00969,C00969,M011,T011,2026-07-23 08:40:00,35970000,VN,DEV2000,0
TXN09111,CARD04762,C04762,M002,T002,2026-07-10 17:50:00,28790000,US,DEV0857,0
TXN09112,CARD07744,C07744,M003,T003,2026-07-01 15:38:00,29670000,HK,DEV1279,0
TXN09113,CARD09742,C09742,M006,T006,2026-07-24 23:49:00,13520000,VN,DEV1437,0
TXN09114,CARD03080,C03080,M012,T012,2026-07-17 03:21:00,26910000,SG,NEW_DEVICE,1
TXN09115,CARD06989,C06989,M004,T004,2026-07-06 18:07:00,33590000,US,DEV0173,0
TXN09116,CARD01309,C01309,M005,T005,2026-07-25 09:47:00,43240000,HK,DEV0267,0
TXN09117,CARD02077,C02077,M001,T001,2026-07-25 01:43:00,570000,VN,DEV1616,0
TXN09118,CARD06924,C06924,M014,T014,2026-07-10 00:49:00,26060000,VN,DEV0413,0
TXN09119,CARD03223,C03223,M013,T013,2026-07-15 15:12:00,47880000,VN,DEV1339,0
TXN09120,CARD00632,C00632,M004,T004,2026-07-27 05:00:00,9600000,US,DEV1773,0
TXN09121,CARD01775,C01775,M003,T003,2026-07-11 14:55:00,39150000,HK,DEV1727,0
TXN09122,CARD04118,C04118,M012,T012,2026-07-25 22:59:00,49560000,VN,DEV1225,0
TXN09123,CARD08591,C08591,M004,T004,2026-07-10 07:53:00,28080000,SG,DEV1380,0
TXN09124,CARD02643,C02643,M005,T005,2026-07-20 15:08:00,41240000,HK,DEV1488,0
TXN09125,CARD09864,C09864,M004,T004,2026-07-02 09:12:00,9750000,SG,DEV0078,0
TXN09126,CARD03560,C03560,M006,T006,2026-07-04 17:28:00,7090000,VN,DEV0871,0
TXN09127,CARD06985,C06985,M008,T008,2026-07-17 21:31:00,18670000,VN,DEV0988,0
TXN09128,CARD01124,C01124,M004,T004,2026-07-08 23:05:00,730000,HK,DEV0811,0
TXN09129,CARD05155,C05155,M006,T006,2026-07-14 17:58:00,24650000,VN,DEV1485,0
TXN09130,CARD07174,C07174,M003,T003,2026-07-16 09:41:00,33400000,US,DEV0203,0
TXN09131,CARD04433,C04433,M013,T013,2026-07-13 18:47:00,44030000,VN,DEV0426,0
TXN09132,CARD04505,C04505,M013,T013,2026-07-03 07:41:00,34380000,VN,DEV1629,0
TXN09133,CARD00362,C00362,M006,T006,2026-07-19 09:51:00,9510000,VN,DEV1226,0
TXN09134,CARD04162,C04162,M004,T004,2026-07-02 00:13:00,15320000,SG,DEV1586,0
TXN09135,CARD02137,C02137,M010,T010,2026-07-14 06:22:00,18290000,VN,DEV1192,0
TXN09136,CARD04638,C04638,M008,T008,2026-07-03 03:58:00,22150000,VN,DEV0288,0
TXN09137,CARD03616,C03616,M005,T005,2026-07-05 02:22:00,26260000,US,DEV1149,0
TXN09138,CARD08112,C08112,M006,T006,2026-07-27 09:57:00,46710000,VN,DEV0356,0
TXN09139,CARD03120,C03120,M002,T002,2026-07-07 08:41:00,19760000,SG,DEV0461,0
TXN09140,CARD07498,C07498,M004,T004,2026-07-09 20:13:00,31190000,SG,DEV0213,0
TXN09141,CARD07893,C07893,M002,T002,2026-07-04 05:53:00,44140000,HK,DEV0723,0
TXN09142,CARD07955,C07955,M003,T003,2026-07-09 05:25:00,46740000,US,DEV0036,0
TXN09143,CARD01540,C01540,M011,T011,2026-07-08 22:14:00,38380000,VN,DEV1767,0
TXN09144,CARD02721,C02721,M013,T013,2026-07-14 04:50:00,37920000,VN,DEV1523,0
TXN09145,CARD00494,C00494,M004,T004,2026-07-21 16:16:00,37340000,US,DEV1906,0
TXN09146,CARD06351,C06351,M014,T014,2026-07-05 12:30:00,34180000,VN,DEV0008,0
TXN09147,CARD07873,C07873,M012,T012,2026-07-02 13:39:00,24160000,VN,DEV0954,0
TXN09148,CARD09621,C09621,M001,T001,2026-07-27 07:25:00,3370000,VN,DEV0779,0
TXN09149,CARD01920,C01920,M004,T004,2026-07-06 05:26:00,10670000,HK,DEV1249,0
TXN09150,CARD07652,C07652,M005,T005,2026-07-15 17:37:00,21340000,HK,DEV1401,0
TXN09151,CARD09147,C09147,M008,T008,2026-07-25 14:21:00,38350000,VN,DEV0852,0
TXN09152,CARD01723,C01723,M010,T010,2026-07-02 07:06:00,13840000,VN,DEV0106,0
TXN09153,CARD00230,C00230,M013,T013,2026-07-12 19:21:00,39980000,VN,DEV0285,0
TXN09154,CARD04002,C04002,M006,T006,2026-07-07 13:47:00,45700000,VN,DEV1646,0
TXN09155,CARD09875,C09875,M004,T004,2026-07-27 17:36:00,29040000,HK,DEV0298,0
TXN09156,CARD03753,C03753,M003,T003,2026-07-20 02:12:00,32220000,HK,DEV1614,0
TXN09157,CARD04756,C04756,M006,T006,2026-07-07 17:37:00,36880000,VN,DEV1084,0
TXN09158,CARD04267,C04267,M002,T002,2026-07-05 10:26:00,28660000,US,DEV0447,0
TXN09159,CARD05926,C05926,M005,T005,2026-07-25 03:25:00,17400000,SG,DEV0693,0
TXN09160,CARD04964,C04964,M014,T014,2026-07-11 12:40:00,4630000,VN,DEV0966,0
TXN09161,CARD04678,C04678,M010,T010,2026-07-20 12:26:00,10020000,VN,DEV0702,0
TXN09162,CARD08516,C08516,M010,T010,2026-07-15 08:31:00,6000000,VN,DEV1667,0
TXN09163,CARD04545,C04545,M012,T012,2026-07-01 12:35:00,30490000,VN,DEV1926,0
TXN09164,CARD04129,C04129,M004,T004,2026-07-24 23:26:00,8570000,SG,DEV1656,0
TXN09165,CARD05697,C05697,M014,T014,2026-07-13 20:03:00,25310000,VN,DEV0017,0
TXN09166,CARD09650,C09650,M012,T012,2026-07-07 03:59:00,36610000,VN,DEV1037,0
TXN09167,CARD04453,C04453,M002,T002,2026-07-06 14:21:00,49190000,SG,DEV1906,0
TXN09168,CARD06636,C06636,M003,T003,2026-07-04 09:54:00,15170000,US,DEV1838,0
TXN09169,CARD00759,C00759,M008,T008,2026-07-12 21:31:00,7140000,VN,DEV1178,0
TXN09170,CARD00516,C00516,M012,T012,2026-07-17 10:29:00,31080000,VN,DEV1469,0
TXN09171,CARD02056,C02056,M001,T001,2026-07-06 06:46:00,22660000,VN,DEV0930,0
TXN09172,CARD00772,C00772,M008,T008,2026-07-02 10:20:00,22780000,VN,DEV0066,0
TXN09173,CARD00567,C00567,M007,T007,2026-07-06 03:30:00,31820000,VN,DEV0279,0
TXN09174,CARD03974,C03974,M010,T010,2026-07-12 19:23:00,26150000,VN,DEV1172,0
TXN09175,CARD07953,C07953,M014,T014,2026-07-15 06:41:00,15590000,VN,DEV0573,0
TXN09176,CARD05974,C05974,M007,T007,2026-07-01 08:11:00,3780000,VN,DEV1147,0
TXN09177,CARD02261,C02261,M009,T009,2026-07-25 03:20:00,33620000,VN,DEV0971,0
TXN09178,CARD05413,C05413,M013,T013,2026-07-18 17:58:00,13240000,VN,DEV1485,0
TXN09179,CARD07289,C07289,M012,T012,2026-07-27 20:43:00,24850000,VN,DEV0720,0
TXN09180,CARD05667,C05667,M013,T013,2026-07-22 19:33:00,35790000,VN,DEV1032,0
TXN09181,CARD08199,C08199,M001,T001,2026-07-15 04:32:00,9470000,VN,DEV1383,0
TXN09182,CARD02398,C02398,M014,T014,2026-07-03 10:41:00,47490000,VN,DEV0210,0
TXN09183,CARD08602,C08602,M014,T014,2026-07-25 04:50:00,4200000,VN,DEV0163,0
TXN09184,CARD04834,C04834,M011,T011,2026-07-24 19:45:00,16720000,VN,DEV1820,0
TXN09185,CARD00608,C00608,M005,T005,2026-07-16 21:45:00,17310000,US,DEV0528,0
TXN09186,CARD04954,C04954,M002,T002,2026-07-04 06:37:00,39480000,HK,DEV1784,0
TXN09187,CARD06909,C06909,M014,T014,2026-07-12 08:15:00,34430000,VN,DEV0706,0
TXN09188,CARD02078,C02078,M005,T005,2026-07-17 07:25:00,37310000,SG,DEV0575,0
TXN09189,CARD03920,C03920,M014,T014,2026-07-06 07:54:00,4880000,VN,DEV0858,0
TXN09190,CARD05451,C05451,M009,T009,2026-07-22 09:34:00,42600000,VN,DEV0968,0
TXN09191,CARD09906,C09906,M012,T012,2026-07-21 19:57:00,44100000,VN,DEV1032,0
TXN09192,CARD03862,C03862,M007,T007,2026-07-18 05:01:00,15430000,VN,DEV0422,0
TXN09193,CARD01502,C01502,M004,T004,2026-07-20 04:50:00,45700000,SG,DEV1038,0
TXN09194,CARD04967,C04967,M010,T010,2026-07-15 10:55:00,4680000,VN,DEV0316,0
TXN09195,CARD03695,C03695,M003,T003,2026-07-24 02:30:00,33680000,SG,DEV1544,0
TXN09196,CARD03902,C03902,M013,T013,2026-07-21 20:31:00,23480000,VN,DEV1059,0
TXN09197,CARD07632,C07632,M014,T014,2026-07-23 01:35:00,35850000,VN,DEV0074,0
TXN09198,CARD06015,C06015,M011,T011,2026-07-12 22:01:00,10730000,VN,DEV0382,0
TXN09199,CARD01057,C01057,M002,T002,2026-07-12 11:27:00,27290000,SG,DEV0124,0
TXN09200,CARD06591,C06591,M008,T008,2026-07-12 11:19:00,27810000,VN,DEV1793,0
TXN09201,CARD03094,C03094,M006,T006,2026-07-24 18:07:00,41230000,VN,DEV0246,0
TXN09202,CARD04888,C04888,M003,T003,2026-07-10 01:01:00,13970000,SG,DEV0131,0
TXN09203,CARD08435,C08435,M008,T008,2026-07-19 12:26:00,35930000,VN,DEV1339,0
TXN09204,CARD05857,C05857,M008,T008,2026-07-02 18:20:00,1210000,VN,DEV0330,0
TXN09205,CARD06826,C06826,M008,T008,2026-07-09 23:38:00,31580000,VN,DEV1005,0
TXN09206,CARD08200,C08200,M005,T005,2026-07-14 00:24:00,29540000,HK,DEV1234,0
TXN09207,CARD06842,C06842,M013,T013,2026-07-09 08:22:00,48380000,VN,DEV1249,0
TXN09208,CARD06237,C06237,M007,T007,2026-07-27 14:41:00,36490000,VN,DEV0365,0
TXN09209,CARD01787,C01787,M010,T010,2026-07-21 16:57:00,8930000,VN,DEV1761,0
TXN09210,CARD07712,C07712,M003,T003,2026-07-28 03:42:00,26810000,US,DEV0511,0
TXN09211,CARD05825,C05825,M002,T002,2026-07-26 17:18:00,41360000,US,DEV0281,0
TXN09212,CARD01604,C01604,M003,T003,2026-07-22 11:25:00,19090000,SG,DEV0145,0
TXN09213,CARD02023,C02023,M002,T002,2026-07-01 12:27:00,29600000,US,DEV1616,0
TXN09214,CARD01087,C01087,M006,T006,2026-07-16 04:48:00,14890000,VN,DEV0471,0
TXN09215,CARD08675,C08675,M005,T005,2026-07-17 00:15:00,14540000,HK,DEV1776,0
TXN09216,CARD06462,C06462,M001,T001,2026-07-09 08:38:00,33740000,VN,DEV1058,0
TXN09217,CARD00366,C00366,M001,T001,2026-07-07 01:46:00,6590000,VN,DEV0645,0
TXN09218,CARD03767,C03767,M011,T011,2026-07-21 11:09:00,38200000,VN,DEV0993,0
TXN09219,CARD09018,C09018,M012,T012,2026-07-27 09:09:00,34740000,VN,DEV1435,0
TXN09220,CARD09382,C09382,M003,T003,2026-07-15 01:06:00,13840000,US,DEV1608,0
TXN09221,CARD09083,C09083,M007,T007,2026-07-24 02:10:00,45870000,VN,DEV1062,0
TXN09222,CARD09976,C09976,M012,T012,2026-07-10 14:42:00,33770000,VN,DEV0196,0
TXN09223,CARD05176,C05176,M013,T013,2026-07-17 20:23:00,7960000,VN,DEV0381,0
TXN09224,CARD00891,C00891,M012,T012,2026-07-26 13:52:00,10920000,VN,DEV0035,0
TXN09225,CARD09589,C09589,M014,T014,2026-07-27 14:37:00,30040000,VN,DEV1452,0
TXN09226,CARD07652,C07652,M005,T005,2026-07-19 06:20:00,29920000,HK,DEV0869,0
TXN09227,CARD01174,C01174,M010,T010,2026-07-05 00:28:00,3950000,VN,DEV0485,0
TXN09228,CARD08700,C08700,M005,T005,2026-07-21 10:14:00,40570000,US,DEV1390,0
TXN09229,CARD09757,C09757,M011,T011,2026-07-26 17:05:00,14510000,VN,DEV1020,0
TXN09230,CARD08781,C08781,M011,T011,2026-07-19 15:16:00,3390000,VN,NEW_DEVICE,1
TXN09231,CARD00813,C00813,M006,T006,2026-07-20 03:00:00,25750000,SG,NEW_DEVICE,1
TXN09232,CARD01698,C01698,M006,T006,2026-07-10 07:58:00,1430000,VN,DEV0558,0
TXN09233,CARD04492,C04492,M008,T008,2026-07-09 18:01:00,14550000,VN,DEV1054,0
TXN09234,CARD03441,C03441,M009,T009,2026-07-27 22:22:00,1670000,VN,DEV1922,0
TXN09235,CARD06164,C06164,M005,T005,2026-07-18 23:44:00,43050000,US,DEV0241,0
TXN09236,CARD05577,C05577,M008,T008,2026-07-05 23:07:00,28690000,VN,DEV0409,0
TXN09237,CARD07989,C07989,M005,T005,2026-07-09 06:31:00,35460000,SG,DEV1555,0
TXN09238,CARD03124,C03124,M007,T007,2026-07-01 04:03:00,24040000,VN,DEV1319,0
TXN09239,CARD08306,C08306,M010,T010,2026-07-02 20:36:00,28270000,VN,DEV1068,0
TXN09240,CARD09177,C09177,M014,T014,2026-07-04 15:22:00,10540000,VN,DEV0902,0
TXN09241,CARD06440,C06440,M005,T005,2026-07-09 14:39:00,15380000,HK,DEV1251,0
TXN09242,CARD02610,C02610,M013,T013,2026-07-16 00:45:00,5890000,VN,DEV1903,0
TXN09243,CARD07945,C07945,M014,T014,2026-07-20 16:14:00,17910000,VN,DEV1734,0
TXN09244,CARD01233,C01233,M002,T002,2026-07-01 13:10:00,1910000,SG,DEV0343,0
TXN09245,CARD01202,C01202,M003,T003,2026-07-13 01:28:00,3650000,US,DEV0923,0
TXN09246,CARD03407,C03407,M004,T004,2026-07-02 20:08:00,33920000,SG,DEV1900,0
TXN09247,CARD02733,C02733,M005,T005,2026-07-14 02:25:00,11070000,US,DEV1944,0
TXN09248,CARD03638,C03638,M009,T009,2026-07-16 16:29:00,22570000,VN,DEV0761,0
TXN09249,CARD04195,C04195,M001,T001,2026-07-05 10:36:00,3620000,VN,DEV0341,0
TXN09250,CARD05136,C05136,M008,T008,2026-07-26 08:12:00,2740000,VN,DEV0023,0
TXN09251,CARD09109,C09109,M001,T001,2026-07-11 03:43:00,8150000,VN,DEV1359,0
TXN09252,CARD03074,C03074,M011,T011,2026-07-03 02:37:00,670000,VN,DEV1976,0
TXN09253,CARD06332,C06332,M011,T011,2026-07-24 20:46:00,41810000,VN,DEV0753,0
TXN09254,CARD05422,C05422,M013,T013,2026-07-14 11:03:00,970000,VN,DEV0764,0
TXN09255,CARD08851,C08851,M006,T006,2026-07-25 19:28:00,13400000,VN,DEV1219,0
TXN09256,CARD09465,C09465,M003,T003,2026-07-11 08:45:00,45300000,SG,DEV0562,0
TXN09257,CARD05886,C05886,M010,T010,2026-07-16 19:11:00,26070000,VN,DEV1654,0
TXN09258,CARD09365,C09365,M004,T004,2026-07-19 16:53:00,24670000,SG,DEV0745,0
TXN09259,CARD02473,C02473,M002,T002,2026-07-06 00:30:00,22390000,SG,DEV0668,0
TXN09260,CARD01698,C01698,M009,T009,2026-07-01 11:05:00,48800000,HK,NEW_DEVICE,1
TXN09261,CARD01151,C01151,M009,T009,2026-07-22 18:05:00,43760000,VN,DEV0250,0
TXN09262,CARD05289,C05289,M006,T006,2026-07-20 15:56:00,19400000,VN,DEV1199,0
TXN09263,CARD01912,C01912,M005,T005,2026-07-05 08:40:00,31510000,US,DEV0362,0
TXN09264,CARD05295,C05295,M012,T012,2026-07-06 15:27:00,14330000,VN,DEV1031,0
TXN09265,CARD08004,C08004,M011,T011,2026-07-08 11:45:00,18820000,VN,DEV0299,0
TXN09266,CARD01691,C01691,M013,T013,2026-07-12 01:13:00,25370000,VN,DEV0511,0
TXN09267,CARD09133,C09133,M003,T003,2026-07-28 16:33:00,41160000,SG,DEV1835,0
TXN09268,CARD02469,C02469,M003,T003,2026-07-11 09:46:00,23460000,VN,NEW_DEVICE,1
TXN09269,CARD01593,C01593,M011,T011,2026-07-16 06:20:00,19460000,VN,DEV0560,0
TXN09270,CARD06321,C06321,M013,T013,2026-07-09 17:58:00,34520000,VN,DEV1751,0
TXN09271,CARD07092,C07092,M003,T003,2026-07-05 16:06:00,25680000,HK,DEV0993,0
TXN09272,CARD06175,C06175,M007,T007,2026-07-10 22:25:00,21110000,VN,DEV0907,0
TXN09273,CARD09949,C09949,M005,T005,2026-07-05 05:52:00,5550000,HK,DEV0365,0
TXN09274,CARD07020,C07020,M011,T011,2026-07-09 03:18:00,23430000,VN,DEV1849,0
TXN09275,CARD04106,C04106,M001,T001,2026-07-18 02:12:00,5650000,VN,DEV0670,0
TXN09276,CARD02993,C02993,M012,T012,2026-07-05 02:40:00,43360000,VN,DEV0276,0
TXN09277,CARD02525,C02525,M006,T006,2026-07-02 11:27:00,6800000,VN,DEV0420,0
TXN09278,CARD04956,C04956,M002,T002,2026-07-20 04:20:00,32410000,HK,DEV1688,0
TXN09279,CARD08082,C08082,M005,T005,2026-07-25 14:00:00,7390000,HK,DEV0893,0
TXN09280,CARD04347,C04347,M014,T014,2026-07-12 02:36:00,28130000,VN,DEV1815,0
TXN09281,CARD03036,C03036,M011,T011,2026-07-26 14:22:00,22330000,VN,DEV1717,0
TXN09282,CARD03535,C03535,M008,T008,2026-07-14 01:01:00,26590000,VN,DEV0615,0
TXN09283,CARD05643,C05643,M006,T006,2026-07-09 03:20:00,33770000,VN,DEV1388,0
TXN09284,CARD08595,C08595,M002,T002,2026-07-11 23:13:00,730000,SG,DEV0771,0
TXN09285,CARD02360,C02360,M005,T005,2026-07-03 08:42:00,17820000,US,DEV1663,0
TXN09286,CARD02006,C02006,M014,T014,2026-07-09 06:45:00,17690000,VN,DEV1843,0
TXN09287,CARD02621,C02621,M002,T002,2026-07-28 04:35:00,12220000,SG,DEV1903,0
TXN09288,CARD02543,C02543,M011,T011,2026-07-03 11:32:00,16890000,VN,DEV1522,0
TXN09289,CARD08633,C08633,M008,T008,2026-07-01 06:41:00,49750000,VN,DEV1881,0
TXN09290,CARD00697,C00697,M005,T005,2026-07-13 06:15:00,45470000,SG,DEV0431,0
TXN09291,CARD03563,C03563,M014,T014,2026-07-22 23:09:00,10960000,VN,DEV0159,0
TXN09292,CARD07493,C07493,M004,T004,2026-07-10 18:06:00,15730000,SG,DEV1921,0
TXN09293,CARD03488,C03488,M005,T005,2026-07-13 00:38:00,36490000,HK,DEV0006,0
TXN09294,CARD08389,C08389,M013,T013,2026-07-07 01:06:00,46550000,VN,DEV0785,0
TXN09295,CARD00495,C00495,M010,T010,2026-07-03 18:00:00,2670000,VN,DEV0299,0
TXN09296,CARD01290,C01290,M014,T014,2026-07-15 06:20:00,26680000,VN,DEV1885,0
TXN09297,CARD02383,C02383,M011,T011,2026-07-25 11:49:00,46180000,VN,DEV0038,0
TXN09298,CARD06767,C06767,M014,T014,2026-07-16 20:02:00,36170000,VN,DEV1756,0
TXN09299,CARD00402,C00402,M001,T001,2026-07-04 14:10:00,7590000,VN,DEV1457,0
TXN09300,CARD09433,C09433,M011,T011,2026-07-01 11:07:00,13110000,VN,DEV1340,0
TXN09301,CARD09051,C09051,M007,T007,2026-07-14 04:04:00,18240000,VN,DEV0885,0
TXN09302,CARD03649,C03649,M002,T002,2026-07-15 06:45:00,5600000,US,DEV0539,0
TXN09303,CARD09344,C09344,M004,T004,2026-07-03 07:11:00,32760000,SG,DEV1309,0
TXN09304,CARD08861,C08861,M013,T013,2026-07-22 04:13:00,4430000,VN,DEV0056,0
TXN09305,CARD06362,C06362,M002,T002,2026-07-03 09:56:00,10700000,SG,DEV0793,0
TXN09306,CARD00761,C00761,M011,T011,2026-07-17 13:05:00,42270000,VN,DEV1611,0
TXN09307,CARD00018,C00018,M012,T012,2026-07-02 10:18:00,8790000,VN,DEV1598,0
TXN09308,CARD04943,C04943,M004,T004,2026-07-16 02:38:00,37590000,US,DEV1922,0
TXN09309,CARD04576,C04576,M005,T005,2026-07-14 17:56:00,7690000,SG,DEV0053,0
TXN09310,CARD00814,C00814,M012,T012,2026-07-12 23:24:00,44030000,VN,DEV0372,0
TXN09311,CARD08739,C08739,M011,T011,2026-07-23 01:56:00,2940000,VN,DEV0374,0
TXN09312,CARD00414,C00414,M001,T001,2026-07-03 23:58:00,28370000,VN,DEV0148,0
TXN09313,CARD04396,C04396,M011,T011,2026-07-24 15:28:00,33720000,VN,DEV0858,0
TXN09314,CARD09434,C09434,M001,T001,2026-07-15 13:30:00,10200000,VN,DEV1318,0
TXN09315,CARD06114,C06114,M007,T007,2026-07-06 11:08:00,970000,VN,DEV0185,0
TXN09316,CARD09735,C09735,M008,T008,2026-07-05 21:46:00,30260000,VN,DEV1803,0
TXN09317,CARD03320,C03320,M010,T010,2026-07-13 12:29:00,15220000,VN,DEV1760,0
TXN09318,CARD00776,C00776,M002,T002,2026-07-03 21:53:00,18990000,HK,DEV0332,0
TXN09319,CARD03363,C03363,M013,T013,2026-07-27 07:59:00,35600000,VN,NEW_DEVICE,1
TXN09320,CARD00481,C00481,M008,T008,2026-07-18 08:25:00,34250000,VN,DEV1677,0
TXN09321,CARD06191,C06191,M009,T009,2026-07-15 23:23:00,28740000,VN,DEV0158,0
TXN09322,CARD05401,C05401,M011,T011,2026-07-08 03:15:00,7690000,VN,DEV1881,0
TXN09323,CARD04778,C04778,M007,T007,2026-07-02 02:33:00,24960000,VN,DEV0866,0
TXN09324,CARD06527,C06527,M004,T004,2026-07-16 15:57:00,45070000,US,DEV1658,0
TXN09325,CARD07171,C07171,M013,T013,2026-07-13 08:16:00,40750000,NG,NEW_DEVICE,1
TXN09326,CARD09571,C09571,M008,T008,2026-07-07 21:15:00,39280000,VN,DEV0787,0
TXN09327,CARD01835,C01835,M006,T006,2026-07-17 07:54:00,15030000,VN,DEV1658,0
TXN09328,CARD01985,C01985,M013,T013,2026-07-09 18:13:00,22550000,VN,DEV1996,0
TXN09329,CARD00215,C00215,M004,T004,2026-07-17 21:46:00,16300000,SG,DEV0006,0
TXN09330,CARD07369,C07369,M004,T004,2026-07-12 23:48:00,46370000,HK,DEV1413,0
TXN09331,CARD09632,C09632,M011,T011,2026-07-08 14:18:00,16600000,VN,DEV0578,0
TXN09332,CARD09613,C09613,M011,T011,2026-07-15 14:41:00,21120000,VN,DEV0571,0
TXN09333,CARD07608,C07608,M002,T002,2026-07-12 09:40:00,30110000,US,DEV1193,0
TXN09334,CARD08822,C08822,M008,T008,2026-07-12 16:02:00,12600000,VN,DEV0664,0
TXN09335,CARD06244,C06244,M001,T001,2026-07-06 08:54:00,31310000,VN,DEV1030,0
TXN09336,CARD02244,C02244,M002,T002,2026-07-19 19:13:00,17060000,HK,DEV1535,0
TXN09337,CARD07253,C07253,M008,T008,2026-07-03 22:13:00,30900000,VN,DEV1979,0
TXN09338,CARD08015,C08015,M007,T007,2026-07-15 01:40:00,48420000,VN,DEV1361,0
TXN09339,CARD01540,C01540,M007,T007,2026-07-16 22:09:00,31530000,VN,DEV0840,0
TXN09340,CARD06902,C06902,M012,T012,2026-07-23 18:09:00,15050000,VN,DEV0218,0
TXN09341,CARD09361,C09361,M011,T011,2026-07-22 09:41:00,42800000,VN,DEV1092,0
TXN09342,CARD04089,C04089,M007,T007,2026-07-02 00:03:00,43960000,VN,DEV1323,0
TXN09343,CARD01186,C01186,M010,T010,2026-07-03 21:19:00,42870000,VN,DEV0131,0
TXN09344,CARD02936,C02936,M004,T004,2026-07-19 10:03:00,25020000,HK,DEV1947,0
TXN09345,CARD04406,C04406,M004,T004,2026-07-07 21:34:00,6640000,SG,DEV0434,0
TXN09346,CARD04974,C04974,M008,T008,2026-07-18 03:43:00,31240000,VN,DEV1813,0
TXN09347,CARD05723,C05723,M011,T011,2026-07-28 01:36:00,43810000,VN,DEV0607,0
TXN09348,CARD09131,C09131,M009,T009,2026-07-05 04:17:00,42540000,VN,DEV0236,0
TXN09349,CARD00850,C00850,M001,T001,2026-07-09 15:50:00,47370000,VN,DEV0736,0
TXN09350,CARD05534,C05534,M014,T014,2026-07-06 05:26:00,6940000,VN,DEV0278,0
TXN09351,CARD08680,C08680,M008,T008,2026-07-15 10:14:00,28020000,VN,DEV0736,0
TXN09352,CARD05874,C05874,M010,T010,2026-07-13 14:43:00,2150000,VN,DEV0670,0
TXN09353,CARD03418,C03418,M009,T009,2026-07-12 08:07:00,11700000,VN,DEV0701,0
TXN09354,CARD04104,C04104,M008,T008,2026-07-17 21:09:00,27880000,VN,DEV1430,0
TXN09355,CARD00219,C00219,M005,T005,2026-07-24 08:19:00,15820000,US,DEV1170,0
TXN09356,CARD06748,C06748,M009,T009,2026-07-27 10:11:00,2320000,VN,DEV1655,0
TXN09357,CARD02131,C02131,M010,T010,2026-07-23 21:13:00,34080000,VN,DEV1226,0
TXN09358,CARD08137,C08137,M005,T005,2026-07-18 22:45:00,25050000,US,DEV0406,0
TXN09359,CARD03885,C03885,M009,T009,2026-07-26 03:59:00,17100000,VN,DEV0227,0
TXN09360,CARD04666,C04666,M001,T001,2026-07-01 12:16:00,630000,VN,DEV1888,0
TXN09361,CARD08138,C08138,M009,T009,2026-07-03 04:49:00,750000,VN,DEV1128,0
TXN09362,CARD02526,C02526,M004,T004,2026-07-18 23:35:00,8570000,HK,DEV1795,0
TXN09363,CARD01920,C01920,M010,T010,2026-07-01 21:01:00,8240000,VN,DEV1289,0
TXN09364,CARD05662,C05662,M014,T014,2026-07-12 02:20:00,48700000,VN,DEV0830,0
TXN09365,CARD05516,C05516,M004,T004,2026-07-26 22:05:00,16050000,HK,DEV1463,0
TXN09366,CARD01123,C01123,M013,T013,2026-07-21 22:05:00,46290000,VN,DEV1714,0
TXN09367,CARD08493,C08493,M005,T005,2026-07-16 21:41:00,20850000,SG,DEV1538,0
TXN09368,CARD07100,C07100,M011,T011,2026-07-17 00:02:00,19510000,VN,DEV1160,0
TXN09369,CARD06827,C06827,M013,T013,2026-07-19 08:44:00,43920000,VN,DEV1377,0
TXN09370,CARD03043,C03043,M002,T002,2026-07-10 16:20:00,37810000,HK,DEV1684,0
TXN09371,CARD03300,C03300,M005,T005,2026-07-17 18:22:00,23690000,US,DEV1253,0
TXN09372,CARD09820,C09820,M006,T006,2026-07-23 02:43:00,36720000,VN,DEV0510,0
TXN09373,CARD08564,C08564,M014,T014,2026-07-09 19:05:00,45870000,VN,DEV0094,0
TXN09374,CARD05567,C05567,M003,T003,2026-07-24 12:43:00,21800000,HK,DEV0191,0
TXN09375,CARD00386,C00386,M010,T010,2026-07-11 22:23:00,11640000,VN,DEV0492,0
TXN09376,CARD05672,C05672,M006,T006,2026-07-06 09:33:00,3350000,VN,DEV0273,0
TXN09377,CARD00208,C00208,M012,T012,2026-07-18 02:22:00,20040000,VN,DEV0521,0
TXN09378,CARD08481,C08481,M012,T012,2026-07-15 01:05:00,740000,VN,DEV1128,0
TXN09379,CARD07446,C07446,M011,T011,2026-07-06 06:49:00,36370000,VN,DEV0474,0
TXN09380,CARD01068,C01068,M011,T011,2026-07-16 08:03:00,45840000,VN,DEV1609,0
TXN09381,CARD08638,C08638,M004,T004,2026-07-18 19:00:00,1190000,HK,DEV0951,0
TXN09382,CARD05887,C05887,M005,T005,2026-07-17 09:53:00,7350000,SG,DEV1945,0
TXN09383,CARD04058,C04058,M003,T003,2026-07-10 18:03:00,42000000,HK,DEV0004,0
TXN09384,CARD03873,C03873,M006,T006,2026-07-27 03:37:00,12200000,VN,DEV0402,0
TXN09385,CARD09364,C09364,M006,T006,2026-07-24 07:34:00,35000000,VN,DEV1900,0
TXN09386,CARD07669,C07669,M008,T008,2026-07-28 00:47:00,5990000,VN,DEV1279,0
TXN09387,CARD06877,C06877,M009,T009,2026-07-19 23:45:00,5640000,VN,DEV1834,0
TXN09388,CARD06570,C06570,M011,T011,2026-07-09 05:51:00,2390000,VN,DEV1320,0
TXN09389,CARD03791,C03791,M003,T003,2026-07-26 02:56:00,730000,HK,DEV1375,0
TXN09390,CARD06022,C06022,M004,T004,2026-07-19 13:27:00,17570000,HK,DEV1970,0
TXN09391,CARD01434,C01434,M006,T006,2026-07-27 03:43:00,19210000,VN,DEV1676,0
TXN09392,CARD05065,C05065,M004,T004,2026-07-26 00:52:00,25290000,US,DEV1338,0
TXN09393,CARD00232,C00232,M007,T007,2026-07-11 16:11:00,30700000,HK,NEW_DEVICE,1
TXN09394,CARD06024,C06024,M002,T002,2026-07-26 22:54:00,45500000,SG,DEV1803,0
TXN09395,CARD01476,C01476,M003,T003,2026-07-10 03:26:00,10510000,HK,DEV0838,0
TXN09396,CARD03075,C03075,M010,T010,2026-07-28 00:04:00,31210000,VN,DEV1458,0
TXN09397,CARD00494,C00494,M003,T003,2026-07-26 17:04:00,32640000,US,DEV0830,0
TXN09398,CARD09116,C09116,M002,T002,2026-07-13 07:19:00,27090000,SG,DEV1657,0
TXN09399,CARD09371,C09371,M011,T011,2026-07-01 06:19:00,40530000,VN,DEV0596,0
TXN09400,CARD08845,C08845,M012,T012,2026-07-14 03:41:00,47410000,VN,DEV1957,0
TXN09401,CARD02370,C02370,M013,T013,2026-07-06 03:12:00,35170000,VN,DEV0217,0
TXN09402,CARD01505,C01505,M004,T004,2026-07-23 15:29:00,43090000,US,DEV1040,0
TXN09403,CARD09862,C09862,M012,T012,2026-07-18 22:41:00,33390000,VN,DEV1042,0
TXN09404,CARD05479,C05479,M011,T011,2026-07-23 09:03:00,38050000,VN,DEV1746,0
TXN09405,CARD02518,C02518,M011,T011,2026-07-08 18:48:00,4280000,VN,DEV1748,0
TXN09406,CARD08442,C08442,M007,T007,2026-07-24 04:28:00,12080000,VN,DEV0252,0
TXN09407,CARD04899,C04899,M012,T012,2026-07-27 09:13:00,22110000,VN,DEV0828,0
TXN09408,CARD03191,C03191,M004,T004,2026-07-21 11:40:00,12690000,HK,DEV0397,0
TXN09409,CARD09503,C09503,M005,T005,2026-07-02 22:11:00,47900000,HK,DEV1956,0
TXN09410,CARD07586,C07586,M003,T003,2026-07-10 15:34:00,33970000,US,DEV0672,0
TXN09411,CARD04164,C04164,M007,T007,2026-07-13 12:58:00,16100000,VN,DEV0581,0
TXN09412,CARD00747,C00747,M012,T012,2026-07-07 16:46:00,29040000,VN,DEV0664,0
TXN09413,CARD07763,C07763,M003,T003,2026-07-21 14:32:00,25510000,US,DEV1962,0
TXN09414,CARD03644,C03644,M004,T004,2026-07-18 18:34:00,16390000,US,DEV0713,0
TXN09415,CARD02204,C02204,M004,T004,2026-07-12 00:17:00,22970000,SG,DEV1722,0
TXN09416,CARD00026,C00026,M004,T004,2026-07-05 13:24:00,28230000,US,DEV1104,0
TXN09417,CARD04799,C04799,M009,T009,2026-07-26 08:04:00,23810000,VN,DEV0257,0
TXN09418,CARD05355,C05355,M002,T002,2026-07-05 16:46:00,23670000,SG,DEV1984,0
TXN09419,CARD04602,C04602,M001,T001,2026-07-18 23:08:00,40740000,VN,DEV0233,0
TXN09420,CARD00326,C00326,M008,T008,2026-07-01 16:56:00,46440000,VN,DEV1597,0
TXN09421,CARD09414,C09414,M011,T011,2026-07-22 17:39:00,25740000,VN,DEV0122,0
TXN09422,CARD07842,C07842,M009,T009,2026-07-27 05:26:00,15460000,VN,DEV1384,0
TXN09423,CARD09495,C09495,M010,T010,2026-07-06 11:27:00,11900000,VN,DEV1667,0
TXN09424,CARD06235,C06235,M012,T012,2026-07-27 15:26:00,19600000,VN,DEV1631,0
TXN09425,CARD05282,C05282,M004,T004,2026-07-26 15:35:00,49760000,SG,DEV0994,0
TXN09426,CARD03849,C03849,M004,T004,2026-07-06 01:23:00,4030000,HK,DEV0193,0
TXN09427,CARD05390,C05390,M009,T009,2026-07-05 12:28:00,30650000,VN,DEV1799,0
TXN09428,CARD03356,C03356,M010,T010,2026-07-19 22:32:00,15540000,SG,NEW_DEVICE,1
TXN09429,CARD09550,C09550,M012,T012,2026-07-12 11:53:00,36650000,VN,DEV1056,0
TXN09430,CARD08455,C08455,M009,T009,2026-07-16 21:18:00,13360000,VN,DEV0764,0
TXN09431,CARD01416,C01416,M012,T012,2026-07-06 00:33:00,26680000,VN,DEV1652,0
TXN09432,CARD04742,C04742,M011,T011,2026-07-25 17:23:00,11270000,VN,DEV0490,0
TXN09433,CARD06086,C06086,M012,T012,2026-07-23 11:37:00,18060000,VN,DEV1597,0
TXN09434,CARD07707,C07707,M007,T007,2026-07-06 04:30:00,46120000,VN,DEV1664,0
TXN09435,CARD03342,C03342,M009,T009,2026-07-06 13:27:00,13500000,VN,DEV0850,0
TXN09436,CARD04838,C04838,M001,T001,2026-07-14 21:00:00,1620000,VN,DEV0933,0
TXN09437,CARD04598,C04598,M004,T004,2026-07-12 11:32:00,27450000,SG,DEV1237,0
TXN09438,CARD03113,C03113,M013,T013,2026-07-08 13:48:00,33950000,VN,DEV0501,0
TXN09439,CARD08713,C08713,M005,T005,2026-07-06 00:30:00,42000000,HK,DEV1308,0
TXN09440,CARD04653,C04653,M002,T002,2026-07-24 02:46:00,13280000,HK,DEV1624,0
TXN09441,CARD03425,C03425,M013,T013,2026-07-22 01:11:00,48110000,VN,DEV0893,0
TXN09442,CARD07652,C07652,M008,T008,2026-07-17 01:21:00,16670000,VN,DEV1574,0
TXN09443,CARD06053,C06053,M004,T004,2026-07-10 19:32:00,5420000,SG,DEV1115,0
TXN09444,CARD09585,C09585,M007,T007,2026-07-16 16:48:00,19890000,VN,DEV1621,0
TXN09445,CARD04154,C04154,M007,T007,2026-07-08 18:39:00,29120000,VN,DEV0243,0
TXN09446,CARD04787,C04787,M014,T014,2026-07-13 07:14:00,44620000,VN,DEV1874,0
TXN09447,CARD06814,C06814,M013,T013,2026-07-13 20:12:00,8470000,VN,DEV1819,0
TXN09448,CARD09964,C09964,M005,T005,2026-07-16 20:56:00,21340000,SG,DEV0463,0
TXN09449,CARD06739,C06739,M007,T007,2026-07-11 03:03:00,30510000,VN,DEV1669,0
TXN09450,CARD09071,C09071,M012,T012,2026-07-10 09:38:00,30790000,VN,DEV0926,0
TXN09451,CARD01683,C01683,M013,T013,2026-07-15 19:21:00,40150000,VN,DEV1109,0
TXN09452,CARD08297,C08297,M005,T005,2026-07-06 06:16:00,4140000,SG,DEV0063,0
TXN09453,CARD01626,C01626,M011,T011,2026-07-19 21:42:00,47610000,VN,DEV1070,0
TXN09454,CARD04896,C04896,M010,T010,2026-07-17 16:43:00,5910000,VN,DEV0254,0
TXN09455,CARD06446,C06446,M013,T013,2026-07-20 16:34:00,36130000,VN,DEV1554,0
TXN09456,CARD05679,C05679,M001,T001,2026-07-07 01:42:00,900000,VN,DEV1334,0
TXN09457,CARD05780,C05780,M004,T004,2026-07-02 14:33:00,26820000,HK,NEW_DEVICE,1
TXN09458,CARD00994,C00994,M012,T012,2026-07-08 21:05:00,43260000,VN,DEV1074,0
TXN09459,CARD06914,C06914,M009,T009,2026-07-05 10:27:00,44470000,VN,DEV0593,0
TXN09460,CARD08079,C08079,M008,T008,2026-07-14 22:02:00,18880000,VN,DEV0139,0
TXN09461,CARD02907,C02907,M005,T005,2026-07-20 13:46:00,6890000,HK,DEV0475,0
TXN09462,CARD08374,C08374,M013,T013,2026-07-23 12:40:00,40520000,VN,DEV1659,0
TXN09463,CARD08116,C08116,M002,T002,2026-07-25 11:40:00,15230000,SG,DEV0773,0
TXN09464,CARD05428,C05428,M009,T009,2026-07-16 14:20:00,31900000,VN,DEV0474,0
TXN09465,CARD09600,C09600,M003,T003,2026-07-19 16:01:00,14500000,HK,DEV1452,0
TXN09466,CARD04666,C04666,M002,T002,2026-07-22 20:42:00,18430000,SG,DEV1631,0
TXN09467,CARD06435,C06435,M009,T009,2026-07-14 19:47:00,44280000,VN,DEV0277,0
TXN09468,CARD09250,C09250,M002,T002,2026-07-22 17:04:00,48680000,US,DEV0094,0
TXN09469,CARD08488,C08488,M008,T008,2026-07-28 06:14:00,15870000,VN,DEV1100,0
TXN09470,CARD01442,C01442,M012,T012,2026-07-09 01:15:00,25580000,VN,DEV0697,0
TXN09471,CARD00423,C00423,M013,T013,2026-07-27 23:41:00,19070000,VN,DEV0710,0
TXN09472,CARD02685,C02685,M001,T001,2026-07-10 07:58:00,15800000,VN,DEV1435,0
TXN09473,CARD01329,C01329,M010,T010,2026-07-22 10:51:00,28630000,VN,DEV1697,0
TXN09474,CARD01951,C01951,M009,T009,2026-07-04 17:46:00,8020000,VN,DEV0671,0
TXN09475,CARD05439,C05439,M013,T013,2026-07-22 11:13:00,11050000,VN,DEV0225,0
TXN09476,CARD09891,C09891,M013,T013,2026-07-21 06:37:00,20500000,VN,DEV0996,0
TXN09477,CARD03508,C03508,M001,T001,2026-07-02 21:55:00,31380000,VN,DEV0773,0
TXN09478,CARD08941,C08941,M008,T008,2026-07-02 19:53:00,2460000,VN,DEV1657,0
TXN09479,CARD03594,C03594,M006,T006,2026-07-09 19:24:00,43760000,VN,DEV1176,0
TXN09480,CARD01148,C01148,M010,T010,2026-07-06 17:10:00,17470000,VN,DEV0277,0
TXN09481,CARD09681,C09681,M005,T005,2026-07-15 09:48:00,20370000,SG,DEV1166,0
TXN09482,CARD04634,C04634,M012,T012,2026-07-26 15:50:00,2650000,VN,DEV1780,0
TXN09483,CARD00443,C00443,M011,T011,2026-07-23 02:50:00,30580000,VN,DEV1421,0
TXN09484,CARD05542,C05542,M002,T002,2026-07-07 09:17:00,46150000,HK,DEV0644,0
TXN09485,CARD07432,C07432,M013,T013,2026-07-21 03:59:00,41800000,VN,DEV0628,0
TXN09486,CARD06014,C06014,M013,T013,2026-07-24 05:35:00,46100000,VN,DEV0714,0
TXN09487,CARD09164,C09164,M013,T013,2026-07-05 06:08:00,18400000,VN,DEV0402,0
TXN09488,CARD04195,C04195,M005,T005,2026-07-26 17:59:00,46930000,HK,DEV0138,0
TXN09489,CARD05645,C05645,M002,T002,2026-07-12 10:02:00,33300000,SG,DEV0155,0
TXN09490,CARD04478,C04478,M010,T010,2026-07-02 16:21:00,30700000,VN,DEV1653,0
TXN09491,CARD01618,C01618,M013,T013,2026-07-09 00:59:00,46020000,VN,DEV0543,0
TXN09492,CARD00023,C00023,M002,T002,2026-07-22 13:49:00,16320000,SG,DEV1186,0
TXN09493,CARD06318,C06318,M003,T003,2026-07-10 00:46:00,26230000,HK,DEV0496,0
TXN09494,CARD05573,C05573,M009,T009,2026-07-04 01:29:00,32640000,VN,DEV0781,0
TXN09495,CARD03967,C03967,M010,T010,2026-07-24 18:24:00,15480000,VN,DEV1221,0
TXN09496,CARD02701,C02701,M007,T007,2026-07-13 20:53:00,33010000,VN,DEV1189,0
TXN09497,CARD08583,C08583,M007,T007,2026-07-17 17:26:00,48150000,VN,DEV0243,0
TXN09498,CARD04772,C04772,M006,T006,2026-07-19 00:04:00,31160000,VN,DEV1367,0
TXN09499,CARD04064,C04064,M012,T012,2026-07-26 19:52:00,47120000,VN,DEV1840,0
TXN09500,CARD08097,C08097,M007,T007,2026-07-03 04:07:00,17450000,VN,DEV1769,0
TXN09501,CARD05734,C05734,M009,T009,2026-07-03 01:12:00,26430000,VN,DEV0700,0
TXN09502,CARD02767,C02767,M005,T005,2026-07-21 14:25:00,6740000,US,DEV0150,0
TXN09503,CARD06038,C06038,M002,T002,2026-07-13 12:50:00,22890000,HK,DEV0879,0
TXN09504,CARD02353,C02353,M006,T006,2026-07-13 21:11:00,35480000,VN,DEV1527,0
TXN09505,CARD07534,C07534,M010,T010,2026-07-08 21:34:00,35250000,VN,DEV0839,0
TXN09506,CARD04430,C04430,M001,T001,2026-07-28 12:55:00,18600000,VN,DEV0568,0
TXN09507,CARD02846,C02846,M010,T010,2026-07-16 19:27:00,40720000,VN,DEV1623,0
TXN09508,CARD02548,C02548,M012,T012,2026-07-23 02:01:00,10410000,VN,DEV0858,0
TXN09509,CARD01436,C01436,M004,T004,2026-07-25 14:10:00,12050000,SG,DEV0069,0
TXN09510,CARD09528,C09528,M011,T011,2026-07-09 11:06:00,1250000,US,NEW_DEVICE,1
TXN09511,CARD02047,C02047,M003,T003,2026-07-22 00:42:00,14760000,US,DEV1166,0
TXN09512,CARD08884,C08884,M006,T006,2026-07-16 18:38:00,37950000,VN,DEV0712,0
TXN09513,CARD04113,C04113,M006,T006,2026-07-23 14:53:00,36370000,VN,DEV0848,0
TXN09514,CARD05501,C05501,M003,T003,2026-07-23 04:48:00,30300000,SG,DEV0653,0
TXN09515,CARD02601,C02601,M006,T006,2026-07-07 18:55:00,24080000,VN,DEV1109,0
TXN09516,CARD01200,C01200,M014,T014,2026-07-26 17:13:00,3620000,VN,DEV1540,0
TXN09517,CARD05549,C05549,M003,T003,2026-07-02 11:13:00,3350000,HK,DEV1344,0
TXN09518,CARD06151,C06151,M004,T004,2026-07-11 04:29:00,39750000,SG,DEV1016,0
TXN09519,CARD08743,C08743,M005,T005,2026-07-07 16:03:00,42390000,US,DEV1971,0
TXN09520,CARD08011,C08011,M013,T013,2026-07-22 04:25:00,35710000,VN,DEV0478,0
TXN09521,CARD08384,C08384,M004,T004,2026-07-20 00:46:00,45360000,US,DEV1870,0
TXN09522,CARD06797,C06797,M013,T013,2026-07-08 14:53:00,34300000,VN,DEV0003,0
TXN09523,CARD00905,C00905,M013,T013,2026-07-02 17:47:00,37190000,VN,DEV1436,0
TXN09524,CARD00853,C00853,M003,T003,2026-07-10 04:54:00,22790000,US,DEV1519,0
TXN09525,CARD08983,C08983,M005,T005,2026-07-09 13:42:00,13100000,SG,DEV0270,0
TXN09526,CARD06323,C06323,M007,T007,2026-07-27 18:43:00,8680000,VN,DEV1814,0
TXN09527,CARD07257,C07257,M006,T006,2026-07-18 10:49:00,38340000,VN,DEV1919,0
TXN09528,CARD03217,C03217,M003,T003,2026-07-11 22:17:00,8700000,HK,DEV0381,0
TXN09529,CARD05309,C05309,M008,T008,2026-07-02 12:49:00,33180000,VN,DEV0967,0
TXN09530,CARD09743,C09743,M003,T003,2026-07-06 10:10:00,11880000,US,DEV1119,0
TXN09531,CARD06039,C06039,M006,T006,2026-07-13 03:54:00,20720000,VN,DEV0159,0
TXN09532,CARD01189,C01189,M008,T008,2026-07-22 01:43:00,27420000,VN,DEV0890,0
TXN09533,CARD09425,C09425,M011,T011,2026-07-18 03:29:00,39430000,VN,DEV0494,0
TXN09534,CARD09469,C09469,M003,T003,2026-07-22 20:02:00,110000,HK,DEV1707,0
TXN09535,CARD05430,C05430,M008,T008,2026-07-12 03:10:00,37760000,VN,DEV1115,0
TXN09536,CARD07270,C07270,M002,T002,2026-07-27 22:31:00,30390000,SG,DEV1567,0
TXN09537,CARD01729,C01729,M005,T005,2026-07-11 20:54:00,31730000,SG,DEV1582,0
TXN09538,CARD09473,C09473,M005,T005,2026-07-18 07:03:00,43000000,SG,DEV1688,0
TXN09539,CARD01730,C01730,M004,T004,2026-07-13 08:39:00,41730000,SG,DEV0692,0
TXN09540,CARD02451,C02451,M003,T003,2026-07-01 21:50:00,45600000,US,DEV0087,0
TXN09541,CARD03508,C03508,M001,T001,2026-07-14 22:08:00,49150000,VN,DEV1097,0
TXN09542,CARD07259,C07259,M003,T003,2026-07-11 04:05:00,11960000,SG,DEV0239,0
TXN09543,CARD07999,C07999,M010,T010,2026-07-15 11:24:00,42210000,VN,DEV1836,0
TXN09544,CARD03309,C03309,M014,T014,2026-07-14 19:43:00,33870000,VN,DEV1092,0
TXN09545,CARD03600,C03600,M001,T001,2026-07-26 02:59:00,48290000,VN,DEV1719,0
TXN09546,CARD06996,C06996,M006,T006,2026-07-27 03:16:00,45400000,VN,DEV0336,0
TXN09547,CARD06017,C06017,M013,T013,2026-07-18 00:36:00,39610000,VN,DEV0559,0
TXN09548,CARD08301,C08301,M001,T001,2026-07-24 13:42:00,37560000,VN,DEV0997,0
TXN09549,CARD07935,C07935,M006,T006,2026-07-14 23:46:00,39430000,VN,DEV1618,0
TXN09550,CARD02437,C02437,M011,T011,2026-07-05 02:56:00,43210000,VN,DEV1653,0
TXN09551,CARD05189,C05189,M008,T008,2026-07-17 15:12:00,47310000,VN,DEV1615,0
TXN09552,CARD02174,C02174,M006,T006,2026-07-17 22:37:00,44760000,VN,DEV1356,0
TXN09553,CARD05418,C05418,M005,T005,2026-07-18 21:44:00,440000,SG,DEV0740,0
TXN09554,CARD01840,C01840,M004,T004,2026-07-19 12:25:00,15700000,SG,DEV0769,0
TXN09555,CARD06723,C06723,M006,T006,2026-07-02 06:22:00,7870000,VN,DEV0666,0
TXN09556,CARD04374,C04374,M010,T010,2026-07-18 04:37:00,8130000,VN,DEV0119,0
TXN09557,CARD03136,C03136,M006,T006,2026-07-24 07:41:00,44460000,VN,DEV1879,0
TXN09558,CARD09396,C09396,M003,T003,2026-07-01 06:10:00,23030000,US,DEV1294,0
TXN09559,CARD07303,C07303,M002,T002,2026-07-08 14:46:00,39420000,HK,DEV1309,0
TXN09560,CARD08512,C08512,M004,T004,2026-07-16 13:50:00,590000,US,DEV0792,0
TXN09561,CARD00083,C00083,M001,T001,2026-07-24 19:08:00,19440000,VN,DEV0509,0
TXN09562,CARD06406,C06406,M007,T007,2026-07-13 12:25:00,29780000,VN,NEW_DEVICE,1
TXN09563,CARD09416,C09416,M010,T010,2026-07-09 05:18:00,34310000,VN,DEV1784,0
TXN09564,CARD02721,C02721,M010,T010,2026-07-11 11:07:00,4850000,VN,DEV0613,0
TXN09565,CARD05564,C05564,M010,T010,2026-07-20 05:13:00,5200000,VN,DEV1079,0
TXN09566,CARD05234,C05234,M009,T009,2026-07-02 13:16:00,21920000,VN,DEV0993,0
TXN09567,CARD03732,C03732,M001,T001,2026-07-10 09:43:00,25170000,VN,DEV1876,0
TXN09568,CARD09754,C09754,M002,T002,2026-07-27 16:21:00,4250000,NG,NEW_DEVICE,1
TXN09569,CARD04256,C04256,M006,T006,2026-07-25 05:37:00,39240000,VN,DEV0631,0
TXN09570,CARD04240,C04240,M001,T001,2026-07-22 17:16:00,42350000,VN,DEV1267,0
TXN09571,CARD02372,C02372,M005,T005,2026-07-07 04:59:00,13180000,NG,NEW_DEVICE,1
TXN09572,CARD09025,C09025,M003,T003,2026-07-22 11:35:00,1490000,SG,DEV1727,0
TXN09573,CARD06636,C06636,M001,T001,2026-07-25 01:50:00,43970000,VN,DEV1726,0
TXN09574,CARD06541,C06541,M013,T013,2026-07-21 23:51:00,18710000,VN,DEV0336,0
TXN09575,CARD04698,C04698,M005,T005,2026-07-14 08:15:00,40550000,US,DEV0804,0
TXN09576,CARD00611,C00611,M013,T013,2026-07-02 00:43:00,10960000,VN,DEV1432,0
TXN09577,CARD04697,C04697,M009,T009,2026-07-14 15:06:00,44730000,VN,DEV1313,0
TXN09578,CARD09347,C09347,M011,T011,2026-07-07 01:59:00,34340000,VN,DEV0735,0
TXN09579,CARD02639,C02639,M003,T003,2026-07-11 00:50:00,5930000,HK,DEV1851,0
TXN09580,CARD09548,C09548,M011,T011,2026-07-21 15:05:00,28550000,VN,DEV1778,0
TXN09581,CARD05223,C05223,M010,T010,2026-07-03 04:36:00,27650000,VN,DEV0461,0
TXN09582,CARD01279,C01279,M009,T009,2026-07-05 03:17:00,49480000,VN,DEV1429,0
TXN09583,CARD02583,C02583,M014,T014,2026-07-18 10:48:00,43280000,VN,DEV0763,0
TXN09584,CARD02192,C02192,M007,T007,2026-07-24 16:38:00,40710000,VN,DEV0344,0
TXN09585,CARD01781,C01781,M011,T011,2026-07-28 06:48:00,60000,VN,DEV1180,0
TXN09586,CARD03262,C03262,M013,T013,2026-07-19 00:42:00,1370000,VN,DEV1430,0
TXN09587,CARD08986,C08986,M001,T001,2026-07-12 06:08:00,33840000,VN,DEV1219,0
TXN09588,CARD00192,C00192,M014,T014,2026-07-15 21:16:00,11900000,VN,DEV1536,0
TXN09589,CARD05046,C05046,M007,T007,2026-07-03 14:55:00,3230000,VN,DEV0019,0
TXN09590,CARD06280,C06280,M012,T012,2026-07-12 20:12:00,22590000,VN,DEV0082,0
TXN09591,CARD00145,C00145,M005,T005,2026-07-26 11:10:00,34050000,HK,DEV1927,0
TXN09592,CARD02644,C02644,M001,T001,2026-07-14 03:49:00,5710000,VN,DEV1727,0
TXN09593,CARD08707,C08707,M013,T013,2026-07-11 20:05:00,46520000,VN,DEV0328,0
TXN09594,CARD01868,C01868,M011,T011,2026-07-14 05:54:00,8050000,VN,DEV1896,0
TXN09595,CARD01194,C01194,M012,T012,2026-07-26 04:45:00,25620000,VN,DEV0524,0
TXN09596,CARD02375,C02375,M008,T008,2026-07-20 23:52:00,18440000,VN,NEW_DEVICE,1
TXN09597,CARD03876,C03876,M012,T012,2026-07-03 14:35:00,6410000,VN,DEV1443,0
TXN09598,CARD09582,C09582,M002,T002,2026-07-25 18:59:00,46540000,SG,DEV0981,0
TXN09599,CARD00599,C00599,M011,T011,2026-07-03 12:05:00,8330000,VN,DEV1236,0
TXN09600,CARD01014,C01014,M013,T013,2026-07-17 07:51:00,49520000,VN,DEV0537,0
TXN09601,CARD09351,C09351,M004,T004,2026-07-17 18:03:00,41150000,HK,DEV1178,0
TXN09602,CARD05767,C05767,M006,T006,2026-07-21 12:31:00,33450000,VN,DEV1426,0
TXN09603,CARD05283,C05283,M009,T009,2026-07-07 03:05:00,12180000,VN,DEV0609,0
TXN09604,CARD01288,C01288,M008,T008,2026-07-22 09:43:00,1590000,VN,DEV0977,0
TXN09605,CARD06843,C06843,M009,T009,2026-07-01 05:09:00,30490000,VN,DEV1748,0
TXN09606,CARD06986,C06986,M004,T004,2026-07-03 11:54:00,6160000,SG,DEV1626,0
TXN09607,CARD07547,C07547,M005,T005,2026-07-15 01:43:00,13980000,HK,DEV0351,0
TXN09608,CARD01535,C01535,M008,T008,2026-07-08 01:23:00,43550000,VN,DEV0848,0
TXN09609,CARD04875,C04875,M002,T002,2026-07-04 14:48:00,43230000,HK,DEV0967,0
TXN09610,CARD05495,C05495,M004,T004,2026-07-05 16:17:00,24280000,SG,DEV0500,0
TXN09611,CARD06813,C06813,M002,T002,2026-07-17 23:33:00,40200000,HK,DEV1457,0
TXN09612,CARD00775,C00775,M007,T007,2026-07-09 11:00:00,47000000,VN,DEV0467,0
TXN09613,CARD04056,C04056,M012,T012,2026-07-16 21:33:00,23050000,VN,DEV1808,0
TXN09614,CARD06654,C06654,M012,T012,2026-07-26 10:29:00,42260000,VN,DEV1291,0
TXN09615,CARD08692,C08692,M007,T007,2026-07-19 04:54:00,32250000,VN,DEV1466,0
TXN09616,CARD05481,C05481,M011,T011,2026-07-26 09:38:00,48010000,VN,DEV0121,0
TXN09617,CARD05618,C05618,M013,T013,2026-07-19 07:45:00,25000000,VN,DEV0621,0
TXN09618,CARD05742,C05742,M004,T004,2026-07-13 04:23:00,41070000,HK,DEV0568,0
TXN09619,CARD09484,C09484,M008,T008,2026-07-20 09:02:00,230000,VN,DEV0644,0
TXN09620,CARD00367,C00367,M002,T002,2026-07-25 22:57:00,46870000,HK,DEV1283,0
TXN09621,CARD02986,C02986,M004,T004,2026-07-23 04:48:00,40090000,US,DEV1613,0
TXN09622,CARD06470,C06470,M010,T010,2026-07-20 01:57:00,34440000,VN,DEV1547,0
TXN09623,CARD06469,C06469,M011,T011,2026-07-04 11:58:00,25810000,VN,DEV0245,0
TXN09624,CARD00623,C00623,M008,T008,2026-07-24 09:40:00,31640000,VN,DEV1704,0
TXN09625,CARD04443,C04443,M004,T004,2026-07-04 07:47:00,28460000,SG,DEV0443,0
TXN09626,CARD08326,C08326,M005,T005,2026-07-14 22:51:00,21360000,SG,DEV1760,0
TXN09627,CARD08911,C08911,M006,T006,2026-07-13 10:47:00,1470000,VN,DEV1317,0
TXN09628,CARD07152,C07152,M004,T004,2026-07-14 00:47:00,14980000,SG,DEV0145,0
TXN09629,CARD00105,C00105,M003,T003,2026-07-04 07:01:00,4060000,SG,DEV1486,0
TXN09630,CARD04104,C04104,M009,T009,2026-07-14 04:53:00,47820000,VN,DEV0801,0
TXN09631,CARD05288,C05288,M007,T007,2026-07-10 00:41:00,22890000,VN,DEV1528,0
TXN09632,CARD02340,C02340,M007,T007,2026-07-04 01:52:00,24500000,VN,DEV1610,0
TXN09633,CARD05620,C05620,M002,T002,2026-07-18 12:09:00,4390000,HK,DEV0242,0
TXN09634,CARD09328,C09328,M002,T002,2026-07-20 11:18:00,39850000,HK,DEV1784,0
TXN09635,CARD09706,C09706,M007,T007,2026-07-12 09:16:00,36070000,VN,DEV1714,0
TXN09636,CARD00416,C00416,M004,T004,2026-07-15 10:48:00,19060000,SG,DEV1534,0
TXN09637,CARD07341,C07341,M004,T004,2026-07-06 02:08:00,9620000,HK,DEV0486,0
TXN09638,CARD00155,C00155,M003,T003,2026-07-02 09:47:00,7390000,SG,DEV1814,0
TXN09639,CARD04636,C04636,M014,T014,2026-07-27 20:52:00,49560000,VN,DEV1003,0
TXN09640,CARD05008,C05008,M001,T001,2026-07-16 20:16:00,10010000,VN,DEV0104,0
TXN09641,CARD01580,C01580,M013,T013,2026-07-12 13:47:00,20410000,VN,DEV0324,0
TXN09642,CARD03212,C03212,M009,T009,2026-07-08 21:08:00,22320000,VN,DEV1258,0
TXN09643,CARD01283,C01283,M014,T014,2026-07-03 06:55:00,22070000,VN,DEV0757,0
TXN09644,CARD03875,C03875,M011,T011,2026-07-05 05:06:00,34800000,VN,DEV1573,0
TXN09645,CARD02733,C02733,M003,T003,2026-07-08 14:49:00,23390000,SG,DEV0739,0
TXN09646,CARD09246,C09246,M011,T011,2026-07-03 19:35:00,17250000,VN,DEV0957,0
TXN09647,CARD00897,C00897,M008,T008,2026-07-25 19:42:00,25020000,VN,DEV0258,0
TXN09648,CARD04176,C04176,M008,T008,2026-07-10 03:09:00,32300000,VN,DEV0708,0
TXN09649,CARD02652,C02652,M006,T006,2026-07-06 22:34:00,23590000,VN,DEV0067,0
TXN09650,CARD04513,C04513,M001,T001,2026-07-21 07:03:00,6760000,VN,DEV0035,0
TXN09651,CARD09602,C09602,M001,T001,2026-07-19 07:13:00,48200000,VN,DEV1862,0
TXN09652,CARD04027,C04027,M002,T002,2026-07-18 02:03:00,29230000,SG,DEV1031,0
TXN09653,CARD07414,C07414,M006,T006,2026-07-01 17:49:00,19390000,VN,DEV0970,0
TXN09654,CARD07760,C07760,M010,T010,2026-07-02 15:06:00,39080000,VN,DEV1204,0
TXN09655,CARD05559,C05559,M012,T012,2026-07-04 20:14:00,13190000,VN,DEV1139,0
TXN09656,CARD05294,C05294,M009,T009,2026-07-28 09:05:00,9630000,VN,DEV1743,0
TXN09657,CARD03714,C03714,M001,T001,2026-07-09 10:01:00,45200000,VN,DEV1017,0
TXN09658,CARD00147,C00147,M011,T011,2026-07-10 19:54:00,6900000,VN,DEV1788,0
TXN09659,CARD04504,C04504,M005,T005,2026-07-20 15:58:00,3640000,SG,DEV1084,0
TXN09660,CARD05819,C05819,M004,T004,2026-07-03 19:04:00,19890000,HK,DEV1872,0
TXN09661,CARD09485,C09485,M007,T007,2026-07-19 15:47:00,47730000,VN,DEV1924,0
TXN09662,CARD01674,C01674,M007,T007,2026-07-27 03:49:00,19400000,VN,DEV0596,0
TXN09663,CARD00080,C00080,M009,T009,2026-07-15 11:33:00,18260000,VN,DEV1219,0
TXN09664,CARD04471,C04471,M013,T013,2026-07-13 22:13:00,21270000,VN,DEV1984,0
TXN09665,CARD09397,C09397,M007,T007,2026-07-07 04:18:00,36200000,VN,DEV0681,0
TXN09666,CARD03975,C03975,M004,T004,2026-07-04 07:15:00,15620000,SG,DEV1195,0
TXN09667,CARD06953,C06953,M006,T006,2026-07-18 07:58:00,36940000,VN,DEV1960,0
TXN09668,CARD09647,C09647,M014,T014,2026-07-15 19:53:00,35590000,VN,DEV1657,0
TXN09669,CARD04251,C04251,M006,T006,2026-07-04 03:14:00,19070000,VN,DEV0662,0
TXN09670,CARD01658,C01658,M007,T007,2026-07-26 22:07:00,42780000,VN,DEV1848,0
TXN09671,CARD08633,C08633,M004,T004,2026-07-12 23:38:00,42340000,US,DEV1354,0
TXN09672,CARD00513,C00513,M010,T010,2026-07-05 11:23:00,700000,VN,DEV0214,0
TXN09673,CARD03544,C03544,M008,T008,2026-07-03 05:38:00,29010000,VN,DEV0827,0
TXN09674,CARD03761,C03761,M005,T005,2026-07-19 09:43:00,36000000,US,DEV1643,0
TXN09675,CARD07342,C07342,M009,T009,2026-07-10 08:22:00,49000000,VN,DEV0959,0
TXN09676,CARD08547,C08547,M002,T002,2026-07-15 20:17:00,21140000,HK,DEV0380,0
TXN09677,CARD01711,C01711,M001,T001,2026-07-16 08:06:00,46830000,VN,DEV1758,0
TXN09678,CARD08268,C08268,M010,T010,2026-07-27 21:19:00,25610000,VN,DEV0436,0
TXN09679,CARD02917,C02917,M007,T007,2026-07-14 00:27:00,9590000,VN,DEV0503,0
TXN09680,CARD06592,C06592,M013,T013,2026-07-06 01:16:00,9810000,VN,DEV1962,0
TXN09681,CARD01904,C01904,M008,T008,2026-07-22 17:55:00,4960000,VN,DEV0641,0
TXN09682,CARD04363,C04363,M002,T002,2026-07-16 01:08:00,38250000,SG,DEV0308,0
TXN09683,CARD07243,C07243,M003,T003,2026-07-28 17:12:00,31840000,SG,DEV1293,0
TXN09684,CARD05253,C05253,M006,T006,2026-07-12 13:54:00,18530000,VN,DEV0107,0
TXN09685,CARD01608,C01608,M006,T006,2026-07-26 18:50:00,12670000,VN,DEV0691,0
TXN09686,CARD00157,C00157,M014,T014,2026-07-10 23:08:00,7070000,VN,DEV0320,0
TXN09687,CARD02349,C02349,M001,T001,2026-07-21 12:13:00,38520000,VN,DEV0639,0
TXN09688,CARD07634,C07634,M006,T006,2026-07-20 16:36:00,30320000,VN,DEV1870,0
TXN09689,CARD07594,C07594,M011,T011,2026-07-04 14:53:00,4090000,VN,DEV0120,0
TXN09690,CARD01529,C01529,M003,T003,2026-07-26 22:49:00,19700000,US,DEV0885,0
TXN09691,CARD04908,C04908,M004,T004,2026-07-09 14:09:00,30990000,SG,DEV0874,0
TXN09692,CARD05180,C05180,M008,T008,2026-07-28 02:43:00,34850000,VN,DEV0441,0
TXN09693,CARD02727,C02727,M001,T001,2026-07-17 16:52:00,15770000,VN,DEV0101,0
TXN09694,CARD03224,C03224,M002,T002,2026-07-10 07:25:00,19570000,HK,DEV0357,0
TXN09695,CARD07640,C07640,M010,T010,2026-07-11 18:37:00,44330000,VN,DEV1230,0
TXN09696,CARD07563,C07563,M012,T012,2026-07-25 19:40:00,5980000,VN,DEV0929,0
TXN09697,CARD09811,C09811,M010,T010,2026-07-16 08:34:00,27360000,VN,DEV0414,0
TXN09698,CARD01369,C01369,M014,T014,2026-07-03 21:45:00,14310000,VN,DEV0309,0
TXN09699,CARD01878,C01878,M007,T007,2026-07-24 16:52:00,17270000,VN,DEV1070,0
TXN09700,CARD04785,C04785,M011,T011,2026-07-12 19:37:00,18930000,VN,DEV1387,0
TXN09701,CARD08756,C08756,M004,T004,2026-07-24 16:37:00,44950000,SG,DEV1312,0
TXN09702,CARD07612,C07612,M011,T011,2026-07-26 02:34:00,18930000,VN,DEV1549,0
TXN09703,CARD08636,C08636,M009,T009,2026-07-23 21:11:00,4370000,VN,DEV0271,0
TXN09704,CARD05128,C05128,M008,T008,2026-07-09 03:25:00,34470000,VN,DEV1039,0
TXN09705,CARD05284,C05284,M011,T011,2026-07-18 15:01:00,8090000,VN,DEV1293,0
TXN09706,CARD08650,C08650,M005,T005,2026-07-16 08:28:00,15600000,SG,DEV1816,0
TXN09707,CARD06836,C06836,M006,T006,2026-07-07 01:19:00,40290000,VN,DEV1955,0
TXN09708,CARD03268,C03268,M006,T006,2026-07-14 05:04:00,2900000,VN,DEV0049,0
TXN09709,CARD06453,C06453,M013,T013,2026-07-08 18:25:00,13400000,VN,DEV1196,0
TXN09710,CARD08771,C08771,M005,T005,2026-07-19 02:26:00,37540000,US,DEV0659,0
TXN09711,CARD02635,C02635,M003,T003,2026-07-04 13:26:00,240000,SG,DEV1034,0
TXN09712,CARD03983,C03983,M007,T007,2026-07-22 04:35:00,25440000,VN,NEW_DEVICE,1
TXN09713,CARD02423,C02423,M013,T013,2026-07-07 14:22:00,10920000,VN,DEV0583,0
TXN09714,CARD08088,C08088,M001,T001,2026-07-20 16:24:00,21710000,VN,DEV1050,0
TXN09715,CARD00943,C00943,M014,T014,2026-07-11 19:22:00,31780000,VN,DEV0477,0
TXN09716,CARD09029,C09029,M008,T008,2026-07-22 03:17:00,28770000,VN,DEV1655,0
TXN09717,CARD04842,C04842,M013,T013,2026-07-06 09:40:00,12040000,VN,NEW_DEVICE,1
TXN09718,CARD09822,C09822,M006,T006,2026-07-27 20:29:00,19210000,VN,DEV1254,0
TXN09719,CARD08985,C08985,M005,T005,2026-07-07 17:38:00,15230000,US,DEV0616,0
TXN09720,CARD09432,C09432,M007,T007,2026-07-15 15:38:00,48260000,VN,DEV1065,0
TXN09721,CARD02156,C02156,M001,T001,2026-07-08 23:31:00,14680000,VN,DEV1782,0
TXN09722,CARD06152,C06152,M004,T004,2026-07-10 04:18:00,48440000,HK,DEV0495,0
TXN09723,CARD05227,C05227,M001,T001,2026-07-13 05:30:00,46500000,VN,DEV1184,0
TXN09724,CARD09408,C09408,M010,T010,2026-07-17 22:16:00,15590000,VN,DEV1895,0
TXN09725,CARD07905,C07905,M003,T003,2026-07-26 10:26:00,47820000,US,DEV1805,0
TXN09726,CARD08444,C08444,M012,T012,2026-07-13 11:31:00,2420000,VN,DEV0246,0
TXN09727,CARD08647,C08647,M013,T013,2026-07-22 09:30:00,32830000,VN,DEV1278,0
TXN09728,CARD08798,C08798,M011,T011,2026-07-12 17:34:00,20130000,VN,DEV0033,0
TXN09729,CARD02296,C02296,M012,T012,2026-07-06 19:03:00,45200000,VN,DEV1740,0
TXN09730,CARD07153,C07153,M008,T008,2026-07-06 15:24:00,43260000,VN,DEV0985,0
TXN09731,CARD08113,C08113,M013,T013,2026-07-28 12:44:00,41910000,VN,DEV1300,0
TXN09732,CARD03382,C03382,M014,T014,2026-07-23 20:32:00,13300000,VN,DEV0510,0
TXN09733,CARD07333,C07333,M007,T007,2026-07-19 07:25:00,24280000,VN,DEV1837,0
TXN09734,CARD05153,C05153,M013,T013,2026-07-23 12:26:00,13140000,VN,DEV1136,0
TXN09735,CARD03295,C03295,M002,T002,2026-07-09 22:23:00,6250000,HK,DEV1312,0
TXN09736,CARD04026,C04026,M008,T008,2026-07-25 05:13:00,33530000,VN,DEV1952,0
TXN09737,CARD05421,C05421,M002,T002,2026-07-13 10:22:00,12400000,VN,NEW_DEVICE,1
TXN09738,CARD02511,C02511,M011,T011,2026-07-13 16:27:00,17640000,VN,DEV0743,0
TXN09739,CARD06591,C06591,M002,T002,2026-07-24 16:18:00,31920000,HK,DEV1305,0
TXN09740,CARD08273,C08273,M013,T013,2026-07-17 02:31:00,47110000,VN,DEV1222,0
TXN09741,CARD02840,C02840,M003,T003,2026-07-09 11:05:00,25780000,SG,DEV0561,0
TXN09742,CARD00273,C00273,M005,T005,2026-07-09 13:53:00,23750000,US,DEV0670,0
TXN09743,CARD08824,C08824,M005,T005,2026-07-06 12:45:00,17610000,SG,DEV0139,0
TXN09744,CARD02147,C02147,M002,T002,2026-07-15 15:26:00,27200000,SG,DEV0654,0
TXN09745,CARD05517,C05517,M008,T008,2026-07-06 15:36:00,47670000,VN,DEV1591,0
TXN09746,CARD09527,C09527,M010,T010,2026-07-01 17:49:00,11180000,VN,DEV1398,0
TXN09747,CARD06460,C06460,M012,T012,2026-07-06 02:59:00,26660000,VN,DEV0819,0
TXN09748,CARD03418,C03418,M008,T008,2026-07-25 20:04:00,16090000,VN,DEV0699,0
TXN09749,CARD01620,C01620,M012,T012,2026-07-19 17:35:00,20980000,VN,DEV1805,0
TXN09750,CARD04274,C04274,M007,T007,2026-07-15 12:22:00,31020000,VN,DEV1641,0
TXN09751,CARD05123,C05123,M005,T005,2026-07-24 06:49:00,19030000,US,DEV0536,0
TXN09752,CARD02879,C02879,M004,T004,2026-07-05 14:08:00,35700000,HK,DEV0406,0
TXN09753,CARD08496,C08496,M014,T014,2026-07-15 23:43:00,48560000,VN,DEV1950,0
TXN09754,CARD08002,C08002,M003,T003,2026-07-01 21:27:00,28340000,SG,DEV1160,0
TXN09755,CARD05357,C05357,M007,T007,2026-07-23 01:10:00,18480000,VN,DEV0372,0
TXN09756,CARD06197,C06197,M006,T006,2026-07-18 18:51:00,45080000,VN,DEV1379,0
TXN09757,CARD01437,C01437,M007,T007,2026-07-05 07:23:00,37100000,VN,DEV1548,0
TXN09758,CARD08453,C08453,M003,T003,2026-07-01 18:27:00,13160000,HK,DEV0293,0
TXN09759,CARD02772,C02772,M014,T014,2026-07-10 09:54:00,33360000,VN,DEV1082,0
TXN09760,CARD05581,C05581,M008,T008,2026-07-05 05:09:00,26550000,VN,DEV0153,0
TXN09761,CARD01731,C01731,M009,T009,2026-07-16 06:40:00,450000,VN,DEV1890,0
TXN09762,CARD07478,C07478,M008,T008,2026-07-22 16:18:00,49560000,VN,DEV1164,0
TXN09763,CARD05215,C05215,M011,T011,2026-07-28 00:18:00,18790000,VN,DEV1450,0
TXN09764,CARD09087,C09087,M014,T014,2026-07-16 05:46:00,41300000,VN,DEV1810,0
TXN09765,CARD06507,C06507,M009,T009,2026-07-24 12:36:00,30540000,VN,DEV0677,0
TXN09766,CARD03130,C03130,M001,T001,2026-07-22 00:03:00,3140000,VN,DEV1692,0
TXN09767,CARD07077,C07077,M009,T009,2026-07-02 21:05:00,35380000,VN,DEV1424,0
TXN09768,CARD07673,C07673,M008,T008,2026-07-13 15:14:00,9870000,VN,DEV1395,0
TXN09769,CARD05933,C05933,M011,T011,2026-07-08 23:11:00,34700000,VN,DEV0113,0
TXN09770,CARD06146,C06146,M013,T013,2026-07-25 19:18:00,39640000,VN,DEV0741,0
TXN09771,CARD00024,C00024,M008,T008,2026-07-16 11:45:00,550000,VN,DEV0716,0
TXN09772,CARD08112,C08112,M009,T009,2026-07-07 10:36:00,38960000,VN,DEV0048,0
TXN09773,CARD00404,C00404,M014,T014,2026-07-15 07:53:00,23780000,VN,DEV0128,0
TXN09774,CARD03226,C03226,M013,T013,2026-07-05 05:26:00,28370000,VN,DEV0555,0
TXN09775,CARD06690,C06690,M010,T010,2026-07-27 17:39:00,14490000,VN,DEV0296,0
TXN09776,CARD08085,C08085,M013,T013,2026-07-18 22:36:00,15190000,VN,DEV1945,0
TXN09777,CARD01916,C01916,M013,T013,2026-07-19 20:39:00,43260000,VN,DEV0287,0
TXN09778,CARD09479,C09479,M007,T007,2026-07-12 03:32:00,45360000,VN,DEV0166,0
TXN09779,CARD02671,C02671,M001,T001,2026-07-10 15:39:00,31910000,VN,DEV1809,0
TXN09780,CARD09821,C09821,M002,T002,2026-07-27 18:30:00,17650000,HK,DEV1056,0
TXN09781,CARD05269,C05269,M008,T008,2026-07-27 19:03:00,2200000,VN,DEV1312,0
TXN09782,CARD02260,C02260,M009,T009,2026-07-13 16:49:00,41040000,VN,DEV0301,0
TXN09783,CARD06957,C06957,M001,T001,2026-07-08 00:32:00,17800000,VN,DEV0125,0
TXN09784,CARD02662,C02662,M006,T006,2026-07-24 00:40:00,34990000,VN,DEV1620,0
TXN09785,CARD06105,C06105,M003,T003,2026-07-28 08:14:00,39610000,HK,DEV1213,0
TXN09786,CARD06122,C06122,M003,T003,2026-07-15 01:01:00,41500000,HK,DEV0528,0
TXN09787,CARD08293,C08293,M006,T006,2026-07-05 14:14:00,3300000,VN,DEV0662,0
TXN09788,CARD07847,C07847,M010,T010,2026-07-28 18:10:00,48270000,VN,DEV1978,0
TXN09789,CARD04273,C04273,M007,T007,2026-07-21 06:08:00,39310000,VN,DEV0020,0
TXN09790,CARD05930,C05930,M001,T001,2026-07-16 01:17:00,38570000,VN,DEV0357,0
TXN09791,CARD05025,C05025,M009,T009,2026-07-18 16:13:00,43710000,VN,DEV0177,0
TXN09792,CARD06341,C06341,M014,T014,2026-07-10 09:31:00,47460000,VN,DEV0652,0
TXN09793,CARD09926,C09926,M007,T007,2026-07-09 02:22:00,46250000,VN,DEV1823,0
TXN09794,CARD00840,C00840,M004,T004,2026-07-10 21:06:00,29420000,US,DEV0757,0
TXN09795,CARD02358,C02358,M006,T006,2026-07-21 21:45:00,40610000,VN,DEV0747,0
TXN09796,CARD08883,C08883,M005,T005,2026-07-23 04:01:00,14750000,US,DEV0156,0
TXN09797,CARD03545,C03545,M010,T010,2026-07-03 11:36:00,40860000,VN,DEV0618,0
TXN09798,CARD07140,C07140,M010,T010,2026-07-20 05:58:00,49950000,VN,DEV1493,0
TXN09799,CARD04625,C04625,M002,T002,2026-07-07 20:45:00,10980000,US,DEV1226,0
TXN09800,CARD09426,C09426,M002,T002,2026-07-03 05:33:00,10550000,HK,DEV1020,0
TXN09801,CARD06068,C06068,M003,T003,2026-07-06 03:22:00,41280000,US,DEV1444,0
TXN09802,CARD01621,C01621,M013,T013,2026-07-25 16:40:00,17290000,VN,DEV0703,0
TXN09803,CARD06885,C06885,M010,T010,2026-07-25 06:03:00,47350000,VN,DEV0328,0
TXN09804,CARD05943,C05943,M014,T014,2026-07-03 03:34:00,48960000,VN,DEV0956,0
TXN09805,CARD04592,C04592,M013,T013,2026-07-03 07:07:00,15670000,VN,DEV1910,0
TXN09806,CARD07092,C07092,M007,T007,2026-07-01 03:30:00,20790000,NG,NEW_DEVICE,1
TXN09807,CARD06301,C06301,M008,T008,2026-07-11 05:10:00,1670000,VN,DEV0405,0
TXN09808,CARD05926,C05926,M013,T013,2026-07-11 23:35:00,20780000,VN,DEV1026,0
TXN09809,CARD07448,C07448,M001,T001,2026-07-13 13:38:00,780000,VN,DEV1615,0
TXN09810,CARD09192,C09192,M013,T013,2026-07-09 16:44:00,30040000,VN,DEV0556,0
TXN09811,CARD03565,C03565,M007,T007,2026-07-03 19:10:00,43610000,VN,DEV1015,0
TXN09812,CARD07280,C07280,M011,T011,2026-07-26 09:53:00,49810000,VN,DEV0869,0
TXN09813,CARD02551,C02551,M014,T014,2026-07-06 01:41:00,31020000,VN,DEV1229,0
TXN09814,CARD05385,C05385,M007,T007,2026-07-07 21:04:00,1600000,VN,DEV1983,0
TXN09815,CARD07679,C07679,M008,T008,2026-07-14 16:19:00,48790000,VN,DEV1995,0
TXN09816,CARD04039,C04039,M007,T007,2026-07-24 08:25:00,42120000,VN,DEV0547,0
TXN09817,CARD01585,C01585,M012,T012,2026-07-01 21:48:00,36100000,VN,DEV1629,0
TXN09818,CARD02008,C02008,M011,T011,2026-07-19 12:33:00,22200000,VN,DEV0459,0
TXN09819,CARD00683,C00683,M003,T003,2026-07-27 01:01:00,30100000,HK,DEV1916,0
TXN09820,CARD06493,C06493,M003,T003,2026-07-01 03:09:00,11850000,US,DEV1518,0
TXN09821,CARD02281,C02281,M014,T014,2026-07-26 20:25:00,25160000,VN,DEV0168,0
TXN09822,CARD05799,C05799,M001,T001,2026-07-14 09:34:00,1810000,VN,DEV1581,0
TXN09823,CARD04944,C04944,M010,T010,2026-07-05 01:26:00,11650000,VN,DEV1075,0
TXN09824,CARD03226,C03226,M004,T004,2026-07-16 12:44:00,48690000,US,DEV1081,0
TXN09825,CARD07876,C07876,M014,T014,2026-07-23 08:59:00,9720000,VN,DEV0023,0
TXN09826,CARD08901,C08901,M001,T001,2026-07-10 15:45:00,22250000,VN,DEV1655,0
TXN09827,CARD08128,C08128,M011,T011,2026-07-20 23:36:00,40930000,VN,DEV1845,0
TXN09828,CARD07771,C07771,M009,T009,2026-07-03 19:35:00,32300000,VN,DEV1528,0
TXN09829,CARD07757,C07757,M010,T010,2026-07-22 19:38:00,39080000,VN,DEV1307,0
TXN09830,CARD01151,C01151,M008,T008,2026-07-18 04:12:00,30970000,VN,DEV1655,0
TXN09831,CARD02506,C02506,M005,T005,2026-07-24 22:51:00,20610000,HK,DEV1213,0
TXN09832,CARD04864,C04864,M011,T011,2026-07-28 13:59:00,3460000,VN,DEV1027,0
TXN09833,CARD01342,C01342,M001,T001,2026-07-04 08:37:00,11340000,VN,DEV0220,0
TXN09834,CARD00111,C00111,M007,T007,2026-07-16 05:52:00,37840000,VN,DEV0251,0
TXN09835,CARD01402,C01402,M009,T009,2026-07-09 07:53:00,38650000,VN,DEV1801,0
TXN09836,CARD00631,C00631,M010,T010,2026-07-06 19:15:00,12100000,VN,DEV0649,0
TXN09837,CARD03596,C03596,M001,T001,2026-07-27 14:34:00,7340000,VN,DEV0047,0
TXN09838,CARD00878,C00878,M005,T005,2026-07-01 11:25:00,15790000,HK,DEV0684,0
TXN09839,CARD03444,C03444,M009,T009,2026-07-17 21:47:00,42700000,VN,DEV1965,0
TXN09840,CARD06371,C06371,M010,T010,2026-07-04 04:17:00,23410000,VN,DEV1609,0
TXN09841,CARD07750,C07750,M009,T009,2026-07-17 20:05:00,34950000,VN,DEV1125,0
TXN09842,CARD03856,C03856,M006,T006,2026-07-23 11:09:00,33050000,VN,DEV1518,0
TXN09843,CARD03958,C03958,M013,T013,2026-07-16 19:49:00,10940000,VN,DEV1466,0
TXN09844,CARD01949,C01949,M009,T009,2026-07-20 04:15:00,30230000,VN,DEV0385,0
TXN09845,CARD01890,C01890,M002,T002,2026-07-15 13:35:00,35610000,HK,DEV0534,0
TXN09846,CARD02787,C02787,M012,T012,2026-07-08 19:40:00,31740000,VN,DEV0308,0
TXN09847,CARD09800,C09800,M005,T005,2026-07-07 14:28:00,28880000,SG,DEV1832,0
TXN09848,CARD03742,C03742,M001,T001,2026-07-09 04:35:00,11720000,VN,DEV1550,0
TXN09849,CARD08022,C08022,M005,T005,2026-07-11 11:36:00,44980000,US,DEV1908,0
TXN09850,CARD04614,C04614,M001,T001,2026-07-20 22:28:00,3460000,VN,DEV0351,0
TXN09851,CARD07428,C07428,M002,T002,2026-07-06 23:56:00,8530000,HK,DEV1123,0
TXN09852,CARD04165,C04165,M004,T004,2026-07-08 08:16:00,26700000,US,DEV1822,0
TXN09853,CARD06319,C06319,M004,T004,2026-07-11 14:35:00,40600000,SG,DEV0841,0
TXN09854,CARD07272,C07272,M007,T007,2026-07-02 20:18:00,49140000,VN,DEV0017,0
TXN09855,CARD09994,C09994,M007,T007,2026-07-15 16:19:00,37210000,VN,DEV0528,0
TXN09856,CARD04078,C04078,M009,T009,2026-07-28 17:11:00,3410000,VN,DEV0002,0
TXN09857,CARD04857,C04857,M014,T014,2026-07-15 08:26:00,36100000,VN,DEV1879,0
TXN09858,CARD09054,C09054,M014,T014,2026-07-13 07:00:00,24440000,VN,DEV0877,0
TXN09859,CARD04752,C04752,M009,T009,2026-07-08 05:13:00,22380000,VN,DEV1459,0
TXN09860,CARD02032,C02032,M014,T014,2026-07-20 00:06:00,24380000,VN,DEV1506,0
TXN09861,CARD07331,C07331,M001,T001,2026-07-19 12:17:00,14880000,VN,DEV1955,0
TXN09862,CARD04625,C04625,M012,T012,2026-07-03 18:03:00,38240000,VN,DEV1775,0
TXN09863,CARD03425,C03425,M005,T005,2026-07-25 10:24:00,33750000,US,DEV0064,0
TXN09864,CARD04026,C04026,M003,T003,2026-07-14 07:59:00,8550000,SG,DEV1884,0
TXN09865,CARD08235,C08235,M008,T008,2026-07-06 07:04:00,46070000,VN,DEV1844,0
TXN09866,CARD00608,C00608,M013,T013,2026-07-11 20:26:00,12230000,VN,DEV1145,0
TXN09867,CARD01209,C01209,M011,T011,2026-07-03 21:56:00,32150000,VN,DEV1194,0
TXN09868,CARD03910,C03910,M013,T013,2026-07-06 22:14:00,48750000,VN,DEV1523,0
TXN09869,CARD08324,C08324,M005,T005,2026-07-20 09:13:00,30030000,US,DEV1173,0
TXN09870,CARD01437,C01437,M013,T013,2026-07-07 13:51:00,17320000,VN,DEV0096,0
TXN09871,CARD04075,C04075,M005,T005,2026-07-17 12:10:00,13950000,US,DEV0733,0
TXN09872,CARD01145,C01145,M001,T001,2026-07-08 20:51:00,22890000,VN,DEV1556,0
TXN09873,CARD02649,C02649,M011,T011,2026-07-13 14:05:00,11060000,VN,DEV1677,0
TXN09874,CARD05664,C05664,M008,T008,2026-07-11 03:13:00,40060000,VN,DEV0159,0
TXN09875,CARD04372,C04372,M005,T005,2026-07-22 08:08:00,43330000,SG,DEV0671,0
TXN09876,CARD07172,C07172,M006,T006,2026-07-06 03:08:00,6630000,VN,DEV1275,0
TXN09877,CARD06220,C06220,M008,T008,2026-07-13 04:55:00,20000000,VN,DEV0045,0
TXN09878,CARD03657,C03657,M012,T012,2026-07-25 01:54:00,4460000,VN,DEV1884,0
TXN09879,CARD08976,C08976,M004,T004,2026-07-06 02:14:00,23130000,HK,DEV1089,0
TXN09880,CARD05687,C05687,M013,T013,2026-07-04 12:35:00,28150000,VN,DEV0198,0
TXN09881,CARD09097,C09097,M005,T005,2026-07-24 10:04:00,21160000,SG,DEV1617,0
TXN09882,CARD01635,C01635,M002,T002,2026-07-12 07:23:00,31750000,SG,DEV0971,0
TXN09883,CARD00829,C00829,M014,T014,2026-07-01 17:13:00,7440000,VN,DEV1932,0
TXN09884,CARD05805,C05805,M005,T005,2026-07-08 16:46:00,26260000,US,DEV0017,0
TXN09885,CARD07643,C07643,M001,T001,2026-07-15 13:54:00,7770000,VN,DEV1560,0
TXN09886,CARD09012,C09012,M013,T013,2026-07-24 14:31:00,1410000,VN,DEV0642,0
TXN09887,CARD02524,C02524,M011,T011,2026-07-26 05:58:00,19950000,VN,DEV0105,0
TXN09888,CARD09870,C09870,M011,T011,2026-07-15 07:50:00,34040000,VN,DEV0378,0
TXN09889,CARD02308,C02308,M002,T002,2026-07-20 13:24:00,1570000,US,DEV1597,0
TXN09890,CARD08370,C08370,M009,T009,2026-07-15 13:44:00,18520000,VN,DEV1123,0
TXN09891,CARD01897,C01897,M004,T004,2026-07-11 07:30:00,27790000,US,DEV1756,0
TXN09892,CARD09990,C09990,M010,T010,2026-07-06 11:44:00,27580000,VN,DEV1568,0
TXN09893,CARD00788,C00788,M014,T014,2026-07-06 15:43:00,9330000,VN,DEV0952,0
TXN09894,CARD07690,C07690,M009,T009,2026-07-24 17:01:00,10750000,VN,DEV1730,0
TXN09895,CARD00283,C00283,M013,T013,2026-07-20 09:19:00,850000,HK,NEW_DEVICE,1
TXN09896,CARD09871,C09871,M005,T005,2026-07-15 06:20:00,8170000,HK,DEV0633,0
TXN09897,CARD04536,C04536,M004,T004,2026-07-23 08:51:00,36420000,SG,DEV1758,0
TXN09898,CARD03944,C03944,M007,T007,2026-07-27 11:09:00,8550000,VN,DEV0129,0
TXN09899,CARD04452,C04452,M011,T011,2026-07-19 14:52:00,25780000,VN,DEV0183,0
TXN09900,CARD00013,C00013,M008,T008,2026-07-25 14:12:00,33660000,VN,DEV1792,0
TXN09901,CARD02341,C02341,M014,T014,2026-07-10 14:34:00,3950000,VN,DEV0829,0
TXN09902,CARD04795,C04795,M011,T011,2026-07-08 19:14:00,3080000,VN,DEV0023,0
TXN09903,CARD02319,C02319,M004,T004,2026-07-19 00:50:00,22390000,US,DEV1141,0
TXN09904,CARD04707,C04707,M013,T013,2026-07-25 03:49:00,17390000,VN,DEV0221,0
TXN09905,CARD08819,C08819,M004,T004,2026-07-03 04:17:00,14970000,SG,DEV0725,0
TXN09906,CARD09350,C09350,M012,T012,2026-07-12 10:09:00,43280000,VN,DEV1221,0
TXN09907,CARD01512,C01512,M011,T011,2026-07-10 09:46:00,13840000,VN,DEV0391,0
TXN09908,CARD07876,C07876,M012,T012,2026-07-26 01:47:00,33980000,VN,DEV0810,0
TXN09909,CARD09203,C09203,M001,T001,2026-07-14 08:25:00,8270000,VN,DEV1055,0
TXN09910,CARD09180,C09180,M008,T008,2026-07-18 23:33:00,22360000,VN,NEW_DEVICE,1
TXN09911,CARD08601,C08601,M002,T002,2026-07-06 23:27:00,29300000,SG,DEV1908,0
TXN09912,CARD02667,C02667,M013,T013,2026-07-06 12:00:00,18800000,NG,NEW_DEVICE,1
TXN09913,CARD00439,C00439,M007,T007,2026-07-19 00:37:00,42690000,VN,DEV1003,0
TXN09914,CARD06051,C06051,M014,T014,2026-07-06 15:16:00,42450000,VN,DEV1680,0
TXN09915,CARD09827,C09827,M010,T010,2026-07-24 10:51:00,16370000,VN,DEV1511,0
TXN09916,CARD08063,C08063,M012,T012,2026-07-16 07:13:00,25210000,VN,DEV0194,0
TXN09917,CARD07405,C07405,M003,T003,2026-07-05 20:05:00,18630000,SG,DEV0133,0
TXN09918,CARD04200,C04200,M003,T003,2026-07-04 07:34:00,44840000,SG,DEV1313,0
TXN09919,CARD09444,C09444,M007,T007,2026-07-27 06:50:00,44290000,VN,DEV0272,0
TXN09920,CARD00276,C00276,M009,T009,2026-07-12 10:38:00,22370000,VN,DEV0276,0
TXN09921,CARD05716,C05716,M011,T011,2026-07-07 01:54:00,31530000,VN,DEV1082,0
TXN09922,CARD04174,C04174,M009,T009,2026-07-07 02:13:00,44520000,VN,DEV1864,0
TXN09923,CARD07257,C07257,M009,T009,2026-07-25 07:45:00,34990000,VN,DEV0067,0
TXN09924,CARD06380,C06380,M003,T003,2026-07-02 01:22:00,27930000,HK,DEV1925,0
TXN09925,CARD06436,C06436,M004,T004,2026-07-22 19:07:00,41080000,VN,NEW_DEVICE,1
TXN09926,CARD08659,C08659,M005,T005,2026-07-19 15:33:00,24660000,US,DEV1236,0
TXN09927,CARD00277,C00277,M002,T002,2026-07-13 07:38:00,8910000,SG,DEV1733,0
TXN09928,CARD07654,C07654,M009,T009,2026-07-28 05:25:00,4380000,VN,DEV0462,0
TXN09929,CARD00249,C00249,M006,T006,2026-07-19 04:16:00,48920000,VN,DEV0817,0
TXN09930,CARD01287,C01287,M004,T004,2026-07-23 14:09:00,41400000,SG,DEV1433,0
TXN09931,CARD04122,C04122,M004,T004,2026-07-17 17:35:00,38440000,HK,DEV1364,0
TXN09932,CARD07858,C07858,M004,T004,2026-07-01 04:39:00,6870000,US,DEV0918,0
TXN09933,CARD05758,C05758,M008,T008,2026-07-20 07:18:00,18320000,VN,DEV0967,0
TXN09934,CARD08853,C08853,M011,T011,2026-07-20 01:02:00,32490000,VN,DEV0455,0
TXN09935,CARD06418,C06418,M007,T007,2026-07-27 11:02:00,30610000,VN,DEV1775,0
TXN09936,CARD02135,C02135,M013,T013,2026-07-07 16:55:00,4080000,VN,DEV0549,0
TXN09937,CARD09411,C09411,M012,T012,2026-07-25 05:18:00,29440000,VN,DEV0772,0
TXN09938,CARD08849,C08849,M012,T012,2026-07-27 17:00:00,35350000,VN,DEV1750,0
TXN09939,CARD00864,C00864,M004,T004,2026-07-15 12:07:00,12300000,SG,DEV0221,0
TXN09940,CARD08519,C08519,M008,T008,2026-07-28 12:42:00,500000,VN,DEV1315,0
TXN09941,CARD07716,C07716,M003,T003,2026-07-01 04:46:00,36990000,HK,DEV1556,0
TXN09942,CARD09604,C09604,M004,T004,2026-07-16 16:16:00,21560000,HK,DEV1151,0
TXN09943,CARD02982,C02982,M001,T001,2026-07-04 07:13:00,7490000,VN,DEV0590,0
TXN09944,CARD04405,C04405,M012,T012,2026-07-04 13:38:00,21380000,SG,NEW_DEVICE,1
TXN09945,CARD06599,C06599,M007,T007,2026-07-15 02:45:00,38050000,VN,DEV0930,0
TXN09946,CARD03971,C03971,M012,T012,2026-07-02 02:13:00,10210000,VN,DEV0103,0
TXN09947,CARD03379,C03379,M009,T009,2026-07-03 01:48:00,16480000,VN,DEV0052,0
TXN09948,CARD01711,C01711,M002,T002,2026-07-17 02:50:00,45280000,US,DEV1824,0
TXN09949,CARD09193,C09193,M006,T006,2026-07-10 01:25:00,21830000,VN,DEV0352,0
TXN09950,CARD03131,C03131,M012,T012,2026-07-01 22:51:00,18870000,VN,DEV0642,0
TXN09951,CARD09901,C09901,M006,T006,2026-07-12 04:02:00,25060000,VN,DEV1838,0
TXN09952,CARD05840,C05840,M005,T005,2026-07-17 18:51:00,8500000,US,DEV0728,0
TXN09953,CARD03094,C03094,M012,T012,2026-07-05 13:28:00,8660000,VN,DEV1291,0
TXN09954,CARD06278,C06278,M013,T013,2026-07-07 05:58:00,3900000,VN,DEV1439,0
TXN09955,CARD06550,C06550,M012,T012,2026-07-10 14:14:00,46600000,VN,DEV1760,0
TXN09956,CARD01567,C01567,M010,T010,2026-07-04 18:31:00,48330000,VN,DEV1410,0
TXN09957,CARD06059,C06059,M007,T007,2026-07-01 06:20:00,39820000,VN,DEV1853,0
TXN09958,CARD00341,C00341,M009,T009,2026-07-14 13:04:00,29590000,VN,DEV1777,0
TXN09959,CARD00310,C00310,M005,T005,2026-07-16 01:57:00,15340000,VN,NEW_DEVICE,1
TXN09960,CARD06166,C06166,M002,T002,2026-07-12 08:56:00,38650000,US,DEV1095,0
TXN09961,CARD00923,C00923,M006,T006,2026-07-09 04:03:00,23120000,VN,DEV0069,0
TXN09962,CARD00496,C00496,M013,T013,2026-07-20 01:07:00,1660000,VN,DEV0816,0
TXN09963,CARD02777,C02777,M010,T010,2026-07-24 11:38:00,26740000,VN,DEV0705,0
TXN09964,CARD03076,C03076,M001,T001,2026-07-24 08:35:00,46180000,VN,DEV1210,0
TXN09965,CARD04712,C04712,M013,T013,2026-07-20 13:17:00,45570000,VN,DEV0994,0
TXN09966,CARD07763,C07763,M001,T001,2026-07-23 01:17:00,45970000,VN,DEV0216,0
TXN09967,CARD08176,C08176,M003,T003,2026-07-18 17:43:00,28070000,SG,DEV0711,0
TXN09968,CARD02591,C02591,M013,T013,2026-07-28 06:27:00,5610000,VN,DEV1818,0
TXN09969,CARD09001,C09001,M009,T009,2026-07-25 06:03:00,45040000,VN,DEV0117,0
TXN09970,CARD08552,C08552,M008,T008,2026-07-10 15:38:00,1240000,VN,DEV0142,0
TXN09971,CARD03244,C03244,M005,T005,2026-07-12 19:58:00,36890000,HK,DEV1032,0
TXN09972,CARD06283,C06283,M013,T013,2026-07-07 01:26:00,20250000,VN,DEV1106,0
TXN09973,CARD09232,C09232,M014,T014,2026-07-13 01:48:00,1710000,VN,DEV1480,0
TXN09974,CARD02253,C02253,M001,T001,2026-07-22 07:15:00,44110000,VN,DEV1311,0
TXN09975,CARD04227,C04227,M005,T005,2026-07-05 15:59:00,21090000,HK,DEV1076,0
TXN09976,CARD01407,C01407,M014,T014,2026-07-03 19:56:00,30610000,VN,DEV1595,0
TXN09977,CARD04044,C04044,M003,T003,2026-07-17 04:57:00,45100000,HK,DEV1750,0
TXN09978,CARD07955,C07955,M002,T002,2026-07-23 09:12:00,19260000,SG,DEV1965,0
TXN09979,CARD06233,C06233,M005,T005,2026-07-03 10:49:00,28280000,HK,DEV1144,0
TXN09980,CARD00658,C00658,M009,T009,2026-07-11 10:29:00,30250000,VN,DEV1673,0
TXN09981,CARD03613,C03613,M004,T004,2026-07-06 22:25:00,11350000,HK,DEV1839,0
TXN09982,CARD00416,C00416,M009,T009,2026-07-03 05:54:00,21490000,VN,DEV1437,0
TXN09983,CARD03734,C03734,M012,T012,2026-07-20 11:47:00,45200000,VN,DEV1133,0
TXN09984,CARD09851,C09851,M010,T010,2026-07-02 05:58:00,46700000,VN,DEV1159,0
TXN09985,CARD04686,C04686,M001,T001,2026-07-08 19:03:00,48780000,VN,DEV1159,0
TXN09986,CARD03469,C03469,M002,T002,2026-07-08 23:25:00,20010000,US,DEV1223,0
TXN09987,CARD05502,C05502,M002,T002,2026-07-14 20:28:00,35500000,SG,DEV0076,0
TXN09988,CARD05252,C05252,M003,T003,2026-07-02 05:06:00,49230000,HK,DEV0748,0
TXN09989,CARD04977,C04977,M012,T012,2026-07-07 02:35:00,15070000,VN,DEV1178,0
TXN09990,CARD04646,C04646,M013,T013,2026-07-22 16:54:00,32890000,VN,DEV1388,0
TXN09991,CARD04053,C04053,M005,T005,2026-07-02 09:55:00,48450000,US,DEV1126,0
TXN09992,CARD07172,C07172,M007,T007,2026-07-11 12:10:00,11960000,VN,DEV0923,0
TXN09993,CARD00526,C00526,M009,T009,2026-07-08 15:39:00,36540000,VN,DEV0150,0
TXN09994,CARD05132,C05132,M002,T002,2026-07-01 12:00:00,48940000,SG,DEV0595,0
TXN09995,CARD08496,C08496,M002,T002,2026-07-08 08:41:00,49380000,SG,DEV0183,0
TXN09996,CARD00132,C00132,M001,T001,2026-07-27 09:19:00,45600000,VN,DEV1207,0
TXN09997,CARD09820,C09820,M003,T003,2026-07-06 10:48:00,19150000,HK,DEV1940,0
TXN09998,CARD04759,C04759,M012,T012,2026-07-20 04:38:00,46000000,VN,DEV1055,0
TXN09999,CARD08045,C08045,M009,T009,2026-07-27 00:20:00,42800000,VN,DEV0818,0
TXN10000,CARD06880,C06880,M006,T006,2026-07-07 22:03:00,7010000,VN,DEV0896,0
